KM,TOTAL_HL24H,TOTAL_HG24H,TOTAL_MU24H,id,COD_MUNICIPIO,TRAZADO_PLANTA,ZONA,TIPO_ACCIDENTE,CARRETERA_CRUCE,CARRETERA,TIPO_VIA,TITULARIDAD_VIA,SENTIDO_1F,CONDICION_FIRME,CONDICION_ILUMINACION,CONDICION_METEO,CONDICION_NIEBLA,CONDICION_NIVEL_CIRCULA,CONDICION_VIENTO,PRIORI_AGENTE,PRIORI_CIRCUNSTANCIAL,PRIORI_HORIZ_CEDA,PRIORI_HORIZ_STOP,PRIORI_SEMAFORO,PRIORI_VERT_CEDA,PRIORI_VERT_STOP,ANYO,MES,DIA,HORA,FRANJA_HORARIA,TIPO_DIA
,3,0,0,940,03058,No aplica,Calle,Por alcance                                        ,,No inventariada,Calle,Municipal,Se desconoce,Seco y limpio,Sin luz natural y con iluminación artificial encen,Despejado,,Nivel amarillo,,No,No,No,No,No,No,No,2016,11,MARTES,14,Tarde,Dias laborables
,1,0,0,941,03058,No aplica,Calle,Fronto-lateral                                     ,,No inventariada,Calle,Municipal,Se desconoce,Seco y limpio,Sin luz natural y con iluminación artificial encen,Despejado,,Nivel amarillo,,No,No,No,No,Sí,No,No,2016,11,DOMINGO,19,Noche,Fines de semana
,4,0,0,942,03058,No aplica,Calle,Salida de la vía por la derecha con colisión       ,,No inventariada,Otro,Municipal,Se desconoce,Seco y limpio,Sin luz natural y con iluminación artificial encen,Despejado,,Nivel blanco,,Sin especificar,Sin especificar,Sin especificar,Sin especificar,Sin especificar,Sin especificar,Sin especificar,2016,12,MIÉRCOLES,19,Noche,Dias laborables
704.4,1,0,0,943,03059,Recta,Carretera,Salida de la vía por la izquierda con vuelco       ,,N-340,Carretera Convencional de calzada única,Estatal,Descendente,Seco y limpio,"Luz del día natural, solar",Despejado,,Nivel blanco,,Sin especificar,Sin especificar,Sin especificar,Sin especificar,Sin especificar,Sin especificar,Sin especificar,2016,1,SÁBADO,14,Tarde,Fines de semana
710.0,1,0,0,944,03059,Recta,Carretera,Lateral                                            ,N-325,N-340,Carretera Convencional de calzada única,Estatal,Ascendente,Seco y limpio,"Luz del día natural, solar",Despejado,,Nivel blanco,,No,No,No,No,No,Sí,No,2016,1,MARTES,16,Tarde,Dias laborables
525.2,1,0,0,945,03059,Curva señalizada,Carretera,Salida de la vía por la derecha otro tipo          ,,A-7,Autovía,Estatal,Ascendente,Mojado,"Luz del día natural, solar",Lluvia fuerte,,Nivel blanco,,Sin especificar,Sin especificar,Sin especificar,Sin especificar,Sin especificar,Sin especificar,Sin especificar,2016,1,VIERNES,12,Tarde,Dias laborables
706.2,1,0,0,946,03059,Recta,Carretera,Fronto-lateral                                     ,,N-340,Carretera Convencional de calzada única,Estatal,Ascendente,Seco y limpio,"Luz del día natural, solar",Nublado,,Nivel blanco,,No,No,No,No,No,No,Sí,2016,1,MIÉRCOLES,11,Mañana,Dias laborables
703.7,2,0,0,947,03059,Recta,Carretera,Lateral                                            ,,N-340,Carretera Convencional de calzada única,Estatal,Ascendente,Seco y limpio,"Luz del día natural, solar",Despejado,,Nivel blanco,,No,No,No,No,No,No,No,2016,2,SÁBADO,17,Tarde,Fines de semana
706.1,1,0,0,948,03059,Recta,Carretera,Fronto-lateral                                     ,,N-340,Carretera Convencional de calzada única,Estatal,Descendente,Seco y limpio,"Luz del día natural, solar",Despejado,,Nivel blanco,,No,No,Sí,No,No,No,No,2016,2,SÁBADO,9,Mañana,Fines de semana
0.0,2,0,0,949,03059,Curva señalizada,Carretera,Fronto-lateral                                     ,,No inventariada,Camino vecinal,Municipal,Ascendente,Seco y limpio,"Amanecer o atardecer, sin luz artificial",Despejado,,Nivel blanco,,No,No,No,Sí,No,No,Sí,2016,2,LUNES,19,Noche,Dias laborables
707.4,1,0,0,950,03059,Recta,Carretera,Por alcance                                        ,,N-340,Carretera Convencional de calzada única,Estatal,Ascendente,Seco y limpio,"Luz del día natural, solar",Despejado,,Nivel blanco,,Sin especificar,Sin especificar,Sin especificar,Sin especificar,Sin especificar,Sin especificar,Sin especificar,2016,3,VIERNES,10,Mañana,Dias laborables
711.0,1,0,0,951,03059,Recta,Carretera,Lateral                                            ,,N-340,Carretera Convencional de doble calzada,Estatal,Ascendente,Seco y limpio,"Luz del día natural, solar",Despejado,,Nivel blanco,,No,No,No,No,No,No,No,2016,3,VIERNES,11,Mañana,Dias laborables
1.5,1,0,0,952,03059,Curva sin señalizar,Carretera,Salida de la vía por la derecha otro tipo          ,,No inventariada,Otro,Otra,Descendente,Seco y limpio,"Luz del día natural, solar",Despejado,,Nivel blanco,,Sin especificar,Sin especificar,Sin especificar,Sin especificar,Sin especificar,Sin especificar,Sin especificar,2016,3,DOMINGO,10,Mañana,Fines de semana
706.2,0,1,0,953,03059,Recta,Carretera,Fronto-lateral                                     ,CV-904,N-340,Carretera Convencional de calzada única,Estatal,Ambos,Seco y limpio,Sin luz natural ni artificial,Despejado,,Nivel blanco,,No,No,No,Sí,No,No,No,2016,4,VIERNES,23,Noche,Dias laborables
1.5,2,0,0,954,03059,Recta,Carretera,Salida de la vía por la derecha con despeñamiento  ,,CV-8630,Carretera Convencional de calzada única,Municipal,Ascendente,Seco y limpio,"Luz del día natural, solar",Despejado,,Nivel blanco,,Sin especificar,Sin especificar,Sin especificar,Sin especificar,Sin especificar,Sin especificar,Sin especificar,2016,4,MIÉRCOLES,8,Mañana,Dias laborables
16.1,1,0,0,955,03059,Curva señalizada,Carretera,Salida de la vía por la derecha con vuelco         ,,N-325,Carretera Convencional de calzada única,Estatal,Descendente,Seco y limpio,"Luz del día natural, solar",Despejado,,Nivel blanco,,Sin especificar,Sin especificar,Sin especificar,Sin especificar,Sin especificar,Sin especificar,Sin especificar,2016,5,SÁBADO,16,Tarde,Fines de semana
707.7,1,0,0,956,03059,Recta,Carretera,Fronto-lateral                                     ,,N-340,Carretera Convencional de calzada única,Estatal,Descendente,Seco y limpio,"Luz del día natural, solar",Despejado,,Nivel blanco,,No,No,No,No,No,No,No,2016,6,LUNES,18,Noche,Dias laborables
710.9,1,0,0,957,03059,Curva señalizada,Carretera,Fronto-lateral                                     ,,N-340,Carretera Convencional de calzada única,Estatal,Ascendente,Seco y limpio,"Luz del día natural, solar",Despejado,,Nivel blanco,,No,No,No,No,No,Sí,No,2016,6,LUNES,16,Tarde,Dias laborables
529.5,3,0,0,958,03059,Recta,Carretera,Lateral                                            ,,A-7,Autovía,Estatal,Ascendente,Seco y limpio,"Luz del día natural, solar",Despejado,,Nivel blanco,,Sin especificar,Sin especificar,Sin especificar,Sin especificar,Sin especificar,Sin especificar,Sin especificar,2016,6,VIERNES,7,Mañana,Dias laborables
531.0,2,0,0,959,03059,Curva señalizada,Carretera,Salida de la vía por la izquierda con colisión     ,,A-7,Autovía,Estatal,Ascendente,Seco y limpio,"Luz del día natural, solar",Despejado,,Nivel blanco,,Sin especificar,Sin especificar,Sin especificar,Sin especificar,Sin especificar,Sin especificar,Sin especificar,2016,6,SÁBADO,7,Mañana,Fines de semana
712.0,1,0,0,960,03059,Recta,Carretera,Vuelco                                             ,,N-340,Carretera Convencional de doble calzada,Estatal,Descendente,Seco y limpio,Sin luz natural ni artificial,Despejado,,Nivel blanco,,Sin especificar,Sin especificar,Sin especificar,Sin especificar,Sin especificar,Sin especificar,Sin especificar,2016,6,DOMINGO,4,Madrugada,Fines de semana
528.7,2,0,0,961,03059,Recta,Carretera,Salida de la vía por la izquierda con colisión     ,,A-7,Autovía,Estatal,Ascendente,Seco y limpio,Sin luz natural ni artificial,Despejado,,Nivel blanco,,Sin especificar,Sin especificar,Sin especificar,Sin especificar,Sin especificar,Sin especificar,Sin especificar,2016,7,VIERNES,4,Madrugada,Dias laborables
710.95,1,0,0,962,03059,Recta,Carretera,Fronto-lateral                                     ,,N-340,Carretera Convencional de doble calzada,Estatal,Ascendente,Seco y limpio,"Luz del día natural, solar",Despejado,,Nivel blanco,,No,No,No,No,No,Sí,No,2016,7,VIERNES,17,Tarde,Dias laborables
0.5,1,0,0,963,03059,Recta,Carretera,Vuelco                                             ,,CAM AMOROS,Camino vecinal,Municipal,Descendente,Seco y limpio,"Luz del día natural, solar",Despejado,,Nivel blanco,,No,No,No,No,No,No,Sí,2016,7,SÁBADO,11,Mañana,Fines de semana
525.0,1,0,0,964,03059,Curva señalizada,Carretera,Salida de la vía por la izquierda con colisión     ,,A-7,Autovía,Estatal,Descendente,Seco y limpio,Sin luz natural ni artificial,Despejado,,Nivel blanco,,Sin especificar,Sin especificar,Sin especificar,Sin especificar,Sin especificar,Sin especificar,Sin especificar,2016,7,VIERNES,5,Madrugada,Dias laborables
706.7,1,0,0,965,03059,Recta,Carretera,Fronto-lateral                                     ,,N-340,Carretera Convencional de calzada única,Estatal,Descendente,Seco y limpio,"Luz del día natural, solar",Despejado,,Nivel blanco,,No,No,No,No,No,No,Sí,2016,7,JUEVES,12,Tarde,Dias laborables
527.5,7,0,0,966,03059,Recta,Carretera,Fronto-lateral                                     ,,A-7,Autovía,Estatal,Ascendente,Seco y limpio,"Luz del día natural, solar",Despejado,,Nivel blanco,,Sin especificar,Sin especificar,Sin especificar,Sin especificar,Sin especificar,Sin especificar,Sin especificar,2016,7,MIÉRCOLES,10,Mañana,Dias laborables
706.6,1,0,0,967,03059,Recta,Carretera,Fronto-lateral                                     ,,N-340,Carretera Convencional de calzada única,Estatal,Ascendente,Seco y limpio,"Luz del día natural, solar",Despejado,,Nivel blanco,,Sin especificar,Sin especificar,Sin especificar,Sin especificar,Sin especificar,Sin especificar,Sin especificar,2016,8,JUEVES,17,Tarde,Dias laborables
706.73,6,0,0,968,03059,Recta,Carretera,Lateral                                            ,,N-340,Carretera Convencional de calzada única,Estatal,Descendente,Seco y limpio,"Luz del día natural, solar",Despejado,,Nivel blanco,,No,No,No,No,No,No,Sí,2016,8,DOMINGO,20,Noche,Fines de semana
1.2,2,0,0,969,03059,Recta,Carretera,Frontal                                            ,,CV-904,Carretera Convencional de calzada única,Autonómica,Ambos,Mojado,"Luz del día natural, solar",Lluvia débil,,Nivel blanco,,No,No,No,Sí,No,No,No,2016,8,MIÉRCOLES,9,Mañana,Dias laborables
17.3,1,0,0,970,03059,Curva señalizada,Carretera,Salida de la vía por la derecha con colisión       ,,N-325,Carretera Convencional de calzada única,Estatal,Ascendente,Seco y limpio,"Luz del día natural, solar",Despejado,,Nivel blanco,,Sin especificar,Sin especificar,Sin especificar,Sin especificar,Sin especificar,Sin especificar,Sin especificar,2016,9,MIÉRCOLES,18,Noche,Dias laborables
2.3,1,0,0,971,03059,Recta,Carretera,Salida de la vía por la derecha con despeñamiento  ,,AZARBE ELX,Camino vecinal,Otra,Ambos,Seco y limpio,"Luz del día natural, solar",Despejado,,Nivel blanco,,Sin especificar,Sin especificar,Sin especificar,Sin especificar,Sin especificar,Sin especificar,Sin especificar,2016,9,JUEVES,17,Tarde,Dias laborables
9.8,1,0,0,972,03059,Recta,Carretera,Frontal                                            ,,CV-875,Carretera Convencional de calzada única,"Provincial, Cabildo/Consell",Descendente,Seco y limpio,"Luz del día natural, solar",Despejado,,Nivel blanco,,No,No,No,No,No,No,No,2016,9,MIÉRCOLES,17,Tarde,Dias laborables
,1,0,0,973,03059,No aplica,Calle,Caída                                              ,,No inventariada,Calle,Municipal,Se desconoce,Seco y limpio,"Luz del día natural, solar",Despejado,,Nivel verde,,Sin especificar,Sin especificar,Sin especificar,Sin especificar,Sin especificar,Sin especificar,Sin especificar,2016,2,MARTES,15,Tarde,Dias laborables
,1,0,0,974,03059,No aplica,Calle,Por alcance                                        ,,No inventariada,Calle,Municipal,Se desconoce,Seco y limpio,"Amanecer o atardecer, con luz artificial",Despejado,,Nivel verde,,Sin especificar,Sin especificar,Sin especificar,Sin especificar,Sin especificar,Sin especificar,Sin especificar,2016,1,VIERNES,18,Noche,Dias laborables
,2,0,0,975,03059,No aplica,Calle,Múltiple o en caravana                             ,,No inventariada,Calle,Municipal,Se desconoce,Seco y limpio,"Luz del día natural, solar",Despejado,,Nivel amarillo,,No,No,No,No,Sí,No,Sí,2016,2,MARTES,12,Tarde,Dias laborables
,1,0,0,976,03059,No aplica,Calle,Fronto-lateral                                     ,,No inventariada,Calle,Municipal,Se desconoce,Seco y limpio,Sin luz natural y con iluminación artificial encen,Despejado,,Nivel verde,,No,No,Sí,No,No,Sí,No,2016,2,VIERNES,21,Noche,Dias laborables
,1,0,0,977,03059,No aplica,Calle,Fronto-lateral                                     ,,No inventariada,Calle,Municipal,Se desconoce,Seco y limpio,"Amanecer o atardecer, con luz artificial",Despejado,,Nivel verde,,No,No,No,No,No,Sí,No,2016,3,JUEVES,18,Noche,Dias laborables
,1,0,0,978,03059,No aplica,Calle,Por alcance                                        ,,No inventariada,Calle,Municipal,Se desconoce,Seco y limpio,"Luz del día natural, solar",Despejado,,Nivel verde,,Sin especificar,Sin especificar,Sin especificar,Sin especificar,Sin especificar,Sin especificar,Sin especificar,2016,3,DOMINGO,13,Tarde,Fines de semana
,1,0,0,979,03059,No aplica,Calle,Salida de la vía por la derecha con colisión       ,,No inventariada,Calle,Municipal,Se desconoce,Seco y limpio,"Luz del día natural, solar",Despejado,,Nivel verde,,Sin especificar,Sin especificar,Sin especificar,Sin especificar,Sin especificar,Sin especificar,Sin especificar,2016,3,DOMINGO,13,Tarde,Fines de semana
,1,0,0,980,03059,No aplica,Calle,Salida de la vía por la izquierda con colisión     ,,No inventariada,Calle,Municipal,Se desconoce,Mojado,Sin luz natural ni artificial,Lluvia débil,,Nivel blanco,,Sin especificar,Sin especificar,Sin especificar,Sin especificar,Sin especificar,Sin especificar,Sin especificar,2016,3,MARTES,1,Madrugada,Dias laborables
,1,0,0,981,03059,No aplica,Calle,Atropello a personas                               ,,No inventariada,Calle,Municipal,Se desconoce,Seco y limpio,"Luz del día natural, solar",Despejado,,Nivel verde,,Sin especificar,Sin especificar,Sin especificar,Sin especificar,Sin especificar,Sin especificar,Sin especificar,2016,3,MARTES,14,Tarde,Dias laborables
,1,0,0,982,03059,No aplica,Calle,Lateral                                            ,,No inventariada,Calle,Municipal,Se desconoce,Seco y limpio,"Luz del día natural, solar",Despejado,,Nivel blanco,,No,No,Sí,No,No,Sí,No,2016,4,SÁBADO,15,Tarde,Fines de semana
,5,0,0,983,03059,No aplica,Calle,Múltiple o en caravana                             ,,No inventariada,Calle,Municipal,Se desconoce,Seco y limpio,Sin luz natural y con iluminación artificial encen,Despejado,,Nivel blanco,,No,No,No,No,No,No,No,2016,4,DOMINGO,0,Madrugada,Fines de semana
,1,0,0,984,03059,No aplica,Calle,Fronto-lateral                                     ,,No inventariada,Calle,Municipal,Se desconoce,Seco y limpio,"Luz del día natural, solar",Despejado,,Nivel amarillo,,No,No,Sí,No,Sí,Sí,No,2016,3,MIÉRCOLES,15,Tarde,Dias laborables
,0,1,0,985,03059,No aplica,Calle,Atropello a personas                               ,,No inventariada,Calle,Municipal,Se desconoce,Seco y limpio,"Luz del día natural, solar",Despejado,,Nivel verde,,Sin especificar,Sin especificar,Sin especificar,Sin especificar,Sin especificar,Sin especificar,Sin especificar,2016,4,JUEVES,10,Mañana,Dias laborables
15.5,0,2,0,986,03059,Curva señalizada,Carretera,Lateral                                            ,,N-325,Carretera Convencional de calzada única,Estatal,Ascendente,Seco y limpio,"Luz del día natural, solar",Despejado,,Nivel blanco,,Sin especificar,Sin especificar,Sin especificar,Sin especificar,Sin especificar,Sin especificar,Sin especificar,2016,10,DOMINGO,11,Mañana,Fines de semana
,2,0,0,987,03059,No aplica,Calle,Por alcance                                        ,,No inventariada,Calle,Municipal,Se desconoce,Seco y limpio,"Luz del día natural, solar",Despejado,,Nivel verde,,Sin especificar,Sin especificar,Sin especificar,Sin especificar,Sin especificar,Sin especificar,Sin especificar,2016,5,MIÉRCOLES,12,Tarde,Dias laborables
,2,0,0,988,03059,No aplica,Calle,Por alcance                                        ,,No inventariada,Calle,Municipal,Se desconoce,Seco y limpio,"Luz del día natural, solar",Despejado,,Nivel amarillo,,Sin especificar,Sin especificar,Sin especificar,Sin especificar,Sin especificar,Sin especificar,Sin especificar,2016,5,VIERNES,10,Mañana,Dias laborables
,1,0,0,989,03059,No aplica,Calle,Caída                                              ,,No inventariada,Calle,Municipal,Se desconoce,Con barro o gravilla suelta,"Luz del día natural, solar",Despejado,,Nivel verde,,Sin especificar,Sin especificar,Sin especificar,Sin especificar,Sin especificar,Sin especificar,Sin especificar,2016,5,VIERNES,12,Tarde,Dias laborables
,1,0,0,990,03059,No aplica,Calle,Atropello a personas                               ,,No inventariada,Calle,Municipal,Se desconoce,Seco y limpio,"Luz del día natural, solar",Despejado,,Nivel verde,,Sin especificar,Sin especificar,Sin especificar,Sin especificar,Sin especificar,Sin especificar,Sin especificar,2016,5,MIÉRCOLES,19,Noche,Dias laborables
,2,0,0,991,03059,No aplica,Calle,Múltiple o en caravana                             ,,No inventariada,Calle,Municipal,Se desconoce,Seco y limpio,"Luz del día natural, solar",Despejado,,Nivel verde,,Sin especificar,Sin especificar,Sin especificar,Sin especificar,Sin especificar,Sin especificar,Sin especificar,2016,6,SÁBADO,16,Tarde,Fines de semana
,2,0,0,992,03059,No aplica,Calle,Múltiple o en caravana                             ,,No inventariada,Calle,Municipal,Se desconoce,Seco y limpio,"Luz del día natural, solar",Despejado,,Nivel amarillo,,Sin especificar,Sin especificar,Sin especificar,Sin especificar,Sin especificar,Sin especificar,Sin especificar,2016,6,JUEVES,18,Noche,Dias laborables
,1,0,0,993,03059,No aplica,Calle,Fronto-lateral                                     ,,No inventariada,Calle,Municipal,Se desconoce,Seco y limpio,Sin luz natural y con iluminación artificial encen,Despejado,,Nivel blanco,,No,No,Sí,No,No,Sí,No,2016,7,SÁBADO,0,Madrugada,Fines de semana
709.5,2,0,0,994,03059,Recta,Carretera,Fronto-lateral                                     ,N-340,N-340,Carretera Convencional de calzada única,Estatal,Descendente,Seco y limpio,"Luz del día natural, solar",Despejado,,Nivel blanco,,No,No,No,No,No,No,No,2016,11,MIÉRCOLES,15,Tarde,Dias laborables
10.6,1,0,0,995,03059,Curva señalizada,Carretera,Fronto-lateral                                     ,,CV-875,Carretera Convencional de calzada única,"Provincial, Cabildo/Consell",Ascendente,Seco y limpio,Sin luz natural y con iluminación artificial encen,Despejado,,Nivel blanco,,No,No,No,No,No,No,Sí,2016,12,MARTES,7,Mañana,Dias laborables
523.0,1,0,0,996,03059,Recta,Carretera,Salida de la vía por la derecha otro tipo          ,,A-7,Autovía,Estatal,Ascendente,Seco y limpio,"Luz del día natural, solar",Nublado,,Nivel blanco,,Sin especificar,Sin especificar,Sin especificar,Sin especificar,Sin especificar,Sin especificar,Sin especificar,2016,12,MARTES,16,Tarde,Dias laborables
,2,0,0,997,00000,No aplica,Calle,Atropello a personas                               ,,No inventariada,Calle,Municipal,Se desconoce,Seco y limpio,"Luz del día natural, solar",Despejado,,Nivel blanco,,No,No,No,No,No,Sí,No,2016,2,VIERNES,15,Tarde,Dias laborables
3.8,1,0,0,998,00000,Curva sin señalizar,Carretera,Salida de la vía por la derecha con colisión       ,,CV-901,Carretera Convencional de calzada única,"Provincial, Cabildo/Consell",Descendente,Seco y limpio,"Luz del día natural, solar",Despejado,,Nivel blanco,,No,No,No,Sí,No,No,Sí,2016,5,SÁBADO,16,Tarde,Fines de semana
1.0,0,0,1,999,00000,Recta,Carretera,Frontal                                            ,,No inventariada,Camino vecinal,Municipal,Ascendente,Seco y limpio,"Amanecer o atardecer, sin luz artificial",Despejado,,Nivel blanco,,Sin especificar,Sin especificar,Sin especificar,Sin especificar,Sin especificar,Sin especificar,Sin especificar,2016,7,SÁBADO,20,Noche,Fines de semana
1.2,1,0,0,1000,00000,Recta,Carretera,Salida de la vía por la derecha otro tipo          ,,HEREDADES,Camino vecinal,Municipal,Ascendente,Seco y limpio,"Luz del día natural, solar",Despejado,,Nivel blanco,,Sin especificar,Sin especificar,Sin especificar,Sin especificar,Sin especificar,Sin especificar,Sin especificar,2016,7,JUEVES,19,Noche,Dias laborables
16.1,3,0,0,1001,00000,Recta,Carretera,Salida de la vía por la izquierda con vuelco       ,,CV-91,Carretera Convencional de calzada única,Autonómica,Descendente,Seco y limpio,"Luz del día natural, solar",Despejado,,Nivel blanco,,Sin especificar,Sin especificar,Sin especificar,Sin especificar,Sin especificar,Sin especificar,Sin especificar,2016,8,LUNES,17,Tarde,Dias laborables
1.0,2,0,0,1002,00000,Recta,Carretera,Salida de la vía por la izquierda con despeñamiento,,No inventariada,Camino vecinal,Municipal,Ascendente,Seco y limpio,"Luz del día natural, solar",Despejado,,Nivel blanco,,Sin especificar,Sin especificar,Sin especificar,Sin especificar,Sin especificar,Sin especificar,Sin especificar,2016,3,DOMINGO,8,Mañana,Fines de semana
,1,0,0,1003,03063,No aplica,Calle,Atropello a personas                               ,,No inventariada,Calle,Municipal,Se desconoce,Seco y limpio,Sin luz natural y con iluminación artificial encen,Despejado,,Nivel blanco,,Sin especificar,Sin especificar,Sin especificar,Sin especificar,Sin especificar,Sin especificar,Sin especificar,2016,1,VIERNES,20,Noche,Dias laborables
5.8,1,1,0,1004,03063,Curva señalizada,Carretera,Salida de la vía por la derecha con vuelco         ,,CV-725,Carretera Convencional de calzada única,Autonómica,Descendente,Seco y limpio,"Amanecer o atardecer, con luz artificial",Despejado,,Nivel verde,,No,No,Sí,No,No,Sí,No,2016,1,MARTES,7,Mañana,Dias laborables
5.05,1,0,0,1005,03063,Curva señalizada,Carretera,Salida de la vía por la izquierda con vuelco       ,,CV-723,Carretera Convencional de calzada única,"Provincial, Cabildo/Consell",Ascendente,Seco y limpio,Sin luz natural ni artificial,Despejado,,Nivel blanco,,Sin especificar,Sin especificar,Sin especificar,Sin especificar,Sin especificar,Sin especificar,Sin especificar,2016,1,JUEVES,23,Noche,Dias laborables
4.4,0,1,0,1006,03063,Se desconoce,Carretera,Colisión contra obstáculo o elemento de la vía     ,,CV-730,Carretera Convencional de calzada única,"Provincial, Cabildo/Consell",Ambos,Seco y limpio,Sin luz natural y con iluminación artificial encen,Despejado,,Nivel blanco,,Sin especificar,Sin especificar,Sin especificar,Sin especificar,Sin especificar,Sin especificar,Sin especificar,2016,1,LUNES,5,Madrugada,Dias laborables
,1,0,0,1007,03063,No aplica,Calle,Fronto-lateral                                     ,,No inventariada,Calle,Municipal,Se desconoce,Seco y limpio,"Luz del día natural, solar",Despejado,,Nivel verde,,No,No,No,No,Sí,No,No,2016,1,MIÉRCOLES,13,Tarde,Dias laborables
,1,0,0,1008,03063,No aplica,Calle,Otro tipo de accidente                             ,,No inventariada,Calle,Municipal,Se desconoce,Seco y limpio,Sin luz natural y con iluminación artificial encen,Despejado,,Nivel blanco,,Sin especificar,Sin especificar,Sin especificar,Sin especificar,Sin especificar,Sin especificar,Sin especificar,2016,1,SÁBADO,21,Noche,Fines de semana
,1,0,0,1009,03063,No aplica,Calle,Por alcance                                        ,,No inventariada,Calle,Municipal,Se desconoce,Seco y limpio,Sin luz natural y con iluminación artificial encen,Despejado,,Nivel blanco,,Sin especificar,Sin especificar,Sin especificar,Sin especificar,Sin especificar,Sin especificar,Sin especificar,2016,2,MIÉRCOLES,20,Noche,Dias laborables
,1,0,0,1010,03063,No aplica,Calle,Fronto-lateral                                     ,,No inventariada,Calle,Municipal,Se desconoce,Seco y limpio,Sin luz natural y con iluminación artificial encen,Despejado,,Nivel blanco,,Sin especificar,Sin especificar,Sin especificar,Sin especificar,Sin especificar,Sin especificar,Sin especificar,2016,2,SÁBADO,22,Noche,Fines de semana
4.8,1,0,0,1011,03063,Curva sin señalizar,Carretera,Salida de la vía por la izquierda con colisión     ,,CV-725,Carretera Convencional de calzada única,Autonómica,Descendente,Seco y limpio,"Luz del día natural, solar",Despejado,,Nivel blanco,,Sin especificar,Sin especificar,Sin especificar,Sin especificar,Sin especificar,Sin especificar,Sin especificar,2016,2,LUNES,11,Mañana,Dias laborables
,1,0,0,1012,03063,No aplica,Calle,Caída                                              ,,No inventariada,Calle,Municipal,Se desconoce,Seco y limpio,"Luz del día natural, solar",Despejado,,Nivel blanco,,No,No,No,No,No,No,Sí,2016,3,MARTES,8,Mañana,Dias laborables
,1,0,0,1013,03063,No aplica,Calle,Fronto-lateral                                     ,,No inventariada,Calle,Municipal,Se desconoce,Seco y limpio,"Luz del día natural, solar",Despejado,,Nivel blanco,,No,No,No,Sí,No,No,Sí,2016,3,MARTES,12,Tarde,Dias laborables
,1,0,0,1014,03063,No aplica,Calle,Fronto-lateral                                     ,,No inventariada,Calle,Municipal,Se desconoce,Seco y limpio,"Luz del día natural, solar",Despejado,,Nivel blanco,,No,No,No,No,No,No,No,2016,3,JUEVES,14,Tarde,Dias laborables
3.8,1,0,0,1015,03063,Recta,Carretera,Lateral                                            ,,CV-725,Carretera Convencional de calzada única,Autonómica,Ambos,Seco y limpio,Sin luz natural ni artificial,Despejado,,Nivel blanco,,Sin especificar,Sin especificar,Sin especificar,Sin especificar,Sin especificar,Sin especificar,Sin especificar,2016,3,SÁBADO,22,Noche,Fines de semana
5.6,3,0,0,1016,03063,Recta,Carretera,Por alcance                                        ,,CV-725,Carretera Convencional de calzada única,Autonómica,Ascendente,Mojado,"Luz del día natural, solar",Lluvia débil,,Nivel verde,,Sin especificar,Sin especificar,Sin especificar,Sin especificar,Sin especificar,Sin especificar,Sin especificar,2016,3,LUNES,12,Tarde,Dias laborables
,1,1,0,1017,03063,No aplica,Calle,Atropello a personas                               ,,No inventariada,Calle,Municipal,Se desconoce,Seco y limpio,"Luz del día natural, solar",Despejado,,Nivel blanco,,No,No,No,No,No,No,No,2016,3,LUNES,7,Mañana,Dias laborables
,1,0,0,1018,03063,No aplica,Calle,Caída                                              ,,No inventariada,Calle,Municipal,Se desconoce,Seco y limpio,"Luz del día natural, solar",Despejado,,Nivel blanco,,Sin especificar,Sin especificar,Sin especificar,Sin especificar,Sin especificar,Sin especificar,Sin especificar,2016,3,MIÉRCOLES,16,Tarde,Dias laborables
,2,0,0,1019,03063,No aplica,Calle,Fronto-lateral                                     ,,No inventariada,Calle,Municipal,Se desconoce,Seco y limpio,"Amanecer o atardecer, sin luz artificial",Despejado,,Nivel blanco,,No,No,No,No,No,No,Sí,2016,3,SÁBADO,19,Noche,Fines de semana
6.5,1,0,0,1020,03063,Curva señalizada,Carretera,Fronto-lateral                                     ,,CV-735,Carretera Convencional de calzada única,"Provincial, Cabildo/Consell",Ambos,Seco y limpio,"Luz del día natural, solar",Despejado,,Nivel blanco,,No,No,No,No,No,No,Sí,2016,3,JUEVES,11,Mañana,Dias laborables
3.8,1,0,0,1021,03063,Curva señalizada,Carretera,Fronto-lateral                                     ,,CV-736,Carretera Convencional de calzada única,Autonómica,Descendente,Seco y limpio,"Luz del día natural, solar",Despejado,,Nivel blanco,,Sin especificar,Sin especificar,Sin especificar,Sin especificar,Sin especificar,Sin especificar,Sin especificar,2016,3,LUNES,14,Tarde,Dias laborables
3.0,1,0,0,1022,03063,Curva señalizada,Carretera,Salida de la vía por la izquierda con colisión     ,,CV-736,Carretera Convencional de calzada única,Autonómica,Descendente,Seco y limpio,"Luz del día natural, solar",Despejado,,Nivel blanco,,Sin especificar,Sin especificar,Sin especificar,Sin especificar,Sin especificar,Sin especificar,Sin especificar,2016,3,MARTES,14,Tarde,Dias laborables
6.4,1,0,0,1023,03063,Recta,Carretera,Caída                                              ,,CV-725,Carretera Convencional de calzada única,Autonómica,Ambos,Mojado,"Luz del día natural, solar",Lluvia débil,,Se desconoce,,No,No,No,No,No,No,No,2016,3,LUNES,12,Tarde,Dias laborables
,1,0,0,1024,03063,No aplica,Calle,Fronto-lateral                                     ,,No inventariada,Calle,Municipal,Se desconoce,Seco y limpio,"Luz del día natural, solar",Despejado,,Nivel blanco,,No,No,No,No,No,No,No,2016,3,MARTES,13,Tarde,Dias laborables