KM,TOTAL_HL24H,TOTAL_HG24H,TOTAL_MU24H,id,COD_MUNICIPIO,TRAZADO_PLANTA,ZONA,TIPO_ACCIDENTE,CARRETERA_CRUCE,CARRETERA,TIPO_VIA,TITULARIDAD_VIA,SENTIDO_1F,CONDICION_FIRME,CONDICION_ILUMINACION,CONDICION_METEO,CONDICION_NIEBLA,CONDICION_NIVEL_CIRCULA,CONDICION_VIENTO,PRIORI_AGENTE,PRIORI_CIRCUNSTANCIAL,PRIORI_HORIZ_CEDA,PRIORI_HORIZ_STOP,PRIORI_SEMAFORO,PRIORI_VERT_CEDA,PRIORI_VERT_STOP,ANYO,MES,DIA,HORA,FRANJA_HORARIA,TIPO_DIA
3.6,2,0,0,1564,03065,Curva señalizada,Carretera,Salida de la vía por la derecha con vuelco         ,,CV-854,Carretera Convencional de calzada única,"Provincial, Cabildo/Consell",Descendente,Seco y limpio,"Luz del día natural, solar",Despejado,,Nivel blanco,,Sin especificar,Sin especificar,Sin especificar,Sin especificar,Sin especificar,Sin especificar,Sin especificar,2016,8,LUNES,16,Tarde,Dias laborables
,1,0,0,1565,03065,No aplica,Calle,Atropello a personas                               ,,No inventariada,Calle,Municipal,Se desconoce,Seco y limpio,"Luz del día natural, solar",Despejado,,Nivel blanco,,Sin especificar,Sin especificar,Sin especificar,Sin especificar,Sin especificar,Sin especificar,Sin especificar,2016,9,JUEVES,8,Mañana,Dias laborables
731.5,1,0,0,1566,03065,Curva señalizada,Carretera,Salida de la vía por la derecha otro tipo          ,,N-340,Carretera Convencional de calzada única,Estatal,Descendente,Seco y limpio,"Luz del día natural, solar",Despejado,,Nivel blanco,,No,No,No,No,No,No,No,2016,9,MARTES,12,Tarde,Dias laborables
,1,0,0,1567,03065,No aplica,Calle,Fronto-lateral                                     ,,No inventariada,Calle,Municipal,Se desconoce,Seco y limpio,"Luz del día natural, solar",Despejado,,Nivel blanco,,No,No,No,No,Sí,No,No,2016,9,JUEVES,12,Tarde,Dias laborables
,2,0,0,1568,03065,No aplica,Calle,Por alcance                                        ,,No inventariada,Calle,Municipal,Se desconoce,Seco y limpio,"Luz del día natural, solar",Despejado,,Nivel blanco,,Sin especificar,Sin especificar,Sin especificar,Sin especificar,Sin especificar,Sin especificar,Sin especificar,2016,9,JUEVES,10,Mañana,Dias laborables
,1,0,0,1569,03065,No aplica,Calle,Atropello a personas                               ,,No inventariada,Calle,Municipal,Se desconoce,Seco y limpio,"Luz del día natural, solar",Despejado,,Nivel blanco,,No,No,Sí,No,No,Sí,No,2016,9,JUEVES,9,Mañana,Dias laborables
,1,0,0,1570,03065,No aplica,Calle,Fronto-lateral                                     ,,No inventariada,Calle,Municipal,Se desconoce,Seco y limpio,"Luz del día natural, solar",Despejado,,Nivel blanco,,No,No,Sí,No,No,Sí,No,2016,9,VIERNES,12,Tarde,Dias laborables
,1,0,0,1571,03065,No aplica,Calle,Fronto-lateral                                     ,,No inventariada,Calle,Municipal,Se desconoce,Seco y limpio,"Amanecer o atardecer, sin luz artificial",Despejado,,Nivel blanco,,No,No,Sí,No,No,Sí,No,2016,8,DOMINGO,8,Mañana,Fines de semana
,1,0,0,1572,03065,No aplica,Calle,Fronto-lateral                                     ,,No inventariada,Calle,Municipal,Se desconoce,Seco y limpio,"Luz del día natural, solar",Despejado,,Nivel rojo,,Sin especificar,Sin especificar,Sin especificar,Sin especificar,Sin especificar,Sin especificar,Sin especificar,2016,8,MARTES,17,Tarde,Dias laborables
,1,0,0,1573,03065,No aplica,Calle,Fronto-lateral                                     ,,No inventariada,Calle,Municipal,Se desconoce,Seco y limpio,"Luz del día natural, solar",Despejado,,Nivel verde,,No,No,No,No,No,Sí,No,2016,9,SÁBADO,18,Noche,Fines de semana
,1,0,0,1574,03065,No aplica,Calle,Frontal                                            ,,No inventariada,Calle,Municipal,Se desconoce,Seco y limpio,"Luz del día natural, solar",Despejado,,Nivel blanco,,Sin especificar,Sin especificar,Sin especificar,Sin especificar,Sin especificar,Sin especificar,Sin especificar,2016,9,SÁBADO,14,Tarde,Fines de semana
,1,0,0,1575,03065,No aplica,Calle,Atropello a personas                               ,,No inventariada,Calle,Municipal,Se desconoce,Seco y limpio,"Luz del día natural, solar",Despejado,,Sin especificar,,No,No,No,No,No,No,No,2016,9,MIÉRCOLES,8,Mañana,Dias laborables
4.3,1,0,0,1576,03065,Recta,Carretera,Fronto-lateral                                     ,,CV-865,Carretera Convencional de calzada única,Autonómica,Descendente,Seco y limpio,"Amanecer o atardecer, sin luz artificial",Despejado,,Nivel blanco,,No,No,No,No,No,No,No,2016,9,MARTES,20,Noche,Dias laborables
,1,0,0,1577,03065,No aplica,Calle,Lateral                                            ,,No inventariada,Calle,Municipal,Se desconoce,Seco y limpio,"Luz del día natural, solar",Despejado,,Nivel verde,,No,No,Sí,No,No,Sí,No,2016,9,MARTES,15,Tarde,Dias laborables
,4,0,0,1578,03065,No aplica,Calle,Por alcance                                        ,,No inventariada,Calle,Municipal,Se desconoce,Seco y limpio,"Luz del día natural, solar",Despejado,,Sin especificar,,Sin especificar,Sin especificar,Sin especificar,Sin especificar,Sin especificar,Sin especificar,Sin especificar,2016,8,MIÉRCOLES,13,Tarde,Dias laborables
,1,0,0,1579,03065,No aplica,Calle,Por alcance                                        ,,No inventariada,Calle,Municipal,Se desconoce,Seco y limpio,"Luz del día natural, solar",Despejado,,Sin especificar,,Sin especificar,Sin especificar,Sin especificar,Sin especificar,Sin especificar,Sin especificar,Sin especificar,2016,8,DOMINGO,11,Mañana,Fines de semana
,1,0,0,1580,03065,No aplica,Calle,Atropello a personas                               ,,No inventariada,Calle,Municipal,Se desconoce,Seco y limpio,"Luz del día natural, solar",Despejado,,Sin especificar,,No,No,No,No,No,No,No,2016,9,MIÉRCOLES,13,Tarde,Dias laborables
,2,0,0,1581,03065,No aplica,Calle,Fronto-lateral                                     ,,No inventariada,Calle,Municipal,Se desconoce,Seco y limpio,"Luz del día natural, solar",Despejado,,Nivel verde,,No,No,No,No,No,No,No,2016,9,MIÉRCOLES,17,Tarde,Dias laborables
,1,0,0,1582,03065,No aplica,Calle,Fronto-lateral                                     ,,No inventariada,Calle,Municipal,Se desconoce,Seco y limpio,"Luz del día natural, solar",Despejado,,Sin especificar,,No,No,No,No,No,Sí,No,2016,9,LUNES,14,Tarde,Dias laborables
,0,1,0,1583,03065,No aplica,Calle,Atropello a personas                               ,,No inventariada,Calle,Municipal,Se desconoce,Seco y limpio,"Luz del día natural, solar",Despejado,,Sin especificar,,Sin especificar,Sin especificar,Sin especificar,Sin especificar,Sin especificar,Sin especificar,Sin especificar,2016,9,VIERNES,18,Noche,Dias laborables
,1,0,0,1584,03065,No aplica,Calle,Múltiple o en caravana                             ,,No inventariada,Calle,Municipal,Se desconoce,Seco y limpio,"Luz del día natural, solar",Despejado,,Nivel verde,,No,No,No,No,Sí,No,No,2016,9,VIERNES,14,Tarde,Dias laborables
716.0,1,0,0,1585,03065,Curva señalizada,Carretera,Fronto-lateral                                     ,6.0,N-340,Carretera Convencional de calzada única,Estatal,Ascendente,Seco y limpio,"Luz del día natural, solar",Despejado,,Nivel blanco,,No,No,No,Sí,No,No,Sí,2016,9,MIÉRCOLES,12,Tarde,Dias laborables
,1,0,0,1586,03065,No aplica,Calle,Caída                                              ,,No inventariada,Calle,Municipal,Se desconoce,Seco y limpio,"Luz del día natural, solar",Despejado,,Sin especificar,,No,No,No,No,No,No,No,2016,6,JUEVES,19,Noche,Dias laborables
,1,0,0,1587,03065,No aplica,Calle,Fronto-lateral                                     ,,No inventariada,Calle,Municipal,Se desconoce,Seco y limpio,"Luz del día natural, solar",Despejado,,Sin especificar,,No,No,No,No,Sí,No,No,2016,7,MIÉRCOLES,17,Tarde,Dias laborables
,2,0,0,1588,03065,No aplica,Calle,Otro tipo de accidente                             ,,No inventariada,Calle,Municipal,Se desconoce,Seco y limpio,Sin luz natural y con iluminación artificial no en,Despejado,,Sin especificar,,No,No,No,No,No,No,No,2016,9,DOMINGO,20,Noche,Fines de semana
,3,0,0,1589,03065,No aplica,Calle,Fronto-lateral                                     ,,No inventariada,Calle,Municipal,Se desconoce,Seco y limpio,"Luz del día natural, solar",Despejado,,Sin especificar,,No,No,No,No,Sí,No,No,2016,9,MARTES,14,Tarde,Dias laborables
,1,0,0,1590,03065,No aplica,Calle,Salida de la vía por la derecha con colisión       ,,No inventariada,Calle,Municipal,Se desconoce,Seco y limpio,"Luz del día natural, solar",Despejado,,Sin especificar,,No,No,No,No,No,Sí,No,2016,9,LUNES,8,Mañana,Dias laborables
,1,0,0,1591,03065,No aplica,Calle,Lateral                                            ,,No inventariada,Calle,Municipal,Se desconoce,Se desconoce,"Luz del día natural, solar",Se desconoce,,Se desconoce,,Sin especificar,Sin especificar,Sin especificar,Sin especificar,Sin especificar,Sin especificar,Sin especificar,2016,9,MARTES,10,Mañana,Dias laborables
,1,0,0,1592,03065,No aplica,Calle,Atropello a personas                               ,,No inventariada,Calle,Municipal,Se desconoce,Seco y limpio,"Luz del día natural, solar",Despejado,,Nivel blanco,,No,No,No,No,No,No,No,2016,9,JUEVES,9,Mañana,Dias laborables
,1,0,0,1593,03065,No aplica,Calle,Fronto-lateral                                     ,,No inventariada,Calle,Municipal,Se desconoce,Seco y limpio,"Luz del día natural, solar",Despejado,,Nivel blanco,,No,No,Sí,No,No,Sí,No,2016,9,JUEVES,14,Tarde,Dias laborables
,1,0,0,1594,03065,No aplica,Calle,Atropello a personas                               ,,No inventariada,Calle,Municipal,Se desconoce,Seco y limpio,"Luz del día natural, solar",Despejado,,Nivel verde,,No,No,Sí,No,No,Sí,No,2016,9,MIÉRCOLES,12,Tarde,Dias laborables
,1,0,0,1595,03065,No aplica,Calle,Caída                                              ,,No inventariada,Calle,Municipal,Se desconoce,Con aceite,"Luz del día natural, solar",Despejado,,Nivel verde,,No,No,No,No,No,Sí,No,2016,9,MIÉRCOLES,18,Noche,Dias laborables
,1,0,0,1596,03065,No aplica,Calle,Lateral                                            ,,No inventariada,Calle,Municipal,Se desconoce,Seco y limpio,"Luz del día natural, solar",Despejado,,Nivel blanco,,Sin especificar,Sin especificar,Sin especificar,Sin especificar,Sin especificar,Sin especificar,Sin especificar,2016,8,VIERNES,21,Noche,Dias laborables
,1,0,0,1597,03065,No aplica,Calle,Lateral                                            ,,No inventariada,Vía de servicio,Municipal,Se desconoce,Seco y limpio,"Luz del día natural, solar",Despejado,,Nivel blanco,,Sin especificar,Sin especificar,Sin especificar,Sin especificar,Sin especificar,Sin especificar,Sin especificar,2016,9,SÁBADO,11,Mañana,Fines de semana
,1,0,0,1598,03065,No aplica,Calle,Por alcance                                        ,,No inventariada,Calle,Municipal,Se desconoce,Seco y limpio,"Luz del día natural, solar",Despejado,,Nivel blanco,,Sin especificar,Sin especificar,Sin especificar,Sin especificar,Sin especificar,Sin especificar,Sin especificar,2016,9,VIERNES,12,Tarde,Dias laborables
22.7,1,0,0,1599,03065,Recta,Carretera,Caída                                              ,,CV-851,Carretera Convencional de calzada única,"Provincial, Cabildo/Consell",Ascendente,Seco y limpio,Sin luz natural ni artificial,Despejado,,Nivel blanco,,No,No,No,No,No,No,No,2016,9,MARTES,6,Mañana,Dias laborables
,1,0,0,1600,03065,No aplica,Calle,Caída                                              ,,No inventariada,Calle,Municipal,Se desconoce,Seco y limpio,Sin luz natural y con iluminación artificial encen,Despejado,,Nivel verde,,No,No,No,No,No,Sí,No,2016,9,DOMINGO,21,Noche,Fines de semana
4.2,1,0,0,1601,03065,Curva señalizada,Carretera,Fronto-lateral                                     ,,EL-20,Carretera Convencional de doble calzada,Estatal,Descendente,Seco y limpio,Sin luz natural y con iluminación artificial encen,Despejado,,Nivel blanco,,No,No,No,No,No,Sí,No,2016,9,DOMINGO,19,Noche,Fines de semana
,0,1,0,1602,03065,No aplica,Calle,Atropello a personas                               ,,No inventariada,Calle,Municipal,Se desconoce,Seco y limpio,"Luz del día natural, solar",Despejado,,Nivel blanco,,Sin especificar,Sin especificar,Sin especificar,Sin especificar,Sin especificar,Sin especificar,Sin especificar,2016,9,DOMINGO,14,Tarde,Fines de semana
,1,0,0,1603,03065,No aplica,Calle,Atropello a personas                               ,,No inventariada,Calle,Municipal,Se desconoce,Seco y limpio,"Luz del día natural, solar",Despejado,,Sin especificar,,Sin especificar,Sin especificar,Sin especificar,Sin especificar,Sin especificar,Sin especificar,Sin especificar,2016,9,JUEVES,9,Mañana,Dias laborables
,1,0,0,1604,03065,No aplica,Calle,Caída                                              ,,No inventariada,Calle,Municipal,Se desconoce,Seco y limpio,"Luz del día natural, solar",Despejado,,Nivel blanco,,No,No,No,No,No,No,No,2016,9,LUNES,10,Mañana,Dias laborables
,1,0,0,1605,03065,No aplica,Calle,"Salida de la vía por la izquierda, otro tipo       ",,No inventariada,Otro,Municipal,Se desconoce,Seco y limpio,"Luz del día natural, solar",Despejado,,Nivel verde,,No,No,No,No,No,No,Sí,2016,9,MARTES,14,Tarde,Dias laborables
0.0,1,0,0,1606,03065,Curva señalizada,Carretera,Por alcance                                        ,,CV-875,Carretera Convencional de calzada única,"Provincial, Cabildo/Consell",Descendente,Seco y limpio,"Luz del día natural, solar",Despejado,,Nivel blanco,,No,No,No,No,No,No,No,2016,9,LUNES,15,Tarde,Dias laborables
,1,0,0,1607,03065,No aplica,Calle,Atropello a personas                               ,,No inventariada,Calle,Municipal,Se desconoce,Seco y limpio,Sin luz natural y con iluminación artificial encen,Despejado,,Nivel verde,,No,No,No,No,No,No,No,2016,9,MARTES,20,Noche,Dias laborables
,1,0,0,1608,03065,No aplica,Calle,Atropello a personas                               ,,No inventariada,Calle,Municipal,Se desconoce,Seco y limpio,"Luz del día natural, solar",Despejado,,Sin especificar,,No,No,No,No,No,No,No,2016,9,MIÉRCOLES,18,Noche,Dias laborables
,2,0,0,1609,03065,No aplica,Calle,Lateral                                            ,,No inventariada,Calle,Municipal,Se desconoce,Seco y limpio,"Amanecer o atardecer, sin luz artificial",Despejado,,Nivel verde,,No,No,No,No,No,Sí,No,2016,9,MARTES,19,Noche,Dias laborables
,1,0,0,1610,03065,No aplica,Calle,Caída                                              ,,No inventariada,Calle,Municipal,Se desconoce,Con aceite,"Luz del día natural, solar",Despejado,,Sin especificar,,No,No,No,No,No,No,No,2016,9,JUEVES,7,Mañana,Dias laborables
,1,0,0,1611,03065,No aplica,Calle,Por alcance                                        ,,No inventariada,Calle,Municipal,Se desconoce,Seco y limpio,"Luz del día natural, solar",Despejado,,Nivel blanco,,No,No,No,No,No,Sí,No,2016,9,VIERNES,7,Mañana,Dias laborables
,1,0,0,1612,03065,No aplica,Calle,Lateral                                            ,,No inventariada,Calle,Municipal,Se desconoce,Seco y limpio,"Luz del día natural, solar",Despejado,,Nivel blanco,,No,No,Sí,No,No,No,No,2016,9,VIERNES,10,Mañana,Dias laborables
,1,0,0,1613,03065,No aplica,Calle,Caída                                              ,,No inventariada,Calle,Municipal,Se desconoce,Mojado,"Luz del día natural, solar",Nublado,,Sin especificar,,No,No,Sí,No,No,Sí,No,2016,9,MIÉRCOLES,8,Mañana,Dias laborables
,1,0,0,1614,03065,No aplica,Calle,Caída                                              ,,No inventariada,Calle,Municipal,Se desconoce,Mojado,"Luz del día natural, solar",Lluvia débil,,Sin especificar,,Sin especificar,Sin especificar,Sin especificar,Sin especificar,Sin especificar,Sin especificar,Sin especificar,2016,9,MIÉRCOLES,8,Mañana,Dias laborables
,1,0,0,1615,03065,No aplica,Calle,Fronto-lateral                                     ,,No inventariada,Calle,Municipal,Se desconoce,Seco y limpio,"Luz del día natural, solar",Despejado,,Sin especificar,,No,No,No,No,Sí,No,No,2016,9,JUEVES,8,Mañana,Dias laborables
7.3,1,0,0,1616,03065,Recta,Carretera,Fronto-lateral                                     ,,CV-865,Carretera Convencional de calzada única,Autonómica,Descendente,Seco y limpio,"Luz del día natural, solar",Nublado,,Nivel blanco,,No,No,No,No,No,No,Sí,2016,9,LUNES,12,Tarde,Dias laborables
,1,0,0,1617,03065,No aplica,Calle,Lateral                                            ,,No inventariada,Calle,Municipal,Se desconoce,Seco y limpio,"Luz del día natural, solar",Despejado,,Sin especificar,,No,No,No,No,No,No,No,2016,9,VIERNES,7,Mañana,Dias laborables
,0,1,0,1618,03065,No aplica,Calle,Caída                                              ,,No inventariada,Calle,Municipal,Se desconoce,Seco y limpio,"Luz del día natural, solar",Despejado,,Sin especificar,,Sin especificar,Sin especificar,Sin especificar,Sin especificar,Sin especificar,Sin especificar,Sin especificar,2016,9,SÁBADO,11,Mañana,Fines de semana
1.9,1,0,0,1619,03065,Recta,Carretera,Salida de la vía por la izquierda con colisión     ,,EL-20,Autovía,Estatal,Descendente,Seco y limpio,"Luz del día natural, solar",Despejado,,Nivel blanco,,No,No,No,No,No,No,No,2016,10,SÁBADO,17,Tarde,Fines de semana
,6,0,0,1620,03065,No aplica,Calle,Por alcance                                        ,,No inventariada,Calle,Municipal,Se desconoce,Seco y limpio,"Amanecer o atardecer, con luz artificial",Despejado,,Sin especificar,,Sin especificar,Sin especificar,Sin especificar,Sin especificar,Sin especificar,Sin especificar,Sin especificar,2016,9,VIERNES,21,Noche,Dias laborables
,1,0,0,1621,03065,No aplica,Calle,Salida de la vía por la izquierda con vuelco       ,,No inventariada,Calle,Municipal,Se desconoce,Seco y limpio,Sin luz natural y con iluminación artificial encen,Despejado,,Nivel blanco,,No,No,No,Sí,No,No,Sí,2016,7,LUNES,2,Madrugada,Dias laborables
,2,0,0,1622,03065,No aplica,Calle,Fronto-lateral                                     ,,No inventariada,Calle,Municipal,Se desconoce,Seco y limpio,"Luz del día natural, solar",Despejado,,Sin especificar,,No,No,Sí,No,No,Sí,No,2016,9,VIERNES,8,Mañana,Dias laborables
,1,0,0,1623,03065,No aplica,Calle,Lateral                                            ,,No inventariada,Calle,Municipal,Se desconoce,Seco y limpio,"Luz del día natural, solar",Despejado,,Nivel verde,,No,No,No,No,No,No,No,2016,9,MARTES,12,Tarde,Dias laborables
,1,0,0,1624,03065,No aplica,Calle,Salida de la vía por la derecha con colisión       ,,No inventariada,Calle,Municipal,Se desconoce,Seco y limpio,"Luz del día natural, solar",Despejado,,Sin especificar,,Sin especificar,Sin especificar,Sin especificar,Sin especificar,Sin especificar,Sin especificar,Sin especificar,2016,10,DOMINGO,17,Tarde,Fines de semana
,2,0,0,1625,03065,No aplica,Calle,Frontal                                            ,,No inventariada,Calle,Municipal,Se desconoce,Seco y limpio,"Luz del día natural, solar",Despejado,,Sin especificar,,Sin especificar,Sin especificar,Sin especificar,Sin especificar,Sin especificar,Sin especificar,Sin especificar,2016,10,MARTES,15,Tarde,Dias laborables
,1,0,0,1626,03065,No aplica,Calle,Atropello a personas                               ,,No inventariada,Calle,Municipal,Se desconoce,Seco y limpio,Sin luz natural y con iluminación artificial encen,Despejado,,Nivel blanco,,Sin especificar,Sin especificar,Sin especificar,Sin especificar,Sin especificar,Sin especificar,Sin especificar,2016,9,LUNES,21,Noche,Dias laborables
,3,0,0,1627,03065,No aplica,Calle,Fronto-lateral                                     ,,No inventariada,Calle,Municipal,Se desconoce,Seco y limpio,Sin luz natural y con iluminación artificial encen,Despejado,,Nivel blanco,,No,No,No,No,No,Sí,No,2016,10,MARTES,23,Noche,Dias laborables
,1,0,0,1628,03065,No aplica,Calle,Por alcance                                        ,,No inventariada,Calle,Municipal,Se desconoce,Seco y limpio,"Luz del día natural, solar",Despejado,,Sin especificar,,No,No,No,No,Sí,No,No,2016,10,LUNES,13,Tarde,Dias laborables
,1,0,0,1629,03065,No aplica,Calle,Atropello a personas                               ,,No inventariada,Calle,Municipal,Se desconoce,Seco y limpio,"Luz del día natural, solar",Despejado,,Sin especificar,,Sin especificar,Sin especificar,Sin especificar,Sin especificar,Sin especificar,Sin especificar,Sin especificar,2016,10,MARTES,8,Mañana,Dias laborables
,1,0,0,1630,03065,No aplica,Calle,Frontal                                            ,,No inventariada,Otro,Municipal,Se desconoce,Mojado,"Luz del día natural, solar",Lluvia débil,,Nivel blanco,,Sin especificar,Sin especificar,Sin especificar,Sin especificar,Sin especificar,Sin especificar,Sin especificar,2016,9,MIÉRCOLES,13,Tarde,Dias laborables
,2,0,0,1631,03065,No aplica,Calle,Salida de la vía por la izquierda con colisión     ,,No inventariada,Otro,Municipal,Se desconoce,Seco y limpio,Sin luz natural ni artificial,Despejado,,Nivel blanco,,Sin especificar,Sin especificar,Sin especificar,Sin especificar,Sin especificar,Sin especificar,Sin especificar,2016,9,SÁBADO,21,Noche,Fines de semana
,1,0,0,1632,03065,No aplica,Calle,Atropello a personas                               ,,No inventariada,Calle,Municipal,Se desconoce,Seco y limpio,"Luz del día natural, solar",Despejado,,Nivel blanco,,Sin especificar,Sin especificar,Sin especificar,Sin especificar,Sin especificar,Sin especificar,Sin especificar,2016,10,JUEVES,9,Mañana,Dias laborables
,1,0,0,1633,03065,No aplica,Calle,Por alcance                                        ,N-340,No inventariada,Calle,Municipal,Se desconoce,Seco y limpio,"Luz del día natural, solar",Despejado,,Nivel blanco,,No,No,No,No,Sí,No,No,2016,9,MARTES,12,Tarde,Dias laborables
,1,0,0,1634,03065,No aplica,Calle,Atropello a personas                               ,,No inventariada,Calle,Municipal,Se desconoce,Seco y limpio,Sin luz natural y con iluminación artificial encen,Despejado,,Nivel verde,,No,No,No,No,No,No,No,2016,10,JUEVES,20,Noche,Dias laborables
1.0,1,0,0,1635,03065,Recta,Carretera,Por alcance                                        ,CV-86,EL-20,Autovía,Estatal,Ascendente,Seco y limpio,"Luz del día natural, solar",Despejado,,Nivel blanco,,No,No,No,No,No,No,No,2016,10,LUNES,8,Mañana,Dias laborables
,1,0,0,1636,03065,No aplica,Calle,Fronto-lateral                                     ,,No inventariada,Calle,Municipal,Se desconoce,Seco y limpio,"Luz del día natural, solar",Despejado,,Nivel blanco,,No,No,Sí,No,No,Sí,No,2016,10,JUEVES,15,Tarde,Dias laborables
,4,0,0,1637,03065,No aplica,Calle,Por alcance                                        ,,No inventariada,Calle,Municipal,Se desconoce,Seco y limpio,"Luz del día natural, solar",Despejado,,Sin especificar,,Sin especificar,Sin especificar,Sin especificar,Sin especificar,Sin especificar,Sin especificar,Sin especificar,2016,10,VIERNES,16,Tarde,Dias laborables
,1,0,0,1638,03065,No aplica,Calle,Fronto-lateral                                     ,,No inventariada,Calle,Municipal,Se desconoce,Seco y limpio,"Luz del día natural, solar",Despejado,,Nivel verde,,No,No,Sí,No,No,Sí,No,2016,10,SÁBADO,18,Noche,Fines de semana
,1,0,0,1639,03065,No aplica,Calle,Salida de la vía por la derecha otro tipo          ,,No inventariada,Calle,Municipal,Se desconoce,Seco y limpio,Sin luz natural y con iluminación artificial encen,Despejado,,Nivel blanco,,No,No,No,No,No,Sí,No,2016,10,VIERNES,0,Madrugada,Dias laborables
,2,0,0,1640,03065,No aplica,Calle,Lateral                                            ,,No inventariada,Calle,Municipal,Se desconoce,Seco y limpio,"Luz del día natural, solar",Despejado,,Sin especificar,,No,No,No,No,No,No,No,2016,10,LUNES,11,Mañana,Dias laborables
,1,0,0,1641,03065,No aplica,Calle,Caída                                              ,,No inventariada,Otro,Municipal,Se desconoce,Seco y limpio,"Luz del día natural, solar",Despejado,,Sin especificar,,Sin especificar,Sin especificar,Sin especificar,Sin especificar,Sin especificar,Sin especificar,Sin especificar,2016,10,JUEVES,11,Mañana,Dias laborables
518.0,1,0,0,1642,03065,Recta,Carretera,Colisión contra obstáculo o elemento de la vía     ,,A-7,Autovía,Estatal,Ascendente,Seco y limpio,Sin luz natural y con iluminación artificial no en,Despejado,,Nivel blanco,,Sin especificar,Sin especificar,Sin especificar,Sin especificar,Sin especificar,Sin especificar,Sin especificar,2016,10,VIERNES,19,Noche,Dias laborables
,1,0,0,1643,03065,No aplica,Calle,Fronto-lateral                                     ,,No inventariada,Calle,Municipal,Se desconoce,Seco y limpio,Sin luz natural ni artificial,Despejado,,Nivel blanco,,Sin especificar,Sin especificar,Sin especificar,Sin especificar,Sin especificar,Sin especificar,Sin especificar,2016,6,VIERNES,4,Madrugada,Dias laborables
,5,0,0,1644,03065,No aplica,Calle,Lateral                                            ,,No inventariada,Otro,Municipal,Se desconoce,Seco y limpio,Sin luz natural ni artificial,Despejado,,Nivel blanco,,No,No,No,Sí,No,No,Sí,2016,9,JUEVES,23,Noche,Dias laborables
,1,0,0,1645,03065,No aplica,Calle,Fronto-lateral                                     ,,No inventariada,Calle,Municipal,Se desconoce,Seco y limpio,"Luz del día natural, solar",Despejado,,Sin especificar,,Sin especificar,Sin especificar,Sin especificar,Sin especificar,Sin especificar,Sin especificar,Sin especificar,2016,9,JUEVES,17,Tarde,Dias laborables
,2,0,0,1646,03065,No aplica,Calle,Fronto-lateral                                     ,,No inventariada,Calle,Municipal,Se desconoce,Seco y limpio,"Luz del día natural, solar",Despejado,,Sin especificar,,No,No,No,No,Sí,No,No,2016,10,MARTES,11,Mañana,Dias laborables
,1,0,0,1647,03065,No aplica,Calle,Caída                                              ,,No inventariada,Calle,Municipal,Se desconoce,Seco y limpio,"Luz del día natural, solar",Despejado,,Sin especificar,,No,No,No,No,No,No,No,2016,9,MIÉRCOLES,12,Tarde,Dias laborables
4.5,1,0,0,1648,03065,Recta,Carretera,Atropello a personas                               ,,CV-851,Carretera Convencional de calzada única,"Provincial, Cabildo/Consell",Descendente,Seco y limpio,Sin luz natural y con iluminación artificial no en,Despejado,,Nivel blanco,,Sin especificar,Sin especificar,Sin especificar,Sin especificar,Sin especificar,Sin especificar,Sin especificar,2016,10,LUNES,20,Noche,Dias laborables
,1,0,0,1649,03065,No aplica,Calle,Caída                                              ,,No inventariada,Vía de servicio,Municipal,Se desconoce,Seco y limpio,"Luz del día natural, solar",Despejado,,Sin especificar,,No,No,No,Sí,No,No,Sí,2016,9,JUEVES,18,Noche,Dias laborables
,1,0,0,1650,03065,No aplica,Calle,Salida de la vía por la derecha con colisión       ,,No inventariada,Otro,Municipal,Se desconoce,Mojado,"Luz del día natural, solar",Nublado,,Sin especificar,,Sin especificar,Sin especificar,Sin especificar,Sin especificar,Sin especificar,Sin especificar,Sin especificar,2016,10,JUEVES,12,Tarde,Dias laborables
,2,0,0,1651,03065,No aplica,Calle,Por alcance                                        ,,No inventariada,Calle,Municipal,Se desconoce,Mojado,"Luz del día natural, solar",Lluvia débil,,Sin especificar,,No,No,No,Sí,No,Sí,No,2016,10,JUEVES,11,Mañana,Dias laborables
,2,0,0,1652,03065,No aplica,Calle,Por alcance                                        ,,No inventariada,Calle,Municipal,Se desconoce,Mojado,Sin luz natural ni artificial,Nublado,,Nivel blanco,,Sin especificar,Sin especificar,Sin especificar,Sin especificar,Sin especificar,Sin especificar,Sin especificar,2016,10,JUEVES,21,Noche,Dias laborables
1.7,2,0,0,1653,03065,Recta,Carretera,Fronto-lateral                                     ,,CV-851,Carretera Convencional de calzada única,"Provincial, Cabildo/Consell",Ascendente,Seco y limpio,Sin luz natural ni artificial,Despejado,,Nivel blanco,,Sin especificar,Sin especificar,Sin especificar,Sin especificar,Sin especificar,Sin especificar,Sin especificar,2016,10,SÁBADO,6,Mañana,Fines de semana
,2,0,0,1654,03065,No aplica,Calle,Fronto-lateral                                     ,,No inventariada,Calle,Municipal,Se desconoce,Seco y limpio,Sin luz natural y con iluminación artificial encen,Lluvia débil,,Sin especificar,,No,No,No,No,Sí,No,No,2016,10,MIÉRCOLES,20,Noche,Dias laborables
,1,0,0,1655,03065,No aplica,Calle,Salida de la vía por la derecha otro tipo          ,,No inventariada,Otro,Municipal,Se desconoce,Mojado,"Amanecer o atardecer, sin luz artificial",Lluvia débil,,Nivel blanco,,Sin especificar,Sin especificar,Sin especificar,Sin especificar,Sin especificar,Sin especificar,Sin especificar,2016,10,JUEVES,19,Noche,Dias laborables
,1,0,0,1656,03065,No aplica,Calle,Por alcance                                        ,,No inventariada,Calle,Municipal,Se desconoce,Seco y limpio,Sin luz natural y con iluminación artificial encen,Despejado,,Sin especificar,,No,No,No,No,Sí,No,No,2016,10,SÁBADO,21,Noche,Fines de semana