KM,TOTAL_HL24H,TOTAL_HG24H,TOTAL_MU24H,id,COD_MUNICIPIO,TRAZADO_PLANTA,ZONA,TIPO_ACCIDENTE,CARRETERA_CRUCE,CARRETERA,TIPO_VIA,TITULARIDAD_VIA,SENTIDO_1F,CONDICION_FIRME,CONDICION_ILUMINACION,CONDICION_METEO,CONDICION_NIEBLA,CONDICION_NIVEL_CIRCULA,CONDICION_VIENTO,PRIORI_AGENTE,PRIORI_CIRCUNSTANCIAL,PRIORI_HORIZ_CEDA,PRIORI_HORIZ_STOP,PRIORI_SEMAFORO,PRIORI_VERT_CEDA,PRIORI_VERT_STOP,ANYO,MES,DIA,HORA,FRANJA_HORARIA,TIPO_DIA
,3,0,0,1836,03066,No aplica,Calle,Lateral                                            ,,No inventariada,Calle,Municipal,Se desconoce,Seco y limpio,Sin luz natural y con iluminación artificial encen,Despejado,,Se desconoce,,No,No,No,No,No,No,Sí,2016,1,MIÉRCOLES,20,Noche,Dias laborables
,1,0,0,1837,03066,No aplica,Calle,Atropello a personas                               ,,No inventariada,Calle,Municipal,Se desconoce,Seco y limpio,Sin luz natural y con iluminación artificial encen,Despejado,,Se desconoce,,No,No,No,No,No,No,No,2016,2,LUNES,22,Noche,Dias laborables
,1,0,0,1838,03066,No aplica,Calle,Lateral                                            ,,No inventariada,Calle,Municipal,Se desconoce,Seco y limpio,"Luz del día natural, solar",Despejado,,Se desconoce,,No,No,No,No,No,No,No,2016,2,VIERNES,14,Tarde,Dias laborables
,1,0,0,1839,03066,No aplica,Calle,Lateral                                            ,,No inventariada,Calle,Municipal,Se desconoce,Seco y limpio,"Luz del día natural, solar",Despejado,,Se desconoce,,No,No,No,No,No,No,No,2016,2,JUEVES,11,Mañana,Dias laborables
,1,0,0,1840,03066,No aplica,Calle,Atropello a personas                               ,,No inventariada,Calle,Municipal,Se desconoce,Seco y limpio,"Luz del día natural, solar",Despejado,,Se desconoce,,No,No,No,No,No,No,No,2016,2,MARTES,18,Noche,Dias laborables
,1,0,0,1841,03066,No aplica,Calle,Lateral                                            ,,No inventariada,Calle,Municipal,Se desconoce,Seco y limpio,"Luz del día natural, solar",Despejado,,Se desconoce,,No,No,No,No,No,No,No,2016,3,JUEVES,10,Mañana,Dias laborables
,1,0,0,1842,03066,No aplica,Calle,Atropello a personas                               ,,No inventariada,Calle,Municipal,Se desconoce,Seco y limpio,"Luz del día natural, solar",Despejado,,Se desconoce,,No,No,No,No,No,No,No,2016,3,MIÉRCOLES,15,Tarde,Dias laborables
,1,0,0,1843,03066,No aplica,Calle,Lateral                                            ,,No inventariada,Calle,Municipal,Se desconoce,Seco y limpio,"Luz del día natural, solar",Despejado,,Se desconoce,,No,No,Sí,No,No,Sí,No,2016,3,MIÉRCOLES,14,Tarde,Dias laborables
,1,0,0,1844,03066,No aplica,Calle,Lateral                                            ,,No inventariada,Calle,Municipal,Se desconoce,Seco y limpio,"Luz del día natural, solar",Despejado,,Se desconoce,,No,No,No,No,Sí,No,No,2016,3,MIÉRCOLES,9,Mañana,Dias laborables
,1,0,0,1845,03066,No aplica,Calle,Atropello a personas                               ,,No inventariada,Calle,Municipal,Se desconoce,Seco y limpio,Sin luz natural y con iluminación artificial encen,Despejado,,Se desconoce,,No,No,No,No,No,No,No,2016,3,MIÉRCOLES,20,Noche,Dias laborables
,1,0,0,1846,03066,No aplica,Calle,Atropello a personas                               ,,No inventariada,Calle,Municipal,Se desconoce,Seco y limpio,"Luz del día natural, solar",Despejado,,Se desconoce,,No,No,No,No,No,No,No,2016,3,MARTES,14,Tarde,Dias laborables
,1,0,0,1847,03066,No aplica,Calle,Lateral                                            ,,No inventariada,Calle,Municipal,Se desconoce,Seco y limpio,"Luz del día natural, solar",Despejado,,Se desconoce,,No,No,No,Sí,No,Sí,No,2016,3,JUEVES,7,Mañana,Dias laborables
,3,0,0,1848,03066,No aplica,Calle,Otro tipo de accidente                             ,,No inventariada,Calle,Municipal,Se desconoce,Seco y limpio,"Luz del día natural, solar",Despejado,,Se desconoce,,No,No,No,No,No,No,No,2016,3,LUNES,10,Mañana,Dias laborables
,4,0,0,1849,03066,No aplica,Calle,Por alcance                                        ,,No inventariada,Calle,Municipal,Se desconoce,Seco y limpio,Sin luz natural y con iluminación artificial encen,Despejado,,Se desconoce,,Sin especificar,Sin especificar,Sin especificar,Sin especificar,Sin especificar,Sin especificar,Sin especificar,2016,4,SÁBADO,21,Noche,Fines de semana
,1,0,0,1850,03066,No aplica,Calle,Lateral                                            ,,No inventariada,Calle,Municipal,Se desconoce,Mojado,"Luz del día natural, solar",Lluvia débil,,Se desconoce,,No,No,No,No,No,No,No,2016,4,MARTES,10,Mañana,Dias laborables
,1,0,0,1851,03066,No aplica,Calle,Lateral                                            ,,No inventariada,Calle,Municipal,Se desconoce,Seco y limpio,"Luz del día natural, solar",Despejado,,Se desconoce,,No,No,No,No,No,No,No,2016,4,VIERNES,8,Mañana,Dias laborables
,1,0,0,1852,03066,No aplica,Calle,Lateral                                            ,,No inventariada,Calle,Municipal,Se desconoce,Seco y limpio,Sin luz natural y con iluminación artificial encen,Despejado,,Se desconoce,,No,No,No,Sí,No,No,No,2016,4,VIERNES,22,Noche,Dias laborables
,2,0,0,1853,03066,No aplica,Calle,Por alcance                                        ,,No inventariada,Calle,Municipal,Se desconoce,Mojado,"Luz del día natural, solar",Despejado,,Se desconoce,,Sin especificar,Sin especificar,Sin especificar,Sin especificar,Sin especificar,Sin especificar,Sin especificar,2016,4,VIERNES,13,Tarde,Dias laborables
,1,0,0,1854,03066,No aplica,Calle,Lateral                                            ,,No inventariada,Calle,Municipal,Se desconoce,Seco y limpio,"Luz del día natural, solar",Despejado,,Se desconoce,,No,No,No,No,No,No,No,2016,4,MARTES,16,Tarde,Dias laborables
,2,0,0,1855,03066,No aplica,Calle,Por alcance                                        ,,No inventariada,Calle,Municipal,Se desconoce,Seco y limpio,"Luz del día natural, solar",Despejado,,Se desconoce,,Sin especificar,Sin especificar,Sin especificar,Sin especificar,Sin especificar,Sin especificar,Sin especificar,2016,4,SÁBADO,12,Tarde,Fines de semana
,2,0,0,1856,03066,No aplica,Calle,Por alcance                                        ,,No inventariada,Calle,Municipal,Se desconoce,Seco y limpio,"Luz del día natural, solar",Despejado,,Se desconoce,,Sin especificar,Sin especificar,Sin especificar,Sin especificar,Sin especificar,Sin especificar,Sin especificar,2016,4,MIÉRCOLES,14,Tarde,Dias laborables
207.5,1,0,0,1857,03066,Curva señalizada,Carretera,Salida de la vía por la izquierda con despeñamiento,,A-31,Autovía,Estatal,Ascendente,Seco y limpio,"Luz del día natural, solar",Despejado,,Nivel blanco,,No,No,Sí,No,No,Sí,No,2016,4,MIÉRCOLES,9,Mañana,Dias laborables
,2,0,0,1858,03066,No aplica,Calle,Fronto-lateral                                     ,,No inventariada,Calle,Municipal,Se desconoce,Seco y limpio,"Luz del día natural, solar",Despejado,,Se desconoce,,No,No,No,No,No,Sí,No,2016,5,DOMINGO,17,Tarde,Fines de semana
1.2,2,0,0,1859,03066,Curva señalizada,Carretera,Lateral                                            ,,CV-833,Carretera Convencional de calzada única,"Provincial, Cabildo/Consell",Ascendente,Seco y limpio,"Luz del día natural, solar",Despejado,,Nivel blanco,,Sin especificar,Sin especificar,Sin especificar,Sin especificar,Sin especificar,Sin especificar,Sin especificar,2016,4,VIERNES,17,Tarde,Dias laborables
,1,0,0,1860,03066,No aplica,Calle,Atropello a personas                               ,,No inventariada,Calle,Municipal,Se desconoce,Seco y limpio,"Amanecer o atardecer, sin luz artificial",Despejado,,Sin especificar,,No,No,No,No,No,No,No,2016,5,JUEVES,7,Mañana,Dias laborables
,1,0,0,1861,03066,No aplica,Calle,Lateral                                            ,,No inventariada,Calle,Municipal,Se desconoce,Seco y limpio,"Luz del día natural, solar",Despejado,,Se desconoce,,No,No,No,No,No,No,No,2016,5,JUEVES,12,Tarde,Dias laborables
,1,0,0,1862,03066,No aplica,Calle,Salida de la vía por la izquierda con colisión     ,,No inventariada,Calle,Municipal,Se desconoce,Seco y limpio,"Luz del día natural, solar",Despejado,,Se desconoce,,Sin especificar,Sin especificar,Sin especificar,Sin especificar,Sin especificar,Sin especificar,Sin especificar,2016,5,MIÉRCOLES,15,Tarde,Dias laborables
,0,1,0,1863,03066,No aplica,Calle,Atropello a personas                               ,,No inventariada,Calle,Municipal,Se desconoce,Seco y limpio,"Luz del día natural, solar",Despejado,,Se desconoce,,No,No,No,No,Sí,No,No,2016,5,JUEVES,12,Tarde,Dias laborables
,1,0,0,1864,03066,No aplica,Calle,Atropello a personas                               ,,No inventariada,Calle,Municipal,Se desconoce,Seco y limpio,"Luz del día natural, solar",Despejado,,Se desconoce,,No,No,No,No,No,No,No,2016,5,JUEVES,11,Mañana,Dias laborables
,1,0,0,1865,03066,No aplica,Calle,Atropello a personas                               ,,No inventariada,Calle,Municipal,Se desconoce,Seco y limpio,Sin luz natural y con iluminación artificial encen,Despejado,,Se desconoce,,No,No,No,No,No,No,No,2016,5,VIERNES,22,Noche,Dias laborables
,1,0,0,1866,03066,No aplica,Calle,Atropello a personas                               ,,No inventariada,Calle,Municipal,Se desconoce,Seco y limpio,"Luz del día natural, solar",Despejado,,Se desconoce,,Sin especificar,Sin especificar,Sin especificar,Sin especificar,Sin especificar,Sin especificar,Sin especificar,2016,5,MIÉRCOLES,16,Tarde,Dias laborables
,1,0,0,1867,03066,No aplica,Calle,Atropello a personas                               ,,No inventariada,Calle,Municipal,Se desconoce,Seco y limpio,"Luz del día natural, solar",Despejado,,Se desconoce,,No,No,No,No,No,No,No,2016,5,LUNES,12,Tarde,Dias laborables
,1,0,0,1868,03066,No aplica,Calle,Por alcance                                        ,,No inventariada,Calle,Municipal,Se desconoce,Seco y limpio,"Luz del día natural, solar",Despejado,,Sin especificar,,Sin especificar,Sin especificar,Sin especificar,Sin especificar,Sin especificar,Sin especificar,Sin especificar,2016,6,JUEVES,14,Tarde,Dias laborables
,1,0,0,1869,03066,No aplica,Calle,Caída                                              ,,No inventariada,Calle,Municipal,Se desconoce,Seco y limpio,Sin luz natural y con iluminación artificial encen,Despejado,,Se desconoce,,No,No,No,No,No,No,No,2016,6,JUEVES,23,Noche,Dias laborables
,1,0,0,1870,03066,No aplica,Calle,Atropello a personas                               ,,No inventariada,Calle,Municipal,Se desconoce,Seco y limpio,"Luz del día natural, solar",Despejado,,Se desconoce,,Sin especificar,Sin especificar,Sin especificar,Sin especificar,Sin especificar,Sin especificar,Sin especificar,2016,6,JUEVES,20,Noche,Dias laborables
,1,0,0,1871,03066,No aplica,Calle,Atropello a personas                               ,,No inventariada,Calle,Municipal,Se desconoce,Seco y limpio,"Luz del día natural, solar",Despejado,,Se desconoce,,No,No,No,No,Sí,No,No,2016,6,LUNES,20,Noche,Dias laborables
,1,0,0,1872,03066,No aplica,Calle,Atropello a personas                               ,,No inventariada,Calle,Municipal,Se desconoce,Seco y limpio,"Luz del día natural, solar",Despejado,,Se desconoce,,Sin especificar,Sin especificar,Sin especificar,Sin especificar,Sin especificar,Sin especificar,Sin especificar,2016,5,MIÉRCOLES,13,Tarde,Dias laborables
,2,0,0,1873,03066,No aplica,Calle,Fronto-lateral                                     ,,No inventariada,Calle,Municipal,Se desconoce,Seco y limpio,"Luz del día natural, solar",Despejado,,Se desconoce,,No,No,No,No,No,No,No,2016,6,JUEVES,8,Mañana,Dias laborables
,0,1,0,1874,03066,No aplica,Calle,Atropello a personas                               ,,No inventariada,Calle,Municipal,Se desconoce,Seco y limpio,"Luz del día natural, solar",Despejado,,Se desconoce,,Sin especificar,Sin especificar,Sin especificar,Sin especificar,Sin especificar,Sin especificar,Sin especificar,2016,6,LUNES,13,Tarde,Dias laborables
,2,0,0,1875,03066,No aplica,Calle,Lateral                                            ,,No inventariada,Calle,Municipal,Se desconoce,Seco y limpio,"Luz del día natural, solar",Despejado,,Se desconoce,,No,No,No,No,No,No,No,2016,5,LUNES,14,Tarde,Dias laborables
,1,0,0,1876,03066,No aplica,Calle,Lateral                                            ,,No inventariada,Calle,Municipal,Se desconoce,Seco y limpio,"Luz del día natural, solar",Despejado,,Sin especificar,,No,No,Sí,No,No,Sí,No,2016,6,VIERNES,14,Tarde,Dias laborables
,1,0,0,1877,03066,No aplica,Calle,Atropello a personas                               ,,No inventariada,Calle,Municipal,Se desconoce,Seco y limpio,"Luz del día natural, solar",Despejado,,Se desconoce,,Sin especificar,Sin especificar,Sin especificar,Sin especificar,Sin especificar,Sin especificar,Sin especificar,2016,6,LUNES,17,Tarde,Dias laborables
,1,0,0,1878,03066,No aplica,Calle,Atropello a personas                               ,,No inventariada,Calle,Municipal,Se desconoce,Seco y limpio,"Luz del día natural, solar",Despejado,,Se desconoce,,No,No,No,No,No,No,No,2016,7,MIÉRCOLES,10,Mañana,Dias laborables
,1,0,0,1879,03066,No aplica,Calle,Por alcance                                        ,,No inventariada,Calle,Municipal,Se desconoce,Seco y limpio,"Luz del día natural, solar",Despejado,,Se desconoce,,No,No,No,No,No,No,No,2016,7,LUNES,17,Tarde,Dias laborables
,1,0,0,1880,03066,No aplica,Calle,Atropello a personas                               ,,No inventariada,Calle,Municipal,Se desconoce,Seco y limpio,"Luz del día natural, solar",Despejado,,Se desconoce,,No,No,No,No,No,No,No,2016,7,JUEVES,14,Tarde,Dias laborables
1.5,1,0,0,1881,03066,Curva señalizada,Carretera,"Salida de la vía por la izquierda, otro tipo       ",,CV-833,Carretera Convencional de calzada única,"Provincial, Cabildo/Consell",Ascendente,Seco y limpio,"Luz del día natural, solar",Despejado,,Nivel blanco,,Sin especificar,Sin especificar,Sin especificar,Sin especificar,Sin especificar,Sin especificar,Sin especificar,2016,9,MARTES,11,Mañana,Dias laborables
,2,0,0,1882,03066,No aplica,Calle,Por alcance                                        ,,No inventariada,Calle,Municipal,Se desconoce,Seco y limpio,"Luz del día natural, solar",Se desconoce,,Se desconoce,,Sin especificar,Sin especificar,Sin especificar,Sin especificar,Sin especificar,Sin especificar,Sin especificar,2016,8,LUNES,13,Tarde,Dias laborables
,2,0,0,1883,03066,No aplica,Calle,Lateral                                            ,,No inventariada,Calle,Municipal,Se desconoce,Seco y limpio,Sin luz natural y con iluminación artificial encen,Despejado,,Se desconoce,,No,No,No,No,No,No,No,2016,8,VIERNES,23,Noche,Dias laborables
,2,0,0,1884,03066,No aplica,Calle,Lateral                                            ,,No inventariada,Calle,Municipal,Se desconoce,Seco y limpio,Sin luz natural y con iluminación artificial encen,Despejado,,Se desconoce,,No,No,No,No,No,No,Sí,2016,8,VIERNES,23,Noche,Dias laborables
,1,1,0,1885,03066,No aplica,Calle,Fronto-lateral                                     ,,No inventariada,Calle,Municipal,Se desconoce,Seco y limpio,"Luz del día natural, solar",Despejado,,Sin especificar,,No,No,No,No,No,No,No,2016,8,LUNES,16,Tarde,Dias laborables
,1,0,0,1886,03066,No aplica,Calle,Lateral                                            ,,No inventariada,Calle,Municipal,Se desconoce,Seco y limpio,Sin luz natural y con iluminación artificial encen,Despejado,,Se desconoce,,No,No,No,No,No,No,No,2016,8,LUNES,22,Noche,Dias laborables
,1,0,0,1887,03066,No aplica,Calle,Lateral                                            ,,No inventariada,Calle,Municipal,Se desconoce,Seco y limpio,Sin luz natural y con iluminación artificial encen,Despejado,,Se desconoce,,No,No,No,No,No,No,No,2016,9,LUNES,21,Noche,Dias laborables
,1,0,0,1888,03066,No aplica,Calle,Lateral                                            ,,No inventariada,Calle,Municipal,Se desconoce,Seco y limpio,"Luz del día natural, solar",Despejado,,Se desconoce,,No,No,No,No,No,Sí,No,2016,9,MARTES,12,Tarde,Dias laborables
,0,1,0,1889,03066,No aplica,Calle,Atropello a personas                               ,,No inventariada,Calle,Municipal,Se desconoce,Seco y limpio,"Luz del día natural, solar",Despejado,,Se desconoce,,Sin especificar,Sin especificar,Sin especificar,Sin especificar,Sin especificar,Sin especificar,Sin especificar,2016,8,JUEVES,9,Mañana,Dias laborables
,0,1,0,1890,03066,No aplica,Calle,Atropello a personas                               ,,No inventariada,Calle,Municipal,Se desconoce,Seco y limpio,"Luz del día natural, solar",Despejado,,Se desconoce,,No,No,No,No,Sí,Sí,No,2016,9,VIERNES,10,Mañana,Dias laborables
,2,0,0,1891,03066,No aplica,Calle,Lateral                                            ,,No inventariada,Calle,Municipal,Se desconoce,Seco y limpio,"Amanecer o atardecer, sin luz artificial",Despejado,,Se desconoce,,Sin especificar,Sin especificar,Sin especificar,Sin especificar,Sin especificar,Sin especificar,Sin especificar,2016,9,JUEVES,7,Mañana,Dias laborables
,1,0,0,1892,03066,No aplica,Calle,Atropello a personas                               ,,No inventariada,Calle,Municipal,Se desconoce,Seco y limpio,"Amanecer o atardecer, sin luz artificial",Despejado,,Se desconoce,,No,No,No,No,No,No,No,2016,9,JUEVES,8,Mañana,Dias laborables
,1,0,0,1893,03066,No aplica,Calle,Lateral                                            ,,No inventariada,Calle,Municipal,Se desconoce,Seco y limpio,"Amanecer o atardecer, sin luz artificial",Despejado,,Se desconoce,,No,No,No,No,No,Sí,No,2016,9,VIERNES,8,Mañana,Dias laborables
,1,0,0,1894,03066,No aplica,Calle,Lateral                                            ,,No inventariada,Calle,Municipal,Se desconoce,Seco y limpio,"Luz del día natural, solar",Despejado,,Se desconoce,,No,No,No,No,No,No,No,2016,9,MIÉRCOLES,18,Noche,Dias laborables
,1,0,0,1895,03066,No aplica,Calle,Salida de la vía por la derecha otro tipo          ,,No inventariada,Calle,Municipal,Se desconoce,Seco y limpio,"Luz del día natural, solar",Nublado,,Se desconoce,,Sin especificar,Sin especificar,Sin especificar,Sin especificar,Sin especificar,Sin especificar,Sin especificar,2016,9,MIÉRCOLES,14,Tarde,Dias laborables
,1,0,0,1896,03066,No aplica,Calle,Lateral                                            ,,No inventariada,Calle,Municipal,Se desconoce,Seco y limpio,"Luz del día natural, solar",Despejado,,Nivel blanco,,No,No,No,No,No,No,No,2016,10,MIÉRCOLES,10,Mañana,Dias laborables
,1,0,0,1897,03066,No aplica,Calle,Por alcance                                        ,,No inventariada,Calle,Municipal,Se desconoce,Seco y limpio,"Luz del día natural, solar",Despejado,,Se desconoce,,Sin especificar,Sin especificar,Sin especificar,Sin especificar,Sin especificar,Sin especificar,Sin especificar,2016,10,MIÉRCOLES,15,Tarde,Dias laborables
,1,0,0,1898,03066,No aplica,Calle,Por alcance                                        ,,No inventariada,Calle,Municipal,Se desconoce,Seco y limpio,"Luz del día natural, solar",Despejado,,Se desconoce,,No,No,No,No,Sí,No,No,2016,10,MIÉRCOLES,18,Noche,Dias laborables
,1,0,0,1899,03066,No aplica,Calle,Lateral                                            ,,No inventariada,Calle,Municipal,Se desconoce,Seco y limpio,Sin luz natural y con iluminación artificial encen,Despejado,,Se desconoce,,No,No,No,No,No,Sí,No,2016,10,MARTES,21,Noche,Dias laborables
,1,0,0,1900,03066,No aplica,Calle,Lateral                                            ,,No inventariada,Calle,Municipal,Se desconoce,Seco y limpio,"Luz del día natural, solar",Despejado,,Se desconoce,,No,No,No,No,No,Sí,No,2016,10,LUNES,9,Mañana,Dias laborables
14.5,1,0,0,1901,03066,Recta,Carretera,Salida de la vía por la derecha con colisión       ,,CV-835,Carretera Convencional de doble calzada,Autonómica,Descendente,Seco y limpio,Sin luz natural y con iluminación artificial encen,Despejado,,Se desconoce,,Sin especificar,Sin especificar,Sin especificar,Sin especificar,Sin especificar,Sin especificar,Sin especificar,2016,10,JUEVES,21,Noche,Dias laborables
,1,0,0,1902,03066,No aplica,Calle,Lateral                                            ,,No inventariada,Calle,Municipal,Se desconoce,Seco y limpio,"Luz del día natural, solar",Despejado,,Se desconoce,,No,No,No,No,No,Sí,No,2016,10,MARTES,13,Tarde,Dias laborables
,1,0,0,1903,03066,No aplica,Calle,Fronto-lateral                                     ,,No inventariada,Calle,Municipal,Se desconoce,Seco y limpio,"Luz del día natural, solar",Despejado,,Se desconoce,,No,No,No,No,No,No,No,2016,11,VIERNES,13,Tarde,Dias laborables
,2,0,0,1904,03066,No aplica,Calle,Lateral                                            ,,No inventariada,Calle,Municipal,Se desconoce,Seco y limpio,Sin luz natural y con iluminación artificial encen,Despejado,,Se desconoce,,No,No,No,No,No,Sí,No,2016,11,MIÉRCOLES,20,Noche,Dias laborables
,2,0,0,1905,03066,No aplica,Calle,Colisión contra obstáculo o elemento de la vía     ,,No inventariada,Calle,Municipal,Se desconoce,Seco y limpio,Sin luz natural y con iluminación artificial encen,Despejado,,Sin especificar,,No,No,No,No,No,Sí,No,2016,11,JUEVES,21,Noche,Dias laborables
,1,0,0,1906,03066,No aplica,Calle,Colisión contra obstáculo o elemento de la vía     ,,No inventariada,Calle,Municipal,Se desconoce,Seco y limpio,Sin luz natural y con iluminación artificial encen,Despejado,,Se desconoce,,Sin especificar,Sin especificar,Sin especificar,Sin especificar,Sin especificar,Sin especificar,Sin especificar,2016,11,MIÉRCOLES,19,Noche,Dias laborables
,1,0,0,1907,03066,No aplica,Calle,Lateral                                            ,,No inventariada,Calle,Municipal,Se desconoce,Seco y limpio,"Luz del día natural, solar",Despejado,,Se desconoce,,Sin especificar,Sin especificar,Sin especificar,Sin especificar,Sin especificar,Sin especificar,Sin especificar,2016,11,MIÉRCOLES,13,Tarde,Dias laborables
,1,0,0,1908,03066,No aplica,Calle,Salida de la vía por la derecha con colisión       ,,No inventariada,Calle,Municipal,Se desconoce,Mojado,"Luz del día natural, solar",Despejado,,Se desconoce,,No,No,No,No,No,No,No,2016,11,LUNES,9,Mañana,Dias laborables
,1,0,0,1909,03066,No aplica,Calle,Lateral                                            ,,No inventariada,Calle,Municipal,Se desconoce,Seco y limpio,"Luz del día natural, solar",Despejado,,Se desconoce,,No,No,No,No,No,No,No,2016,11,MARTES,12,Tarde,Dias laborables
,1,0,0,1910,03066,No aplica,Calle,Lateral                                            ,,No inventariada,Calle,Municipal,Se desconoce,Mojado,Sin luz natural y con iluminación artificial encen,Lluvia débil,,Se desconoce,,No,No,No,No,No,No,No,2016,11,DOMINGO,0,Madrugada,Fines de semana
,1,0,0,1911,03066,No aplica,Calle,Fronto-lateral                                     ,,No inventariada,Calle,Municipal,Se desconoce,Seco y limpio,"Luz del día natural, solar",Despejado,,Se desconoce,,No,No,Sí,No,No,Sí,No,2016,11,MIÉRCOLES,9,Mañana,Dias laborables
,1,0,0,1912,03066,No aplica,Calle,Atropello a personas                               ,,No inventariada,Calle,Municipal,Se desconoce,Mojado,Sin luz natural y con iluminación artificial encen,Lluvia débil,,Se desconoce,,Sin especificar,Sin especificar,Sin especificar,Sin especificar,Sin especificar,Sin especificar,Sin especificar,2016,11,MIÉRCOLES,19,Noche,Dias laborables
,1,0,0,1913,03066,No aplica,Calle,Lateral                                            ,,No inventariada,Calle,Municipal,Se desconoce,Mojado,"Luz del día natural, solar",Lluvia débil,,Se desconoce,,No,No,Sí,No,No,Sí,No,2016,12,DOMINGO,15,Tarde,Fines de semana
,1,0,0,1914,03066,No aplica,Calle,Por alcance                                        ,,No inventariada,Calle,Municipal,Se desconoce,Seco y limpio,"Luz del día natural, solar",Despejado,,Se desconoce,,Sin especificar,Sin especificar,Sin especificar,Sin especificar,Sin especificar,Sin especificar,Sin especificar,2016,11,LUNES,14,Tarde,Dias laborables
,3,0,0,1915,03066,No aplica,Calle,Otro tipo de accidente                             ,,No inventariada,Calle,Municipal,Se desconoce,Mojado,"Luz del día natural, solar",Nublado,,Se desconoce,,No,No,No,No,No,No,No,2016,12,VIERNES,8,Mañana,Dias laborables
,1,0,0,1916,03066,No aplica,Calle,Atropello a personas                               ,,No inventariada,Calle,Municipal,Se desconoce,Seco y limpio,Sin luz natural y con iluminación artificial encen,Despejado,,Se desconoce,,Sin especificar,Sin especificar,Sin especificar,Sin especificar,Sin especificar,Sin especificar,Sin especificar,2016,12,MARTES,20,Noche,Dias laborables
,1,0,0,1917,03066,No aplica,Calle,Lateral                                            ,,No inventariada,Calle,Municipal,Se desconoce,Seco y limpio,Sin luz natural y con iluminación artificial encen,Despejado,,Se desconoce,,Sin especificar,Sin especificar,Sin especificar,Sin especificar,Sin especificar,Sin especificar,Sin especificar,2016,12,MIÉRCOLES,18,Noche,Dias laborables
,1,0,0,1918,03066,No aplica,Calle,Atropello a personas                               ,,No inventariada,Calle,Municipal,Se desconoce,Mojado,Sin luz natural y con iluminación artificial encen,Lluvia fuerte,,Nivel amarillo,,Sin especificar,Sin especificar,Sin especificar,Sin especificar,Sin especificar,Sin especificar,Sin especificar,2016,12,LUNES,6,Mañana,Dias laborables
,1,0,0,1919,03066,No aplica,Calle,Atropello a personas                               ,,No inventariada,Calle,Municipal,Se desconoce,Seco y limpio,"Luz del día natural, solar",Despejado,,Se desconoce,,No,No,No,No,No,No,No,2016,12,VIERNES,10,Mañana,Dias laborables
,1,0,0,1920,03066,No aplica,Calle,Por alcance                                        ,,No inventariada,Calle,Municipal,Se desconoce,Seco y limpio,Sin luz natural y con iluminación artificial encen,Despejado,,Se desconoce,,No,No,Sí,No,No,Sí,No,2016,12,VIERNES,18,Noche,Dias laborables
,2,0,0,1921,03066,No aplica,Calle,Fronto-lateral                                     ,,No inventariada,Calle,Municipal,Se desconoce,Seco y limpio,"Luz del día natural, solar",Despejado,,Se desconoce,,No,No,No,No,No,Sí,No,2016,12,SÁBADO,11,Mañana,Fines de semana
142.4,1,0,0,1922,03069,Recta,Carretera,Por alcance                                        ,,N-332,Carretera Convencional de calzada única,Estatal,Ascendente,Seco y limpio,"Luz del día natural, solar",Nublado,,Nivel blanco,,Sin especificar,Sin especificar,Sin especificar,Sin especificar,Sin especificar,Sin especificar,Sin especificar,2016,2,SÁBADO,12,Tarde,Fines de semana
5.9,1,0,0,1923,03069,Curva señalizada,Carretera,Fronto-lateral                                     ,,CV-767,Carretera Convencional de calzada única,"Provincial, Cabildo/Consell",Descendente,Seco y limpio,"Luz del día natural, solar",Despejado,,Nivel blanco,,No,No,No,No,No,Sí,No,2016,2,JUEVES,18,Noche,Dias laborables
,1,0,0,1924,03069,No aplica,Calle,Por alcance                                        ,,No inventariada,Calle,Municipal,Se desconoce,Seco y limpio,"Luz del día natural, solar",Despejado,,Sin especificar,,Sin especificar,Sin especificar,Sin especificar,Sin especificar,Sin especificar,Sin especificar,Sin especificar,2016,2,VIERNES,12,Tarde,Dias laborables
,3,0,0,1925,03069,No aplica,Calle,Fronto-lateral                                     ,,No inventariada,Calle,Municipal,Se desconoce,Seco y limpio,"Luz del día natural, solar",Despejado,,Sin especificar,,No,No,No,No,No,Sí,No,2016,2,JUEVES,15,Tarde,Dias laborables
5.9,2,0,0,1926,03069,Recta,Carretera,Salida de la vía por la izquierda con colisión     ,,CV-767,Carretera Convencional de calzada única,"Provincial, Cabildo/Consell",Ascendente,Seco y limpio,"Luz del día natural, solar",Despejado,,Sin especificar,,No,No,No,No,No,Sí,No,2016,3,DOMINGO,8,Mañana,Fines de semana
5.9,1,0,0,1927,03069,Curva señalizada,Carretera,Vuelco                                             ,,CV-767,Carretera Convencional de doble calzada,"Provincial, Cabildo/Consell",Ascendente,Con aceite,"Luz del día natural, solar",Despejado,,Nivel blanco,,No,No,No,No,No,Sí,No,2016,4,MIÉRCOLES,16,Tarde,Dias laborables
,2,0,0,1928,03069,No aplica,Calle,Lateral                                            ,,No inventariada,Calle,Municipal,Se desconoce,Seco y limpio,"Luz del día natural, solar",Despejado,,Sin especificar,,Sin especificar,Sin especificar,Sin especificar,Sin especificar,Sin especificar,Sin especificar,Sin especificar,2016,5,SÁBADO,20,Noche,Fines de semana
6.0,1,0,0,1929,03069,Recta,Carretera,Por alcance                                        ,,CV-767,Carretera Convencional de calzada única,"Provincial, Cabildo/Consell",Ascendente,Seco y limpio,"Luz del día natural, solar",Despejado,,Sin especificar,,Sin especificar,Sin especificar,Sin especificar,Sin especificar,Sin especificar,Sin especificar,Sin especificar,2016,5,SÁBADO,17,Tarde,Fines de semana