KM,TOTAL_HL24H,TOTAL_HG24H,TOTAL_MU24H,id,COD_MUNICIPIO,TRAZADO_PLANTA,ZONA,TIPO_ACCIDENTE,CARRETERA_CRUCE,CARRETERA,TIPO_VIA,TITULARIDAD_VIA,SENTIDO_1F,CONDICION_FIRME,CONDICION_ILUMINACION,CONDICION_METEO,CONDICION_NIEBLA,CONDICION_NIVEL_CIRCULA,CONDICION_VIENTO,PRIORI_AGENTE,PRIORI_CIRCUNSTANCIAL,PRIORI_HORIZ_CEDA,PRIORI_HORIZ_STOP,PRIORI_SEMAFORO,PRIORI_VERT_CEDA,PRIORI_VERT_STOP,ANYO,MES,DIA,HORA,FRANJA_HORARIA,TIPO_DIA
,1,0,0,2100,03082,No aplica,Calle,Fronto-lateral                                     ,,No inventariada,Calle,Municipal,Se desconoce,Con barro o gravilla suelta,"Luz del día natural, solar",Despejado,,Nivel blanco,,Sin especificar,Sin especificar,Sin especificar,Sin especificar,Sin especificar,Sin especificar,Sin especificar,2016,5,MARTES,19,Noche,Dias laborables
,1,0,0,2101,03082,No aplica,Calle,Por alcance                                        ,,No inventariada,Calle,Municipal,Se desconoce,Seco y limpio,"Luz del día natural, solar",Despejado,,Nivel blanco,,Sin especificar,Sin especificar,Sin especificar,Sin especificar,Sin especificar,Sin especificar,Sin especificar,2016,5,JUEVES,17,Tarde,Dias laborables
23.5,1,0,0,2102,03082,Curva señalizada,Carretera,Salida de la vía por la derecha otro tipo          ,,CV-800,Carretera Convencional de calzada única,Autonómica,Ascendente,Seco y limpio,"Luz del día natural, solar",Despejado,,Nivel blanco,,Sin especificar,Sin especificar,Sin especificar,Sin especificar,Sin especificar,Sin especificar,Sin especificar,2016,6,SÁBADO,18,Noche,Fines de semana
0.0,5,0,0,2103,03082,Recta,Carretera,Salida de la vía por la derecha con colisión       ,,CV-736,Carretera Convencional de calzada única,Autonómica,Descendente,Seco y limpio,Sin luz natural ni artificial,Despejado,,Nivel blanco,,Sin especificar,Sin especificar,Sin especificar,Sin especificar,Sin especificar,Sin especificar,Sin especificar,2016,6,JUEVES,2,Madrugada,Dias laborables
4.3,0,1,0,2104,03082,Recta,Carretera,Fronto-lateral                                     ,,CV-734,Carretera Convencional de calzada única,Autonómica,Descendente,Seco y limpio,"Luz del día natural, solar",Despejado,,Nivel blanco,,Sin especificar,Sin especificar,Sin especificar,Sin especificar,Sin especificar,Sin especificar,Sin especificar,2016,7,SÁBADO,10,Mañana,Fines de semana
3.6,1,0,0,2105,03082,Recta,Carretera,Por alcance                                        ,,CV-734,Carretera Convencional de calzada única,Autonómica,Descendente,Seco y limpio,"Luz del día natural, solar",Despejado,,Nivel verde,,Sin especificar,Sin especificar,Sin especificar,Sin especificar,Sin especificar,Sin especificar,Sin especificar,2016,9,MIÉRCOLES,11,Mañana,Dias laborables
3.5,1,0,0,2106,03082,Recta,Carretera,Fronto-lateral                                     ,,CV-735,Carretera Convencional de calzada única,"Provincial, Cabildo/Consell",Ambos,Seco y limpio,"Amanecer o atardecer, sin luz artificial",Nublado,,Nivel blanco,,No,No,No,No,No,No,No,2016,9,MARTES,20,Noche,Dias laborables
,1,0,0,2107,03082,No aplica,Calle,Lateral                                            ,,No inventariada,Calle,Municipal,Se desconoce,Seco y limpio,Sin luz natural y con iluminación artificial encen,Despejado,,Se desconoce,,Sin especificar,Sin especificar,Sin especificar,Sin especificar,Sin especificar,Sin especificar,Sin especificar,2016,6,DOMINGO,23,Noche,Fines de semana
,2,0,0,2108,03082,No aplica,Calle,Atropello a personas                               ,,No inventariada,Calle,Municipal,Se desconoce,Seco y limpio,"Luz del día natural, solar",Despejado,,Nivel blanco,,Sin especificar,Sin especificar,Sin especificar,Sin especificar,Sin especificar,Sin especificar,Sin especificar,2016,8,DOMINGO,14,Tarde,Fines de semana
,1,0,0,2109,03082,No aplica,Calle,Por alcance                                        ,,No inventariada,Calle,Municipal,Se desconoce,Seco y limpio,"Luz del día natural, solar",Despejado,,Nivel verde,,Sin especificar,Sin especificar,Sin especificar,Sin especificar,Sin especificar,Sin especificar,Sin especificar,2016,8,JUEVES,12,Tarde,Dias laborables
,1,0,0,2110,03082,No aplica,Calle,Fronto-lateral                                     ,,No inventariada,Calle,Municipal,Se desconoce,Seco y limpio,"Luz del día natural, solar",Despejado,,Se desconoce,,No,No,No,Sí,No,No,Sí,2016,9,SÁBADO,12,Tarde,Fines de semana
,1,0,0,2111,03082,No aplica,Calle,Caída                                              ,,No inventariada,Calle,Municipal,Se desconoce,Seco y limpio,"Luz del día natural, solar",Nublado,,Se desconoce,,No,No,No,No,No,No,No,2016,9,MIÉRCOLES,14,Tarde,Dias laborables
,1,0,0,2112,03082,No aplica,Calle,Lateral                                            ,,No inventariada,Calle,Municipal,Se desconoce,Seco y limpio,"Luz del día natural, solar",Despejado,,Nivel blanco,,Sin especificar,Sin especificar,Sin especificar,Sin especificar,Sin especificar,Sin especificar,Sin especificar,2016,8,JUEVES,11,Mañana,Dias laborables
,1,0,0,2113,03082,No aplica,Calle,Por alcance                                        ,,No inventariada,Calle,Municipal,Se desconoce,Seco y limpio,"Luz del día natural, solar",Despejado,,Nivel blanco,,Sin especificar,Sin especificar,Sin especificar,Sin especificar,Sin especificar,Sin especificar,Sin especificar,2016,6,MARTES,15,Tarde,Dias laborables
,1,0,0,2114,03082,No aplica,Calle,Lateral                                            ,,No inventariada,Calle,Municipal,Se desconoce,Seco y limpio,"Luz del día natural, solar",Despejado,,Nivel blanco,,No,No,Sí,No,No,Sí,No,2016,6,MARTES,18,Noche,Dias laborables
,2,0,0,2115,03082,No aplica,Calle,Por alcance                                        ,,No inventariada,Calle,Municipal,Se desconoce,Seco y limpio,"Luz del día natural, solar",Despejado,,Nivel blanco,,Sin especificar,Sin especificar,Sin especificar,Sin especificar,Sin especificar,Sin especificar,Sin especificar,2016,8,MARTES,13,Tarde,Dias laborables
,1,0,0,2116,03082,No aplica,Calle,Atropello a personas                               ,,No inventariada,Calle,Municipal,Se desconoce,Seco y limpio,"Luz del día natural, solar",Despejado,,Nivel verde,,Sin especificar,Sin especificar,Sin especificar,Sin especificar,Sin especificar,Sin especificar,Sin especificar,2016,6,LUNES,18,Noche,Dias laborables
,1,0,0,2117,03082,No aplica,Calle,Vuelco                                             ,,No inventariada,Calle,Municipal,Se desconoce,Seco y limpio,"Luz del día natural, solar",Despejado,,Nivel blanco,,No,No,Sí,No,No,Sí,No,2016,11,MARTES,14,Tarde,Dias laborables
,1,0,0,2118,03082,No aplica,Calle,Fronto-lateral                                     ,,No inventariada,Calle,Municipal,Se desconoce,Seco y limpio,"Luz del día natural, solar",Despejado,,Nivel blanco,,Sin especificar,Sin especificar,Sin especificar,Sin especificar,Sin especificar,Sin especificar,Sin especificar,2016,11,MIÉRCOLES,12,Tarde,Dias laborables
,1,0,0,2119,03082,No aplica,Calle,Atropello a personas                               ,,No inventariada,Calle,Municipal,Se desconoce,Seco y limpio,"Luz del día natural, solar",Despejado,,Nivel blanco,,Sin especificar,Sin especificar,Sin especificar,Sin especificar,Sin especificar,Sin especificar,Sin especificar,2016,12,MIÉRCOLES,17,Tarde,Dias laborables
,1,0,0,2120,03082,No aplica,Calle,Salida de la vía por la derecha otro tipo          ,,No inventariada,Calle,Municipal,Se desconoce,Seco y limpio,"Luz del día natural, solar",Despejado,,Nivel blanco,,Sin especificar,Sin especificar,Sin especificar,Sin especificar,Sin especificar,Sin especificar,Sin especificar,2016,7,VIERNES,18,Noche,Dias laborables
,1,0,0,2121,03082,No aplica,Calle,Fronto-lateral                                     ,,No inventariada,Calle,Municipal,Se desconoce,Con barro o gravilla suelta,"Luz del día natural, solar",Despejado,,Nivel blanco,,No,No,No,No,No,No,No,2016,6,JUEVES,11,Mañana,Dias laborables
,1,0,0,2122,03082,No aplica,Calle,Atropello a personas                               ,,No inventariada,Calle,Municipal,Se desconoce,Mojado,"Luz del día natural, solar",Nublado,,Nivel blanco,,Sin especificar,Sin especificar,Sin especificar,Sin especificar,Sin especificar,Sin especificar,Sin especificar,2016,12,VIERNES,9,Mañana,Dias laborables
,1,0,0,2123,03082,No aplica,Calle,Lateral                                            ,,No inventariada,Calle,Municipal,Se desconoce,Seco y limpio,"Luz del día natural, solar",Despejado,,Nivel verde,,Sin especificar,Sin especificar,Sin especificar,Sin especificar,Sin especificar,Sin especificar,Sin especificar,2016,12,MARTES,13,Tarde,Dias laborables
,1,0,0,2124,03082,No aplica,Calle,Por alcance                                        ,,No inventariada,Calle,Municipal,Se desconoce,Seco y limpio,"Luz del día natural, solar",Despejado,,Nivel blanco,,No,No,No,No,No,No,No,2016,11,LUNES,11,Mañana,Dias laborables
0.5,2,0,0,2125,03083,Curva sin señalizar,Carretera,Lateral                                            ,,No inventariada,Camino vecinal,Municipal,Ascendente,Seco y limpio,"Luz del día natural, solar",Despejado,,Nivel blanco,,Sin especificar,Sin especificar,Sin especificar,Sin especificar,Sin especificar,Sin especificar,Sin especificar,2016,1,SÁBADO,12,Tarde,Fines de semana
20.9,1,0,0,2126,03083,Curva señalizada,Carretera,Salida de la vía por la derecha otro tipo          ,,CV-800,Carretera Convencional de calzada única,Autonómica,Descendente,Seco y limpio,"Luz del día natural, solar",Despejado,,Nivel blanco,,Sin especificar,Sin especificar,Sin especificar,Sin especificar,Sin especificar,Sin especificar,Sin especificar,2016,1,DOMINGO,12,Tarde,Fines de semana
,0,1,0,2127,03083,No aplica,Calle,Atropello a personas                               ,,No inventariada,Calle,Municipal,Se desconoce,Seco y limpio,Sin luz natural y con iluminación artificial encen,Despejado,,Sin especificar,,Sin especificar,Sin especificar,Sin especificar,Sin especificar,Sin especificar,Sin especificar,Sin especificar,2016,2,VIERNES,19,Noche,Dias laborables
27.9,2,0,0,2128,03083,Curva señalizada,Carretera,Salida de la vía por la derecha con colisión       ,,CV-800,Carretera Convencional de calzada única,Autonómica,Descendente,Seco y limpio,"Luz del día natural, solar",Despejado,,Nivel verde,,Sin especificar,Sin especificar,Sin especificar,Sin especificar,Sin especificar,Sin especificar,Sin especificar,2016,2,SÁBADO,12,Tarde,Fines de semana
13.9,1,0,0,2129,03083,Curva señalizada,Carretera,"Salida de la vía por la izquierda, otro tipo       ",,CV-800,Carretera Convencional de calzada única,Autonómica,Descendente,Seco y limpio,"Luz del día natural, solar",Despejado,,Nivel blanco,,Sin especificar,Sin especificar,Sin especificar,Sin especificar,Sin especificar,Sin especificar,Sin especificar,2016,2,LUNES,8,Mañana,Dias laborables
16.5,0,1,0,2130,03083,Curva señalizada,Carretera,Salida de la vía por la derecha otro tipo          ,,CV-800,Carretera Convencional de calzada única,Autonómica,Ascendente,Seco y limpio,"Luz del día natural, solar",Despejado,,Nivel blanco,,Sin especificar,Sin especificar,Sin especificar,Sin especificar,Sin especificar,Sin especificar,Sin especificar,2016,2,SÁBADO,16,Tarde,Fines de semana
19.2,1,1,0,2131,03083,Recta,Carretera,Lateral                                            ,,CV-800,Carretera Convencional de calzada única,Autonómica,Ambos,Mojado,"Luz del día natural, solar",Despejado,,Nivel blanco,,Sin especificar,Sin especificar,Sin especificar,Sin especificar,Sin especificar,Sin especificar,Sin especificar,2016,2,DOMINGO,10,Mañana,Fines de semana
9.1,2,0,0,2132,03083,Recta,Carretera,Salida de la vía por la derecha con despeñamiento  ,,CV-800,Carretera Convencional de calzada única,Autonómica,Ascendente,Seco y limpio,"Luz del día natural, solar",Despejado,,Nivel blanco,,Sin especificar,Sin especificar,Sin especificar,Sin especificar,Sin especificar,Sin especificar,Sin especificar,2016,3,LUNES,12,Tarde,Dias laborables
32.0,1,0,0,2133,03083,Curva señalizada,Carretera,"Salida de la vía por la izquierda, otro tipo       ",,CV-800,Carretera Convencional de calzada única,Autonómica,Ascendente,Mojado,"Luz del día natural, solar",Lluvia débil,,Nivel blanco,,Sin especificar,Sin especificar,Sin especificar,Sin especificar,Sin especificar,Sin especificar,Sin especificar,2016,3,MIÉRCOLES,16,Tarde,Dias laborables
,2,0,0,2134,03083,No aplica,Calle,Caída                                              ,,No inventariada,Calle,Municipal,Se desconoce,Otra,"Luz del día natural, solar",Despejado,,Nivel blanco,,Sin especificar,Sin especificar,Sin especificar,Sin especificar,Sin especificar,Sin especificar,Sin especificar,2016,3,JUEVES,13,Tarde,Dias laborables
10.2,1,0,0,2135,03083,Curva sin señalizar,Carretera,Salida de la vía por la derecha con colisión       ,,CV-800,Carretera Convencional de calzada única,Autonómica,Descendente,Mojado,"Amanecer o atardecer, con luz artificial",Lluvia débil,,Nivel blanco,,Sin especificar,Sin especificar,Sin especificar,Sin especificar,Sin especificar,Sin especificar,Sin especificar,2016,5,MIÉRCOLES,6,Mañana,Dias laborables
12.9,3,0,0,2136,03083,Recta,Carretera,Por alcance                                        ,CV-774,CV-800,Carretera Convencional de calzada única,Autonómica,Descendente,Seco y limpio,Sin luz natural ni artificial,Despejado,,Nivel blanco,,No,No,No,No,No,No,Sí,2016,6,SÁBADO,22,Noche,Fines de semana
31.5,1,0,0,2137,03083,Curva señalizada,Carretera,Salida de la vía por la derecha otro tipo          ,,CV-800,Carretera Convencional de calzada única,Autonómica,Descendente,Seco y limpio,"Luz del día natural, solar",Despejado,,Nivel blanco,,Sin especificar,Sin especificar,Sin especificar,Sin especificar,Sin especificar,Sin especificar,Sin especificar,2016,6,SÁBADO,16,Tarde,Fines de semana
28.5,1,0,0,2138,03083,Curva señalizada,Carretera,Salida de la vía por la izquierda con vuelco       ,,CV-800,Carretera Convencional de calzada única,Autonómica,Descendente,Seco y limpio,"Luz del día natural, solar",Nublado,,Nivel blanco,,Sin especificar,Sin especificar,Sin especificar,Sin especificar,Sin especificar,Sin especificar,Sin especificar,2016,6,SÁBADO,11,Mañana,Fines de semana
11.6,1,0,0,2139,03083,Curva sin señalizar,Carretera,Salida de la vía por la derecha otro tipo          ,,CV-800,Carretera Convencional de calzada única,Autonómica,Ascendente,Seco y limpio,"Luz del día natural, solar",Despejado,,Nivel blanco,,Sin especificar,Sin especificar,Sin especificar,Sin especificar,Sin especificar,Sin especificar,Sin especificar,2016,6,MARTES,15,Tarde,Dias laborables
22.6,1,0,0,2140,03083,Curva señalizada,Carretera,Salida de la vía por la derecha otro tipo          ,,CV-800,Carretera Convencional de calzada única,Autonómica,Descendente,Seco y limpio,"Luz del día natural, solar",Despejado,,Nivel blanco,,Sin especificar,Sin especificar,Sin especificar,Sin especificar,Sin especificar,Sin especificar,Sin especificar,2016,6,DOMINGO,13,Tarde,Fines de semana
29.5,1,0,0,2141,03083,Recta,Carretera,Atropello a animales                               ,,CV-800,Carretera Convencional de calzada única,Autonómica,Ascendente,Seco y limpio,Sin luz natural ni artificial,Despejado,,Nivel blanco,,Sin especificar,Sin especificar,Sin especificar,Sin especificar,Sin especificar,Sin especificar,Sin especificar,2016,7,LUNES,2,Madrugada,Dias laborables
11.3,2,0,0,2142,03083,Curva señalizada,Carretera,Salida de la vía por la derecha con colisión       ,,CV-800,Carretera Convencional de calzada única,Autonómica,Descendente,Seco y limpio,"Luz del día natural, solar",Despejado,,Nivel blanco,,Sin especificar,Sin especificar,Sin especificar,Sin especificar,Sin especificar,Sin especificar,Sin especificar,2016,7,VIERNES,14,Tarde,Dias laborables
18.4,1,1,0,2143,03083,Recta,Carretera,Fronto-lateral                                     ,CV-800,CV-800,Carretera Convencional de calzada única,Autonómica,Ascendente,Seco y limpio,"Luz del día natural, solar",Despejado,,Nivel blanco,,No,No,No,Sí,No,No,Sí,2016,8,DOMINGO,13,Tarde,Fines de semana
32.1,1,0,0,2144,03083,Recta,Carretera,Salida de la vía por la derecha con vuelco         ,,CV-800,Carretera Convencional de calzada única,Autonómica,Descendente,Seco y limpio,"Luz del día natural, solar",Despejado,,Nivel blanco,,Sin especificar,Sin especificar,Sin especificar,Sin especificar,Sin especificar,Sin especificar,Sin especificar,2016,8,LUNES,14,Tarde,Dias laborables
20.8,1,0,0,2145,03083,Curva señalizada,Carretera,Salida de la vía por la izquierda con vuelco       ,,CV-800,Carretera Convencional de calzada única,Autonómica,Ascendente,Seco y limpio,"Luz del día natural, solar",Despejado,,Nivel blanco,,Sin especificar,Sin especificar,Sin especificar,Sin especificar,Sin especificar,Sin especificar,Sin especificar,2016,8,VIERNES,9,Mañana,Dias laborables
27.7,0,0,1,2146,03083,Curva señalizada,Carretera,Salida de la vía por la izquierda con colisión     ,,CV-800,Carretera Convencional de calzada única,Autonómica,Descendente,Seco y limpio,"Luz del día natural, solar",Despejado,,Nivel blanco,,Sin especificar,Sin especificar,Sin especificar,Sin especificar,Sin especificar,Sin especificar,Sin especificar,2016,8,SÁBADO,10,Mañana,Fines de semana
22.5,1,0,0,2147,03083,Curva señalizada,Carretera,Vuelco                                             ,,CV-800,Carretera Convencional de calzada única,Autonómica,Descendente,Seco y limpio,"Luz del día natural, solar",Despejado,,Nivel blanco,,Sin especificar,Sin especificar,Sin especificar,Sin especificar,Sin especificar,Sin especificar,Sin especificar,2016,8,DOMINGO,9,Mañana,Fines de semana
30.3,1,0,0,2148,03083,Curva señalizada,Carretera,Salida de la vía por la derecha otro tipo          ,,CV-800,Carretera Convencional de calzada única,Autonómica,Ascendente,Mojado,"Luz del día natural, solar",Lluvia fuerte,,Nivel blanco,,Sin especificar,Sin especificar,Sin especificar,Sin especificar,Sin especificar,Sin especificar,Sin especificar,2016,9,MARTES,18,Noche,Dias laborables
21.0,0,1,0,2149,03083,Curva señalizada,Carretera,Salida de la vía por la derecha otro tipo          ,,CV-800,Carretera Convencional de calzada única,Autonómica,Ascendente,Seco y limpio,"Luz del día natural, solar",Despejado,,Nivel blanco,,Sin especificar,Sin especificar,Sin especificar,Sin especificar,Sin especificar,Sin especificar,Sin especificar,2016,10,DOMINGO,13,Tarde,Fines de semana
20.8,0,0,1,2150,03083,Curva señalizada,Carretera,Salida de la vía por la derecha con colisión       ,,CV-800,Carretera Convencional de calzada única,Autonómica,Descendente,Seco y limpio,"Luz del día natural, solar",Despejado,,Nivel blanco,,Sin especificar,Sin especificar,Sin especificar,Sin especificar,Sin especificar,Sin especificar,Sin especificar,2016,12,JUEVES,12,Tarde,Dias laborables
21.8,1,0,0,2151,03083,Curva señalizada,Carretera,Salida de la vía por la derecha con colisión       ,,CV-800,Carretera Convencional de calzada única,Autonómica,Descendente,Otra,"Luz del día natural, solar",Despejado,,Nivel blanco,,Sin especificar,Sin especificar,Sin especificar,Sin especificar,Sin especificar,Sin especificar,Sin especificar,2016,12,SÁBADO,14,Tarde,Fines de semana
17.95,2,0,0,2152,03083,Recta,Carretera,Salida de la vía por la derecha con vuelco         ,,CV-800,Carretera Convencional de calzada única,Autonómica,Descendente,Seco y limpio,"Luz del día natural, solar",Despejado,,Nivel blanco,,Sin especificar,Sin especificar,Sin especificar,Sin especificar,Sin especificar,Sin especificar,Sin especificar,2016,12,SÁBADO,14,Tarde,Fines de semana
10.2,1,0,0,2153,03083,Curva señalizada,Carretera,Salida de la vía por la derecha con vuelco         ,,CV-800,Carretera Convencional de calzada única,Autonómica,Descendente,Seco y limpio,Sin luz natural ni artificial,Despejado,,Nivel blanco,,Sin especificar,Sin especificar,Sin especificar,Sin especificar,Sin especificar,Sin especificar,Sin especificar,2016,12,MARTES,2,Madrugada,Dias laborables
9.8,1,0,0,2154,03083,Curva señalizada,Carretera,Salida de la vía por la derecha con vuelco         ,,CV-800,Carretera Convencional de calzada única,Autonómica,Descendente,Seco y limpio,"Luz del día natural, solar",Despejado,,Nivel blanco,,Sin especificar,Sin especificar,Sin especificar,Sin especificar,Sin especificar,Sin especificar,Sin especificar,2016,12,VIERNES,9,Mañana,Dias laborables
3.15,1,0,0,2155,00000,Curva señalizada,Carretera,Otro tipo de accidente                             ,,CV-745,Carretera Convencional de calzada única,"Provincial, Cabildo/Consell",Ascendente,Mojado,"Luz del día natural, solar",Lluvia débil,,Nivel blanco,,Sin especificar,Sin especificar,Sin especificar,Sin especificar,Sin especificar,Sin especificar,Sin especificar,2016,3,LUNES,15,Tarde,Dias laborables
3.1,1,0,0,2156,00000,Curva señalizada,Carretera,Salida de la vía por la izquierda con vuelco       ,,CV-745,Carretera Convencional de calzada única,"Provincial, Cabildo/Consell",Descendente,Mojado,Sin luz natural ni artificial,Lluvia débil,,Nivel blanco,,Sin especificar,Sin especificar,Sin especificar,Sin especificar,Sin especificar,Sin especificar,Sin especificar,2016,4,MARTES,21,Noche,Dias laborables
1.6,1,0,0,2157,00000,Curva señalizada,Carretera,Caída                                              ,,CV-748,Carretera Convencional de calzada única,"Provincial, Cabildo/Consell",Ascendente,Mojado,"Luz del día natural, solar",Nublado,,Nivel blanco,,No,No,No,No,No,No,No,2016,6,MIÉRCOLES,8,Mañana,Dias laborables
219.5,1,0,0,2158,03088,Curva señalizada,Carretera,Salida de la vía por la izquierda con colisión     ,,A-31,Autovía,Estatal,Descendente,Seco y limpio,"Luz del día natural, solar",Despejado,,Nivel blanco,,Sin especificar,Sin especificar,Sin especificar,Sin especificar,Sin especificar,Sin especificar,Sin especificar,2016,1,LUNES,8,Mañana,Dias laborables
4.8,1,0,0,2159,03088,Curva señalizada,Carretera,Salida de la vía por la derecha con vuelco         ,,CV-847,Carretera Convencional de calzada única,Municipal,Descendente,Mojado,"Luz del día natural, solar",Lluvia débil,,Nivel blanco,,Sin especificar,Sin especificar,Sin especificar,Sin especificar,Sin especificar,Sin especificar,Sin especificar,2016,4,LUNES,19,Noche,Dias laborables
222.6,1,0,0,2160,03088,Curva sin señalizar,Carretera,Salida de la vía por la derecha otro tipo          ,,A-31,Autovía,Estatal,Descendente,Mojado,"Luz del día natural, solar",Lluvia débil,,Nivel blanco,,No,No,Sí,No,No,No,No,2016,5,MARTES,7,Mañana,Dias laborables
223.9,1,0,0,2161,03088,Recta,Carretera,Por alcance                                        ,,A-31,Autovía,Estatal,Ascendente,Seco y limpio,"Luz del día natural, solar",Despejado,,Nivel verde,,Sin especificar,Sin especificar,Sin especificar,Sin especificar,Sin especificar,Sin especificar,Sin especificar,2016,5,SÁBADO,13,Tarde,Fines de semana
221.0,9,0,0,2162,03088,Recta,Carretera,Múltiple o en caravana                             ,,A-31,Autovía,Estatal,Descendente,Seco y limpio,"Luz del día natural, solar",Despejado,,Nivel amarillo,,Sin especificar,Sin especificar,Sin especificar,Sin especificar,Sin especificar,Sin especificar,Sin especificar,2016,7,DOMINGO,20,Noche,Fines de semana
218.0,2,0,0,2163,03088,Recta,Carretera,Por alcance                                        ,,A-31,Autovía,Estatal,Descendente,Seco y limpio,"Luz del día natural, solar",Despejado,,Nivel verde,,Sin especificar,Sin especificar,Sin especificar,Sin especificar,Sin especificar,Sin especificar,Sin especificar,2016,7,DOMINGO,20,Noche,Fines de semana
219.25,1,0,0,2164,03088,Curva sin señalizar,Carretera,Fronto-lateral                                     ,,A-31,Autovía,Estatal,Descendente,Seco y limpio,"Luz del día natural, solar",Despejado,,Nivel blanco,,Sin especificar,Sin especificar,Sin especificar,Sin especificar,Sin especificar,Sin especificar,Sin especificar,2016,7,MARTES,16,Tarde,Dias laborables
220.0,2,0,0,2165,03088,Recta,Carretera,Múltiple o en caravana                             ,,A-31,Autovía,Estatal,Ascendente,Seco y limpio,"Luz del día natural, solar",Despejado,,Nivel amarillo,,Sin especificar,Sin especificar,Sin especificar,Sin especificar,Sin especificar,Sin especificar,Sin especificar,2016,8,LUNES,11,Mañana,Dias laborables
216.16,1,0,0,2166,03088,Recta,Carretera,Por alcance                                        ,,A-31,Autovía,Estatal,Descendente,Seco y limpio,"Luz del día natural, solar",Despejado,,Nivel blanco,,Sin especificar,Sin especificar,Sin especificar,Sin especificar,Sin especificar,Sin especificar,Sin especificar,2016,7,LUNES,17,Tarde,Dias laborables
220.0,2,0,0,2167,03088,Recta,Carretera,Caída                                              ,,A-31,Autovía,Estatal,Ascendente,Seco y limpio,"Amanecer o atardecer, sin luz artificial",Despejado,,Nivel verde,,Sin especificar,Sin especificar,Sin especificar,Sin especificar,Sin especificar,Sin especificar,Sin especificar,2016,8,MARTES,19,Noche,Dias laborables
219.0,8,0,0,2168,03088,Recta,Carretera,Por alcance                                        ,,A-31,Autovía,Estatal,Ascendente,Seco y limpio,"Luz del día natural, solar",Despejado,,Nivel amarillo,,Sin especificar,Sin especificar,Sin especificar,Sin especificar,Sin especificar,Sin especificar,Sin especificar,2016,8,MARTES,19,Noche,Dias laborables
224.2,1,0,0,2169,03088,Recta,Carretera,Fronto-lateral                                     ,,A-31,Autovía,Estatal,Ascendente,Seco y limpio,"Luz del día natural, solar",Despejado,,Nivel blanco,,No,No,No,No,No,No,Sí,2016,9,LUNES,19,Noche,Dias laborables
221.0,1,0,0,2170,03088,Recta,Carretera,Salida de la vía por la derecha con vuelco         ,,A-31,Autovía,Estatal,Ascendente,Seco y limpio,"Luz del día natural, solar",Despejado,,Nivel blanco,,Sin especificar,Sin especificar,Sin especificar,Sin especificar,Sin especificar,Sin especificar,Sin especificar,2016,9,SÁBADO,16,Tarde,Fines de semana
217.8,3,0,0,2171,03088,Recta,Carretera,Por alcance                                        ,,A-31,Autovía,Estatal,Descendente,Seco y limpio,"Luz del día natural, solar",Despejado,,Nivel blanco,,Sin especificar,Sin especificar,Sin especificar,Sin especificar,Sin especificar,Sin especificar,Sin especificar,2016,12,JUEVES,12,Tarde,Dias laborables
224.2,1,0,0,2172,03088,Recta,Carretera,Por alcance                                        ,,A-31,Autovía,Estatal,Ascendente,Seco y limpio,"Luz del día natural, solar",Despejado,,Nivel blanco,,No,No,No,Sí,No,No,Sí,2016,12,MIÉRCOLES,14,Tarde,Dias laborables
13.7,1,0,0,2173,03089,Recta,Carretera,Salida de la vía por la izquierda con vuelco       ,,CV-83,Carretera Convencional de calzada única,Autonómica,Ascendente,Seco y limpio,"Luz del día natural, solar",Despejado,,Nivel blanco,,Sin especificar,Sin especificar,Sin especificar,Sin especificar,Sin especificar,Sin especificar,Sin especificar,2016,2,VIERNES,17,Tarde,Dias laborables
0.0,1,0,0,2174,03089,Recta,Carretera,Salida de la vía por la derecha con despeñamiento  ,,CAMINO,Camino vecinal,Municipal,Ascendente,Seco y limpio,"Amanecer o atardecer, sin luz artificial",Despejado,,Nivel blanco,,Sin especificar,Sin especificar,Sin especificar,Sin especificar,Sin especificar,Sin especificar,Sin especificar,2016,4,JUEVES,20,Noche,Dias laborables
,0,1,0,2175,03089,No aplica,Calle,Atropello a personas                               ,,No inventariada,Calle,Municipal,Se desconoce,Seco y limpio,"Luz del día natural, solar",Despejado,,Nivel blanco,,No,No,No,No,No,No,No,2016,4,LUNES,17,Tarde,Dias laborables
0.0,1,0,0,2176,03089,Curva sin señalizar,Carretera,Frontal                                            ,,C. BELICH,Camino vecinal,Municipal,Ascendente,Seco y limpio,"Amanecer o atardecer, sin luz artificial",Despejado,,Nivel blanco,,No,No,No,No,No,No,Sí,2016,5,DOMINGO,21,Noche,Fines de semana
8.5,3,0,0,2177,03089,Recta,Carretera,Fronto-lateral                                     ,,CV-835,Carretera Convencional de calzada única,Autonómica,Ascendente,Seco y limpio,"Luz del día natural, solar",Despejado,,Nivel blanco,,No,No,No,Sí,No,No,Sí,2016,6,SÁBADO,15,Tarde,Fines de semana
4.6,1,0,0,2178,03089,Curva señalizada,Carretera,Fronto-lateral                                     ,,CV-855,Carretera Convencional de calzada única,Autonómica,Ambos,Seco y limpio,"Luz del día natural, solar",Nublado,,Nivel blanco,,Sin especificar,Sin especificar,Sin especificar,Sin especificar,Sin especificar,Sin especificar,Sin especificar,2016,10,MIÉRCOLES,13,Tarde,Dias laborables
7.8,1,0,0,2179,03089,Recta,Carretera,Por alcance                                        ,,CV-835,Carretera Convencional de calzada única,Autonómica,Ascendente,Seco y limpio,"Luz del día natural, solar",Despejado,,Nivel blanco,,No,No,No,No,No,No,No,2016,10,VIERNES,15,Tarde,Dias laborables