KM,TOTAL_HL24H,TOTAL_HG24H,TOTAL_MU24H,id,COD_MUNICIPIO,TRAZADO_PLANTA,ZONA,TIPO_ACCIDENTE,CARRETERA_CRUCE,CARRETERA,TIPO_VIA,TITULARIDAD_VIA,SENTIDO_1F,CONDICION_FIRME,CONDICION_ILUMINACION,CONDICION_METEO,CONDICION_NIEBLA,CONDICION_NIVEL_CIRCULA,CONDICION_VIENTO,PRIORI_AGENTE,PRIORI_CIRCUNSTANCIAL,PRIORI_HORIZ_CEDA,PRIORI_HORIZ_STOP,PRIORI_SEMAFORO,PRIORI_VERT_CEDA,PRIORI_VERT_STOP,ANYO,MES,DIA,HORA,FRANJA_HORARIA,TIPO_DIA
213.0,1,0,0,2266,03093,Recta,Carretera,Salida de la vía por la izquierda con colisión     ,,A-31,Autovía,Estatal,Ambos,Con aceite,"Luz del día natural, solar",Lluvia débil,,Nivel blanco,,Sin especificar,Sin especificar,Sin especificar,Sin especificar,Sin especificar,Sin especificar,Sin especificar,2016,8,MARTES,14,Tarde,Dias laborables
13.9,1,0,0,2267,03093,Curva señalizada,Carretera,Colisión contra obstáculo o elemento de la vía     ,,CV-84,Carretera Convencional de doble calzada,Autonómica,Ascendente,Seco y limpio,"Luz del día natural, solar",Despejado,,Nivel blanco,,No,No,No,No,No,Sí,No,2016,7,JUEVES,19,Noche,Dias laborables
,1,0,0,2268,03093,No aplica,Calle,Atropello a personas                               ,,No inventariada,Calle,Municipal,Se desconoce,Seco y limpio,"Luz del día natural, solar",Despejado,,Nivel verde,,Sin especificar,Sin especificar,Sin especificar,Sin especificar,Sin especificar,Sin especificar,Sin especificar,2016,5,MARTES,13,Tarde,Dias laborables
,1,0,0,2269,03093,No aplica,Calle,Atropello a personas                               ,,No inventariada,Calle,Municipal,Se desconoce,Seco y limpio,"Luz del día natural, solar",Despejado,,Nivel amarillo,,No,No,No,No,No,No,No,2016,5,JUEVES,11,Mañana,Dias laborables
,0,1,0,2270,03093,No aplica,Calle,Atropello a personas                               ,,No inventariada,Calle,Municipal,Se desconoce,Seco y limpio,"Luz del día natural, solar",Despejado,,Nivel verde,,No,No,No,No,No,No,No,2016,5,VIERNES,21,Noche,Dias laborables
,1,0,0,2271,03093,No aplica,Calle,Por alcance                                        ,,No inventariada,Calle,Municipal,Se desconoce,Seco y limpio,"Luz del día natural, solar",Despejado,,Nivel verde,,Sin especificar,Sin especificar,Sin especificar,Sin especificar,Sin especificar,Sin especificar,Sin especificar,2016,5,SÁBADO,13,Tarde,Fines de semana
,1,0,0,2272,03093,No aplica,Calle,Fronto-lateral                                     ,,No inventariada,Calle,Municipal,Se desconoce,Seco y limpio,"Luz del día natural, solar",Despejado,,Nivel verde,,No,No,No,No,No,Sí,No,2016,5,DOMINGO,8,Mañana,Fines de semana
,0,1,0,2273,03093,No aplica,Calle,Atropello a personas                               ,,No inventariada,Calle,Municipal,Se desconoce,Seco y limpio,"Luz del día natural, solar",Despejado,,Nivel amarillo,,No,No,No,No,No,No,No,2016,6,MIÉRCOLES,12,Tarde,Dias laborables
,2,0,0,2274,03093,No aplica,Calle,Lateral                                            ,,No inventariada,Calle,Municipal,Se desconoce,Seco y limpio,"Luz del día natural, solar",Despejado,,Nivel verde,,No,No,No,No,No,No,Sí,2016,6,MIÉRCOLES,16,Tarde,Dias laborables
,1,0,0,2275,03093,No aplica,Calle,Atropello a personas                               ,,No inventariada,Calle,Municipal,Se desconoce,Seco y limpio,"Luz del día natural, solar",Despejado,,Nivel verde,,No,No,No,No,No,No,No,2016,6,LUNES,12,Tarde,Dias laborables
,0,1,0,2276,03093,No aplica,Calle,Caída                                              ,,No inventariada,Calle,Municipal,Se desconoce,Seco y limpio,"Luz del día natural, solar",Despejado,,Nivel verde,,Sin especificar,Sin especificar,Sin especificar,Sin especificar,Sin especificar,Sin especificar,Sin especificar,2016,6,MARTES,15,Tarde,Dias laborables
,1,0,0,2277,03093,No aplica,Calle,Lateral                                            ,,No inventariada,Calle,Municipal,Se desconoce,Seco y limpio,Sin luz natural y con iluminación artificial encen,Despejado,,Nivel verde,,No,No,No,No,No,No,Sí,2016,6,JUEVES,21,Noche,Dias laborables
,2,0,0,2278,03093,No aplica,Calle,Atropello a personas                               ,,No inventariada,Calle,Municipal,Se desconoce,Seco y limpio,"Luz del día natural, solar",Despejado,,Nivel verde,,No,No,No,No,No,No,No,2016,7,SÁBADO,20,Noche,Fines de semana
,1,0,0,2279,03093,No aplica,Calle,Atropello a personas                               ,,No inventariada,Calle,Municipal,Se desconoce,Seco y limpio,"Luz del día natural, solar",Despejado,,Nivel verde,,No,No,No,No,No,No,No,2016,7,MIÉRCOLES,9,Mañana,Dias laborables
0.4,1,0,0,2280,03093,Recta,Carretera,Colisión contra obstáculo o elemento de la vía     ,,N-325,Carretera Convencional de calzada única,Estatal,Descendente,Seco y limpio,"Luz del día natural, solar",Despejado,,Nivel blanco,,Sin especificar,Sin especificar,Sin especificar,Sin especificar,Sin especificar,Sin especificar,Sin especificar,2016,8,MARTES,7,Mañana,Dias laborables
1.6,1,0,0,2281,03093,Recta,Carretera,Por alcance                                        ,,N-325,Carretera Convencional de calzada única,Estatal,Ascendente,Seco y limpio,"Luz del día natural, solar",Despejado,,Se desconoce,,Sin especificar,Sin especificar,Sin especificar,Sin especificar,Sin especificar,Sin especificar,Sin especificar,2016,9,MARTES,11,Mañana,Dias laborables
4.0,2,0,0,2282,03093,Recta,Carretera,Salida de la vía por la derecha con colisión       ,,CV-840,Carretera Convencional de calzada única,Autonómica,Ascendente,Seco y limpio,"Luz del día natural, solar",Despejado,,Nivel blanco,,Sin especificar,Sin especificar,Sin especificar,Sin especificar,Sin especificar,Sin especificar,Sin especificar,2016,10,SÁBADO,13,Tarde,Fines de semana
,1,0,0,2283,03093,No aplica,Calle,Atropello a personas                               ,,No inventariada,Calle,Municipal,Se desconoce,Seco y limpio,"Luz del día natural, solar",Despejado,,Nivel verde,,No,No,No,No,No,No,No,2016,10,MIÉRCOLES,10,Mañana,Dias laborables
,2,1,0,2284,03093,No aplica,Calle,Salida de la vía por la derecha con colisión       ,,No inventariada,Calle,Municipal,Se desconoce,Seco y limpio,"Luz del día natural, solar",Despejado,,Nivel blanco,,Sin especificar,Sin especificar,Sin especificar,Sin especificar,Sin especificar,Sin especificar,Sin especificar,2016,10,SÁBADO,9,Mañana,Fines de semana
,1,0,0,2285,03093,No aplica,Calle,Fronto-lateral                                     ,,No inventariada,Calle,Municipal,Se desconoce,Seco y limpio,Sin luz natural y con iluminación artificial encen,Despejado,,Nivel blanco,,No,No,No,No,No,Sí,No,2016,10,SÁBADO,21,Noche,Fines de semana
,0,1,0,2286,03093,No aplica,Calle,Atropello a personas                               ,,No inventariada,Calle,Municipal,Se desconoce,Seco y limpio,"Luz del día natural, solar",Despejado,,Nivel amarillo,,No,No,No,No,No,No,No,2016,10,LUNES,10,Mañana,Dias laborables
,1,0,0,2287,03093,No aplica,Calle,Fronto-lateral                                     ,,No inventariada,Calle,Municipal,Se desconoce,Seco y limpio,Sin luz natural y con iluminación artificial encen,Despejado,,Nivel blanco,,No,No,No,No,Sí,No,No,2016,10,LUNES,21,Noche,Dias laborables
208.85,1,0,0,2288,03093,Recta,Carretera,Salida de la vía por la derecha con vuelco         ,,A-31,Autovía,Estatal,Ascendente,Mojado,"Luz del día natural, solar",Nublado,,Nivel blanco,,Sin especificar,Sin especificar,Sin especificar,Sin especificar,Sin especificar,Sin especificar,Sin especificar,2016,10,VIERNES,9,Mañana,Dias laborables
214.8,1,0,0,2289,03093,Curva señalizada,Carretera,Por alcance                                        ,,A-31,Autovía,Estatal,Ascendente,Mojado,Sin luz natural ni artificial,Lluvia fuerte,,Nivel blanco,,Sin especificar,Sin especificar,Sin especificar,Sin especificar,Sin especificar,Sin especificar,Sin especificar,2016,11,MIÉRCOLES,4,Madrugada,Dias laborables
,2,0,0,2290,03093,No aplica,Calle,Fronto-lateral                                     ,,No inventariada,Calle,Municipal,Se desconoce,Seco y limpio,"Luz del día natural, solar",Despejado,,Nivel verde,,No,No,No,Sí,No,No,No,2016,11,JUEVES,9,Mañana,Dias laborables
,2,0,0,2291,03093,No aplica,Calle,Atropello a personas                               ,,No inventariada,Calle,Municipal,Se desconoce,Seco y limpio,Sin luz natural y con iluminación artificial encen,Se desconoce,,Nivel verde,,No,No,No,No,No,No,No,2016,12,VIERNES,19,Noche,Dias laborables
1.8,1,0,0,2292,03093,Curva sin señalizar,Carretera,Salida de la vía por la izquierda con colisión     ,,CV-832,Carretera Convencional de calzada única,"Provincial, Cabildo/Consell",Ascendente,Mojado,"Luz del día natural, solar",Lluvia débil,,Nivel blanco,,Sin especificar,Sin especificar,Sin especificar,Sin especificar,Sin especificar,Sin especificar,Sin especificar,2016,11,MIÉRCOLES,16,Tarde,Dias laborables
,3,0,0,2293,03093,No aplica,Calle,Múltiple o en caravana                             ,,No inventariada,Calle,Municipal,Se desconoce,Mojado,Sin luz natural y con iluminación artificial encen,Nublado,,Nivel verde,,No,No,No,No,No,No,Sí,2016,12,LUNES,21,Noche,Dias laborables
46.8,1,0,0,2294,03094,Curva señalizada,Carretera,Fronto-lateral                                     ,CV-70,CV-70,Carretera Convencional de calzada única,Autonómica,Descendente,Seco y limpio,"Luz del día natural, solar",Despejado,,Sin especificar,,No,No,No,No,No,Sí,No,2016,2,MARTES,8,Mañana,Dias laborables
6.55,1,0,0,2295,03094,Recta,Carretera,Por alcance                                        ,,CV-760,Carretera Convencional de calzada única,"Provincial, Cabildo/Consell",Descendente,Seco y limpio,"Luz del día natural, solar",Despejado,,Nivel blanco,,No,No,No,No,No,No,No,2016,2,LUNES,15,Tarde,Dias laborables
44.1,1,0,0,2296,03094,Recta,Carretera,Por alcance                                        ,,CV-70,Carretera Convencional de doble calzada,Autonómica,Descendente,Seco y limpio,"Luz del día natural, solar",Despejado,,Nivel blanco,,Sin especificar,Sin especificar,Sin especificar,Sin especificar,Sin especificar,Sin especificar,Sin especificar,2016,2,VIERNES,14,Tarde,Dias laborables
47.5,1,0,0,2297,03094,Recta,Carretera,Por alcance                                        ,,CV-70,Carretera Convencional de calzada única,Autonómica,Descendente,Seco y limpio,"Luz del día natural, solar",Despejado,,Nivel blanco,,Sin especificar,Sin especificar,Sin especificar,Sin especificar,Sin especificar,Sin especificar,Sin especificar,2016,3,MIÉRCOLES,10,Mañana,Dias laborables
,1,0,0,2298,03094,No aplica,Calle,Por alcance                                        ,,No inventariada,Calle,Municipal,Se desconoce,Seco y limpio,"Luz del día natural, solar",Despejado,Niebla ligera,Nivel blanco,,Sin especificar,Sin especificar,Sin especificar,Sin especificar,Sin especificar,Sin especificar,Sin especificar,2016,1,LUNES,9,Mañana,Dias laborables
,1,0,0,2299,03094,No aplica,Calle,Frontal                                            ,,No inventariada,Calle,Municipal,Se desconoce,Seco y limpio,"Amanecer o atardecer, con luz artificial",Despejado,,Nivel blanco,,No,No,No,No,No,No,Sí,2016,2,DOMINGO,21,Noche,Fines de semana
5.3,2,3,0,2300,03094,Curva sin señalizar,Carretera,Fronto-lateral                                     ,,CV-760,Carretera Convencional de calzada única,"Provincial, Cabildo/Consell",Ambos,Seco y limpio,"Luz del día natural, solar",Despejado,,Nivel blanco,,No,No,No,No,No,No,No,2016,6,SÁBADO,17,Tarde,Fines de semana
42.8,1,0,0,2301,03094,Recta,Carretera,Vuelco                                             ,,CV-70,Carretera Convencional de calzada única,Autonómica,Descendente,Mojado,"Luz del día natural, solar",Lluvia débil,,Nivel blanco,,Sin especificar,Sin especificar,Sin especificar,Sin especificar,Sin especificar,Sin especificar,Sin especificar,2016,6,SÁBADO,14,Tarde,Fines de semana
46.3,1,0,0,2302,03094,Curva señalizada,Carretera,Lateral                                            ,,CV-70,Carretera Convencional de doble calzada,Autonómica,Ascendente,Seco y limpio,"Amanecer o atardecer, sin luz artificial",Nublado,,Nivel blanco,,No,No,No,No,No,No,No,2016,8,MIÉRCOLES,6,Mañana,Dias laborables
45.7,2,0,0,2303,03094,Curva señalizada,Carretera,Lateral                                            ,CV-70,CV-70,Carretera Convencional de calzada única,Autonómica,Ascendente,Seco y limpio,"Luz del día natural, solar",Despejado,,Nivel blanco,,No,No,Sí,No,No,Sí,No,2016,8,SÁBADO,14,Tarde,Fines de semana
45.0,1,0,0,2304,03094,Recta,Carretera,Fronto-lateral                                     ,,CV-70,Carretera Convencional de calzada única,Autonómica,Ascendente,Seco y limpio,Sin luz natural y con iluminación artificial encen,Despejado,,Nivel blanco,,No,No,No,No,No,No,No,2016,9,SÁBADO,21,Noche,Fines de semana
44.9,1,0,0,2305,03094,Recta,Carretera,Caída                                              ,,CV-70,Carretera Convencional de calzada única,Autonómica,Descendente,Seco y limpio,Sin luz natural y con iluminación artificial encen,Despejado,,Sin especificar,,No,No,No,No,No,Sí,No,2016,9,MIÉRCOLES,21,Noche,Dias laborables
44.9,2,0,0,2306,03094,Curva señalizada,Carretera,Fronto-lateral                                     ,,CV-70,Carretera Convencional de calzada única,Autonómica,Descendente,Seco y limpio,Sin luz natural y con iluminación artificial encen,Despejado,,Nivel blanco,,No,No,No,No,No,No,No,2016,9,DOMINGO,0,Madrugada,Fines de semana
,1,0,0,2307,03094,No aplica,Calle,Fronto-lateral                                     ,,No inventariada,Calle,Municipal,Se desconoce,Seco y limpio,"Luz del día natural, solar",Despejado,,Nivel blanco,,Sin especificar,Sin especificar,Sin especificar,Sin especificar,Sin especificar,Sin especificar,Sin especificar,2016,7,MIÉRCOLES,18,Noche,Dias laborables
,0,1,0,2308,03094,No aplica,Calle,Atropello a personas                               ,,No inventariada,Calle,Municipal,Se desconoce,Seco y limpio,"Luz del día natural, solar",Despejado,,Nivel blanco,,Sin especificar,Sin especificar,Sin especificar,Sin especificar,Sin especificar,Sin especificar,Sin especificar,2016,8,LUNES,9,Mañana,Dias laborables
,1,0,0,2309,03094,No aplica,Calle,Fronto-lateral                                     ,,No inventariada,Calle,Municipal,Se desconoce,Seco y limpio,"Luz del día natural, solar",Despejado,,Nivel verde,,No,No,No,No,No,No,Sí,2016,8,DOMINGO,16,Tarde,Fines de semana
4.2,0,1,1,2310,03094,Curva sin señalizar,Carretera,Atropello a personas                               ,,CV-760,Carretera Convencional de calzada única,"Provincial, Cabildo/Consell",Descendente,Seco y limpio,"Luz del día natural, solar",Despejado,,Nivel blanco,,Sin especificar,Sin especificar,Sin especificar,Sin especificar,Sin especificar,Sin especificar,Sin especificar,2016,11,VIERNES,8,Mañana,Dias laborables
,1,0,0,2311,03094,No aplica,Calle,Salida de la vía por la derecha con colisión       ,,No inventariada,Calle,Municipal,Se desconoce,Seco y limpio,"Amanecer o atardecer, con luz artificial",Despejado,,Nivel blanco,,Sin especificar,Sin especificar,Sin especificar,Sin especificar,Sin especificar,Sin especificar,Sin especificar,2016,9,VIERNES,20,Noche,Dias laborables
199.0,2,1,1,2312,03095,Recta,Carretera,Otro tipo de accidente                             ,,N-332,Carretera Convencional de calzada única,Estatal,Ambos,Seco y limpio,"Luz del día natural, solar",Nublado,,Nivel blanco,,Sin especificar,Sin especificar,Sin especificar,Sin especificar,Sin especificar,Sin especificar,Sin especificar,2016,1,DOMINGO,12,Tarde,Fines de semana
196.2,1,0,0,2313,03095,Curva sin señalizar,Carretera,Por alcance                                        ,N-332,N-332,Carretera Convencional de calzada única,Estatal,Descendente,Seco y limpio,"Luz del día natural, solar",Despejado,,Nivel blanco,,No,No,No,Sí,No,No,Sí,2016,7,SÁBADO,12,Tarde,Fines de semana
195.7,1,0,0,2314,03095,Recta,Carretera,Por alcance                                        ,,N-332,Carretera Convencional de calzada única,Estatal,Ascendente,Seco y limpio,"Luz del día natural, solar",Despejado,,Nivel amarillo,,Sin especificar,Sin especificar,Sin especificar,Sin especificar,Sin especificar,Sin especificar,Sin especificar,2016,7,SÁBADO,11,Mañana,Fines de semana
194.4,4,0,0,2315,03095,Recta,Carretera,Frontal                                            ,,N-332,Carretera Convencional de calzada única,Estatal,Ambos,Seco y limpio,"Luz del día natural, solar",Despejado,,Nivel blanco,,Sin especificar,Sin especificar,Sin especificar,Sin especificar,Sin especificar,Sin especificar,Sin especificar,2016,8,LUNES,16,Tarde,Dias laborables
193.2,1,0,0,2316,03095,Recta,Carretera,Salida de la vía por la izquierda con colisión     ,,N-332,Carretera Convencional de calzada única,Estatal,Ascendente,Seco y limpio,"Luz del día natural, solar",Despejado,,Nivel blanco,,Sin especificar,Sin especificar,Sin especificar,Sin especificar,Sin especificar,Sin especificar,Sin especificar,2016,12,DOMINGO,14,Tarde,Fines de semana
3.3,1,0,0,2317,03096,Recta,Carretera,Caída                                              ,,CV-802,Carretera Convencional de calzada única,"Provincial, Cabildo/Consell",Ascendente,Seco y limpio,"Luz del día natural, solar",Despejado,,Nivel verde,,Sin especificar,Sin especificar,Sin especificar,Sin especificar,Sin especificar,Sin especificar,Sin especificar,2016,1,SÁBADO,12,Tarde,Fines de semana
0.1,3,0,0,2318,03096,Curva sin señalizar,Carretera,Salida de la vía por la izquierda con vuelco       ,,No inventariada,Camino vecinal,Municipal,Ascendente,Seco y limpio,Sin luz natural ni artificial,Despejado,,Nivel blanco,,Sin especificar,Sin especificar,Sin especificar,Sin especificar,Sin especificar,Sin especificar,Sin especificar,2016,3,SÁBADO,5,Madrugada,Fines de semana
3.0,3,0,0,2319,03096,Recta,Carretera,Múltiple o en caravana                             ,,CV-806,Carretera Convencional de calzada única,Autonómica,Descendente,Mojado,Sin luz natural ni artificial,Lluvia fuerte,,Nivel blanco,,No,No,No,No,No,No,No,2016,3,MIÉRCOLES,20,Noche,Dias laborables
0.4,1,0,0,2320,03096,Curva sin señalizar,Carretera,Salida de la vía por la derecha con colisión       ,,No inventariada,Camino vecinal,Municipal,Ambos,Seco y limpio,Sin luz natural ni artificial,Despejado,,Nivel blanco,,Sin especificar,Sin especificar,Sin especificar,Sin especificar,Sin especificar,Sin especificar,Sin especificar,2016,4,DOMINGO,2,Madrugada,Fines de semana
2.0,1,0,0,2321,03096,Recta,Carretera,"Salida de la vía por la izquierda, otro tipo       ",,CV-802,Carretera Convencional de calzada única,"Provincial, Cabildo/Consell",Ascendente,Otra,"Luz del día natural, solar",Se desconoce,,Se desconoce,,Sin especificar,Sin especificar,Sin especificar,Sin especificar,Sin especificar,Sin especificar,Sin especificar,2016,6,DOMINGO,12,Tarde,Fines de semana
,1,0,0,2322,03096,No aplica,Calle,Atropello a personas                               ,,No inventariada,Calle,Municipal,Se desconoce,Seco y limpio,"Luz del día natural, solar",Despejado,,Nivel verde,,Sin especificar,Sin especificar,Sin especificar,Sin especificar,Sin especificar,Sin especificar,Sin especificar,2016,5,JUEVES,7,Mañana,Dias laborables
0.8,1,0,0,2323,03096,Recta,Carretera,Fronto-lateral                                     ,,No inventariada,Camino vecinal,Municipal,Ascendente,Seco y limpio,"Luz del día natural, solar",Despejado,,Nivel blanco,,No,No,No,No,No,No,Sí,2016,7,MARTES,19,Noche,Dias laborables
8.3,1,0,0,2324,03096,Curva señalizada,Carretera,Frontal                                            ,,CV-803,Carretera Convencional de calzada única,"Provincial, Cabildo/Consell",Ascendente,Seco y limpio,"Luz del día natural, solar",Despejado,,Nivel blanco,,Sin especificar,Sin especificar,Sin especificar,Sin especificar,Sin especificar,Sin especificar,Sin especificar,2016,8,SÁBADO,19,Noche,Fines de semana
2.9,1,0,0,2325,03096,Curva sin señalizar,Carretera,Salida de la vía por la derecha con colisión       ,,CV-803,Carretera Convencional de calzada única,"Provincial, Cabildo/Consell",Ascendente,Seco y limpio,"Amanecer o atardecer, sin luz artificial",Despejado,,Nivel blanco,,Sin especificar,Sin especificar,Sin especificar,Sin especificar,Sin especificar,Sin especificar,Sin especificar,2016,9,SÁBADO,11,Mañana,Fines de semana
0.0,3,0,0,2326,03096,Curva sin señalizar,Carretera,Fronto-lateral                                     ,,No inventariada,Camino vecinal,Municipal,Descendente,Seco y limpio,"Luz del día natural, solar",Despejado,,Nivel blanco,,Sin especificar,Sin especificar,Sin especificar,Sin especificar,Sin especificar,Sin especificar,Sin especificar,2016,9,DOMINGO,11,Mañana,Fines de semana
3.0,2,0,0,2327,03096,Recta,Carretera,Fronto-lateral                                     ,,CV-806,Carretera Convencional de calzada única,Autonómica,Ascendente,Seco y limpio,"Luz del día natural, solar",Despejado,,Nivel blanco,,No,No,No,No,No,No,No,2016,10,MIÉRCOLES,12,Tarde,Dias laborables
5.6,1,0,0,2328,00000,Curva señalizada,Carretera,Salida de la vía por la derecha otro tipo          ,,CV-720,Carretera Convencional de calzada única,Autonómica,Descendente,Seco y limpio,"Luz del día natural, solar",Despejado,,Nivel blanco,,Sin especificar,Sin especificar,Sin especificar,Sin especificar,Sin especificar,Sin especificar,Sin especificar,2016,4,SÁBADO,11,Mañana,Fines de semana
1.2,1,0,0,2329,00000,Curva sin señalizar,Carretera,Salida de la vía por la derecha otro tipo          ,,CV-718,Carretera Convencional de calzada única,"Provincial, Cabildo/Consell",Ascendente,Seco y limpio,"Amanecer o atardecer, sin luz artificial",Despejado,,Nivel blanco,,Sin especificar,Sin especificar,Sin especificar,Sin especificar,Sin especificar,Sin especificar,Sin especificar,2016,11,SÁBADO,17,Tarde,Fines de semana
19.3,1,0,0,2330,00000,Recta,Carretera,Salida de la vía por la izquierda con vuelco       ,,CV-715,Carretera Convencional de calzada única,Autonómica,Descendente,Mojado,Sin luz natural ni artificial,Nublado,,Sin especificar,,Sin especificar,Sin especificar,Sin especificar,Sin especificar,Sin especificar,Sin especificar,Sin especificar,2016,11,DOMINGO,0,Madrugada,Fines de semana
3.85,1,0,0,2331,00000,Recta,Carretera,Fronto-lateral                                     ,,CV-770,Carretera Convencional de calzada única,"Provincial, Cabildo/Consell",Ascendente,Seco y limpio,"Luz del día natural, solar",Despejado,,Nivel blanco,,No,No,No,Sí,No,No,No,2016,5,VIERNES,8,Mañana,Dias laborables
,1,0,0,2332,03099,No aplica,Calle,Por alcance                                        ,,No inventariada,Calle,Municipal,Se desconoce,Seco y limpio,Sin luz natural y con iluminación artificial encen,Nublado,,Nivel amarillo,,Sin especificar,Sin especificar,Sin especificar,Sin especificar,Sin especificar,Sin especificar,Sin especificar,2016,1,DOMINGO,18,Noche,Fines de semana
44.8,1,0,0,2333,03099,Curva señalizada,Carretera,Salida de la vía por la derecha con vuelco         ,,N-332,Carretera Convencional de calzada única,Estatal,Ascendente,Mojado,"Luz del día natural, solar",Lluvia débil,,Nivel blanco,,No,No,No,No,No,Sí,No,2016,1,VIERNES,16,Tarde,Dias laborables
5.0,4,0,0,2334,03099,Curva señalizada,Carretera,Fronto-lateral                                     ,,CV-91,Carretera Convencional de calzada única,Autonómica,Ambos,Mojado,"Amanecer o atardecer, sin luz artificial",Lluvia débil,,Nivel verde,,Sin especificar,Sin especificar,Sin especificar,Sin especificar,Sin especificar,Sin especificar,Sin especificar,2016,1,VIERNES,8,Mañana,Dias laborables
680.0,5,0,0,2335,03099,Curva señalizada,Carretera,Colisión contra obstáculo o elemento de la vía     ,N-340,N-340,Carretera Convencional de calzada única,Estatal,Ascendente,Seco y limpio,Sin luz natural ni artificial,Despejado,,Nivel blanco,,No,No,No,No,No,Sí,No,2016,1,DOMINGO,20,Noche,Fines de semana
683.2,1,0,0,2336,03099,Curva señalizada,Carretera,Salida de la vía por la izquierda con vuelco       ,,N-340,Carretera Convencional de calzada única,Estatal,Descendente,Seco y limpio,Sin luz natural ni artificial,Despejado,,Nivel blanco,,Sin especificar,Sin especificar,Sin especificar,Sin especificar,Sin especificar,Sin especificar,Sin especificar,2016,1,JUEVES,18,Noche,Dias laborables
,0,1,0,2337,03099,No aplica,Calle,Atropello a personas                               ,,No inventariada,Vía de servicio,Municipal,Se desconoce,Seco y limpio,"Amanecer o atardecer, con luz artificial",Despejado,,Nivel amarillo,,Sin especificar,Sin especificar,Sin especificar,Sin especificar,Sin especificar,Sin especificar,Sin especificar,2016,1,SÁBADO,18,Noche,Fines de semana
,2,0,0,2338,03099,No aplica,Calle,Colisión contra obstáculo o elemento de la vía     ,,No inventariada,Calle,Municipal,Se desconoce,Seco y limpio,Sin luz natural y con iluminación artificial encen,Despejado,,Nivel verde,,Sin especificar,Sin especificar,Sin especificar,Sin especificar,Sin especificar,Sin especificar,Sin especificar,2016,1,JUEVES,20,Noche,Dias laborables
,3,0,0,2339,03099,No aplica,Calle,Fronto-lateral                                     ,,No inventariada,Calle,Municipal,Se desconoce,Seco y limpio,Sin luz natural y con iluminación artificial encen,Despejado,,Nivel blanco,,No,No,No,No,No,No,Sí,2016,1,LUNES,22,Noche,Dias laborables
3.2,4,0,0,2340,03099,Recta,Carretera,Por alcance                                        ,,CV-91,Carretera Convencional de doble calzada,Autonómica,Descendente,Seco y limpio,"Luz del día natural, solar",Despejado,,Nivel blanco,,Sin especificar,Sin especificar,Sin especificar,Sin especificar,Sin especificar,Sin especificar,Sin especificar,2016,2,VIERNES,13,Tarde,Dias laborables
,1,0,0,2341,03099,No aplica,Calle,Atropello a personas                               ,,No inventariada,Calle,Municipal,Se desconoce,Seco y limpio,"Luz del día natural, solar",Despejado,,Nivel blanco,,Sin especificar,Sin especificar,Sin especificar,Sin especificar,Sin especificar,Sin especificar,Sin especificar,2016,2,LUNES,15,Tarde,Dias laborables
,1,0,0,2342,03099,No aplica,Calle,Atropello a personas                               ,,No inventariada,Calle,Municipal,Se desconoce,Seco y limpio,"Luz del día natural, solar",Despejado,,Nivel blanco,,Sin especificar,Sin especificar,Sin especificar,Sin especificar,Sin especificar,Sin especificar,Sin especificar,2016,1,JUEVES,16,Tarde,Dias laborables
,1,0,0,2343,03099,No aplica,Calle,Fronto-lateral                                     ,,No inventariada,Calle,Municipal,Se desconoce,Seco y limpio,"Luz del día natural, solar",Despejado,,Nivel verde,,Sin especificar,Sin especificar,Sin especificar,Sin especificar,Sin especificar,Sin especificar,Sin especificar,2016,1,VIERNES,7,Mañana,Dias laborables
0.5,1,0,0,2344,03099,Curva señalizada,Carretera,Fronto-lateral                                     ,,CV-916,Carretera Convencional de calzada única,"Provincial, Cabildo/Consell",Ascendente,Seco y limpio,"Luz del día natural, solar",Despejado,,Nivel blanco,,No,No,No,No,No,No,No,2016,1,MARTES,11,Mañana,Dias laborables
3.9,6,0,0,2345,03099,Curva señalizada,Carretera,Salida de la vía por la izquierda con vuelco       ,,CV-951,Carretera Convencional de calzada única,Autonómica,Descendente,Seco y limpio,"Luz del día natural, solar",Despejado,,Nivel blanco,,Sin especificar,Sin especificar,Sin especificar,Sin especificar,Sin especificar,Sin especificar,Sin especificar,2016,2,LUNES,15,Tarde,Dias laborables
3.0,1,0,0,2346,03099,Recta,Carretera,Fronto-lateral                                     ,CV-951,CV-951,Carretera Convencional de calzada única,Autonómica,Ascendente,Seco y limpio,"Luz del día natural, solar",Despejado,,Nivel blanco,,No,No,No,No,No,No,No,2016,2,MARTES,15,Tarde,Dias laborables
7.5,2,0,0,2347,03099,Recta,Carretera,Múltiple o en caravana                             ,,CV-91,Carretera Convencional de calzada única,Autonómica,Descendente,Seco y limpio,"Luz del día natural, solar",Despejado,,Se desconoce,,No,No,No,No,No,No,No,2016,2,MIÉRCOLES,8,Mañana,Dias laborables
686.7,2,0,0,2348,03099,Recta,Carretera,Por alcance                                        ,,N-340,Carretera Convencional de calzada única,Estatal,Ascendente,Seco y limpio,"Luz del día natural, solar",Despejado,,Nivel verde,,Sin especificar,Sin especificar,Sin especificar,Sin especificar,Sin especificar,Sin especificar,Sin especificar,2016,2,LUNES,12,Tarde,Dias laborables
2.8,3,1,0,2349,03099,Recta,Carretera,Frontal                                            ,,CV-930,Carretera Convencional de calzada única,Autonómica,Ambos,Seco y limpio,Sin luz natural ni artificial,Despejado,,Nivel blanco,,Sin especificar,Sin especificar,Sin especificar,Sin especificar,Sin especificar,Sin especificar,Sin especificar,2016,2,DOMINGO,18,Noche,Fines de semana