KM,TOTAL_HL24H,TOTAL_HG24H,TOTAL_MU24H,id,COD_MUNICIPIO,TRAZADO_PLANTA,ZONA,TIPO_ACCIDENTE,CARRETERA_CRUCE,CARRETERA,TIPO_VIA,TITULARIDAD_VIA,SENTIDO_1F,CONDICION_FIRME,CONDICION_ILUMINACION,CONDICION_METEO,CONDICION_NIEBLA,CONDICION_NIVEL_CIRCULA,CONDICION_VIENTO,PRIORI_AGENTE,PRIORI_CIRCUNSTANCIAL,PRIORI_HORIZ_CEDA,PRIORI_HORIZ_STOP,PRIORI_SEMAFORO,PRIORI_VERT_CEDA,PRIORI_VERT_STOP,ANYO,MES,DIA,HORA,FRANJA_HORARIA,TIPO_DIA
10.8,1,0,0,2515,00000,Recta,Carretera,Atropello a personas                               ,,CV-785,Carretera Convencional de calzada única,"Provincial, Cabildo/Consell",Descendente,Seco y limpio,"Luz del día natural, solar",Despejado,,Nivel blanco,,Sin especificar,Sin especificar,Sin especificar,Sin especificar,Sin especificar,Sin especificar,Sin especificar,2016,8,MARTES,20,Noche,Dias laborables
203.35,1,0,0,2516,03104,Curva sin señalizar,Carretera,Salida de la vía por la izquierda con colisión     ,,A-31,Autovía,Estatal,Ascendente,Seco y limpio,"Amanecer o atardecer, sin luz artificial",Despejado,,Nivel blanco,,Sin especificar,Sin especificar,Sin especificar,Sin especificar,Sin especificar,Sin especificar,Sin especificar,2016,2,SÁBADO,18,Noche,Fines de semana
,2,0,0,2517,03104,No aplica,Calle,Lateral                                            ,,No inventariada,Calle,Municipal,Se desconoce,Seco y limpio,Sin luz natural y con iluminación artificial encen,Despejado,,Nivel verde,,No,No,No,No,No,No,No,2016,1,VIERNES,20,Noche,Dias laborables
200.7,1,0,0,2518,03104,Recta,Carretera,Salida de la vía por la izquierda con colisión     ,,A-31,Autovía,Estatal,Ascendente,Seco y limpio,"Luz del día natural, solar",Despejado,,Nivel blanco,,Sin especificar,Sin especificar,Sin especificar,Sin especificar,Sin especificar,Sin especificar,Sin especificar,2016,3,MIÉRCOLES,15,Tarde,Dias laborables
201.8,5,4,1,2519,03104,Curva señalizada,Carretera,Salida de la vía por la derecha con colisión       ,,A-31,Autovía,Estatal,Descendente,Seco y limpio,"Luz del día natural, solar",Despejado,,Nivel blanco,,Sin especificar,Sin especificar,Sin especificar,Sin especificar,Sin especificar,Sin especificar,Sin especificar,2016,7,VIERNES,21,Noche,Dias laborables
205.0,2,0,0,2520,03104,Curva señalizada,Carretera,Múltiple o en caravana                             ,,A-31,Autovía,Estatal,Ascendente,Seco y limpio,"Luz del día natural, solar",Despejado,,Nivel blanco,,No,No,No,No,No,Sí,No,2016,7,MARTES,15,Tarde,Dias laborables
204.9,1,0,0,2521,03104,Recta,Carretera,Por alcance                                        ,A-31,A-31,Autovía,Estatal,Ascendente,Seco y limpio,"Luz del día natural, solar",Despejado,,Nivel amarillo,,No,No,Sí,No,No,Sí,No,2016,8,LUNES,13,Tarde,Dias laborables
,0,0,1,2522,03104,No aplica,Calle,Salida de la vía por la izquierda con colisión     ,,No inventariada,Calle,Municipal,Se desconoce,Seco y limpio,"Luz del día natural, solar",Despejado,,Nivel blanco,,Sin especificar,Sin especificar,Sin especificar,Sin especificar,Sin especificar,Sin especificar,Sin especificar,2016,8,DOMINGO,19,Noche,Fines de semana
208.25,3,0,0,2523,03104,Recta,Carretera,Salida de la vía por la izquierda con colisión     ,,A-31,Autovía,Estatal,Ascendente,Seco y limpio,"Luz del día natural, solar",Despejado,,Nivel blanco,,Sin especificar,Sin especificar,Sin especificar,Sin especificar,Sin especificar,Sin especificar,Sin especificar,2016,8,DOMINGO,11,Mañana,Fines de semana
201.8,2,0,0,2524,03104,Curva sin señalizar,Carretera,Salida de la vía por la derecha con vuelco         ,,A-31,Autovía,Estatal,Descendente,Seco y limpio,"Luz del día natural, solar",Despejado,,Nivel blanco,,Sin especificar,Sin especificar,Sin especificar,Sin especificar,Sin especificar,Sin especificar,Sin especificar,2016,8,DOMINGO,16,Tarde,Fines de semana
,1,0,0,2525,03104,No aplica,Calle,Atropello a personas                               ,,No inventariada,Calle,Municipal,Se desconoce,Seco y limpio,"Luz del día natural, solar",Despejado,,Nivel verde,,No,No,No,No,No,No,No,2016,8,SÁBADO,12,Tarde,Fines de semana
,1,0,0,2526,03104,No aplica,Calle,Fronto-lateral                                     ,,No inventariada,Calle,Municipal,Se desconoce,Seco y limpio,"Luz del día natural, solar",Despejado,,Nivel verde,,No,No,No,No,No,Sí,No,2016,9,DOMINGO,11,Mañana,Fines de semana
,1,0,0,2527,03104,No aplica,Calle,Atropello a personas                               ,,No inventariada,Calle,Municipal,Se desconoce,Seco y limpio,"Luz del día natural, solar",Despejado,,Nivel verde,,No,No,No,No,No,No,No,2016,9,LUNES,18,Noche,Dias laborables
208.8,1,0,0,2528,03104,Recta,Carretera,Por alcance                                        ,A-31,A-31,Autovía,Estatal,Ascendente,Seco y limpio,Sin luz natural y con iluminación artificial no en,Despejado,,Nivel blanco,,No,No,No,No,No,Sí,No,2016,11,JUEVES,19,Noche,Dias laborables
,1,0,0,2529,03104,No aplica,Calle,Fronto-lateral                                     ,,No inventariada,Calle,Municipal,Se desconoce,Seco y limpio,Sin luz natural y con iluminación artificial encen,Despejado,,Nivel blanco,,No,No,No,No,No,Sí,No,2016,11,VIERNES,22,Noche,Dias laborables
202.0,1,0,0,2530,03104,Curva señalizada,Carretera,Por alcance                                        ,,A-31,Autovía,Estatal,Ascendente,Mojado,Sin luz natural ni artificial,Lluvia fuerte,,Nivel blanco,,Sin especificar,Sin especificar,Sin especificar,Sin especificar,Sin especificar,Sin especificar,Sin especificar,2016,12,LUNES,19,Noche,Dias laborables
,1,0,0,2531,03104,No aplica,Calle,Atropello a personas                               ,,No inventariada,Calle,Municipal,Se desconoce,Seco y limpio,"Luz del día natural, solar",Despejado,,Nivel blanco,,Sin especificar,Sin especificar,Sin especificar,Sin especificar,Sin especificar,Sin especificar,Sin especificar,2016,12,VIERNES,13,Tarde,Dias laborables
0.0,1,0,0,2532,03104,Curva sin señalizar,Carretera,Frontal                                            ,,ALMADRABA,Camino vecinal,"Provincial, Cabildo/Consell",Ambos,Mojado,"Luz del día natural, solar",Despejado,,Nivel blanco,,Sin especificar,Sin especificar,Sin especificar,Sin especificar,Sin especificar,Sin especificar,Sin especificar,2016,12,SÁBADO,12,Tarde,Fines de semana
199.8,1,0,0,2533,03104,Recta,Carretera,Lateral                                            ,,A-31,Autovía,Estatal,Descendente,Seco y limpio,"Luz del día natural, solar",Despejado,,Nivel blanco,,Sin especificar,Sin especificar,Sin especificar,Sin especificar,Sin especificar,Sin especificar,Sin especificar,2016,12,MIÉRCOLES,14,Tarde,Dias laborables
24.6,6,0,0,2534,03105,Recta,Carretera,Fronto-lateral                                     ,,CV-83,Carretera Convencional de calzada única,Autonómica,Ascendente,Seco y limpio,"Luz del día natural, solar",Despejado,,Nivel blanco,,No,No,No,Sí,No,No,Sí,2016,1,DOMINGO,10,Mañana,Fines de semana
25.4,1,0,0,2535,03105,Curva señalizada,Carretera,Salida de la vía por la izquierda con colisión     ,,CV-840,Carretera Convencional de calzada única,Autonómica,Descendente,Seco y limpio,"Luz del día natural, solar",Despejado,,Nivel blanco,,Sin especificar,Sin especificar,Sin especificar,Sin especificar,Sin especificar,Sin especificar,Sin especificar,2016,1,JUEVES,11,Mañana,Dias laborables
0.3,1,0,0,2536,03105,Recta,Carretera,Caída                                              ,,No inventariada,Camino vecinal,Municipal,Ascendente,Con barro o gravilla suelta,"Luz del día natural, solar",Despejado,,Nivel blanco,,No,No,No,No,No,No,No,2016,4,SÁBADO,13,Tarde,Fines de semana
,1,0,0,2537,00000,No aplica,Calle,Atropello a personas                               ,,No inventariada,Calle,Municipal,Se desconoce,Seco y limpio,"Luz del día natural, solar",Despejado,,Se desconoce,,No,No,No,No,No,No,Sí,2016,3,DOMINGO,19,Noche,Fines de semana
56.0,1,0,0,2538,00000,Recta,Carretera,Fronto-lateral                                     ,,CV-715,Carretera Convencional de calzada única,Autonómica,Ambos,Seco y limpio,"Luz del día natural, solar",Despejado,,Se desconoce,,No,No,No,Sí,No,No,No,2016,10,MARTES,9,Mañana,Dias laborables
2.1,0,0,1,2539,00000,Curva señalizada,Carretera,Fronto-lateral                                     ,CV-912,CV-911,Carretera Convencional de calzada única,Autonómica,Descendente,Seco y limpio,"Luz del día natural, solar",Nublado,,Nivel blanco,,No,No,No,No,No,Sí,No,2016,1,LUNES,9,Mañana,Dias laborables
3.1,1,0,0,2540,00000,Recta,Carretera,Por alcance                                        ,CV-91,CV-911,Carretera Convencional de calzada única,Autonómica,Ascendente,Seco y limpio,"Luz del día natural, solar",Despejado,,Nivel blanco,,No,No,No,No,No,Sí,No,2016,7,VIERNES,13,Tarde,Dias laborables
1.0,1,0,0,2541,00000,Recta,Carretera,Fronto-lateral                                     ,,CV-912,Carretera Convencional de calzada única,Autonómica,Descendente,Seco y limpio,Sin luz natural ni artificial,Despejado,,Nivel blanco,,No,No,No,No,No,No,Sí,2016,10,DOMINGO,7,Mañana,Fines de semana
2.1,1,0,0,2542,00000,Curva señalizada,Carretera,Salida de la vía por la izquierda con vuelco       ,,CV-912,Carretera Convencional de calzada única,Autonómica,Ascendente,Seco y limpio,"Amanecer o atardecer, sin luz artificial",Nublado,,Nivel blanco,,Sin especificar,Sin especificar,Sin especificar,Sin especificar,Sin especificar,Sin especificar,Sin especificar,2016,12,MIÉRCOLES,17,Tarde,Dias laborables
0.9,1,0,0,2543,03111,Curva sin señalizar,Carretera,Salida de la vía por la izquierda con colisión     ,,No inventariada,Camino vecinal,Municipal,Ascendente,Seco y limpio,Sin luz natural y con iluminación artificial encen,Despejado,,Nivel blanco,,Sin especificar,Sin especificar,Sin especificar,Sin especificar,Sin especificar,Sin especificar,Sin especificar,2016,1,DOMINGO,4,Madrugada,Fines de semana
,1,0,0,2544,03111,No aplica,Calle,Frontal                                            ,,No inventariada,Calle,Municipal,Se desconoce,Seco y limpio,"Luz del día natural, solar",Despejado,,Nivel verde,,Sin especificar,Sin especificar,Sin especificar,Sin especificar,Sin especificar,Sin especificar,Sin especificar,2016,2,MIÉRCOLES,9,Mañana,Dias laborables
2.8,1,0,0,2545,03111,Curva señalizada,Carretera,Vuelco                                             ,,CV-900,Carretera Convencional de calzada única,Autonómica,Descendente,Seco y limpio,"Luz del día natural, solar",Despejado,,Nivel blanco,,No,No,No,No,No,Sí,No,2016,3,SÁBADO,13,Tarde,Fines de semana
0.1,2,0,0,2546,03111,Curva señalizada,Carretera,Salida de la vía por la derecha con colisión       ,,CAMINO,Vía para automóviles,Autonómica,Descendente,Seco y limpio,"Luz del día natural, solar",Despejado,,Nivel blanco,,Sin especificar,Sin especificar,Sin especificar,Sin especificar,Sin especificar,Sin especificar,Sin especificar,2016,6,DOMINGO,17,Tarde,Fines de semana
,1,0,0,2547,03111,No aplica,Calle,Salida de la vía por la derecha con colisión       ,,No inventariada,Calle,Municipal,Se desconoce,Seco y limpio,"Luz del día natural, solar",Despejado,,Nivel blanco,,No,No,No,No,No,Sí,No,2016,3,MARTES,13,Tarde,Dias laborables
,1,0,0,2548,03111,No aplica,Calle,Lateral                                            ,,No inventariada,Otro,Municipal,Se desconoce,Seco y limpio,"Luz del día natural, solar",Despejado,,Nivel blanco,,No,No,No,No,No,No,No,2016,4,SÁBADO,12,Tarde,Fines de semana
,1,0,0,2549,03111,No aplica,Calle,Atropello a personas                               ,,No inventariada,Calle,Otra,Se desconoce,Mojado,"Luz del día natural, solar",Lluvia débil,,Nivel blanco,,No,No,No,No,No,No,No,2016,10,JUEVES,8,Mañana,Dias laborables
692.0,1,0,0,2550,03111,Curva sin señalizar,Carretera,Atropello a personas                               ,,N-340,Carretera Convencional de calzada única,Estatal,Descendente,Seco y limpio,Sin luz natural y con iluminación artificial no en,Despejado,,Nivel blanco,,Sin especificar,Sin especificar,Sin especificar,Sin especificar,Sin especificar,Sin especificar,Sin especificar,2016,11,MARTES,18,Noche,Dias laborables
,1,0,0,2551,03111,No aplica,Calle,Lateral                                            ,,No inventariada,Calle,Municipal,Se desconoce,Seco y limpio,"Luz del día natural, solar",Despejado,,Sin especificar,,Sin especificar,Sin especificar,Sin especificar,Sin especificar,Sin especificar,Sin especificar,Sin especificar,2016,9,VIERNES,18,Noche,Dias laborables
27.25,1,0,0,2552,00000,Curva señalizada,Carretera,Salida de la vía por la derecha otro tipo          ,,CV-775,Carretera Convencional de calzada única,Autonómica,Ascendente,Seco y limpio,"Luz del día natural, solar",Despejado,,Nivel blanco,,Sin especificar,Sin especificar,Sin especificar,Sin especificar,Sin especificar,Sin especificar,Sin especificar,2016,10,MIÉRCOLES,9,Mañana,Dias laborables
3.9,1,0,0,2553,03113,Curva señalizada,Carretera,Fronto-lateral                                     ,,CV-905,Carretera Convencional de doble calzada,Autonómica,Ascendente,Seco y limpio,"Luz del día natural, solar",Despejado,,Nivel verde,,No,No,No,No,No,No,No,2016,2,VIERNES,17,Tarde,Dias laborables
1.1,1,0,0,2554,03113,Recta,Carretera,Fronto-lateral                                     ,,CV-905,Carretera Convencional de doble calzada,Autonómica,Ascendente,Seco y limpio,"Luz del día natural, solar",Despejado,,Nivel blanco,,No,No,No,No,No,Sí,No,2016,4,LUNES,8,Mañana,Dias laborables
3.1,1,0,0,2555,03113,Recta,Carretera,Por alcance                                        ,,CV-895,Carretera Convencional de calzada única,Autonómica,Ascendente,Seco y limpio,"Luz del día natural, solar",Despejado,,Nivel blanco,,No,No,No,No,No,No,No,2016,4,VIERNES,19,Noche,Dias laborables
1.3,1,0,0,2556,03113,Recta,Carretera,Fronto-lateral                                     ,,No inventariada,Carretera Convencional de calzada única,Autonómica,Ambos,Seco y limpio,"Luz del día natural, solar",Despejado,,Nivel blanco,,No,No,No,No,No,No,No,2016,5,MIÉRCOLES,13,Tarde,Dias laborables
1.0,1,0,0,2557,03113,Curva señalizada,Carretera,Fronto-lateral                                     ,,CV-905,Carretera Convencional de doble calzada,Autonómica,Descendente,Seco y limpio,"Luz del día natural, solar",Despejado,,Nivel verde,,No,No,Sí,No,No,Sí,No,2016,6,JUEVES,16,Tarde,Dias laborables
,1,0,0,2558,03113,No aplica,Calle,Fronto-lateral                                     ,,No inventariada,Calle,Municipal,Se desconoce,Seco y limpio,Sin luz natural y con iluminación artificial encen,Despejado,,Nivel blanco,,No,No,No,No,No,Sí,No,2016,2,JUEVES,20,Noche,Dias laborables
3.8,2,0,0,2559,03113,Recta,Carretera,Colisión contra obstáculo o elemento de la vía     ,,No inventariada,Vía ciclista,Autonómica,Ambos,Seco y limpio,"Luz del día natural, solar",Despejado,,Nivel blanco,,Sin especificar,Sin especificar,Sin especificar,Sin especificar,Sin especificar,Sin especificar,Sin especificar,2016,7,DOMINGO,11,Mañana,Fines de semana
3.3,7,0,0,2560,03113,Curva señalizada,Carretera,Múltiple o en caravana                             ,1.0,CV-895,Carretera Convencional de calzada única,Autonómica,Ascendente,Seco y limpio,"Luz del día natural, solar",Despejado,,Nivel blanco,,No,No,No,Sí,No,No,Sí,2016,7,VIERNES,14,Tarde,Dias laborables
0.0,1,0,0,2561,03113,Curva sin señalizar,Carretera,Caída                                              ,,C. ASENSIO,Camino vecinal,Municipal,Ambos,Con barro o gravilla suelta,"Luz del día natural, solar",Despejado,,Nivel blanco,,Sin especificar,Sin especificar,Sin especificar,Sin especificar,Sin especificar,Sin especificar,Sin especificar,2016,7,MARTES,8,Mañana,Dias laborables
17.5,1,0,0,2562,03113,Curva señalizada,Carretera,Fronto-lateral                                     ,,CV-920,Carretera Convencional de calzada única,Autonómica,Ascendente,Seco y limpio,"Luz del día natural, solar",Nublado,,Nivel blanco,,No,No,No,No,No,Sí,No,2016,8,JUEVES,9,Mañana,Dias laborables
3.4,1,0,0,2563,03113,Recta,Carretera,Colisión contra obstáculo o elemento de la vía     ,,No inventariada,Vía ciclista,Autonómica,Descendente,Seco y limpio,"Luz del día natural, solar",Despejado,,Nivel blanco,,Sin especificar,Sin especificar,Sin especificar,Sin especificar,Sin especificar,Sin especificar,Sin especificar,2016,9,MARTES,16,Tarde,Dias laborables
3.0,1,0,0,2564,03113,Recta,Carretera,Fronto-lateral                                     ,,CV-905A,Carretera Convencional de calzada única,Autonómica,Ascendente,Mojado,Sin luz natural y con iluminación artificial no en,Nublado,,Nivel blanco,,Sin especificar,Sin especificar,Sin especificar,Sin especificar,Sin especificar,Sin especificar,Sin especificar,2016,11,MIÉRCOLES,8,Mañana,Dias laborables
18.0,1,0,0,2565,03113,Recta,Carretera,Por alcance                                        ,,CV-91,Carretera Convencional de calzada única,Autonómica,Ascendente,Seco y limpio,"Luz del día natural, solar",Despejado,,Nivel negro,,Sin especificar,Sin especificar,Sin especificar,Sin especificar,Sin especificar,Sin especificar,Sin especificar,2016,12,VIERNES,12,Tarde,Dias laborables
7.02,2,0,0,2566,00000,Curva señalizada,Carretera,Salida de la vía por la derecha otro tipo          ,,CV-840,Carretera Convencional de calzada única,Autonómica,Ascendente,Seco y limpio,"Luz del día natural, solar",Despejado,,Nivel blanco,,No,No,No,No,No,Sí,No,2016,2,JUEVES,10,Mañana,Dias laborables
3.2,1,0,0,2567,00000,Curva señalizada,Carretera,Salida de la vía por la derecha con vuelco         ,,CV-834,Carretera Convencional de calzada única,"Provincial, Cabildo/Consell",Descendente,Mojado,"Luz del día natural, solar",Lluvia débil,,Nivel blanco,,Sin especificar,Sin especificar,Sin especificar,Sin especificar,Sin especificar,Sin especificar,Sin especificar,2016,4,VIERNES,11,Mañana,Dias laborables
5.5,1,0,0,2568,00000,Curva señalizada,Carretera,Salida de la vía por la izquierda con vuelco       ,,CV-840,Carretera Convencional de calzada única,Autonómica,Ascendente,Mojado,"Luz del día natural, solar",Lluvia débil,,Nivel blanco,,Sin especificar,Sin especificar,Sin especificar,Sin especificar,Sin especificar,Sin especificar,Sin especificar,2016,5,MARTES,11,Mañana,Dias laborables
7.8,1,0,0,2569,00000,Curva señalizada,Carretera,Fronto-lateral                                     ,,CV-846,Carretera Convencional de calzada única,"Provincial, Cabildo/Consell",Ambos,Seco y limpio,"Luz del día natural, solar",Despejado,,Nivel blanco,,No,No,No,No,No,No,No,2016,5,SÁBADO,19,Noche,Fines de semana
1.55,1,0,0,2570,00000,Curva señalizada,Carretera,Salida de la vía por la derecha con colisión       ,,CV-844,Carretera Convencional de calzada única,"Provincial, Cabildo/Consell",Descendente,Seco y limpio,"Luz del día natural, solar",Despejado,,Nivel blanco,,Sin especificar,Sin especificar,Sin especificar,Sin especificar,Sin especificar,Sin especificar,Sin especificar,2016,9,DOMINGO,12,Tarde,Fines de semana
3.0,1,0,0,2571,00000,Curva señalizada,Carretera,Salida de la vía por la derecha con vuelco         ,,CV-834,Carretera Convencional de calzada única,"Provincial, Cabildo/Consell",Descendente,Mojado,"Luz del día natural, solar",Lluvia débil,,Nivel blanco,,Sin especificar,Sin especificar,Sin especificar,Sin especificar,Sin especificar,Sin especificar,Sin especificar,2016,10,JUEVES,11,Mañana,Dias laborables
7.0,2,0,0,2572,00000,Recta,Carretera,Fronto-lateral                                     ,CV-846,CV-840,Carretera Convencional de calzada única,Autonómica,Descendente,Seco y limpio,"Luz del día natural, solar",Despejado,,Nivel blanco,,No,No,No,No,No,Sí,No,2016,11,MARTES,16,Tarde,Dias laborables
12.5,1,0,0,2573,00000,Curva señalizada,Carretera,Caída                                              ,,CV-715,Carretera Convencional de calzada única,Autonómica,Descendente,Seco y limpio,"Luz del día natural, solar",Despejado,,Nivel blanco,,Sin especificar,Sin especificar,Sin especificar,Sin especificar,Sin especificar,Sin especificar,Sin especificar,2016,7,SÁBADO,12,Tarde,Fines de semana
159.0,1,0,0,2574,00000,Recta,Carretera,Caída                                              ,,CV-830,Carretera Convencional de doble calzada,Autonómica,Ascendente,Con barro o gravilla suelta,"Luz del día natural, solar",Despejado,,Nivel blanco,,Sin especificar,Sin especificar,Sin especificar,Sin especificar,Sin especificar,Sin especificar,Sin especificar,2016,4,JUEVES,9,Mañana,Dias laborables
3.6,6,0,0,2575,03118,Recta,Carretera,Por alcance                                        ,,CV-859,Carretera Convencional de calzada única,"Provincial, Cabildo/Consell",Ascendente,Seco y limpio,Sin luz natural ni artificial,Nublado,Niebla ligera,Nivel blanco,,Sin especificar,Sin especificar,Sin especificar,Sin especificar,Sin especificar,Sin especificar,Sin especificar,2016,2,JUEVES,1,Madrugada,Dias laborables
74.1,2,0,0,2576,03118,Recta,Carretera,Por alcance                                        ,,N-332,Carretera Convencional de calzada única,Estatal,Ascendente,Seco y limpio,"Luz del día natural, solar",Despejado,,Nivel blanco,,Sin especificar,Sin especificar,Sin especificar,Sin especificar,Sin especificar,Sin especificar,Sin especificar,2016,2,VIERNES,15,Tarde,Dias laborables
7.5,1,0,0,2577,03118,Curva señalizada,Carretera,Por alcance                                        ,N-332,CV-860,Carretera Convencional de calzada única,Autonómica,Descendente,Seco y limpio,"Luz del día natural, solar",Despejado,,Nivel blanco,,No,No,Sí,No,No,No,No,2016,3,VIERNES,12,Tarde,Dias laborables
7.0,1,2,1,2578,03118,Recta,Carretera,Frontal                                            ,,CV-859,Carretera Convencional de calzada única,"Provincial, Cabildo/Consell",Descendente,Seco y limpio,"Luz del día natural, solar",Despejado,,Nivel blanco,,Sin especificar,Sin especificar,Sin especificar,Sin especificar,Sin especificar,Sin especificar,Sin especificar,2016,3,LUNES,13,Tarde,Dias laborables
,1,0,0,2579,03118,No aplica,Calle,Salida de la vía por la derecha con colisión       ,,No inventariada,Calle,Municipal,Se desconoce,Seco y limpio,"Luz del día natural, solar",Despejado,,Nivel verde,,Sin especificar,Sin especificar,Sin especificar,Sin especificar,Sin especificar,Sin especificar,Sin especificar,2016,2,SÁBADO,14,Tarde,Fines de semana
73.9,2,0,0,2580,03118,Recta,Carretera,Por alcance                                        ,N-332,N-332,Carretera Convencional de calzada única,Estatal,Descendente,Seco y limpio,"Luz del día natural, solar",Despejado,,Nivel blanco,,No,No,No,No,No,Sí,No,2016,8,SÁBADO,20,Noche,Fines de semana
4.5,1,0,0,2581,03118,Curva señalizada,Carretera,Fronto-lateral                                     ,,CV-859,Carretera Convencional de calzada única,"Provincial, Cabildo/Consell",Descendente,Seco y limpio,"Luz del día natural, solar",Despejado,,Nivel blanco,,No,No,No,No,No,No,No,2016,9,MIÉRCOLES,12,Tarde,Dias laborables
74.0,2,0,0,2582,03118,Recta,Carretera,Por alcance                                        ,,N-332,Carretera Convencional de calzada única,Estatal,Ascendente,Seco y limpio,"Luz del día natural, solar",Nublado,,Nivel blanco,,No,No,No,No,No,Sí,No,2016,9,MARTES,14,Tarde,Dias laborables
3.3,1,0,0,2583,03118,Recta,Carretera,Por alcance                                        ,,CV-859,Carretera Convencional de calzada única,"Provincial, Cabildo/Consell",Ascendente,Seco y limpio,"Luz del día natural, solar",Despejado,,Nivel blanco,,Sin especificar,Sin especificar,Sin especificar,Sin especificar,Sin especificar,Sin especificar,Sin especificar,2016,11,MARTES,10,Mañana,Dias laborables
,1,0,0,2584,03118,No aplica,Calle,Fronto-lateral                                     ,,No inventariada,Calle,Municipal,Se desconoce,Seco y limpio,"Luz del día natural, solar",Despejado,,Nivel blanco,,No,No,No,No,No,Sí,No,2016,4,JUEVES,14,Tarde,Dias laborables
,2,0,0,2585,03118,No aplica,Calle,Fronto-lateral                                     ,,No inventariada,Calle,Municipal,Se desconoce,Seco y limpio,"Luz del día natural, solar",Despejado,,Nivel blanco,,No,No,No,No,No,Sí,No,2016,8,JUEVES,14,Tarde,Dias laborables
,2,0,0,2586,03118,No aplica,Calle,Fronto-lateral                                     ,,No inventariada,Calle,Municipal,Se desconoce,Seco y limpio,"Luz del día natural, solar",Despejado,,Nivel blanco,,No,No,No,No,No,Sí,No,2016,10,DOMINGO,11,Mañana,Fines de semana
,1,0,0,2587,03118,No aplica,Calle,Atropello a personas                               ,,No inventariada,Calle,Municipal,Se desconoce,Seco y limpio,Sin luz natural y con iluminación artificial encen,Despejado,,Nivel blanco,,No,No,No,No,No,Sí,No,2016,11,VIERNES,21,Noche,Dias laborables
,1,0,0,2588,03118,No aplica,Calle,Salida de la vía por la derecha con colisión       ,,No inventariada,Calle,Municipal,Se desconoce,Seco y limpio,"Luz del día natural, solar",Despejado,,Nivel blanco,,Sin especificar,Sin especificar,Sin especificar,Sin especificar,Sin especificar,Sin especificar,Sin especificar,2016,11,MARTES,10,Mañana,Dias laborables
,4,0,0,2589,03119,No aplica,Calle,Lateral                                            ,,No inventariada,Calle,Municipal,Se desconoce,Seco y limpio,"Luz del día natural, solar",Nublado,,Se desconoce,,No,No,No,No,No,No,No,2016,1,LUNES,11,Mañana,Dias laborables
7.5,1,0,0,2590,03119,Curva señalizada,Carretera,Salida de la vía por la derecha con colisión       ,,CV-821,Carretera Convencional de doble calzada,Autonómica,Ascendente,Mojado,"Luz del día natural, solar",Nublado,,Nivel blanco,,No,No,No,No,No,No,No,2016,1,VIERNES,13,Tarde,Dias laborables
,2,0,0,2591,03119,No aplica,Calle,Fronto-lateral                                     ,,No inventariada,Calle,Municipal,Se desconoce,Seco y limpio,"Luz del día natural, solar",Despejado,,Se desconoce,,No,No,No,No,No,Sí,No,2016,1,DOMINGO,10,Mañana,Fines de semana
7.3,2,0,0,2592,03119,Recta,Carretera,Por alcance                                        ,,CV-821,Carretera Convencional de doble calzada,Autonómica,Ascendente,Seco y limpio,"Luz del día natural, solar",Despejado,,Nivel blanco,,No,No,No,No,No,No,No,2016,2,VIERNES,16,Tarde,Dias laborables
,0,1,0,2593,03119,No aplica,Calle,Lateral                                            ,,No inventariada,Calle,Municipal,Se desconoce,Seco y limpio,"Luz del día natural, solar",Despejado,,Nivel blanco,,No,No,No,No,No,No,No,2016,3,MIÉRCOLES,14,Tarde,Dias laborables
,1,0,0,2594,03119,No aplica,Calle,Atropello a personas                               ,,No inventariada,Calle,Municipal,Se desconoce,Seco y limpio,"Amanecer o atardecer, con luz artificial",Despejado,,Nivel verde,,No,No,No,No,No,No,No,2016,3,MIÉRCOLES,19,Noche,Dias laborables
,1,0,0,2595,03119,No aplica,Calle,Atropello a personas                               ,,No inventariada,Vía de servicio,Municipal,Se desconoce,Seco y limpio,"Luz del día natural, solar",Despejado,,Nivel blanco,,No,No,No,No,No,No,No,2016,3,SÁBADO,16,Tarde,Fines de semana
2.0,1,0,0,2596,03119,Recta,Carretera,Otro tipo de accidente                             ,,A-70,Autovía,Estatal,Descendente,Seco y limpio,"Luz del día natural, solar",Despejado,,Nivel blanco,,Sin especificar,Sin especificar,Sin especificar,Sin especificar,Sin especificar,Sin especificar,Sin especificar,2016,4,MIÉRCOLES,16,Tarde,Dias laborables
,2,0,0,2597,03119,No aplica,Calle,Salida de la vía por la derecha con colisión       ,,No inventariada,Recinto delimitado,Municipal,Se desconoce,Seco y limpio,"Luz del día natural, solar",Despejado,,Nivel blanco,,No,No,No,No,No,No,No,2016,4,SÁBADO,8,Mañana,Fines de semana
,1,0,0,2598,03119,No aplica,Calle,Atropello a personas                               ,,No inventariada,Calle,Municipal,Se desconoce,Seco y limpio,"Amanecer o atardecer, sin luz artificial",Despejado,,Se desconoce,,Sin especificar,Sin especificar,Sin especificar,Sin especificar,Sin especificar,Sin especificar,Sin especificar,2016,4,VIERNES,17,Tarde,Dias laborables
,1,0,0,2599,03119,No aplica,Calle,Múltiple o en caravana                             ,,No inventariada,Calle,Municipal,Se desconoce,Mojado,"Luz del día natural, solar",Lluvia débil,,Se desconoce,,No,No,No,No,No,No,No,2016,5,LUNES,10,Mañana,Dias laborables
,0,1,0,2600,03119,No aplica,Calle,Otro tipo de accidente                             ,,No inventariada,Vía de servicio,Municipal,Se desconoce,Seco y limpio,"Luz del día natural, solar",Despejado,,Se desconoce,,No,No,No,No,No,No,Sí,2016,5,SÁBADO,12,Tarde,Fines de semana
0.0,1,0,0,2601,03119,Recta,Carretera,Salida de la vía por la derecha con colisión       ,,CV-821,Carretera Convencional de doble calzada,Autonómica,Ascendente,Seco y limpio,Sin luz natural y con iluminación artificial encen,Despejado,,Se desconoce,,No,No,No,No,No,No,No,2016,5,MARTES,22,Noche,Dias laborables
7.3,1,0,0,2602,03119,Curva señalizada,Carretera,Fronto-lateral                                     ,N-332,CV-821,Carretera Convencional de doble calzada,Autonómica,Descendente,Seco y limpio,"Luz del día natural, solar",Despejado,,Nivel blanco,,No,No,No,No,No,Sí,No,2016,6,LUNES,7,Mañana,Dias laborables