KM,TOTAL_HL24H,TOTAL_HG24H,TOTAL_MU24H,id,COD_MUNICIPIO,TRAZADO_PLANTA,ZONA,TIPO_ACCIDENTE,CARRETERA_CRUCE,CARRETERA,TIPO_VIA,TITULARIDAD_VIA,SENTIDO_1F,CONDICION_FIRME,CONDICION_ILUMINACION,CONDICION_METEO,CONDICION_NIEBLA,CONDICION_NIVEL_CIRCULA,CONDICION_VIENTO,PRIORI_AGENTE,PRIORI_CIRCUNSTANCIAL,PRIORI_HORIZ_CEDA,PRIORI_HORIZ_STOP,PRIORI_SEMAFORO,PRIORI_VERT_CEDA,PRIORI_VERT_STOP,ANYO,MES,DIA,HORA,FRANJA_HORARIA,TIPO_DIA
,2,0,0,2690,03122,No aplica,Calle,Atropello a personas                               ,,No inventariada,Calle,Municipal,Se desconoce,Seco y limpio,"Amanecer o atardecer, sin luz artificial",Despejado,,Nivel blanco,,Sin especificar,Sin especificar,Sin especificar,Sin especificar,Sin especificar,Sin especificar,Sin especificar,2016,6,MIÉRCOLES,21,Noche,Dias laborables
,2,0,0,2691,03122,No aplica,Calle,Fronto-lateral                                     ,,No inventariada,Calle,Municipal,Se desconoce,Seco y limpio,"Luz del día natural, solar",Despejado,,Nivel blanco,,No,No,No,No,No,No,Sí,2016,7,MARTES,10,Mañana,Dias laborables
3.5,1,0,0,2692,03122,Curva señalizada,Carretera,Salida de la vía por la derecha con colisión       ,CV-822,CV-821,Carretera Convencional de doble calzada,Autonómica,Ascendente,Seco y limpio,"Luz del día natural, solar",Despejado,,Nivel blanco,,No,No,No,No,No,Sí,No,2016,8,MIÉRCOLES,16,Tarde,Dias laborables
483.7,1,0,0,2693,03122,Curva señalizada,Carretera,"Salida de la vía por la izquierda, otro tipo       ",,A-7,Autovía,Estatal,Descendente,Seco y limpio,"Luz del día natural, solar",Despejado,,Nivel blanco,,Sin especificar,Sin especificar,Sin especificar,Sin especificar,Sin especificar,Sin especificar,Sin especificar,2016,8,LUNES,17,Tarde,Dias laborables
,1,0,0,2694,03122,No aplica,Calle,Atropello a personas                               ,,No inventariada,Calle,Municipal,Se desconoce,Seco y limpio,"Luz del día natural, solar",Despejado,,Nivel blanco,,No,No,Sí,No,No,Sí,No,2016,7,VIERNES,11,Mañana,Dias laborables
,0,1,0,2695,03122,No aplica,Calle,"Salida de la vía por la izquierda, otro tipo       ",,No inventariada,Otro,Municipal,Se desconoce,Seco y limpio,"Luz del día natural, solar",Despejado,,Nivel blanco,,Sin especificar,Sin especificar,Sin especificar,Sin especificar,Sin especificar,Sin especificar,Sin especificar,2016,9,DOMINGO,11,Mañana,Fines de semana
,1,0,0,2696,03122,No aplica,Calle,Salida de la vía por la derecha con colisión       ,,No inventariada,Calle,Municipal,Se desconoce,Mojado,"Luz del día natural, solar",Lluvia débil,,Nivel blanco,,No,No,No,No,No,No,No,2016,8,MARTES,13,Tarde,Dias laborables
,1,0,0,2697,03122,No aplica,Calle,Atropello a personas                               ,,No inventariada,Calle,Municipal,Se desconoce,Seco y limpio,"Luz del día natural, solar",Despejado,,Nivel verde,,No,No,No,No,No,No,No,2016,10,JUEVES,10,Mañana,Dias laborables
,1,0,0,2698,03122,No aplica,Calle,Atropello a personas                               ,,No inventariada,Calle,Municipal,Se desconoce,Seco y limpio,"Luz del día natural, solar",Despejado,,Nivel blanco,,Sin especificar,Sin especificar,Sin especificar,Sin especificar,Sin especificar,Sin especificar,Sin especificar,2016,10,MIÉRCOLES,11,Mañana,Dias laborables
,1,0,0,2699,03122,No aplica,Calle,Otro tipo de accidente                             ,,No inventariada,Calle,Municipal,Se desconoce,Seco y limpio,"Luz del día natural, solar",Despejado,,Nivel verde,,Sin especificar,Sin especificar,Sin especificar,Sin especificar,Sin especificar,Sin especificar,Sin especificar,2016,10,LUNES,12,Tarde,Dias laborables
,1,0,0,2700,03122,No aplica,Calle,Atropello a personas                               ,,No inventariada,Calle,Municipal,Se desconoce,Mojado,"Luz del día natural, solar",Nublado,,Nivel verde,,Sin especificar,Sin especificar,Sin especificar,Sin especificar,Sin especificar,Sin especificar,Sin especificar,2016,10,MARTES,9,Mañana,Dias laborables
,2,0,0,2701,03122,No aplica,Calle,Caída                                              ,,No inventariada,Calle,Municipal,Se desconoce,Seco y limpio,"Luz del día natural, solar",Despejado,,Nivel blanco,,No,No,Sí,No,No,Sí,No,2016,11,JUEVES,11,Mañana,Dias laborables
,2,0,0,2702,03122,No aplica,Calle,Por alcance                                        ,,No inventariada,Calle,Municipal,Se desconoce,Seco y limpio,"Luz del día natural, solar",Despejado,,Nivel verde,,Sin especificar,Sin especificar,Sin especificar,Sin especificar,Sin especificar,Sin especificar,Sin especificar,2016,11,SÁBADO,12,Tarde,Fines de semana
,1,0,0,2703,03122,No aplica,Calle,Fronto-lateral                                     ,,No inventariada,Calle,Municipal,Se desconoce,Seco y limpio,"Luz del día natural, solar",Se desconoce,,Sin especificar,,No,No,Sí,No,No,Sí,No,2016,11,MARTES,12,Tarde,Dias laborables
0.5,1,0,0,2704,03122,Curva señalizada,Carretera,Otro tipo de accidente                             ,A-70,A-77a,Autovía,Estatal,Ascendente,Seco y limpio,"Luz del día natural, solar",Despejado,,Nivel blanco,,No,No,Sí,No,No,Sí,No,2016,11,VIERNES,10,Mañana,Dias laborables
,0,1,0,2705,03122,No aplica,Calle,Atropello a personas                               ,,No inventariada,Calle,Municipal,Se desconoce,Seco y limpio,Sin luz natural y con iluminación artificial no en,Despejado,,Sin especificar,,Sin especificar,Sin especificar,Sin especificar,Sin especificar,Sin especificar,Sin especificar,Sin especificar,2016,11,MARTES,21,Noche,Dias laborables
,1,0,0,2706,03122,No aplica,Calle,Fronto-lateral                                     ,,No inventariada,Calle,Municipal,Se desconoce,Mojado,"Luz del día natural, solar",Lluvia débil,,Nivel blanco,,No,No,No,No,No,Sí,No,2016,11,MIÉRCOLES,8,Mañana,Dias laborables
,1,0,0,2707,03122,No aplica,Calle,Fronto-lateral                                     ,,No inventariada,Calle,Municipal,Se desconoce,Seco y limpio,"Luz del día natural, solar",Despejado,,Nivel blanco,,No,No,No,No,No,Sí,No,2016,12,JUEVES,13,Tarde,Dias laborables
,1,0,0,2708,03122,No aplica,Calle,Salida de la vía por la derecha otro tipo          ,,No inventariada,Calle,Municipal,Se desconoce,Mojado,"Luz del día natural, solar",Lluvia débil,,Nivel verde,,No,No,Sí,No,No,Sí,No,2016,12,LUNES,12,Tarde,Dias laborables
,1,0,0,2709,03122,No aplica,Calle,Fronto-lateral                                     ,,No inventariada,Calle,Municipal,Se desconoce,Mojado,"Luz del día natural, solar",Lluvia fuerte,,Sin especificar,,No,No,No,No,No,Sí,No,2016,12,DOMINGO,10,Mañana,Fines de semana
0.1,1,0,0,2710,03122,Curva señalizada,Carretera,Lateral                                            ,A-77a,A-77a,Autovía,Estatal,Descendente,Mojado,Sin luz natural y con iluminación artificial encen,Lluvia débil,,Nivel blanco,,No,No,Sí,No,No,Sí,No,2016,12,JUEVES,20,Noche,Dias laborables
15.1,1,0,0,2711,03123,Recta,Carretera,Por alcance                                        ,,CV-830,Carretera Convencional de calzada única,Autonómica,Descendente,Seco y limpio,Sin luz natural ni artificial,Despejado,,Nivel blanco,,Sin especificar,Sin especificar,Sin especificar,Sin especificar,Sin especificar,Sin especificar,Sin especificar,2016,2,VIERNES,20,Noche,Dias laborables
196.0,1,0,0,2712,03123,Recta,Carretera,Por alcance                                        ,,A-31,Autovía,Estatal,Ascendente,Seco y limpio,"Amanecer o atardecer, sin luz artificial",Despejado,,Nivel amarillo,,Sin especificar,Sin especificar,Sin especificar,Sin especificar,Sin especificar,Sin especificar,Sin especificar,2016,3,MIÉRCOLES,19,Noche,Dias laborables
,1,0,0,2713,03123,No aplica,Calle,Colisión contra obstáculo o elemento de la vía     ,,No inventariada,Otro,Otra,Se desconoce,Seco y limpio,Sin luz natural ni artificial,Despejado,,Nivel blanco,,No,No,No,No,No,No,Sí,2016,5,DOMINGO,5,Madrugada,Fines de semana
192.0,1,0,0,2714,03123,Recta,Carretera,Salida de la vía por la izquierda con vuelco       ,,A-31,Autovía,Estatal,Descendente,Seco y limpio,"Luz del día natural, solar",Despejado,,Nivel blanco,,Sin especificar,Sin especificar,Sin especificar,Sin especificar,Sin especificar,Sin especificar,Sin especificar,2016,5,DOMINGO,8,Mañana,Fines de semana
191.3,1,0,0,2715,03123,Curva señalizada,Carretera,Salida de la vía por la izquierda con colisión     ,,A-31,Autovía,Estatal,Descendente,Seco y limpio,"Luz del día natural, solar",Despejado,,Nivel blanco,,Sin especificar,Sin especificar,Sin especificar,Sin especificar,Sin especificar,Sin especificar,Sin especificar,2016,7,MARTES,14,Tarde,Dias laborables
,5,0,0,2716,03123,No aplica,Calle,Fronto-lateral                                     ,,No inventariada,Calle,Municipal,Se desconoce,Seco y limpio,"Luz del día natural, solar",Despejado,,Nivel verde,,No,No,No,No,No,Sí,No,2016,3,SÁBADO,10,Mañana,Fines de semana
,0,1,0,2717,03123,No aplica,Calle,Atropello a personas                               ,,No inventariada,Calle,Municipal,Se desconoce,Seco y limpio,"Luz del día natural, solar",Despejado,,Nivel amarillo,,Sin especificar,Sin especificar,Sin especificar,Sin especificar,Sin especificar,Sin especificar,Sin especificar,2016,5,LUNES,9,Mañana,Dias laborables
197.2,2,0,0,2718,03123,Recta,Carretera,Lateral                                            ,,A-31,Autovía,Estatal,Ascendente,Seco y limpio,"Luz del día natural, solar",Despejado,,Nivel blanco,,Sin especificar,Sin especificar,Sin especificar,Sin especificar,Sin especificar,Sin especificar,Sin especificar,2016,7,DOMINGO,12,Tarde,Fines de semana
0.0,1,0,0,2719,03123,Recta,Carretera,Caída                                              ,,No inventariada,Vía ciclista,Autonómica,Ambos,Seco y limpio,"Luz del día natural, solar",Despejado,,Nivel blanco,,Sin especificar,Sin especificar,Sin especificar,Sin especificar,Sin especificar,Sin especificar,Sin especificar,2016,8,VIERNES,10,Mañana,Dias laborables
191.5,2,0,0,2720,03123,Recta,Carretera,Lateral                                            ,,AP-7,Autopista de peaje,Otra,Descendente,Seco y limpio,"Luz del día natural, solar",Despejado,,Nivel blanco,,Sin especificar,Sin especificar,Sin especificar,Sin especificar,Sin especificar,Sin especificar,Sin especificar,2016,8,LUNES,17,Tarde,Dias laborables
196.85,0,0,1,2721,03123,Curva sin señalizar,Carretera,Salida de la vía por la derecha con vuelco         ,,A-31,Autovía,Estatal,Ascendente,Seco y limpio,Sin luz natural ni artificial,Despejado,,Nivel blanco,,Sin especificar,Sin especificar,Sin especificar,Sin especificar,Sin especificar,Sin especificar,Sin especificar,2016,10,DOMINGO,5,Madrugada,Fines de semana
191.1,6,0,0,2722,03123,Recta,Carretera,Múltiple o en caravana                             ,,A-31,Autovía,Estatal,Ascendente,Seco y limpio,Sin luz natural ni artificial,Despejado,,Nivel verde,,Sin especificar,Sin especificar,Sin especificar,Sin especificar,Sin especificar,Sin especificar,Sin especificar,2016,11,DOMINGO,21,Noche,Fines de semana
15.2,1,0,0,2723,03123,Recta,Carretera,Frontal                                            ,,CV-830,Carretera Convencional de calzada única,Autonómica,Descendente,Seco y limpio,"Luz del día natural, solar",Despejado,,Nivel blanco,,Sin especificar,Sin especificar,Sin especificar,Sin especificar,Sin especificar,Sin especificar,Sin especificar,2016,11,VIERNES,9,Mañana,Dias laborables
197.5,2,0,0,2724,03123,Recta,Carretera,Por alcance                                        ,,A-31,Autovía,Estatal,Ascendente,Mojado,Sin luz natural ni artificial,Lluvia fuerte,,Nivel verde,,Sin especificar,Sin especificar,Sin especificar,Sin especificar,Sin especificar,Sin especificar,Sin especificar,2016,12,LUNES,18,Noche,Dias laborables
199.0,1,0,0,2725,03123,Curva señalizada,Carretera,Salida de la vía por la derecha con vuelco         ,,A-31,Autovía,Estatal,Ascendente,Mojado,Sin luz natural ni artificial,Lluvia débil,,Nivel blanco,,Sin especificar,Sin especificar,Sin especificar,Sin especificar,Sin especificar,Sin especificar,Sin especificar,2016,12,LUNES,0,Madrugada,Dias laborables
26.5,1,0,0,2726,00000,Recta,Carretera,Salida de la vía por la izquierda con colisión     ,,CV-770,Carretera Convencional de calzada única,"Provincial, Cabildo/Consell",Descendente,Seco y limpio,"Luz del día natural, solar",Despejado,,Nivel blanco,,Sin especificar,Sin especificar,Sin especificar,Sin especificar,Sin especificar,Sin especificar,Sin especificar,2016,3,LUNES,10,Mañana,Dias laborables
23.0,1,0,0,2727,00000,Curva señalizada,Carretera,Salida de la vía por la derecha otro tipo          ,,CV-770,Carretera Convencional de calzada única,"Provincial, Cabildo/Consell",Ascendente,Seco y limpio,"Luz del día natural, solar",Despejado,,Nivel blanco,,Sin especificar,Sin especificar,Sin especificar,Sin especificar,Sin especificar,Sin especificar,Sin especificar,2016,9,SÁBADO,10,Mañana,Fines de semana
22.1,1,0,0,2728,00000,Curva señalizada,Carretera,Caída                                              ,CV-778,CV-770,Carretera Convencional de calzada única,"Provincial, Cabildo/Consell",Ascendente,Seco y limpio,"Luz del día natural, solar",Despejado,,Nivel blanco,,No,No,No,Sí,No,No,Sí,2016,9,SÁBADO,18,Noche,Fines de semana
14.25,1,0,0,2729,00000,Curva señalizada,Carretera,Salida de la vía por la derecha otro tipo          ,,CV-770,Carretera Convencional de calzada única,"Provincial, Cabildo/Consell",Descendente,Seco y limpio,"Luz del día natural, solar",Despejado,,Nivel blanco,,Sin especificar,Sin especificar,Sin especificar,Sin especificar,Sin especificar,Sin especificar,Sin especificar,2016,10,SÁBADO,18,Noche,Fines de semana
23.4,1,0,0,2730,00000,Curva señalizada,Carretera,"Salida de la vía por la izquierda, otro tipo       ",,CV-770,Carretera Convencional de calzada única,"Provincial, Cabildo/Consell",Descendente,Seco y limpio,"Luz del día natural, solar",Despejado,,Nivel blanco,,Sin especificar,Sin especificar,Sin especificar,Sin especificar,Sin especificar,Sin especificar,Sin especificar,2016,11,DOMINGO,13,Tarde,Fines de semana
5.8,2,0,0,2731,00000,Recta,Carretera,Lateral                                            ,,CV-745,Carretera Convencional de calzada única,"Provincial, Cabildo/Consell",Descendente,Seco y limpio,"Luz del día natural, solar",Despejado,,Nivel blanco,,Sin especificar,Sin especificar,Sin especificar,Sin especificar,Sin especificar,Sin especificar,Sin especificar,2016,2,DOMINGO,12,Tarde,Fines de semana
6.5,1,0,0,2732,00000,Curva señalizada,Carretera,Salida de la vía por la derecha otro tipo          ,,CV-715,Carretera Convencional de calzada única,Autonómica,Descendente,Seco y limpio,"Luz del día natural, solar",Despejado,,Nivel blanco,,Sin especificar,Sin especificar,Sin especificar,Sin especificar,Sin especificar,Sin especificar,Sin especificar,2016,3,DOMINGO,15,Tarde,Fines de semana
1.7,1,0,0,2733,03128,Curva señalizada,Carretera,Salida de la vía por la derecha con vuelco         ,,CV-737,Carretera Convencional de calzada única,"Provincial, Cabildo/Consell",Ascendente,Seco y limpio,"Luz del día natural, solar",Despejado,,Sin especificar,,No,No,No,No,No,Sí,No,2016,2,MARTES,15,Tarde,Dias laborables
181.9,1,0,0,2734,03128,Curva señalizada,Carretera,Lateral                                            ,,N-332,Carretera Convencional de calzada única,Estatal,Ambos,Mojado,"Luz del día natural, solar",Lluvia débil,,Nivel blanco,,Sin especificar,Sin especificar,Sin especificar,Sin especificar,Sin especificar,Sin especificar,Sin especificar,2016,4,MARTES,12,Tarde,Dias laborables
181.6,1,0,0,2735,03128,Recta,Carretera,Por alcance                                        ,CV-740,N-332,Carretera Convencional de calzada única,Estatal,Descendente,Seco y limpio,"Luz del día natural, solar",Despejado,,Sin especificar,,No,No,No,No,No,Sí,No,2016,6,MIÉRCOLES,7,Mañana,Dias laborables
9.5,1,0,0,2736,03128,Recta,Carretera,Lateral                                            ,,CV-746,Carretera Convencional de calzada única,"Provincial, Cabildo/Consell",Ascendente,Seco y limpio,"Luz del día natural, solar",Despejado,,Nivel blanco,,Sin especificar,Sin especificar,Sin especificar,Sin especificar,Sin especificar,Sin especificar,Sin especificar,2016,6,MIÉRCOLES,14,Tarde,Dias laborables
4.95,1,0,0,2737,03128,Recta,Carretera,Caída                                              ,,CV-743,Carretera Convencional de calzada única,"Provincial, Cabildo/Consell",Descendente,Seco y limpio,"Luz del día natural, solar",Despejado,,Nivel blanco,,Sin especificar,Sin especificar,Sin especificar,Sin especificar,Sin especificar,Sin especificar,Sin especificar,2016,7,VIERNES,9,Mañana,Dias laborables
6.9,0,1,0,2738,03128,Curva señalizada,Carretera,Fronto-lateral                                     ,,CV-746,Carretera Convencional de calzada única,"Provincial, Cabildo/Consell",Descendente,Seco y limpio,"Luz del día natural, solar",Despejado,,Nivel verde,,No,No,No,No,No,No,No,2016,8,VIERNES,10,Mañana,Dias laborables
3.9,1,0,0,2739,03128,Curva señalizada,Carretera,Fronto-lateral                                     ,,CV-740,Carretera Convencional de calzada única,"Provincial, Cabildo/Consell",Ascendente,Seco y limpio,"Luz del día natural, solar",Despejado,,Nivel blanco,,No,No,No,No,No,No,Sí,2016,9,MIÉRCOLES,14,Tarde,Dias laborables
0.5,1,0,0,2740,03128,Recta,Carretera,Vuelco                                             ,,CV-743,Carretera Convencional de calzada única,"Provincial, Cabildo/Consell",Descendente,Seco y limpio,"Luz del día natural, solar",Despejado,,Nivel blanco,,Sin especificar,Sin especificar,Sin especificar,Sin especificar,Sin especificar,Sin especificar,Sin especificar,2016,9,SÁBADO,10,Mañana,Fines de semana
1.0,0,1,0,2741,03128,Curva señalizada,Carretera,Salida de la vía por la derecha con vuelco         ,,CV-741,Carretera Convencional de calzada única,"Provincial, Cabildo/Consell",Ascendente,Mojado,Sin luz natural ni artificial,Lluvia débil,,Nivel blanco,,Sin especificar,Sin especificar,Sin especificar,Sin especificar,Sin especificar,Sin especificar,Sin especificar,2016,12,LUNES,2,Madrugada,Dias laborables
484.1,1,0,0,2742,00000,Curva sin señalizar,Carretera,Salida de la vía por la derecha con despeñamiento  ,,A-7,Autovía,Estatal,Descendente,Seco y limpio,Sin luz natural ni artificial,Despejado,,Nivel blanco,,Sin especificar,Sin especificar,Sin especificar,Sin especificar,Sin especificar,Sin especificar,Sin especificar,2016,2,MARTES,4,Madrugada,Dias laborables
9.9,3,0,0,2743,00000,Recta,Carretera,Fronto-lateral                                     ,,CV-810,Carretera Convencional de calzada única,"Provincial, Cabildo/Consell",Ascendente,Seco y limpio,"Luz del día natural, solar",Despejado,,Nivel blanco,,Sin especificar,Sin especificar,Sin especificar,Sin especificar,Sin especificar,Sin especificar,Sin especificar,2016,4,DOMINGO,13,Tarde,Fines de semana
15.8,1,0,0,2744,00000,Curva señalizada,Carretera,Caída                                              ,,CV-815,Carretera Convencional de calzada única,"Provincial, Cabildo/Consell",Ascendente,Seco y limpio,"Luz del día natural, solar",Despejado,,Nivel blanco,,Sin especificar,Sin especificar,Sin especificar,Sin especificar,Sin especificar,Sin especificar,Sin especificar,2016,6,DOMINGO,12,Tarde,Fines de semana
1.5,1,0,0,2745,00000,Recta,Carretera,Caída                                              ,,CV-827,Carretera Convencional de calzada única,Autonómica,Descendente,Seco y limpio,"Luz del día natural, solar",Despejado,,Nivel blanco,,Sin especificar,Sin especificar,Sin especificar,Sin especificar,Sin especificar,Sin especificar,Sin especificar,2016,8,JUEVES,20,Noche,Dias laborables
7.5,1,0,0,2746,00000,Curva señalizada,Carretera,Salida de la vía por la derecha otro tipo          ,,CV-805,Carretera Convencional de calzada única,Autonómica,Ascendente,Seco y limpio,"Luz del día natural, solar",Despejado,,Nivel blanco,,Sin especificar,Sin especificar,Sin especificar,Sin especificar,Sin especificar,Sin especificar,Sin especificar,2016,9,JUEVES,10,Mañana,Dias laborables
15.8,0,1,0,2747,00000,Curva señalizada,Carretera,Caída                                              ,,CV-815,Carretera Convencional de calzada única,"Provincial, Cabildo/Consell",Ascendente,Otra,"Luz del día natural, solar",Despejado,,Nivel blanco,,Sin especificar,Sin especificar,Sin especificar,Sin especificar,Sin especificar,Sin especificar,Sin especificar,2016,10,SÁBADO,12,Tarde,Fines de semana
16.1,1,0,0,2748,00000,Curva señalizada,Carretera,Colisión contra obstáculo o elemento de la vía     ,,No inventariada,Carretera Convencional de calzada única,Municipal,Descendente,Otra,"Luz del día natural, solar",Despejado,,Nivel blanco,,Sin especificar,Sin especificar,Sin especificar,Sin especificar,Sin especificar,Sin especificar,Sin especificar,2016,10,MIÉRCOLES,13,Tarde,Dias laborables
488.5,1,0,0,2749,00000,Recta,Carretera,Salida de la vía por la derecha con despeñamiento  ,,A-7,Autovía,Estatal,Descendente,Mojado,"Luz del día natural, solar",Lluvia débil,,Nivel blanco,,Sin especificar,Sin especificar,Sin especificar,Sin especificar,Sin especificar,Sin especificar,Sin especificar,2016,12,DOMINGO,17,Tarde,Fines de semana
480.6,1,0,0,2750,00000,Recta,Carretera,Por alcance                                        ,,A-7,Autovía,Estatal,Ascendente,Seco y limpio,"Luz del día natural, solar",Despejado,,Nivel blanco,,Sin especificar,Sin especificar,Sin especificar,Sin especificar,Sin especificar,Sin especificar,Sin especificar,2016,12,JUEVES,13,Tarde,Dias laborables
4.5,1,0,0,2751,00000,Curva señalizada,Carretera,Salida de la vía por la izquierda con vuelco       ,,CV-780,Carretera Convencional de calzada única,"Provincial, Cabildo/Consell",Descendente,Seco y limpio,"Luz del día natural, solar",Despejado,,Nivel blanco,,Sin especificar,Sin especificar,Sin especificar,Sin especificar,Sin especificar,Sin especificar,Sin especificar,2016,8,MARTES,19,Noche,Dias laborables
53.0,4,0,0,2752,03133,Curva señalizada,Carretera,Fronto-lateral                                     ,N-332,N-332,Carretera Convencional de doble calzada,Estatal,Ascendente,Seco y limpio,"Luz del día natural, solar",Despejado,,Nivel blanco,,No,No,No,No,No,No,No,2016,1,MARTES,13,Tarde,Dias laborables
54.5,1,0,0,2753,03133,Recta,Carretera,Caída                                              ,,N-332,Carretera Convencional de doble calzada,Estatal,Descendente,Seco y limpio,"Luz del día natural, solar",Despejado,,Nivel blanco,,Sin especificar,Sin especificar,Sin especificar,Sin especificar,Sin especificar,Sin especificar,Sin especificar,2016,2,SÁBADO,13,Tarde,Fines de semana
8.7,1,0,0,2754,03133,Recta,Carretera,Por alcance                                        ,CV-905,CV-905,Carretera Convencional de doble calzada,Autonómica,Ascendente,Seco y limpio,"Luz del día natural, solar",Despejado,,Nivel amarillo,,No,No,No,No,No,No,No,2016,3,MIÉRCOLES,7,Mañana,Dias laborables
53.2,1,0,0,2755,03133,Curva señalizada,Carretera,Por alcance                                        ,,N-332,Carretera Convencional de doble calzada,Estatal,Ascendente,Seco y limpio,Sin luz natural y con iluminación artificial encen,Nublado,,Nivel blanco,,No,No,No,No,No,Sí,No,2016,3,VIERNES,23,Noche,Dias laborables
57.8,1,0,0,2756,03133,Curva sin señalizar,Carretera,Por alcance                                        ,,N-332,Ramal de enlace,Estatal,Ambos,Seco y limpio,"Luz del día natural, solar",Despejado,,Nivel verde,,No,No,No,No,No,Sí,No,2016,3,MIÉRCOLES,16,Tarde,Dias laborables
753.6,2,0,0,2757,03133,Recta,Carretera,Colisión contra obstáculo o elemento de la vía     ,,AP-7,Autopista de peaje,Estatal,Ascendente,Seco y limpio,Sin luz natural y con iluminación artificial encen,Se desconoce,,Nivel blanco,,Sin especificar,Sin especificar,Sin especificar,Sin especificar,Sin especificar,Sin especificar,Sin especificar,2016,3,VIERNES,4,Madrugada,Dias laborables
54.25,1,0,0,2758,03133,Recta,Carretera,Por alcance                                        ,,N-332,Carretera Convencional de doble calzada,Estatal,Ascendente,Seco y limpio,"Luz del día natural, solar",Despejado,,Nivel amarillo,,Sin especificar,Sin especificar,Sin especificar,Sin especificar,Sin especificar,Sin especificar,Sin especificar,2016,3,JUEVES,17,Tarde,Dias laborables
9.0,1,0,0,2759,03133,Curva señalizada,Carretera,Salida de la vía por la derecha otro tipo          ,,CV-905,Carretera Convencional de doble calzada,Autonómica,Ascendente,Seco y limpio,"Luz del día natural, solar",Despejado,,Nivel blanco,,No,No,Sí,No,No,No,No,2016,3,DOMINGO,15,Tarde,Fines de semana
9.0,1,0,0,2760,03133,Curva señalizada,Carretera,Lateral                                            ,,CV-905,Carretera Convencional de doble calzada,Autonómica,Descendente,Seco y limpio,"Luz del día natural, solar",Despejado,,Nivel blanco,,No,No,No,No,No,No,No,2016,3,JUEVES,15,Tarde,Dias laborables
53.1,1,0,0,2761,03133,Recta,Carretera,Por alcance                                        ,,N-332,Carretera Convencional de doble calzada,Estatal,Descendente,Mojado,"Luz del día natural, solar",Despejado,,Nivel amarillo,,Sin especificar,Sin especificar,Sin especificar,Sin especificar,Sin especificar,Sin especificar,Sin especificar,2016,3,LUNES,12,Tarde,Dias laborables
5.0,1,0,0,2762,03133,Recta,Carretera,Por alcance                                        ,,CV-905,Carretera Convencional de doble calzada,Autonómica,Ascendente,Seco y limpio,"Luz del día natural, solar",Despejado,,Nivel blanco,,Sin especificar,Sin especificar,Sin especificar,Sin especificar,Sin especificar,Sin especificar,Sin especificar,2016,3,SÁBADO,10,Mañana,Fines de semana
,0,1,0,2763,03133,No aplica,Calle,Lateral                                            ,,No inventariada,Calle,Municipal,Se desconoce,Seco y limpio,"Luz del día natural, solar",Despejado,,Nivel verde,,No,No,No,No,Sí,No,No,2016,2,MARTES,15,Tarde,Dias laborables
,0,1,0,2764,03133,No aplica,Calle,Caída                                              ,,No inventariada,Calle,Municipal,Se desconoce,Con aceite,"Luz del día natural, solar",Despejado,,Nivel verde,,Sin especificar,Sin especificar,Sin especificar,Sin especificar,Sin especificar,Sin especificar,Sin especificar,2016,2,MARTES,14,Tarde,Dias laborables
9.0,1,0,0,2765,03133,Curva señalizada,Carretera,Lateral                                            ,,CV-905,Carretera Convencional de doble calzada,Autonómica,Descendente,Seco y limpio,"Luz del día natural, solar",Despejado,,Nivel blanco,,No,No,No,No,No,No,No,2016,3,MARTES,16,Tarde,Dias laborables
9.05,1,0,0,2766,03133,Recta,Carretera,Lateral                                            ,,CV-905,Carretera Convencional de doble calzada,Autonómica,Ascendente,Seco y limpio,"Luz del día natural, solar",Despejado,,Nivel blanco,,No,No,No,No,No,Sí,No,2016,3,MARTES,9,Mañana,Dias laborables
54.8,1,0,0,2767,03133,Recta,Carretera,Por alcance                                        ,,N-332,Carretera Convencional de calzada única,Estatal,Ascendente,Mojado,"Luz del día natural, solar",Lluvia débil,,Nivel amarillo,,Sin especificar,Sin especificar,Sin especificar,Sin especificar,Sin especificar,Sin especificar,Sin especificar,2016,4,MARTES,16,Tarde,Dias laborables
57.1,2,0,0,2768,03133,Recta,Carretera,Por alcance                                        ,,N-332,Carretera Convencional de calzada única,Estatal,Descendente,Seco y limpio,"Luz del día natural, solar",Despejado,,Nivel amarillo,,Sin especificar,Sin especificar,Sin especificar,Sin especificar,Sin especificar,Sin especificar,Sin especificar,2016,4,MARTES,11,Mañana,Dias laborables
54.8,2,0,0,2769,03133,Recta,Carretera,Por alcance                                        ,,N-332,Carretera Convencional de calzada única,Estatal,Ascendente,Seco y limpio,"Luz del día natural, solar",Nublado,,Nivel amarillo,,Sin especificar,Sin especificar,Sin especificar,Sin especificar,Sin especificar,Sin especificar,Sin especificar,2016,4,MIÉRCOLES,13,Tarde,Dias laborables
,0,1,0,2770,03133,No aplica,Calle,Atropello a personas                               ,,No inventariada,Calle,Municipal,Se desconoce,Seco y limpio,"Luz del día natural, solar",Despejado,,Nivel verde,,Sin especificar,Sin especificar,Sin especificar,Sin especificar,Sin especificar,Sin especificar,Sin especificar,2016,3,SÁBADO,13,Tarde,Fines de semana
,0,1,0,2771,03133,No aplica,Calle,Salida de la vía por la derecha con colisión       ,,No inventariada,Calle,Municipal,Se desconoce,Seco y limpio,"Luz del día natural, solar",Despejado,,Nivel verde,,No,No,No,No,No,No,No,2016,3,LUNES,12,Tarde,Dias laborables
,0,0,1,2772,03133,No aplica,Calle,Atropello a personas                               ,,No inventariada,Calle,Municipal,Se desconoce,Seco y limpio,"Luz del día natural, solar",Despejado,,Nivel verde,,No,No,No,No,No,No,No,2016,4,MARTES,20,Noche,Dias laborables