KM,TOTAL_HL24H,TOTAL_HG24H,TOTAL_MU24H,id,COD_MUNICIPIO,TRAZADO_PLANTA,ZONA,TIPO_ACCIDENTE,CARRETERA_CRUCE,CARRETERA,TIPO_VIA,TITULARIDAD_VIA,SENTIDO_1F,CONDICION_FIRME,CONDICION_ILUMINACION,CONDICION_METEO,CONDICION_NIEBLA,CONDICION_NIVEL_CIRCULA,CONDICION_VIENTO,PRIORI_AGENTE,PRIORI_CIRCUNSTANCIAL,PRIORI_HORIZ_CEDA,PRIORI_HORIZ_STOP,PRIORI_SEMAFORO,PRIORI_VERT_CEDA,PRIORI_VERT_STOP,ANYO,MES,DIA,HORA,FRANJA_HORARIA,TIPO_DIA
9.0,1,0,0,2773,03133,Recta,Carretera,Por alcance                                        ,,CV-905,Carretera Convencional de doble calzada,Autonómica,Descendente,Mojado,"Luz del día natural, solar",Lluvia débil,,Nivel blanco,,No,No,Sí,No,No,Sí,No,2016,4,VIERNES,11,Mañana,Dias laborables
7.3,3,0,0,2774,03133,Recta,Carretera,Múltiple o en caravana                             ,,CV-905,Carretera Convencional de doble calzada,Autonómica,Ascendente,Seco y limpio,"Luz del día natural, solar",Despejado,,Nivel verde,,No,No,Sí,No,No,Sí,No,2016,5,MIÉRCOLES,17,Tarde,Dias laborables
,0,1,0,2775,03133,No aplica,Calle,Fronto-lateral                                     ,,No inventariada,Calle,Municipal,Se desconoce,Seco y limpio,"Luz del día natural, solar",Despejado,,Nivel verde,,No,No,No,No,No,No,No,2016,4,SÁBADO,14,Tarde,Fines de semana
,0,1,0,2776,03133,No aplica,Calle,Fronto-lateral                                     ,,No inventariada,Calle,Municipal,Se desconoce,Seco y limpio,"Luz del día natural, solar",Despejado,,Nivel verde,,No,No,No,No,No,No,No,2016,4,LUNES,10,Mañana,Dias laborables
,0,1,0,2777,03133,No aplica,Calle,Atropello a personas                               ,,No inventariada,Calle,Municipal,Se desconoce,Seco y limpio,"Luz del día natural, solar",Despejado,,Nivel verde,,Sin especificar,Sin especificar,Sin especificar,Sin especificar,Sin especificar,Sin especificar,Sin especificar,2016,5,MARTES,12,Tarde,Dias laborables
8.0,3,0,0,2778,03133,Recta,Carretera,Salida de la vía por la derecha otro tipo          ,,CV-905,Carretera Convencional de doble calzada,Autonómica,Ascendente,Seco y limpio,Sin luz natural y con iluminación artificial encen,Despejado,,Nivel blanco,,Sin especificar,Sin especificar,Sin especificar,Sin especificar,Sin especificar,Sin especificar,Sin especificar,2016,6,VIERNES,23,Noche,Dias laborables
53.1,1,0,0,2779,03133,Recta,Carretera,Por alcance                                        ,,N-332,Carretera Convencional de doble calzada,Estatal,Descendente,Seco y limpio,"Luz del día natural, solar",Despejado,,Nivel blanco,,No,No,No,No,No,Sí,No,2016,6,MIÉRCOLES,14,Tarde,Dias laborables
7.5,1,0,0,2780,03133,Recta,Carretera,Lateral                                            ,,CV-905,Carretera Convencional de doble calzada,Autonómica,Ascendente,Seco y limpio,"Luz del día natural, solar",Despejado,,Nivel verde,,Sin especificar,Sin especificar,Sin especificar,Sin especificar,Sin especificar,Sin especificar,Sin especificar,2016,6,JUEVES,10,Mañana,Dias laborables
9.0,1,0,0,2781,03133,Curva señalizada,Carretera,Fronto-lateral                                     ,,CV-905,Carretera Convencional de doble calzada,Autonómica,Ascendente,Seco y limpio,"Luz del día natural, solar",Despejado,,Nivel blanco,,No,No,Sí,No,No,Sí,No,2016,6,JUEVES,16,Tarde,Dias laborables
6.5,1,0,0,2782,03133,Curva señalizada,Carretera,Fronto-lateral                                     ,,CV-905,Carretera Convencional de doble calzada,Autonómica,Descendente,Seco y limpio,"Luz del día natural, solar",Despejado,,Nivel blanco,,No,No,No,No,No,No,No,2016,6,VIERNES,15,Tarde,Dias laborables
6.5,3,0,0,2783,03133,Curva señalizada,Carretera,Fronto-lateral                                     ,,CV-905,Carretera Convencional de doble calzada,Autonómica,Ascendente,Seco y limpio,"Luz del día natural, solar",Despejado,,Nivel blanco,,No,No,Sí,No,No,Sí,No,2016,6,DOMINGO,19,Noche,Fines de semana
54.6,2,0,0,2784,03133,Recta,Carretera,Por alcance                                        ,,N-332,Carretera Convencional de doble calzada,Estatal,Ascendente,Seco y limpio,"Luz del día natural, solar",Despejado,,Nivel blanco,,Sin especificar,Sin especificar,Sin especificar,Sin especificar,Sin especificar,Sin especificar,Sin especificar,2016,6,MIÉRCOLES,17,Tarde,Dias laborables
56.0,1,0,0,2785,03133,Recta,Carretera,Por alcance                                        ,,N-332,Carretera Convencional de calzada única,Estatal,Descendente,Seco y limpio,"Luz del día natural, solar",Despejado,,Nivel blanco,,Sin especificar,Sin especificar,Sin especificar,Sin especificar,Sin especificar,Sin especificar,Sin especificar,2016,6,LUNES,12,Tarde,Dias laborables
52.8,1,0,0,2786,03133,Curva señalizada,Carretera,Fronto-lateral                                     ,,N-332,Carretera Convencional de doble calzada,Estatal,Ambos,Seco y limpio,"Luz del día natural, solar",Despejado,,Nivel amarillo,,No,No,No,No,No,No,No,2016,7,VIERNES,9,Mañana,Dias laborables
56.0,2,0,0,2787,03133,Recta,Carretera,Lateral                                            ,,N-332,Carretera Convencional de calzada única,Estatal,Ascendente,Seco y limpio,Sin luz natural y con iluminación artificial encen,Despejado,,Nivel blanco,,No,No,No,No,No,No,No,2016,7,MARTES,22,Noche,Dias laborables
10.0,1,0,0,2788,03133,Recta,Carretera,Múltiple o en caravana                             ,,CV-905,Carretera Convencional de doble calzada,Autonómica,Ascendente,Seco y limpio,"Luz del día natural, solar",Despejado,,Nivel blanco,,No,No,Sí,No,No,Sí,No,2016,7,MARTES,20,Noche,Dias laborables
5.75,1,0,0,2789,03133,Recta,Carretera,Lateral                                            ,,CV-905,Carretera Convencional de doble calzada,Autonómica,Ascendente,Seco y limpio,Sin luz natural ni artificial,Despejado,,Nivel blanco,,No,No,No,No,No,No,Sí,2016,7,DOMINGO,0,Madrugada,Fines de semana
23.0,1,0,0,2790,03133,Curva señalizada,Carretera,Lateral                                            ,AP-7,CV-95,Carretera Convencional de calzada única,Autonómica,Descendente,Seco y limpio,"Luz del día natural, solar",Despejado,,Nivel verde,,No,No,Sí,No,No,Sí,No,2016,7,MIÉRCOLES,17,Tarde,Dias laborables
54.5,5,0,0,2791,03133,Recta,Carretera,Múltiple o en caravana                             ,,N-332,Carretera Convencional de doble calzada,Estatal,Ascendente,Seco y limpio,"Amanecer o atardecer, con luz artificial",Despejado,,Nivel amarillo,,Sin especificar,Sin especificar,Sin especificar,Sin especificar,Sin especificar,Sin especificar,Sin especificar,2016,7,DOMINGO,21,Noche,Fines de semana
56.4,4,0,0,2792,03133,Recta,Carretera,Múltiple o en caravana                             ,,N-332,Carretera Convencional de calzada única,Estatal,Descendente,Seco y limpio,"Luz del día natural, solar",Despejado,,Nivel amarillo,,Sin especificar,Sin especificar,Sin especificar,Sin especificar,Sin especificar,Sin especificar,Sin especificar,2016,8,LUNES,14,Tarde,Dias laborables
53.2,7,0,0,2793,03133,Recta,Carretera,Múltiple o en caravana                             ,,N-332,Carretera Convencional de doble calzada,Estatal,Descendente,Seco y limpio,"Luz del día natural, solar",Despejado,,Nivel amarillo,,Sin especificar,Sin especificar,Sin especificar,Sin especificar,Sin especificar,Sin especificar,Sin especificar,2016,7,SÁBADO,12,Tarde,Fines de semana
54.0,1,0,0,2794,03133,Recta,Carretera,Por alcance                                        ,,N-332,Carretera Convencional de doble calzada,Estatal,Ascendente,Seco y limpio,Sin luz natural y con iluminación artificial encen,Despejado,,Nivel amarillo,,Sin especificar,Sin especificar,Sin especificar,Sin especificar,Sin especificar,Sin especificar,Sin especificar,2016,8,LUNES,21,Noche,Dias laborables
9.0,3,0,0,2795,03133,Recta,Carretera,Por alcance                                        ,,CV-905,Carretera Convencional de doble calzada,Autonómica,Descendente,Seco y limpio,"Luz del día natural, solar",Despejado,,Nivel amarillo,,Sin especificar,Sin especificar,Sin especificar,Sin especificar,Sin especificar,Sin especificar,Sin especificar,2016,8,VIERNES,13,Tarde,Dias laborables
57.65,1,0,0,2796,03133,Recta,Carretera,Salida de la vía por la derecha con colisión       ,,N-332,Carretera Convencional de calzada única,Estatal,Descendente,Seco y limpio,"Luz del día natural, solar",Despejado,,Nivel blanco,,Sin especificar,Sin especificar,Sin especificar,Sin especificar,Sin especificar,Sin especificar,Sin especificar,2016,8,DOMINGO,8,Mañana,Fines de semana
8.1,1,0,0,2797,03133,Recta,Carretera,Salida de la vía por la derecha con colisión       ,,CV-905,Carretera Convencional de doble calzada,Autonómica,Descendente,Seco y limpio,"Luz del día natural, solar",Despejado,,Nivel blanco,,Sin especificar,Sin especificar,Sin especificar,Sin especificar,Sin especificar,Sin especificar,Sin especificar,2016,8,VIERNES,15,Tarde,Dias laborables
54.7,3,0,0,2798,03133,Recta,Carretera,Por alcance                                        ,,N-332,Carretera Convencional de calzada única,Estatal,Ascendente,Seco y limpio,"Luz del día natural, solar",Despejado,,Nivel amarillo,,Sin especificar,Sin especificar,Sin especificar,Sin especificar,Sin especificar,Sin especificar,Sin especificar,2016,8,VIERNES,19,Noche,Dias laborables
9.6,1,0,0,2799,03133,Recta,Carretera,Por alcance                                        ,,CV-905,Carretera Convencional de doble calzada,Autonómica,Descendente,Seco y limpio,Sin luz natural y con iluminación artificial encen,Despejado,,Nivel blanco,,Sin especificar,Sin especificar,Sin especificar,Sin especificar,Sin especificar,Sin especificar,Sin especificar,2016,8,MARTES,21,Noche,Dias laborables
11.0,2,0,0,2800,03133,Recta,Carretera,Por alcance                                        ,,CV-905,Carretera Convencional de doble calzada,Autonómica,Ascendente,Seco y limpio,"Luz del día natural, solar",Despejado,,Nivel blanco,,Sin especificar,Sin especificar,Sin especificar,Sin especificar,Sin especificar,Sin especificar,Sin especificar,2016,9,MARTES,11,Mañana,Dias laborables
54.7,1,0,0,2801,03133,Recta,Carretera,Múltiple o en caravana                             ,,N-332,Carretera Convencional de calzada única,Estatal,Ascendente,Seco y limpio,"Luz del día natural, solar",Despejado,,Nivel amarillo,,Sin especificar,Sin especificar,Sin especificar,Sin especificar,Sin especificar,Sin especificar,Sin especificar,2016,9,VIERNES,14,Tarde,Dias laborables
4.9,1,0,0,2802,03133,Recta,Carretera,Salida de la vía por la izquierda con colisión     ,,CV-905,Carretera Convencional de doble calzada,Autonómica,Descendente,Seco y limpio,"Luz del día natural, solar",Nublado,,Nivel blanco,,Sin especificar,Sin especificar,Sin especificar,Sin especificar,Sin especificar,Sin especificar,Sin especificar,2016,9,JUEVES,13,Tarde,Dias laborables
6.7,1,0,0,2803,03133,Recta,Carretera,Salida de la vía por la derecha con colisión       ,,CV-905,Carretera Convencional de doble calzada,Autonómica,Ascendente,Seco y limpio,"Luz del día natural, solar",Despejado,,Nivel blanco,,Sin especificar,Sin especificar,Sin especificar,Sin especificar,Sin especificar,Sin especificar,Sin especificar,2016,9,MARTES,15,Tarde,Dias laborables
4.8,1,0,0,2804,03133,Se desconoce,Carretera,Fronto-lateral                                     ,,CV-905,Carretera Convencional de doble calzada,Autonómica,Ascendente,Seco y limpio,"Luz del día natural, solar",Despejado,,Nivel blanco,,No,No,No,No,No,No,No,2016,9,VIERNES,18,Noche,Dias laborables
58.0,2,0,0,2805,03133,Curva señalizada,Carretera,Por alcance                                        ,,N-332,Carretera Convencional de calzada única,Estatal,Descendente,Seco y limpio,Sin luz natural ni artificial,Despejado,,Nivel blanco,,No,No,Sí,No,No,Sí,No,2016,10,LUNES,20,Noche,Dias laborables
9.0,1,0,0,2806,03133,Curva señalizada,Carretera,Fronto-lateral                                     ,,CV-905,Carretera Convencional de doble calzada,Autonómica,Ascendente,Seco y limpio,"Luz del día natural, solar",Despejado,,Nivel blanco,,No,No,No,No,No,No,No,2016,9,LUNES,14,Tarde,Dias laborables
54.5,1,0,0,2807,03133,Recta,Carretera,Por alcance                                        ,,N-332,Carretera Convencional de doble calzada,Estatal,Ascendente,Seco y limpio,"Luz del día natural, solar",Despejado,,Nivel verde,,Sin especificar,Sin especificar,Sin especificar,Sin especificar,Sin especificar,Sin especificar,Sin especificar,2016,10,MARTES,17,Tarde,Dias laborables
57.8,2,0,0,2808,03133,Curva señalizada,Carretera,Por alcance                                        ,CV-905,N-332,Carretera Convencional de calzada única,Estatal,Descendente,Seco y limpio,"Luz del día natural, solar",Despejado,,Nivel blanco,,No,No,No,No,No,Sí,No,2016,10,LUNES,14,Tarde,Dias laborables
63.5,1,0,0,2809,03133,Recta,Carretera,Salida de la vía por la izquierda con vuelco       ,,N-332,Carretera Convencional de doble calzada,Estatal,Ascendente,Seco y limpio,"Amanecer o atardecer, sin luz artificial",Despejado,,Nivel blanco,,Sin especificar,Sin especificar,Sin especificar,Sin especificar,Sin especificar,Sin especificar,Sin especificar,2016,10,DOMINGO,7,Mañana,Fines de semana
56.0,3,0,0,2810,03133,Recta,Carretera,Por alcance                                        ,,N-332,Carretera Convencional de calzada única,Estatal,Ascendente,Seco y limpio,"Luz del día natural, solar",Despejado,,Nivel amarillo,,No,No,No,No,No,No,No,2016,10,MIÉRCOLES,11,Mañana,Dias laborables
57.1,2,0,0,2811,03133,Recta,Carretera,Por alcance                                        ,,N-332,Carretera Convencional de calzada única,Estatal,Ascendente,Seco y limpio,Sin luz natural y con iluminación artificial encen,Despejado,,Nivel amarillo,,Sin especificar,Sin especificar,Sin especificar,Sin especificar,Sin especificar,Sin especificar,Sin especificar,2016,10,DOMINGO,20,Noche,Fines de semana
0.2,1,3,0,2812,03133,Recta,Carretera,Frontal                                            ,,CV-945,Carretera Convencional de calzada única,Autonómica,Descendente,Seco y limpio,"Luz del día natural, solar",Nublado,,Nivel verde,,Sin especificar,Sin especificar,Sin especificar,Sin especificar,Sin especificar,Sin especificar,Sin especificar,2016,11,SÁBADO,12,Tarde,Fines de semana
53.0,1,0,0,2813,03133,Curva señalizada,Carretera,Por alcance                                        ,N-332,N-332,Carretera Convencional de doble calzada,Estatal,Ascendente,Seco y limpio,"Luz del día natural, solar",Despejado,,Nivel blanco,,No,No,No,No,No,Sí,No,2016,10,MIÉRCOLES,18,Noche,Dias laborables
54.95,1,0,0,2814,03133,Recta,Carretera,Fronto-lateral                                     ,,N-332,Carretera Convencional de calzada única,Estatal,Ambos,Seco y limpio,Sin luz natural y con iluminación artificial encen,Despejado,,Nivel blanco,,Sin especificar,Sin especificar,Sin especificar,Sin especificar,Sin especificar,Sin especificar,Sin especificar,2016,11,DOMINGO,22,Noche,Fines de semana
9.8,1,0,0,2815,03133,Recta,Carretera,Por alcance                                        ,,CV-905,Carretera Convencional de doble calzada,Autonómica,Descendente,Seco y limpio,"Luz del día natural, solar",Despejado,,Nivel blanco,,No,No,No,No,No,Sí,No,2016,11,VIERNES,18,Noche,Dias laborables
,0,1,0,2816,03133,No aplica,Calle,Atropello a personas                               ,,No inventariada,Calle,Municipal,Se desconoce,Seco y limpio,"Luz del día natural, solar",Despejado,,Nivel verde,,Sin especificar,Sin especificar,Sin especificar,Sin especificar,Sin especificar,Sin especificar,Sin especificar,2016,4,LUNES,11,Mañana,Dias laborables
,0,1,0,2817,03133,No aplica,Calle,Caída                                              ,,No inventariada,Calle,Municipal,Se desconoce,Seco y limpio,"Luz del día natural, solar",Despejado,,Nivel verde,,No,No,No,No,No,No,Sí,2016,6,LUNES,17,Tarde,Dias laborables
,1,1,0,2818,03133,No aplica,Calle,Fronto-lateral                                     ,,No inventariada,Calle,Municipal,Se desconoce,Seco y limpio,"Luz del día natural, solar",Despejado,,Nivel verde,,No,No,No,No,No,No,Sí,2016,6,VIERNES,18,Noche,Dias laborables
,0,1,0,2819,03133,No aplica,Calle,Atropello a personas                               ,,No inventariada,Calle,Municipal,Se desconoce,Seco y limpio,"Luz del día natural, solar",Despejado,,Nivel verde,,Sin especificar,Sin especificar,Sin especificar,Sin especificar,Sin especificar,Sin especificar,Sin especificar,2016,6,DOMINGO,15,Tarde,Fines de semana
,1,0,0,2820,03133,No aplica,Calle,Atropello a personas                               ,,No inventariada,Calle,Municipal,Se desconoce,Seco y limpio,"Luz del día natural, solar",Despejado,,Nivel verde,,Sin especificar,Sin especificar,Sin especificar,Sin especificar,Sin especificar,Sin especificar,Sin especificar,2016,6,LUNES,8,Mañana,Dias laborables
,1,0,0,2821,03133,No aplica,Calle,Fronto-lateral                                     ,,No inventariada,Calle,Municipal,Se desconoce,Seco y limpio,"Luz del día natural, solar",Despejado,,Nivel verde,,No,No,No,No,No,Sí,No,2016,6,LUNES,14,Tarde,Dias laborables
,1,0,0,2822,03133,No aplica,Calle,Atropello a personas                               ,,No inventariada,Calle,Municipal,Se desconoce,Seco y limpio,"Luz del día natural, solar",Despejado,,Nivel verde,,Sin especificar,Sin especificar,Sin especificar,Sin especificar,Sin especificar,Sin especificar,Sin especificar,2016,6,MARTES,10,Mañana,Dias laborables
,1,1,0,2823,03133,No aplica,Calle,Fronto-lateral                                     ,,No inventariada,Calle,Municipal,Se desconoce,Seco y limpio,Sin luz natural y con iluminación artificial encen,Despejado,,Nivel blanco,,No,No,No,No,Sí,No,No,2016,7,VIERNES,23,Noche,Dias laborables
,1,0,0,2824,03133,No aplica,Calle,Caída                                              ,,No inventariada,Calle,Municipal,Se desconoce,Con aceite,"Luz del día natural, solar",Despejado,,Nivel blanco,,No,No,No,No,No,No,Sí,2016,8,MARTES,17,Tarde,Dias laborables
,1,0,0,2825,03133,No aplica,Calle,Fronto-lateral                                     ,,No inventariada,Calle,Municipal,Se desconoce,Seco y limpio,"Luz del día natural, solar",Despejado,,Nivel verde,,No,No,No,No,No,No,Sí,2016,8,DOMINGO,20,Noche,Fines de semana
,1,0,0,2826,03133,No aplica,Calle,Caída                                              ,,No inventariada,Calle,Municipal,Se desconoce,Seco y limpio,"Amanecer o atardecer, con luz artificial",Despejado,,Nivel verde,,No,No,No,No,No,No,Sí,2016,8,SÁBADO,23,Noche,Fines de semana
,1,0,0,2827,03133,No aplica,Calle,Fronto-lateral                                     ,,No inventariada,Calle,Municipal,Se desconoce,Seco y limpio,"Luz del día natural, solar",Despejado,,Nivel verde,,No,No,No,No,No,No,Sí,2016,8,MIÉRCOLES,16,Tarde,Dias laborables
7.9,3,0,0,2828,03133,Recta,Carretera,Múltiple o en caravana                             ,,CV-905,Carretera Convencional de doble calzada,Autonómica,Descendente,Seco y limpio,"Luz del día natural, solar",Despejado,,Nivel verde,,No,No,No,No,No,No,No,2016,12,VIERNES,12,Tarde,Dias laborables
,1,0,0,2829,03133,No aplica,Calle,Fronto-lateral                                     ,,No inventariada,Calle,Municipal,Se desconoce,Seco y limpio,Sin luz natural y con iluminación artificial encen,Despejado,,Nivel blanco,,No,No,No,No,No,No,Sí,2016,9,VIERNES,22,Noche,Dias laborables
,1,0,0,2830,03133,No aplica,Calle,Salida de la vía por la derecha con colisión       ,,No inventariada,Calle,Municipal,Se desconoce,Seco y limpio,Sin luz natural y con iluminación artificial encen,Despejado,,Nivel blanco,,Sin especificar,Sin especificar,Sin especificar,Sin especificar,Sin especificar,Sin especificar,Sin especificar,2016,9,SÁBADO,23,Noche,Fines de semana
,2,0,0,2831,03133,No aplica,Calle,Caída                                              ,,No inventariada,Calle,Municipal,Se desconoce,Mojado,"Amanecer o atardecer, con luz artificial",Despejado,,Nivel blanco,,Sin especificar,Sin especificar,Sin especificar,Sin especificar,Sin especificar,Sin especificar,Sin especificar,2016,10,MIÉRCOLES,20,Noche,Dias laborables
,0,0,1,2832,03133,No aplica,Calle,Salida de la vía por la derecha con colisión       ,,No inventariada,Calle,Municipal,Se desconoce,Seco y limpio,"Amanecer o atardecer, con luz artificial",Despejado,,Nivel blanco,,Sin especificar,Sin especificar,Sin especificar,Sin especificar,Sin especificar,Sin especificar,Sin especificar,2016,12,VIERNES,18,Noche,Dias laborables
,0,1,0,2833,03133,No aplica,Calle,Atropello a personas                               ,,No inventariada,Calle,Municipal,Se desconoce,Seco y limpio,"Amanecer o atardecer, con luz artificial",Despejado,,Nivel rojo,,Sin especificar,Sin especificar,Sin especificar,Sin especificar,Sin especificar,Sin especificar,Sin especificar,2016,12,VIERNES,19,Noche,Dias laborables
,1,0,0,2834,03133,No aplica,Calle,Atropello a personas                               ,,No inventariada,Calle,Municipal,Se desconoce,Seco y limpio,"Amanecer o atardecer, con luz artificial",Despejado,,Nivel verde,,Sin especificar,Sin especificar,Sin especificar,Sin especificar,Sin especificar,Sin especificar,Sin especificar,2016,12,LUNES,20,Noche,Dias laborables
,1,0,0,2835,03133,No aplica,Calle,Fronto-lateral                                     ,,No inventariada,Calle,Municipal,Se desconoce,Seco y limpio,Sin luz natural y con iluminación artificial encen,Despejado,,Nivel verde,,No,No,No,No,No,Sí,No,2016,12,LUNES,22,Noche,Dias laborables
,1,0,0,2836,03133,No aplica,Calle,Atropello a personas                               ,,No inventariada,Calle,Municipal,Se desconoce,Seco y limpio,"Luz del día natural, solar",Despejado,,Sin especificar,,Sin especificar,Sin especificar,Sin especificar,Sin especificar,Sin especificar,Sin especificar,Sin especificar,2016,10,MIÉRCOLES,9,Mañana,Dias laborables
,1,0,0,2837,00000,No aplica,Calle,Fronto-lateral                                     ,,No inventariada,Calle,Municipal,Se desconoce,Seco y limpio,"Luz del día natural, solar",Despejado,,Sin especificar,,No,No,No,No,No,No,Sí,2016,2,MARTES,15,Tarde,Dias laborables
,2,0,0,2838,00000,No aplica,Calle,Fronto-lateral                                     ,,No inventariada,Calle,Municipal,Se desconoce,Seco y limpio,"Luz del día natural, solar",Despejado,,Sin especificar,,Sin especificar,Sin especificar,Sin especificar,Sin especificar,Sin especificar,Sin especificar,Sin especificar,2016,3,SÁBADO,20,Noche,Fines de semana
,1,0,0,2839,00000,No aplica,Calle,Fronto-lateral                                     ,,No inventariada,Calle,Municipal,Se desconoce,Seco y limpio,"Luz del día natural, solar",Despejado,,Sin especificar,,No,No,No,Sí,No,No,Sí,2016,4,VIERNES,18,Noche,Dias laborables
,2,0,0,2840,00000,No aplica,Calle,Por alcance                                        ,,No inventariada,Calle,Autonómica,Se desconoce,Seco y limpio,"Luz del día natural, solar",Despejado,,Sin especificar,,Sin especificar,Sin especificar,Sin especificar,Sin especificar,Sin especificar,Sin especificar,Sin especificar,2016,5,VIERNES,7,Mañana,Dias laborables
,1,0,0,2841,00000,No aplica,Calle,Fronto-lateral                                     ,,No inventariada,Calle,Municipal,Se desconoce,Seco y limpio,"Luz del día natural, solar",Despejado,,Sin especificar,,No,No,No,Sí,No,No,Sí,2016,5,VIERNES,7,Mañana,Dias laborables
,1,0,0,2842,00000,No aplica,Calle,Por alcance                                        ,,No inventariada,Calle,Municipal,Se desconoce,Seco y limpio,"Luz del día natural, solar",Despejado,,Sin especificar,,Sin especificar,Sin especificar,Sin especificar,Sin especificar,Sin especificar,Sin especificar,Sin especificar,2016,10,DOMINGO,17,Tarde,Fines de semana
,1,0,0,2843,00000,No aplica,Calle,Lateral                                            ,,No inventariada,Calle,Municipal,Se desconoce,Seco y limpio,"Luz del día natural, solar",Despejado,,Sin especificar,,No,No,No,Sí,No,No,No,2016,12,SÁBADO,8,Mañana,Fines de semana
199.5,1,0,0,2844,00000,Recta,Carretera,Salida de la vía por la izquierda con colisión     ,,N-332,Carretera Convencional de calzada única,Estatal,Ascendente,Seco y limpio,"Luz del día natural, solar",Despejado,,Nivel blanco,,Sin especificar,Sin especificar,Sin especificar,Sin especificar,Sin especificar,Sin especificar,Sin especificar,2016,12,MIÉRCOLES,11,Mañana,Dias laborables
1.5,1,0,0,2845,03139,Curva señalizada,Carretera,Fronto-lateral                                     ,,CV-770,Carretera Convencional de calzada única,"Provincial, Cabildo/Consell",Ambos,Seco y limpio,"Amanecer o atardecer, sin luz artificial",Despejado,,Nivel blanco,,No,No,No,No,No,Sí,No,2016,1,MARTES,7,Mañana,Dias laborables
,1,0,0,2846,03139,No aplica,Calle,Fronto-lateral                                     ,,No inventariada,Calle,Municipal,Se desconoce,Seco y limpio,"Luz del día natural, solar",Despejado,,Nivel blanco,,Sin especificar,Sin especificar,Sin especificar,Sin especificar,Sin especificar,Sin especificar,Sin especificar,2016,1,MARTES,13,Tarde,Dias laborables
137.9,5,0,0,2847,03139,Recta,Carretera,Por alcance                                        ,,N-332,Carretera Convencional de calzada única,Estatal,Ascendente,Seco y limpio,"Luz del día natural, solar",Despejado,,Nivel blanco,,Sin especificar,Sin especificar,Sin especificar,Sin especificar,Sin especificar,Sin especificar,Sin especificar,2016,1,MARTES,13,Tarde,Dias laborables
134.7,1,1,0,2848,03139,Curva sin señalizar,Carretera,Frontal                                            ,,N-332,Carretera Convencional de calzada única,Estatal,Descendente,Seco y limpio,"Luz del día natural, solar",Nublado,,Nivel blanco,,No,No,No,No,No,No,No,2016,2,SÁBADO,7,Mañana,Fines de semana
3.2,2,0,0,2849,03139,Curva señalizada,Carretera,Salida de la vía por la izquierda con vuelco       ,,CV-770,Carretera Convencional de calzada única,"Provincial, Cabildo/Consell",Descendente,Seco y limpio,"Luz del día natural, solar",Despejado,,Nivel blanco,,Sin especificar,Sin especificar,Sin especificar,Sin especificar,Sin especificar,Sin especificar,Sin especificar,2016,2,DOMINGO,16,Tarde,Fines de semana
136.5,2,0,0,2850,03139,Recta,Carretera,Frontal                                            ,,N-332,Carretera Convencional de calzada única,Estatal,Ascendente,Seco y limpio,Sin luz natural ni artificial,Despejado,,Nivel blanco,,Sin especificar,Sin especificar,Sin especificar,Sin especificar,Sin especificar,Sin especificar,Sin especificar,2016,4,DOMINGO,4,Madrugada,Fines de semana
134.5,1,0,0,2851,03139,Curva señalizada,Carretera,Lateral                                            ,,N-332,Carretera Convencional de calzada única,Estatal,Ambos,Seco y limpio,"Luz del día natural, solar",Despejado,,Nivel blanco,,Sin especificar,Sin especificar,Sin especificar,Sin especificar,Sin especificar,Sin especificar,Sin especificar,2016,3,VIERNES,16,Tarde,Dias laborables
138.1,2,0,0,2852,03139,Recta,Carretera,Por alcance                                        ,,N-332,Carretera Convencional de calzada única,Estatal,Ascendente,Mojado,"Luz del día natural, solar",Lluvia débil,,Nivel blanco,,No,No,No,No,No,Sí,No,2016,4,MARTES,7,Mañana,Dias laborables
23.7,1,0,0,2853,03139,Curva sin señalizar,Carretera,Caída                                              ,,CV-770,Carretera Convencional de calzada única,"Provincial, Cabildo/Consell",Descendente,Seco y limpio,"Luz del día natural, solar",Despejado,,Nivel blanco,,Sin especificar,Sin especificar,Sin especificar,Sin especificar,Sin especificar,Sin especificar,Sin especificar,2016,5,LUNES,12,Tarde,Dias laborables
135.35,1,0,0,2854,03139,Recta,Carretera,Por alcance                                        ,,N-332,Carretera Convencional de calzada única,Estatal,Ascendente,Seco y limpio,"Luz del día natural, solar",Despejado,,Nivel blanco,,Sin especificar,Sin especificar,Sin especificar,Sin especificar,Sin especificar,Sin especificar,Sin especificar,2016,5,VIERNES,7,Mañana,Dias laborables
130.8,1,0,0,2855,03139,Curva señalizada,Carretera,Caída                                              ,,N-332a,Carretera Convencional de calzada única,Municipal,Descendente,Seco y limpio,"Luz del día natural, solar",Despejado,,Nivel verde,,Sin especificar,Sin especificar,Sin especificar,Sin especificar,Sin especificar,Sin especificar,Sin especificar,2016,5,MARTES,10,Mañana,Dias laborables
668.0,1,0,0,2856,03139,Curva sin señalizar,Carretera,Salida de la vía por la izquierda con colisión     ,,AP-7,Autopista de peaje,Estatal,Ascendente,Seco y limpio,"Luz del día natural, solar",Despejado,,Nivel blanco,,Sin especificar,Sin especificar,Sin especificar,Sin especificar,Sin especificar,Sin especificar,Sin especificar,2016,7,LUNES,14,Tarde,Dias laborables