KM,TOTAL_HL24H,TOTAL_HG24H,TOTAL_MU24H,id,COD_MUNICIPIO,TRAZADO_PLANTA,ZONA,TIPO_ACCIDENTE,CARRETERA_CRUCE,CARRETERA,TIPO_VIA,TITULARIDAD_VIA,SENTIDO_1F,CONDICION_FIRME,CONDICION_ILUMINACION,CONDICION_METEO,CONDICION_NIEBLA,CONDICION_NIVEL_CIRCULA,CONDICION_VIENTO,PRIORI_AGENTE,PRIORI_CIRCUNSTANCIAL,PRIORI_HORIZ_CEDA,PRIORI_HORIZ_STOP,PRIORI_SEMAFORO,PRIORI_VERT_CEDA,PRIORI_VERT_STOP,ANYO,MES,DIA,HORA,FRANJA_HORARIA,TIPO_DIA
153.3,1,0,0,3193,03011,Recta,Carretera,Por alcance                                        ,,N-332,Carretera Convencional de calzada única,Estatal,Ascendente,Seco y limpio,"Luz del día natural, solar",Despejado,,Nivel amarillo,,Sin especificar,Sin especificar,Sin especificar,Sin especificar,Sin especificar,Sin especificar,Sin especificar,2017,5,MIÉRCOLES,17,Tarde,Dias laborables
152.8,1,0,0,3194,03011,Recta,Carretera,Por alcance                                        ,,N-332,Carretera Convencional de calzada única,Estatal,Ascendente,Seco y limpio,"Luz del día natural, solar",Despejado,,Nivel amarillo,,Sin especificar,Sin especificar,Sin especificar,Sin especificar,Sin especificar,Sin especificar,Sin especificar,2017,6,MIÉRCOLES,14,Tarde,Dias laborables
643.2,1,0,0,3195,03011,Curva sin señalizar,Carretera,Salida de la vía por la izquierda con vuelco       ,,AP-7,Autopista de peaje,Estatal,Descendente,Seco y limpio,"Amanecer o atardecer, sin luz artificial",Despejado,,Nivel blanco,,Sin especificar,Sin especificar,Sin especificar,Sin especificar,Sin especificar,Sin especificar,Sin especificar,2017,6,SÁBADO,6,Mañana,Fines de semana
,1,0,0,3196,03011,No aplica,Calle,Atropello a personas                               ,,No inventariada,Calle,Municipal,Se desconoce,Seco y limpio,"Luz del día natural, solar",Despejado,,Sin especificar,,Sin especificar,Sin especificar,Sin especificar,Sin especificar,Sin especificar,Sin especificar,Sin especificar,2017,5,MIÉRCOLES,9,Mañana,Dias laborables
,1,0,0,3197,03011,No aplica,Calle,Atropello a personas                               ,,No inventariada,Calle,Municipal,Se desconoce,Seco y limpio,"Luz del día natural, solar",Se desconoce,,Nivel blanco,,No,No,No,No,No,No,No,2017,6,JUEVES,20,Noche,Dias laborables
152.8,1,0,0,3198,03011,Curva señalizada,Carretera,Lateral                                            ,CV-763,N-332,Carretera Convencional de calzada única,Estatal,Ascendente,Seco y limpio,"Luz del día natural, solar",Despejado,,Nivel blanco,,No,No,No,No,No,Sí,No,2017,6,DOMINGO,7,Mañana,Fines de semana
,2,0,0,3199,03011,No aplica,Calle,Atropello a personas                               ,,No inventariada,Calle,Municipal,Se desconoce,Seco y limpio,Sin luz natural y con iluminación artificial encen,Despejado,,Nivel blanco,,Sin especificar,Sin especificar,Sin especificar,Sin especificar,Sin especificar,Sin especificar,Sin especificar,2017,6,SÁBADO,22,Noche,Fines de semana
,1,0,0,3200,03011,No aplica,Calle,Lateral                                            ,,No inventariada,Calle,Municipal,Se desconoce,Seco y limpio,"Luz del día natural, solar",Despejado,,Nivel blanco,,Sin especificar,Sin especificar,Sin especificar,Sin especificar,Sin especificar,Sin especificar,Sin especificar,2017,7,DOMINGO,14,Tarde,Fines de semana
,0,1,0,3201,03011,No aplica,Calle,Caída                                              ,,No inventariada,Calle,Municipal,Se desconoce,Seco y limpio,"Luz del día natural, solar",Despejado,,Nivel blanco,,Sin especificar,Sin especificar,Sin especificar,Sin especificar,Sin especificar,Sin especificar,Sin especificar,2017,7,SÁBADO,18,Noche,Fines de semana
,0,1,0,3202,03011,No aplica,Calle,Otro tipo de accidente                             ,,No inventariada,Calle,Municipal,Se desconoce,Seco y limpio,"Luz del día natural, solar",Despejado,,Nivel blanco,,Sin especificar,Sin especificar,Sin especificar,Sin especificar,Sin especificar,Sin especificar,Sin especificar,2017,7,MARTES,11,Mañana,Dias laborables
,0,1,0,3203,03011,No aplica,Calle,Frontal                                            ,,No inventariada,Calle,Municipal,Se desconoce,Seco y limpio,Sin luz natural y con iluminación artificial encen,Despejado,,Nivel blanco,,Sin especificar,Sin especificar,Sin especificar,Sin especificar,Sin especificar,Sin especificar,Sin especificar,2017,7,MARTES,0,Madrugada,Dias laborables
,1,0,0,3204,03011,No aplica,Calle,Frontal                                            ,,No inventariada,Calle,Municipal,Se desconoce,Seco y limpio,Sin luz natural y con iluminación artificial encen,Despejado,,Nivel blanco,,No,No,No,Sí,No,No,Sí,2017,8,VIERNES,22,Noche,Dias laborables
,1,0,0,3205,03011,No aplica,Calle,Por alcance                                        ,,No inventariada,Calle,Municipal,Se desconoce,Seco y limpio,"Luz del día natural, solar",Se desconoce,,Nivel blanco,,Sin especificar,Sin especificar,Sin especificar,Sin especificar,Sin especificar,Sin especificar,Sin especificar,2017,8,JUEVES,8,Mañana,Dias laborables
152.7,1,0,0,3206,03011,Curva señalizada,Carretera,Caída                                              ,N-332,N-332,Carretera Convencional de calzada única,Estatal,Ascendente,Otra,"Luz del día natural, solar",Despejado,,Sin especificar,,No,No,No,No,No,Sí,No,2017,9,LUNES,10,Mañana,Dias laborables
,1,0,0,3207,03011,No aplica,Calle,Frontal                                            ,,No inventariada,Calle,Municipal,Se desconoce,Seco y limpio,"Luz del día natural, solar",Se desconoce,,Sin especificar,,Sin especificar,Sin especificar,Sin especificar,Sin especificar,Sin especificar,Sin especificar,Sin especificar,2017,8,MIÉRCOLES,17,Tarde,Dias laborables
,0,1,0,3208,03011,No aplica,Calle,Salida de la vía por la derecha con colisión       ,,No inventariada,Calle,Municipal,Se desconoce,Seco y limpio,"Luz del día natural, solar",Despejado,,Nivel blanco,,Sin especificar,Sin especificar,Sin especificar,Sin especificar,Sin especificar,Sin especificar,Sin especificar,2017,9,MIÉRCOLES,11,Mañana,Dias laborables
,0,2,0,3209,03011,No aplica,Calle,Atropello a personas                               ,,No inventariada,Calle,Municipal,Se desconoce,Seco y limpio,"Luz del día natural, solar",Despejado,,Nivel blanco,,Sin especificar,Sin especificar,Sin especificar,Sin especificar,Sin especificar,Sin especificar,Sin especificar,2017,9,SÁBADO,10,Mañana,Fines de semana
,1,0,0,3210,03011,No aplica,Calle,Fronto-lateral                                     ,,No inventariada,Calle,Municipal,Se desconoce,Seco y limpio,"Luz del día natural, solar",Se desconoce,,Nivel blanco,,No,No,No,No,No,No,Sí,2017,10,JUEVES,11,Mañana,Dias laborables
,0,1,0,3211,03011,No aplica,Calle,Frontal                                            ,,No inventariada,Calle,Otra,Se desconoce,Con barro o gravilla suelta,Sin luz natural ni artificial,Despejado,,Nivel blanco,,Sin especificar,Sin especificar,Sin especificar,Sin especificar,Sin especificar,Sin especificar,Sin especificar,2017,10,VIERNES,20,Noche,Dias laborables
,1,0,0,3212,03011,No aplica,Calle,Atropello a personas                               ,,No inventariada,Calle,Municipal,Se desconoce,Seco y limpio,"Luz del día natural, solar",Despejado,,Nivel blanco,,Sin especificar,Sin especificar,Sin especificar,Sin especificar,Sin especificar,Sin especificar,Sin especificar,2017,10,SÁBADO,14,Tarde,Fines de semana
,1,0,0,3213,03011,No aplica,Calle,Atropello a personas                               ,,No inventariada,Calle,Municipal,Se desconoce,Seco y limpio,"Luz del día natural, solar",Se desconoce,,Nivel blanco,,Sin especificar,Sin especificar,Sin especificar,Sin especificar,Sin especificar,Sin especificar,Sin especificar,2017,11,MIÉRCOLES,11,Mañana,Dias laborables
152.6,1,0,0,3214,03011,Curva sin señalizar,Carretera,Lateral                                            ,N-332,N-332,Carretera Convencional de calzada única,Estatal,Descendente,Seco y limpio,"Luz del día natural, solar",Despejado,,Nivel blanco,,No,No,No,Sí,No,Sí,No,2017,11,JUEVES,12,Tarde,Dias laborables
153.8,3,0,0,3215,03011,Recta,Carretera,Fronto-lateral                                     ,CV-763,N-332,Carretera Convencional de calzada única,Estatal,Ascendente,Seco y limpio,"Luz del día natural, solar",Despejado,,Nivel verde,,No,No,No,No,Sí,No,No,2017,11,SÁBADO,14,Tarde,Fines de semana
,1,0,0,3216,03011,No aplica,Calle,Por alcance                                        ,,No inventariada,Calle,Municipal,Se desconoce,Seco y limpio,Sin luz natural y con iluminación artificial encen,Se desconoce,,Nivel blanco,,Sin especificar,Sin especificar,Sin especificar,Sin especificar,Sin especificar,Sin especificar,Sin especificar,2017,11,SÁBADO,22,Noche,Fines de semana
,1,0,0,3217,03011,No aplica,Calle,Atropello a personas                               ,,No inventariada,Calle,Municipal,Se desconoce,Seco y limpio,"Luz del día natural, solar",Se desconoce,,Nivel blanco,,Sin especificar,Sin especificar,Sin especificar,Sin especificar,Sin especificar,Sin especificar,Sin especificar,2017,11,MIÉRCOLES,12,Tarde,Dias laborables
,3,0,0,3218,03011,No aplica,Calle,Salida de la vía por la izquierda con colisión     ,,No inventariada,Calle,Municipal,Se desconoce,Seco y limpio,Sin luz natural y con iluminación artificial encen,Se desconoce,,Nivel blanco,,Sin especificar,Sin especificar,Sin especificar,Sin especificar,Sin especificar,Sin especificar,Sin especificar,2017,12,JUEVES,5,Madrugada,Dias laborables
,0,1,0,3219,03011,No aplica,Calle,Atropello a personas                               ,,No inventariada,Calle,Municipal,Se desconoce,Seco y limpio,"Luz del día natural, solar",Se desconoce,,Nivel blanco,,Sin especificar,Sin especificar,Sin especificar,Sin especificar,Sin especificar,Sin especificar,Sin especificar,2017,12,VIERNES,16,Tarde,Dias laborables
,0,1,0,3220,03011,No aplica,Calle,Fronto-lateral                                     ,,No inventariada,Calle,Municipal,Se desconoce,Seco y limpio,"Amanecer o atardecer, con luz artificial",Se desconoce,,Nivel blanco,,No,No,No,No,No,No,No,2017,12,LUNES,18,Noche,Dias laborables
,1,0,0,3221,03011,No aplica,Calle,Salida de la vía por la izquierda con colisión     ,,No inventariada,Calle,Municipal,Se desconoce,Seco y limpio,Sin luz natural y con iluminación artificial encen,Despejado,,Nivel blanco,,Sin especificar,Sin especificar,Sin especificar,Sin especificar,Sin especificar,Sin especificar,Sin especificar,2017,12,LUNES,22,Noche,Dias laborables
5.9,2,0,0,3222,00000,Curva señalizada,Carretera,Salida de la vía por la derecha con vuelco         ,,CV-935,Carretera Convencional de calzada única,Autonómica,Ascendente,Seco y limpio,"Luz del día natural, solar",Despejado,,Nivel blanco,,Sin especificar,Sin especificar,Sin especificar,Sin especificar,Sin especificar,Sin especificar,Sin especificar,2017,2,SÁBADO,16,Tarde,Fines de semana
0.0,1,0,0,3223,00000,Recta,Carretera,Por alcance                                        ,AP-7,CV-905,Carretera Convencional de calzada única,Autonómica,Ascendente,Seco y limpio,"Luz del día natural, solar",Despejado,,Nivel blanco,,No,No,No,No,No,Sí,No,2017,4,MIÉRCOLES,11,Mañana,Dias laborables
1.6,1,0,0,3224,00000,Curva señalizada,Carretera,Salida de la vía por la izquierda con vuelco       ,,CV-935,Carretera Convencional de calzada única,Autonómica,Descendente,Mojado,"Luz del día natural, solar",Lluvia débil,,Nivel blanco,,Sin especificar,Sin especificar,Sin especificar,Sin especificar,Sin especificar,Sin especificar,Sin especificar,2017,4,SÁBADO,10,Mañana,Fines de semana
745.9,1,0,0,3225,00000,Recta,Carretera,Salida de la vía por la derecha otro tipo          ,,AP-7,Autopista libre,Estatal,Descendente,Seco y limpio,"Luz del día natural, solar",Despejado,,Nivel blanco,,No,No,No,No,No,No,No,2017,5,MIÉRCOLES,12,Tarde,Dias laborables
2.0,1,0,0,3226,00000,Recta,Carretera,Vuelco                                             ,,CV-935,Carretera Convencional de calzada única,Autonómica,Ascendente,Seco y limpio,"Luz del día natural, solar",Despejado,,Nivel blanco,,No,No,No,No,No,Sí,No,2017,6,VIERNES,13,Tarde,Dias laborables
4.4,1,0,0,3227,00000,Recta,Carretera,Salida de la vía por la derecha con vuelco         ,,CV-935,Carretera Convencional de calzada única,Autonómica,Descendente,Mojado,"Luz del día natural, solar",Lluvia débil,,Nivel blanco,,No,No,No,No,No,Sí,No,2017,6,MARTES,16,Tarde,Dias laborables
0.1,2,0,0,3228,00000,Recta,Carretera,Por alcance                                        ,,CV-905,Carretera Convencional de doble calzada,Autonómica,Ascendente,Seco y limpio,"Luz del día natural, solar",Despejado,,Nivel blanco,,No,No,No,No,No,Sí,No,2017,8,LUNES,17,Tarde,Dias laborables
0.0,2,0,0,3229,00000,Recta,Carretera,Por alcance                                        ,,CV-905,Ramal de enlace,Autonómica,Ascendente,Seco y limpio,"Luz del día natural, solar",Despejado,,Nivel blanco,,No,No,No,No,No,Sí,No,2017,8,SÁBADO,13,Tarde,Fines de semana
6.8,0,1,0,3230,00000,Recta,Carretera,Por alcance                                        ,,CV-935,Carretera Convencional de calzada única,Autonómica,Descendente,Seco y limpio,"Luz del día natural, solar",Despejado,,Nivel blanco,,Sin especificar,Sin especificar,Sin especificar,Sin especificar,Sin especificar,Sin especificar,Sin especificar,2017,9,LUNES,8,Mañana,Dias laborables
0.0,1,0,0,3231,00000,Recta,Carretera,Por alcance                                        ,AP-7,CV-905,Carretera Convencional de calzada única,Autonómica,Descendente,Seco y limpio,"Luz del día natural, solar",Despejado,,Nivel blanco,,No,No,Sí,No,No,Sí,No,2017,9,JUEVES,11,Mañana,Dias laborables
0.0,2,0,0,3232,00000,Curva señalizada,Carretera,Por alcance                                        ,,CV-905,Carretera Convencional de calzada única,Autonómica,Ascendente,Seco y limpio,Sin luz natural ni artificial,Despejado,,Nivel blanco,,No,No,No,No,No,Sí,No,2017,11,MIÉRCOLES,21,Noche,Dias laborables
745.4,2,0,0,3233,00000,Recta,Carretera,Por alcance                                        ,,AP-7,Autopista de peaje,Estatal,Descendente,Seco y limpio,"Amanecer o atardecer, sin luz artificial",Despejado,,Nivel blanco,,Sin especificar,Sin especificar,Sin especificar,Sin especificar,Sin especificar,Sin especificar,Sin especificar,2017,12,MIÉRCOLES,7,Mañana,Dias laborables
23.1,1,0,0,3234,00000,Recta,Carretera,Salida de la vía por la derecha con vuelco         ,,CV-840,Carretera Convencional de calzada única,Autonómica,Ascendente,Seco y limpio,"Luz del día natural, solar",Despejado,,Nivel blanco,,Sin especificar,Sin especificar,Sin especificar,Sin especificar,Sin especificar,Sin especificar,Sin especificar,2017,5,LUNES,13,Tarde,Dias laborables
13.1,1,0,0,3235,00000,Curva señalizada,Carretera,Lateral                                            ,,CV-840,Carretera Convencional de calzada única,Autonómica,Ascendente,Seco y limpio,"Luz del día natural, solar",Despejado,,Nivel blanco,,Sin especificar,Sin especificar,Sin especificar,Sin especificar,Sin especificar,Sin especificar,Sin especificar,2017,8,VIERNES,9,Mañana,Dias laborables
0.6,1,0,0,3236,03014,Recta,Carretera,Múltiple o en caravana                             ,,A-77,Autovía,Estatal,Descendente,Seco y limpio,"Luz del día natural, solar",Despejado,,Nivel amarillo,,Sin especificar,Sin especificar,Sin especificar,Sin especificar,Sin especificar,Sin especificar,Sin especificar,2017,1,LUNES,8,Mañana,Dias laborables
16.9,2,0,0,3237,03014,Recta,Carretera,Por alcance                                        ,,A-70,Autovía,Estatal,Ascendente,Seco y limpio,"Luz del día natural, solar",Despejado,,Nivel amarillo,,Sin especificar,Sin especificar,Sin especificar,Sin especificar,Sin especificar,Sin especificar,Sin especificar,2017,1,LUNES,9,Mañana,Dias laborables
,0,0,1,3238,03014,No aplica,Calle,Salida de la vía por la izquierda con colisión     ,,No inventariada,Calle,Municipal,Se desconoce,Seco y limpio,Sin luz natural y con iluminación artificial encen,Despejado,,Nivel verde,,Sin especificar,Sin especificar,Sin especificar,Sin especificar,Sin especificar,Sin especificar,Sin especificar,2017,1,SÁBADO,2,Madrugada,Fines de semana
0.5,7,0,0,3239,03014,Recta,Carretera,Múltiple o en caravana                             ,,A-77,Autovía,Estatal,Ascendente,Seco y limpio,Sin luz natural y con iluminación artificial encen,Nublado,,Nivel amarillo,,No,No,No,No,Sí,No,No,2017,1,VIERNES,18,Noche,Dias laborables
14.3,3,0,0,3240,03014,Recta,Carretera,Múltiple o en caravana                             ,,A-70,Autovía,Estatal,Descendente,Seco y limpio,"Luz del día natural, solar",Despejado,,Nivel verde,,Sin especificar,Sin especificar,Sin especificar,Sin especificar,Sin especificar,Sin especificar,Sin especificar,2017,1,MARTES,7,Mañana,Dias laborables
0.1,1,0,0,3241,03014,Recta,Carretera,Por alcance                                        ,A-77a,A-77a,Autovía,Estatal,Descendente,Seco y limpio,"Luz del día natural, solar",Despejado,,Nivel blanco,,No,No,Sí,No,No,Sí,No,2017,1,JUEVES,17,Tarde,Dias laborables
5.8,1,0,0,3242,03014,Curva señalizada,Carretera,Salida de la vía por la derecha con vuelco         ,,CV-824,Carretera Convencional de calzada única,"Provincial, Cabildo/Consell",Descendente,Seco y limpio,"Luz del día natural, solar",Despejado,,Nivel blanco,,Sin especificar,Sin especificar,Sin especificar,Sin especificar,Sin especificar,Sin especificar,Sin especificar,2017,2,JUEVES,10,Mañana,Dias laborables
17.0,1,0,1,3243,03014,Curva señalizada,Carretera,Fronto-lateral                                     ,A-31,A-70,Autovía,Estatal,Ascendente,Seco y limpio,"Luz del día natural, solar",Despejado,,Nivel blanco,,No,No,Sí,No,No,Sí,No,2017,2,VIERNES,16,Tarde,Dias laborables
0.0,1,0,0,3244,03014,Recta,Carretera,Por alcance                                        ,CV-824,CV-824,Vía de servicio,"Provincial, Cabildo/Consell",Ascendente,Seco y limpio,Sin luz natural ni artificial,Despejado,,Nivel blanco,,No,No,Sí,No,No,No,No,2017,2,MARTES,19,Noche,Dias laborables
15.3,2,0,0,3245,03014,Recta,Carretera,Salida de la vía por la izquierda con colisión     ,,A-70,Autovía,Estatal,Ascendente,Seco y limpio,"Luz del día natural, solar",Despejado,,Nivel blanco,,Sin especificar,Sin especificar,Sin especificar,Sin especificar,Sin especificar,Sin especificar,Sin especificar,2017,2,MARTES,12,Tarde,Dias laborables
0.0,0,0,1,3246,03014,Curva señalizada,Carretera,Salida de la vía por la izquierda con colisión     ,A-70,A-77,Autovía,Estatal,Descendente,Seco y limpio,Sin luz natural y con iluminación artificial encen,Despejado,,Nivel blanco,,No,No,Sí,No,No,Sí,No,2017,2,LUNES,5,Madrugada,Dias laborables
3.5,1,0,0,3247,03014,Curva señalizada,Carretera,Fronto-lateral                                     ,,CV-821,Carretera Convencional de doble calzada,Autonómica,Descendente,Seco y limpio,Sin luz natural y con iluminación artificial encen,Despejado,,Nivel blanco,,No,No,No,No,No,No,No,2017,2,LUNES,22,Noche,Dias laborables
99.2,1,1,0,3248,03014,Recta,Carretera,"Salida de la vía por la izquierda, otro tipo       ",,N-332,Carretera Convencional de doble calzada,Municipal,Ascendente,Seco y limpio,Sin luz natural ni artificial,Despejado,,Nivel verde,,Sin especificar,Sin especificar,Sin especificar,Sin especificar,Sin especificar,Sin especificar,Sin especificar,2017,2,DOMINGO,4,Madrugada,Fines de semana
18.1,1,0,0,3249,03014,Recta,Carretera,Salida de la vía por la izquierda con colisión     ,,A-70,Autovía,Estatal,Descendente,Seco y limpio,"Luz del día natural, solar",Despejado,,Nivel blanco,,Sin especificar,Sin especificar,Sin especificar,Sin especificar,Sin especificar,Sin especificar,Sin especificar,2017,2,LUNES,15,Tarde,Dias laborables
233.4,5,0,0,3250,03014,Recta,Carretera,Por alcance                                        ,,A-31,Autovía,Estatal,Descendente,Seco y limpio,"Luz del día natural, solar",Despejado,Niebla intensa,Nivel blanco,,Sin especificar,Sin especificar,Sin especificar,Sin especificar,Sin especificar,Sin especificar,Sin especificar,2017,2,DOMINGO,21,Noche,Fines de semana
3.5,4,0,0,3251,03014,Curva señalizada,Carretera,Por alcance                                        ,,CV-821,Carretera Convencional de doble calzada,Autonómica,Descendente,Seco y limpio,"Luz del día natural, solar",Despejado,,Nivel blanco,,Sin especificar,Sin especificar,Sin especificar,Sin especificar,Sin especificar,Sin especificar,Sin especificar,2017,2,VIERNES,13,Tarde,Dias laborables
14.35,1,0,0,3252,03014,Recta,Carretera,Por alcance                                        ,,A-70,Autovía,Estatal,Ascendente,Seco y limpio,"Amanecer o atardecer, sin luz artificial",Despejado,Niebla ligera,Nivel blanco,,Sin especificar,Sin especificar,Sin especificar,Sin especificar,Sin especificar,Sin especificar,Sin especificar,2017,2,LUNES,7,Mañana,Dias laborables
238.5,2,0,0,3253,03014,Recta,Carretera,Por alcance                                        ,,A-31,Autovía,Estatal,Ascendente,Mojado,Sin luz natural ni artificial,Lluvia débil,,Nivel blanco,,Sin especificar,Sin especificar,Sin especificar,Sin especificar,Sin especificar,Sin especificar,Sin especificar,2017,3,VIERNES,20,Noche,Dias laborables
0.4,1,0,0,3254,03014,Recta,Carretera,Atropello a personas                               ,,CV-851,Carretera Convencional de doble calzada,"Provincial, Cabildo/Consell",Descendente,Seco y limpio,Sin luz natural ni artificial,Despejado,,Nivel blanco,,Sin especificar,Sin especificar,Sin especificar,Sin especificar,Sin especificar,Sin especificar,Sin especificar,2017,3,VIERNES,20,Noche,Dias laborables
,1,1,0,3255,03014,No aplica,Calle,Fronto-lateral                                     ,,No inventariada,Calle,Municipal,Se desconoce,Seco y limpio,Sin luz natural y con iluminación artificial encen,Despejado,,Nivel verde,,No,No,No,No,No,Sí,No,2017,3,JUEVES,3,Madrugada,Dias laborables
230.7,1,0,0,3256,03014,Curva señalizada,Carretera,Salida de la vía por la derecha con vuelco         ,,A-31,Autovía,Estatal,Ascendente,Mojado,"Amanecer o atardecer, sin luz artificial",Lluvia débil,,Nivel blanco,,Sin especificar,Sin especificar,Sin especificar,Sin especificar,Sin especificar,Sin especificar,Sin especificar,2017,3,LUNES,20,Noche,Dias laborables
6.5,1,0,0,3257,03014,Recta,Carretera,Por alcance                                        ,,A-70,Autovía,Estatal,Ascendente,Seco y limpio,"Luz del día natural, solar",Despejado,,Nivel verde,,Sin especificar,Sin especificar,Sin especificar,Sin especificar,Sin especificar,Sin especificar,Sin especificar,2017,3,VIERNES,16,Tarde,Dias laborables
4.5,1,0,0,3258,03014,Curva señalizada,Carretera,Salida de la vía por la izquierda con colisión     ,,A-79,Carretera Convencional de doble calzada,Estatal,Descendente,Seco y limpio,Sin luz natural ni artificial,Despejado,,Nivel blanco,,No,No,No,Sí,No,Sí,No,2017,3,JUEVES,5,Madrugada,Dias laborables
236.35,1,0,0,3259,03014,Recta,Carretera,Múltiple o en caravana                             ,,A-31,Autovía,Estatal,Descendente,Seco y limpio,"Luz del día natural, solar",Despejado,,Nivel amarillo,,Sin especificar,Sin especificar,Sin especificar,Sin especificar,Sin especificar,Sin especificar,Sin especificar,2017,3,JUEVES,8,Mañana,Dias laborables
,0,1,0,3260,03014,No aplica,Calle,Atropello a personas                               ,,No inventariada,Calle,Municipal,Se desconoce,Seco y limpio,"Amanecer o atardecer, con luz artificial",Despejado,,Nivel verde,,Sin especificar,Sin especificar,Sin especificar,Sin especificar,Sin especificar,Sin especificar,Sin especificar,2017,3,MIÉRCOLES,19,Noche,Dias laborables
4.85,1,1,1,3261,03014,Curva señalizada,Carretera,Frontal                                            ,,N-338,Carretera Convencional de calzada única,Estatal,Descendente,Seco y limpio,"Amanecer o atardecer, sin luz artificial",Despejado,,Nivel blanco,,Sin especificar,Sin especificar,Sin especificar,Sin especificar,Sin especificar,Sin especificar,Sin especificar,2017,3,SÁBADO,7,Mañana,Fines de semana
0.0,1,0,0,3262,03014,Recta,Carretera,Por alcance                                        ,,A-77a,Autovía,Estatal,Ascendente,Seco y limpio,"Luz del día natural, solar",Despejado,,Nivel blanco,,No,No,Sí,No,No,Sí,No,2017,3,MIÉRCOLES,16,Tarde,Dias laborables
14.8,1,0,0,3263,03014,Recta,Carretera,Por alcance                                        ,,A-70,Autovía,Estatal,Ascendente,Seco y limpio,"Amanecer o atardecer, sin luz artificial",Despejado,,Nivel amarillo,,Sin especificar,Sin especificar,Sin especificar,Sin especificar,Sin especificar,Sin especificar,Sin especificar,2017,3,JUEVES,19,Noche,Dias laborables
3.8,1,0,0,3264,03014,Recta,Carretera,Fronto-lateral                                     ,,CV-824,Carretera Convencional de calzada única,"Provincial, Cabildo/Consell",Descendente,Seco y limpio,"Luz del día natural, solar",Despejado,,Nivel blanco,,No,No,No,Sí,No,No,Sí,2017,3,MIÉRCOLES,10,Mañana,Dias laborables
3.1,1,0,0,3265,03014,Curva señalizada,Carretera,Fronto-lateral                                     ,CV-821,CV-821,Carretera Convencional de calzada única,Autonómica,Descendente,Seco y limpio,"Luz del día natural, solar",Despejado,,Nivel blanco,,No,No,No,Sí,No,No,Sí,2017,3,VIERNES,12,Tarde,Dias laborables
,0,1,0,3266,03014,No aplica,Calle,Atropello a personas                               ,,No inventariada,Calle,Municipal,Se desconoce,Seco y limpio,"Luz del día natural, solar",Despejado,,Nivel verde,,Sin especificar,Sin especificar,Sin especificar,Sin especificar,Sin especificar,Sin especificar,Sin especificar,2017,4,MARTES,15,Tarde,Dias laborables
,0,1,0,3267,03014,No aplica,Calle,Fronto-lateral                                     ,,No inventariada,Calle,Municipal,Se desconoce,Seco y limpio,"Luz del día natural, solar",Despejado,,Nivel verde,,Sin especificar,Sin especificar,Sin especificar,Sin especificar,Sin especificar,Sin especificar,Sin especificar,2017,4,MARTES,13,Tarde,Dias laborables
21.8,2,0,0,3268,03014,Recta,Carretera,Múltiple o en caravana                             ,,A-70,Autovía,Estatal,Descendente,Seco y limpio,"Luz del día natural, solar",Despejado,,Nivel blanco,,Sin especificar,Sin especificar,Sin especificar,Sin especificar,Sin especificar,Sin especificar,Sin especificar,2017,4,JUEVES,15,Tarde,Dias laborables
238.2,2,0,0,3269,03014,Curva señalizada,Carretera,Lateral                                            ,,A-31,Autovía,Estatal,Ascendente,Seco y limpio,"Luz del día natural, solar",Despejado,,Nivel blanco,,Sin especificar,Sin especificar,Sin especificar,Sin especificar,Sin especificar,Sin especificar,Sin especificar,2017,4,LUNES,12,Tarde,Dias laborables
13.1,1,0,0,3270,03014,Recta,Carretera,Por alcance                                        ,,A-70,Autovía,Estatal,Ascendente,Seco y limpio,"Luz del día natural, solar",Despejado,,Nivel blanco,,Sin especificar,Sin especificar,Sin especificar,Sin especificar,Sin especificar,Sin especificar,Sin especificar,2017,4,JUEVES,13,Tarde,Dias laborables
,0,0,1,3271,03014,No aplica,Calle,Atropello a personas                               ,,No inventariada,Calle,Municipal,Se desconoce,Seco y limpio,"Amanecer o atardecer, con luz artificial",Despejado,,Nivel verde,,Sin especificar,Sin especificar,Sin especificar,Sin especificar,Sin especificar,Sin especificar,Sin especificar,2017,4,DOMINGO,22,Noche,Fines de semana
10.4,6,0,0,3272,03014,Recta,Carretera,Salida de la vía por la izquierda con colisión     ,,A-70,Autovía,Estatal,Descendente,Seco y limpio,Sin luz natural ni artificial,Despejado,,Nivel blanco,,Sin especificar,Sin especificar,Sin especificar,Sin especificar,Sin especificar,Sin especificar,Sin especificar,2017,4,MIÉRCOLES,22,Noche,Dias laborables
4.5,1,0,0,3273,03014,Recta,Carretera,Caída                                              ,,A-79,Carretera Convencional de doble calzada,Estatal,Descendente,Seco y limpio,"Luz del día natural, solar",Despejado,,Nivel blanco,,Sin especificar,Sin especificar,Sin especificar,Sin especificar,Sin especificar,Sin especificar,Sin especificar,2017,5,LUNES,13,Tarde,Dias laborables
0.0,1,0,0,3274,03014,Recta,Carretera,Por alcance                                        ,A-70,A-77,Autovía,Estatal,Ascendente,Seco y limpio,"Luz del día natural, solar",Despejado,,Nivel blanco,,No,No,Sí,No,No,Sí,No,2017,4,SÁBADO,13,Tarde,Fines de semana
,0,1,0,3275,03014,No aplica,Calle,Atropello a personas                               ,,No inventariada,Calle,Municipal,Se desconoce,Seco y limpio,"Luz del día natural, solar",Despejado,,Nivel rojo,,Sin especificar,Sin especificar,Sin especificar,Sin especificar,Sin especificar,Sin especificar,Sin especificar,2017,4,VIERNES,13,Tarde,Dias laborables
1.7,1,0,0,3276,03014,Curva señalizada,Carretera,Lateral                                            ,,A-79,Autovía,Estatal,Descendente,Seco y limpio,"Luz del día natural, solar",Despejado,,Nivel blanco,,No,No,No,No,No,Sí,No,2017,5,DOMINGO,13,Tarde,Fines de semana