KM,TOTAL_HL24H,TOTAL_HG24H,TOTAL_MU24H,id,COD_MUNICIPIO,TRAZADO_PLANTA,ZONA,TIPO_ACCIDENTE,CARRETERA_CRUCE,CARRETERA,TIPO_VIA,TITULARIDAD_VIA,SENTIDO_1F,CONDICION_FIRME,CONDICION_ILUMINACION,CONDICION_METEO,CONDICION_NIEBLA,CONDICION_NIVEL_CIRCULA,CONDICION_VIENTO,PRIORI_AGENTE,PRIORI_CIRCUNSTANCIAL,PRIORI_HORIZ_CEDA,PRIORI_HORIZ_STOP,PRIORI_SEMAFORO,PRIORI_VERT_CEDA,PRIORI_VERT_STOP,ANYO,MES,DIA,HORA,FRANJA_HORARIA,TIPO_DIA
9.3,1,0,0,3277,03014,Recta,Carretera,Múltiple o en caravana                             ,,A-70,Autovía,Estatal,Ascendente,Seco y limpio,"Luz del día natural, solar",Despejado,,Nivel amarillo,,Sin especificar,Sin especificar,Sin especificar,Sin especificar,Sin especificar,Sin especificar,Sin especificar,2017,5,LUNES,8,Mañana,Dias laborables
236.1,1,0,0,3278,03014,Recta,Carretera,Por alcance                                        ,,A-31,Autovía,Estatal,Descendente,Seco y limpio,"Amanecer o atardecer, sin luz artificial",Despejado,,Nivel blanco,,Sin especificar,Sin especificar,Sin especificar,Sin especificar,Sin especificar,Sin especificar,Sin especificar,2017,5,LUNES,6,Mañana,Dias laborables
,1,0,0,3279,03014,No aplica,Calle,Por alcance                                        ,,No inventariada,Otro,Municipal,Se desconoce,Seco y limpio,"Luz del día natural, solar",Despejado,,Se desconoce,,Sin especificar,Sin especificar,Sin especificar,Sin especificar,Sin especificar,Sin especificar,Sin especificar,2017,4,JUEVES,14,Tarde,Dias laborables
,0,1,0,3280,03014,No aplica,Calle,Atropello a personas                               ,,No inventariada,Calle,Municipal,Se desconoce,Seco y limpio,"Luz del día natural, solar",Despejado,,Nivel blanco,,Sin especificar,Sin especificar,Sin especificar,Sin especificar,Sin especificar,Sin especificar,Sin especificar,2017,3,MARTES,9,Mañana,Dias laborables
6.5,1,0,0,3281,03014,Recta,Carretera,Por alcance                                        ,,A-70,Autovía,Estatal,Ambos,Seco y limpio,"Luz del día natural, solar",Despejado,,Nivel amarillo,,Sin especificar,Sin especificar,Sin especificar,Sin especificar,Sin especificar,Sin especificar,Sin especificar,2017,5,MIÉRCOLES,8,Mañana,Dias laborables
,0,1,0,3282,03014,No aplica,Calle,Otro tipo de accidente                             ,,No inventariada,Calle,Municipal,Se desconoce,Seco y limpio,"Luz del día natural, solar",Despejado,,Nivel blanco,,No,No,No,No,No,No,No,2017,5,LUNES,14,Tarde,Dias laborables
2.5,2,0,0,3283,03014,Recta,Carretera,Fronto-lateral                                     ,,CV-820,Carretera Convencional de calzada única,Autonómica,Ambos,Seco y limpio,"Luz del día natural, solar",Despejado,,Nivel blanco,,No,No,No,No,No,No,No,2017,5,DOMINGO,21,Noche,Fines de semana
,0,1,0,3284,03014,No aplica,Calle,Lateral                                            ,,No inventariada,Calle,Municipal,Se desconoce,Seco y limpio,"Luz del día natural, solar",Despejado,,Nivel verde,,Sin especificar,Sin especificar,Sin especificar,Sin especificar,Sin especificar,Sin especificar,Sin especificar,2017,3,JUEVES,9,Mañana,Dias laborables
,0,1,0,3285,03014,No aplica,Calle,Por alcance                                        ,,No inventariada,Calle,Municipal,Se desconoce,Seco y limpio,"Luz del día natural, solar",Despejado,,Nivel rojo,,No,No,No,No,Sí,No,No,2017,3,JUEVES,11,Mañana,Dias laborables
,0,1,0,3286,03014,No aplica,Calle,Por alcance                                        ,,No inventariada,Calle,Municipal,Se desconoce,Seco y limpio,"Luz del día natural, solar",Despejado,,Nivel blanco,,No,No,No,No,Sí,No,No,2017,3,JUEVES,11,Mañana,Dias laborables
,0,1,0,3287,03014,No aplica,Calle,Salida de la vía por la derecha con colisión       ,,No inventariada,Calle,Municipal,Se desconoce,Seco y limpio,"Luz del día natural, solar",Despejado,,Nivel verde,,Sin especificar,Sin especificar,Sin especificar,Sin especificar,Sin especificar,Sin especificar,Sin especificar,2017,5,SÁBADO,8,Mañana,Fines de semana
,0,1,0,3288,03014,No aplica,Calle,Salida de la vía por la derecha otro tipo          ,,No inventariada,Vía de servicio,Municipal,Se desconoce,Seco y limpio,"Luz del día natural, solar",Despejado,,Nivel verde,,Sin especificar,Sin especificar,Sin especificar,Sin especificar,Sin especificar,Sin especificar,Sin especificar,2017,5,VIERNES,11,Mañana,Dias laborables
,0,1,0,3289,03014,No aplica,Calle,Atropello a personas                               ,,No inventariada,Calle,Municipal,Se desconoce,Seco y limpio,"Luz del día natural, solar",Despejado,,Nivel verde,,Sin especificar,Sin especificar,Sin especificar,Sin especificar,Sin especificar,Sin especificar,Sin especificar,2017,1,VIERNES,13,Tarde,Dias laborables
,0,1,0,3290,03014,No aplica,Calle,Atropello a personas                               ,,No inventariada,Calle,Municipal,Se desconoce,Seco y limpio,"Luz del día natural, solar",Despejado,,Nivel verde,,No,No,No,No,No,No,No,2017,1,SÁBADO,18,Noche,Fines de semana
,0,1,0,3291,03014,No aplica,Calle,Fronto-lateral                                     ,,No inventariada,Calle,Municipal,Se desconoce,Seco y limpio,"Luz del día natural, solar",Despejado,,Nivel verde,,No,No,No,No,No,No,No,2017,1,LUNES,7,Mañana,Dias laborables
,0,1,0,3292,03014,No aplica,Calle,Atropello a personas                               ,,No inventariada,Calle,Municipal,Se desconoce,Seco y limpio,"Luz del día natural, solar",Despejado,,Nivel amarillo,,Sin especificar,Sin especificar,Sin especificar,Sin especificar,Sin especificar,Sin especificar,Sin especificar,2017,1,JUEVES,7,Mañana,Dias laborables
,0,1,0,3293,03014,No aplica,Calle,Atropello a personas                               ,,No inventariada,Calle,Municipal,Se desconoce,Seco y limpio,"Luz del día natural, solar",Despejado,,Nivel verde,,No,No,No,No,No,Sí,No,2017,2,JUEVES,13,Tarde,Dias laborables
,0,1,0,3294,03014,No aplica,Calle,Atropello a personas                               ,,No inventariada,Calle,Municipal,Se desconoce,Seco y limpio,Sin luz natural y con iluminación artificial encen,Despejado,,Nivel verde,,No,No,No,No,No,No,No,2017,1,MARTES,23,Noche,Dias laborables
,1,0,0,3295,03014,No aplica,Calle,Lateral                                            ,,No inventariada,Calle,Municipal,Se desconoce,Seco y limpio,Sin luz natural y con iluminación artificial encen,Despejado,,Nivel verde,,Sin especificar,Sin especificar,Sin especificar,Sin especificar,Sin especificar,Sin especificar,Sin especificar,2017,1,JUEVES,19,Noche,Dias laborables
,1,0,0,3296,03014,No aplica,Calle,Atropello a personas                               ,,No inventariada,Calle,Municipal,Se desconoce,Seco y limpio,"Luz del día natural, solar",Despejado,,Nivel verde,,Sin especificar,Sin especificar,Sin especificar,Sin especificar,Sin especificar,Sin especificar,Sin especificar,2017,1,JUEVES,17,Tarde,Dias laborables
,1,0,0,3297,03014,No aplica,Calle,Salida de la vía por la derecha otro tipo          ,,No inventariada,Calle,Municipal,Se desconoce,Seco y limpio,"Luz del día natural, solar",Despejado,,Nivel verde,,Sin especificar,Sin especificar,Sin especificar,Sin especificar,Sin especificar,Sin especificar,Sin especificar,2017,3,SÁBADO,19,Noche,Fines de semana
,1,0,0,3298,03014,No aplica,Calle,Salida de la vía por la derecha otro tipo          ,,No inventariada,Calle,Municipal,Se desconoce,Seco y limpio,"Luz del día natural, solar",Despejado,,Nivel verde,,Sin especificar,Sin especificar,Sin especificar,Sin especificar,Sin especificar,Sin especificar,Sin especificar,2017,1,VIERNES,16,Tarde,Dias laborables
,0,1,0,3299,03014,No aplica,Calle,Por alcance                                        ,,No inventariada,Calle,Municipal,Se desconoce,Seco y limpio,Sin luz natural y con iluminación artificial encen,Despejado,,Nivel verde,,Sin especificar,Sin especificar,Sin especificar,Sin especificar,Sin especificar,Sin especificar,Sin especificar,2017,3,SÁBADO,23,Noche,Fines de semana
,1,0,0,3300,03014,No aplica,Calle,Por alcance                                        ,,No inventariada,Calle,Municipal,Se desconoce,Seco y limpio,"Luz del día natural, solar",Despejado,,Nivel verde,,Sin especificar,Sin especificar,Sin especificar,Sin especificar,Sin especificar,Sin especificar,Sin especificar,2017,2,SÁBADO,16,Tarde,Fines de semana
,0,1,0,3301,03014,No aplica,Calle,Lateral                                            ,,No inventariada,Calle,Municipal,Se desconoce,Seco y limpio,"Luz del día natural, solar",Nublado,,Nivel verde,,Sin especificar,Sin especificar,Sin especificar,Sin especificar,Sin especificar,Sin especificar,Sin especificar,2017,2,LUNES,13,Tarde,Dias laborables
,0,1,0,3302,03014,No aplica,Calle,Atropello a personas                               ,,No inventariada,Calle,Municipal,Se desconoce,Seco y limpio,"Luz del día natural, solar",Despejado,,Nivel verde,,Sin especificar,Sin especificar,Sin especificar,Sin especificar,Sin especificar,Sin especificar,Sin especificar,2017,2,JUEVES,13,Tarde,Dias laborables
,0,1,0,3303,03014,No aplica,Calle,Fronto-lateral                                     ,,No inventariada,Calle,Municipal,Se desconoce,Seco y limpio,"Luz del día natural, solar",Despejado,,Nivel verde,,No,No,No,No,No,No,No,2017,3,MIÉRCOLES,13,Tarde,Dias laborables
,0,1,0,3304,03014,No aplica,Calle,Atropello a personas                               ,,No inventariada,Calle,Municipal,Se desconoce,Seco y limpio,"Luz del día natural, solar",Despejado,,Nivel verde,,Sin especificar,Sin especificar,Sin especificar,Sin especificar,Sin especificar,Sin especificar,Sin especificar,2017,3,JUEVES,8,Mañana,Dias laborables
0.0,1,0,0,3305,03014,Recta,Carretera,Por alcance                                        ,,A-77a,Autovía,Estatal,Descendente,Seco y limpio,"Luz del día natural, solar",Despejado,,Nivel verde,,No,No,No,No,No,Sí,No,2017,6,SÁBADO,18,Noche,Fines de semana
0.0,1,0,0,3306,03014,Recta,Carretera,Por alcance                                        ,A-70,A-77a,Autovía,Estatal,Ascendente,Seco y limpio,"Luz del día natural, solar",Despejado,,Nivel amarillo,,No,No,No,No,No,Sí,No,2017,6,VIERNES,12,Tarde,Dias laborables
,0,1,0,3307,03014,No aplica,Calle,Fronto-lateral                                     ,,No inventariada,Calle,Municipal,Se desconoce,Seco y limpio,"Luz del día natural, solar",Despejado,,Nivel verde,,No,No,No,No,Sí,No,No,2017,6,LUNES,14,Tarde,Dias laborables
15.2,1,0,0,3308,03014,Recta,Carretera,Por alcance                                        ,,A-70,Autovía,Estatal,Ascendente,Seco y limpio,"Luz del día natural, solar",Despejado,,Nivel amarillo,,Sin especificar,Sin especificar,Sin especificar,Sin especificar,Sin especificar,Sin especificar,Sin especificar,2017,6,LUNES,8,Mañana,Dias laborables
,0,1,1,3309,03014,No aplica,Calle,Atropello a personas                               ,,No inventariada,Calle,Municipal,Se desconoce,Seco y limpio,"Luz del día natural, solar",Despejado,,Nivel blanco,,Sin especificar,Sin especificar,Sin especificar,Sin especificar,Sin especificar,Sin especificar,Sin especificar,2017,6,MIÉRCOLES,12,Tarde,Dias laborables
,0,1,0,3310,03014,No aplica,Calle,Por alcance                                        ,,No inventariada,Calle,Municipal,Se desconoce,Seco y limpio,"Luz del día natural, solar",Despejado,,Nivel blanco,,Sin especificar,Sin especificar,Sin especificar,Sin especificar,Sin especificar,Sin especificar,Sin especificar,2017,6,MARTES,11,Mañana,Dias laborables
13.8,1,0,0,3311,03014,Recta,Carretera,Lateral                                            ,A-70,A-70,Autovía,Estatal,Descendente,Seco y limpio,"Luz del día natural, solar",Despejado,,Nivel blanco,,No,No,No,No,No,No,No,2017,6,JUEVES,19,Noche,Dias laborables
230.0,1,0,0,3312,03014,Recta,Carretera,Por alcance                                        ,,A-31,Autovía,Estatal,Ascendente,Seco y limpio,"Luz del día natural, solar",Despejado,,Nivel blanco,,Sin especificar,Sin especificar,Sin especificar,Sin especificar,Sin especificar,Sin especificar,Sin especificar,2017,5,MIÉRCOLES,14,Tarde,Dias laborables
,0,1,0,3313,03014,No aplica,Calle,Atropello a personas                               ,,No inventariada,Calle,Municipal,Se desconoce,Seco y limpio,"Luz del día natural, solar",Despejado,,Nivel blanco,,No,No,No,No,Sí,No,No,2017,6,LUNES,20,Noche,Dias laborables
,1,0,1,3314,03014,No aplica,Calle,Salida de la vía por la izquierda con colisión     ,,No inventariada,Calle,Municipal,Se desconoce,Seco y limpio,"Luz del día natural, solar",Despejado,,Nivel verde,,Sin especificar,Sin especificar,Sin especificar,Sin especificar,Sin especificar,Sin especificar,Sin especificar,2017,6,DOMINGO,9,Mañana,Fines de semana
,0,1,0,3315,03014,No aplica,Calle,Salida de la vía por la izquierda con colisión     ,,No inventariada,Calle,Municipal,Se desconoce,Seco y limpio,"Luz del día natural, solar",Despejado,,Nivel verde,,Sin especificar,Sin especificar,Sin especificar,Sin especificar,Sin especificar,Sin especificar,Sin especificar,2017,6,LUNES,7,Mañana,Dias laborables
,1,1,0,3316,03014,No aplica,Calle,Fronto-lateral                                     ,,No inventariada,Calle,Municipal,Se desconoce,Seco y limpio,"Luz del día natural, solar",Despejado,,Nivel amarillo,,No,No,No,No,No,Sí,No,2017,6,JUEVES,13,Tarde,Dias laborables
,0,1,0,3317,03014,No aplica,Calle,Atropello a personas                               ,,No inventariada,Calle,Municipal,Se desconoce,Seco y limpio,Sin luz natural y con iluminación artificial encen,Despejado,,Nivel verde,,Sin especificar,Sin especificar,Sin especificar,Sin especificar,Sin especificar,Sin especificar,Sin especificar,2017,6,LUNES,21,Noche,Dias laborables
16.0,2,0,0,3318,03014,Recta,Carretera,Múltiple o en caravana                             ,,A-70,Autovía,Estatal,Descendente,Seco y limpio,"Luz del día natural, solar",Despejado,,Nivel amarillo,,Sin especificar,Sin especificar,Sin especificar,Sin especificar,Sin especificar,Sin especificar,Sin especificar,2017,6,VIERNES,14,Tarde,Dias laborables
4.0,2,0,0,3319,03014,Recta,Carretera,Caída                                              ,,CV-821,Carretera Convencional de doble calzada,Autonómica,Descendente,Seco y limpio,"Luz del día natural, solar",Despejado,,Nivel blanco,,Sin especificar,Sin especificar,Sin especificar,Sin especificar,Sin especificar,Sin especificar,Sin especificar,2017,6,SÁBADO,14,Tarde,Fines de semana
1.8,1,0,0,3320,03014,Recta,Carretera,Fronto-lateral                                     ,,CV-820,Carretera Convencional de calzada única,Autonómica,Ascendente,Seco y limpio,"Luz del día natural, solar",Despejado,,Nivel blanco,,No,No,No,No,No,No,Sí,2017,6,VIERNES,12,Tarde,Dias laborables
14.0,1,0,0,3321,03014,Recta,Carretera,Salida de la vía por la izquierda con vuelco       ,,A-70,Autovía,Estatal,Ascendente,Seco y limpio,"Luz del día natural, solar",Nublado,,Nivel blanco,,Sin especificar,Sin especificar,Sin especificar,Sin especificar,Sin especificar,Sin especificar,Sin especificar,2017,6,MARTES,13,Tarde,Dias laborables
232.25,1,0,0,3322,03014,Curva señalizada,Carretera,Salida de la vía por la derecha con colisión       ,,A-31,Autovía,Estatal,Ascendente,Mojado,"Luz del día natural, solar",Lluvia débil,,Nivel blanco,,Sin especificar,Sin especificar,Sin especificar,Sin especificar,Sin especificar,Sin especificar,Sin especificar,2017,6,MARTES,13,Tarde,Dias laborables
232.25,1,0,0,3323,03014,Curva señalizada,Carretera,Múltiple o en caravana                             ,,A-31,Autovía,Estatal,Ascendente,Mojado,"Luz del día natural, solar",Lluvia débil,,Nivel amarillo,,Sin especificar,Sin especificar,Sin especificar,Sin especificar,Sin especificar,Sin especificar,Sin especificar,2017,6,MARTES,13,Tarde,Dias laborables
8.2,2,0,0,3324,03014,Recta,Carretera,Caída                                              ,,A-70,Autovía,Estatal,Descendente,Seco y limpio,"Luz del día natural, solar",Nublado,,Nivel blanco,,Sin especificar,Sin especificar,Sin especificar,Sin especificar,Sin especificar,Sin especificar,Sin especificar,2017,6,MARTES,15,Tarde,Dias laborables
11.5,2,0,0,3325,03014,Recta,Carretera,Por alcance                                        ,,A-70,Autovía,Estatal,Descendente,Seco y limpio,"Luz del día natural, solar",Despejado,,Nivel blanco,,Sin especificar,Sin especificar,Sin especificar,Sin especificar,Sin especificar,Sin especificar,Sin especificar,2017,6,DOMINGO,18,Noche,Fines de semana
,0,1,0,3326,03014,No aplica,Calle,Lateral                                            ,,No inventariada,Calle,Municipal,Se desconoce,Seco y limpio,"Luz del día natural, solar",Despejado,,Nivel blanco,,No,No,No,No,No,Sí,No,2017,6,VIERNES,14,Tarde,Dias laborables
18.2,1,0,0,3327,03014,Recta,Carretera,Múltiple o en caravana                             ,,A-70,Autovía,Estatal,Ascendente,Seco y limpio,"Luz del día natural, solar",Despejado,,Nivel amarillo,,Sin especificar,Sin especificar,Sin especificar,Sin especificar,Sin especificar,Sin especificar,Sin especificar,2017,7,MARTES,8,Mañana,Dias laborables
18.2,1,0,0,3328,03014,Recta,Carretera,Por alcance                                        ,,A-70,Autovía,Estatal,Ascendente,Seco y limpio,"Luz del día natural, solar",Nublado,,Nivel amarillo,,Sin especificar,Sin especificar,Sin especificar,Sin especificar,Sin especificar,Sin especificar,Sin especificar,2017,7,JUEVES,7,Mañana,Dias laborables
13.2,1,0,0,3329,03014,Curva señalizada,Carretera,Múltiple o en caravana                             ,,A-70,Autovía,Estatal,Ascendente,Seco y limpio,"Luz del día natural, solar",Despejado,,Nivel amarillo,,Sin especificar,Sin especificar,Sin especificar,Sin especificar,Sin especificar,Sin especificar,Sin especificar,2017,7,JUEVES,9,Mañana,Dias laborables
,0,1,0,3330,03014,No aplica,Calle,Caída                                              ,,No inventariada,Calle,Municipal,Se desconoce,Seco y limpio,Sin luz natural y con iluminación artificial encen,Despejado,,Nivel blanco,,Sin especificar,Sin especificar,Sin especificar,Sin especificar,Sin especificar,Sin especificar,Sin especificar,2017,7,VIERNES,3,Madrugada,Dias laborables
0.0,1,0,0,3331,03014,Curva señalizada,Carretera,"Salida de la vía por la izquierda, otro tipo       ",,A-77a,Autovía,Estatal,Descendente,Seco y limpio,Sin luz natural y con iluminación artificial no en,Despejado,,Nivel blanco,,No,No,No,No,No,No,No,2017,7,MARTES,21,Noche,Dias laborables
6.5,3,0,0,3332,03014,Recta,Carretera,Por alcance                                        ,,A-70,Autovía,Estatal,Ascendente,Seco y limpio,"Luz del día natural, solar",Despejado,,Nivel blanco,,No,No,No,No,No,No,No,2017,7,DOMINGO,19,Noche,Fines de semana
1.8,2,0,0,3333,03014,Recta,Carretera,Fronto-lateral                                     ,,CV-820,Carretera Convencional de calzada única,Autonómica,Ambos,Seco y limpio,"Luz del día natural, solar",Despejado,,Nivel blanco,,No,No,No,No,No,No,Sí,2017,7,SÁBADO,11,Mañana,Fines de semana
4.5,1,0,0,3334,03014,Recta,Carretera,Salida de la vía por la izquierda con colisión     ,,A-70,Autovía,Estatal,Descendente,Seco y limpio,"Luz del día natural, solar",Nublado,,Nivel blanco,,Sin especificar,Sin especificar,Sin especificar,Sin especificar,Sin especificar,Sin especificar,Sin especificar,2017,7,VIERNES,9,Mañana,Dias laborables
4.4,4,0,0,3335,03014,Recta,Carretera,Fronto-lateral                                     ,,CV-821,Carretera Convencional de doble calzada,Autonómica,Ascendente,Seco y limpio,"Luz del día natural, solar",Despejado,,Nivel blanco,,No,No,No,No,No,No,No,2017,7,VIERNES,6,Mañana,Dias laborables
7.0,1,0,0,3336,03014,Recta,Carretera,Múltiple o en caravana                             ,,A-70,Autovía,Estatal,Descendente,Seco y limpio,"Luz del día natural, solar",Despejado,,Nivel amarillo,,Sin especificar,Sin especificar,Sin especificar,Sin especificar,Sin especificar,Sin especificar,Sin especificar,2017,7,JUEVES,19,Noche,Dias laborables
0.2,2,0,0,3337,03014,Recta,Carretera,Por alcance                                        ,A-77a,A-77a,Autovía,Estatal,Ascendente,Seco y limpio,"Luz del día natural, solar",Despejado,,Nivel amarillo,,No,No,No,No,No,Sí,No,2017,7,JUEVES,19,Noche,Dias laborables
0.0,2,0,0,3338,03014,Curva señalizada,Carretera,Lateral                                            ,A-70,A-77a,Autovía,Estatal,Ascendente,Seco y limpio,Sin luz natural y con iluminación artificial no en,Despejado,,Nivel blanco,,No,No,No,No,No,Sí,No,2017,7,DOMINGO,1,Madrugada,Fines de semana
12.5,1,0,0,3339,03014,Recta,Carretera,Salida de la vía por la izquierda con colisión     ,,A-70,Autovía,Estatal,Ascendente,Seco y limpio,Sin luz natural y con iluminación artificial no en,Despejado,,Nivel blanco,,Sin especificar,Sin especificar,Sin especificar,Sin especificar,Sin especificar,Sin especificar,Sin especificar,2017,8,DOMINGO,1,Madrugada,Fines de semana
,0,0,1,3340,03014,No aplica,Calle,Salida de la vía por la izquierda con colisión     ,,No inventariada,Calle,Municipal,Se desconoce,Seco y limpio,Sin luz natural y con iluminación artificial encen,Despejado,,Nivel blanco,,Sin especificar,Sin especificar,Sin especificar,Sin especificar,Sin especificar,Sin especificar,Sin especificar,2017,8,JUEVES,3,Madrugada,Dias laborables
0.5,0,1,0,3341,03014,Recta,Carretera,Caída                                              ,,A-31,Autovía,Otra,Descendente,Seco y limpio,Sin luz natural y con iluminación artificial encen,Despejado,,Nivel blanco,,Sin especificar,Sin especificar,Sin especificar,Sin especificar,Sin especificar,Sin especificar,Sin especificar,2017,8,JUEVES,5,Madrugada,Dias laborables
1.6,1,0,0,3342,03014,Recta,Carretera,Fronto-lateral                                     ,,A-79,Carretera Convencional de doble calzada,Estatal,Ambos,Seco y limpio,"Luz del día natural, solar",Despejado,,Nivel blanco,,No,No,No,No,No,No,No,2017,8,MARTES,12,Tarde,Dias laborables
17.8,4,0,0,3343,03014,Recta,Carretera,Por alcance                                        ,,A-70,Autovía,Estatal,Ascendente,Seco y limpio,"Luz del día natural, solar",Despejado,,Nivel amarillo,,Sin especificar,Sin especificar,Sin especificar,Sin especificar,Sin especificar,Sin especificar,Sin especificar,2017,8,JUEVES,14,Tarde,Dias laborables
0.5,1,0,0,3344,03014,Curva señalizada,Carretera,Salida de la vía por la derecha otro tipo          ,,A-77a,Autovía,Estatal,Descendente,Seco y limpio,"Luz del día natural, solar",Despejado,,Nivel verde,,No,No,No,No,No,Sí,No,2017,8,DOMINGO,14,Tarde,Fines de semana
19.4,1,0,0,3345,03014,Recta,Carretera,Múltiple o en caravana                             ,,A-70,Autovía,Estatal,Ascendente,Seco y limpio,"Luz del día natural, solar",Despejado,,Nivel verde,,Sin especificar,Sin especificar,Sin especificar,Sin especificar,Sin especificar,Sin especificar,Sin especificar,2017,8,JUEVES,15,Tarde,Dias laborables
,0,0,1,3346,03014,No aplica,Calle,Salida de la vía por la derecha otro tipo          ,,No inventariada,Calle,Municipal,Se desconoce,Seco y limpio,"Luz del día natural, solar",Despejado,,Nivel blanco,,No,No,No,No,Sí,No,No,2017,9,SÁBADO,7,Mañana,Fines de semana
,1,1,0,3347,03014,No aplica,Calle,Atropello a personas                               ,,No inventariada,Calle,Municipal,Se desconoce,Seco y limpio,"Amanecer o atardecer, con luz artificial",Despejado,,Nivel blanco,,Sin especificar,Sin especificar,Sin especificar,Sin especificar,Sin especificar,Sin especificar,Sin especificar,2017,8,DOMINGO,6,Mañana,Fines de semana
,0,1,0,3348,03014,No aplica,Calle,Fronto-lateral                                     ,,No inventariada,Calle,Municipal,Se desconoce,Seco y limpio,"Luz del día natural, solar",Despejado,,Nivel blanco,,No,No,No,No,No,Sí,No,2017,8,SÁBADO,19,Noche,Fines de semana
3.6,3,0,0,3349,03014,Recta,Carretera,Por alcance                                        ,,CV-821,Carretera Convencional de doble calzada,Autonómica,Descendente,Seco y limpio,"Luz del día natural, solar",Despejado,,Nivel blanco,,No,No,No,No,No,No,Sí,2017,8,JUEVES,17,Tarde,Dias laborables
237.0,1,0,0,3350,03014,Recta,Carretera,Por alcance                                        ,,A-31,Autovía,Estatal,Descendente,Seco y limpio,Sin luz natural y con iluminación artificial encen,Despejado,,Nivel blanco,,Sin especificar,Sin especificar,Sin especificar,Sin especificar,Sin especificar,Sin especificar,Sin especificar,2017,9,MARTES,4,Madrugada,Dias laborables
21.2,1,0,0,3351,03014,Recta,Carretera,Por alcance                                        ,,A-70,Autovía,Estatal,Ascendente,Seco y limpio,"Luz del día natural, solar",Despejado,,Nivel amarillo,,Sin especificar,Sin especificar,Sin especificar,Sin especificar,Sin especificar,Sin especificar,Sin especificar,2017,9,JUEVES,9,Mañana,Dias laborables
,0,1,0,3352,03014,No aplica,Calle,Fronto-lateral                                     ,,No inventariada,Calle,Municipal,Se desconoce,Seco y limpio,"Luz del día natural, solar",Despejado,,Nivel blanco,,No,No,No,No,No,No,Sí,2017,9,MIÉRCOLES,17,Tarde,Dias laborables
6.5,2,0,0,3353,03014,Recta,Carretera,Múltiple o en caravana                             ,,A-70,Autovía,Estatal,Descendente,Seco y limpio,"Luz del día natural, solar",Despejado,,Nivel verde,,Sin especificar,Sin especificar,Sin especificar,Sin especificar,Sin especificar,Sin especificar,Sin especificar,2017,10,MARTES,7,Mañana,Dias laborables
0.0,2,0,0,3354,03014,Recta,Carretera,Por alcance                                        ,A-70,UNIVERSIDA,Carretera Convencional de doble calzada,Otra,Ascendente,Seco y limpio,"Luz del día natural, solar",Despejado,,Nivel verde,,No,No,Sí,No,No,Sí,No,2017,9,VIERNES,19,Noche,Dias laborables
231.8,1,0,0,3355,03014,Recta,Carretera,Salida de la vía por la derecha con vuelco         ,,A-31,Autovía,Estatal,Ascendente,Seco y limpio,"Luz del día natural, solar",Despejado,,Nivel blanco,,Sin especificar,Sin especificar,Sin especificar,Sin especificar,Sin especificar,Sin especificar,Sin especificar,2017,10,MARTES,7,Mañana,Dias laborables
6.8,1,0,0,3356,03014,Curva señalizada,Carretera,Salida de la vía por la derecha con colisión       ,,A-70,Autovía,Estatal,Descendente,Seco y limpio,"Luz del día natural, solar",Despejado,,Nivel blanco,,Sin especificar,Sin especificar,Sin especificar,Sin especificar,Sin especificar,Sin especificar,Sin especificar,2017,10,DOMINGO,7,Mañana,Fines de semana
238.0,1,0,0,3357,03014,Recta,Carretera,Lateral                                            ,,A-31,Autovía,Estatal,Ascendente,Seco y limpio,"Luz del día natural, solar",Despejado,,Nivel blanco,,Sin especificar,Sin especificar,Sin especificar,Sin especificar,Sin especificar,Sin especificar,Sin especificar,2017,10,DOMINGO,12,Tarde,Fines de semana
228.55,1,0,0,3358,03014,Recta,Carretera,Salida de la vía por la derecha con colisión       ,,A-31,Autovía,Estatal,Ascendente,Seco y limpio,Sin luz natural ni artificial,Despejado,,Nivel blanco,,No,No,No,No,No,No,No,2017,10,JUEVES,5,Madrugada,Dias laborables
1.6,1,0,0,3359,03014,Recta,Carretera,Salida de la vía por la derecha con colisión       ,,A-77,Autovía,Estatal,Descendente,Seco y limpio,"Amanecer o atardecer, sin luz artificial",Despejado,,Nivel blanco,,Sin especificar,Sin especificar,Sin especificar,Sin especificar,Sin especificar,Sin especificar,Sin especificar,2017,10,DOMINGO,7,Mañana,Fines de semana
6.5,1,0,0,3360,03014,Curva señalizada,Carretera,Salida de la vía por la derecha otro tipo          ,CV-821,A-70,Autovía,Estatal,Descendente,Seco y limpio,"Luz del día natural, solar",Despejado,,Nivel blanco,,No,No,No,No,No,No,No,2017,10,VIERNES,8,Mañana,Dias laborables
0.8,1,0,0,3361,03014,Recta,Carretera,Por alcance                                        ,,A-77a,Autovía,Estatal,Ascendente,Seco y limpio,Sin luz natural y con iluminación artificial encen,Despejado,,Nivel verde,,Sin especificar,Sin especificar,Sin especificar,Sin especificar,Sin especificar,Sin especificar,Sin especificar,2017,10,MARTES,20,Noche,Dias laborables
4.1,1,0,0,3362,03014,Recta,Carretera,Múltiple o en caravana                             ,,CV-821,Carretera Convencional de doble calzada,Autonómica,Ascendente,Seco y limpio,"Luz del día natural, solar",Despejado,,Nivel blanco,,Sin especificar,Sin especificar,Sin especificar,Sin especificar,Sin especificar,Sin especificar,Sin especificar,2017,10,LUNES,18,Noche,Dias laborables
233.5,1,0,0,3363,03014,Curva señalizada,Carretera,Salida de la vía por la derecha otro tipo          ,,A-31,Autovía,Estatal,Ascendente,Mojado,"Amanecer o atardecer, con luz artificial",Nublado,,Nivel blanco,,Sin especificar,Sin especificar,Sin especificar,Sin especificar,Sin especificar,Sin especificar,Sin especificar,2017,10,MIÉRCOLES,17,Tarde,Dias laborables