KM,TOTAL_HL24H,TOTAL_HG24H,TOTAL_MU24H,id,COD_MUNICIPIO,TRAZADO_PLANTA,ZONA,TIPO_ACCIDENTE,CARRETERA_CRUCE,CARRETERA,TIPO_VIA,TITULARIDAD_VIA,SENTIDO_1F,CONDICION_FIRME,CONDICION_ILUMINACION,CONDICION_METEO,CONDICION_NIEBLA,CONDICION_NIVEL_CIRCULA,CONDICION_VIENTO,PRIORI_AGENTE,PRIORI_CIRCUNSTANCIAL,PRIORI_HORIZ_CEDA,PRIORI_HORIZ_STOP,PRIORI_SEMAFORO,PRIORI_VERT_CEDA,PRIORI_VERT_STOP,ANYO,MES,DIA,HORA,FRANJA_HORARIA,TIPO_DIA
6.5,4,0,0,3364,03014,Recta,Carretera,Por alcance                                        ,,A-70,Autovía,Estatal,Ascendente,Seco y limpio,"Luz del día natural, solar",Despejado,,Nivel amarillo,,Sin especificar,Sin especificar,Sin especificar,Sin especificar,Sin especificar,Sin especificar,Sin especificar,2017,10,VIERNES,8,Mañana,Dias laborables
0.0,1,0,0,3365,03014,Curva señalizada,Carretera,Por alcance                                        ,,A-77,Autovía,Estatal,Ascendente,Seco y limpio,"Amanecer o atardecer, sin luz artificial",Despejado,,Nivel blanco,,No,No,No,No,No,Sí,No,2017,11,JUEVES,19,Noche,Dias laborables
14.1,3,0,0,3366,03014,Recta,Carretera,Múltiple o en caravana                             ,,A-70,Autovía,Estatal,Ascendente,Seco y limpio,Sin luz natural ni artificial,Despejado,,Nivel blanco,,Sin especificar,Sin especificar,Sin especificar,Sin especificar,Sin especificar,Sin especificar,Sin especificar,2017,11,LUNES,3,Madrugada,Dias laborables
5.0,1,0,0,3367,03014,Curva señalizada,Carretera,Fronto-lateral                                     ,,CV-821,Carretera Convencional de doble calzada,Autonómica,Ascendente,Seco y limpio,"Luz del día natural, solar",Despejado,,Nivel blanco,,No,No,No,Sí,No,No,No,2017,11,MARTES,8,Mañana,Dias laborables
1.5,1,0,0,3368,03014,Recta,Carretera,Por alcance                                        ,A-70,AV.UNI,Carretera Convencional de calzada única,Otra,Ascendente,Seco y limpio,"Luz del día natural, solar",Despejado,,Nivel verde,,No,No,No,No,No,Sí,No,2017,11,MARTES,14,Tarde,Dias laborables
11.9,3,0,0,3369,03014,Recta,Carretera,Por alcance                                        ,,A-70,Autovía,Estatal,Ascendente,Seco y limpio,Sin luz natural y con iluminación artificial encen,Despejado,,Nivel blanco,,Sin especificar,Sin especificar,Sin especificar,Sin especificar,Sin especificar,Sin especificar,Sin especificar,2017,11,VIERNES,22,Noche,Dias laborables
0.0,3,0,0,3370,03014,Recta,Carretera,Por alcance                                        ,,A-77a,Autovía,Estatal,Descendente,Seco y limpio,Sin luz natural y con iluminación artificial no en,Despejado,,Nivel blanco,,No,No,No,No,No,Sí,No,2017,11,LUNES,20,Noche,Dias laborables
0.0,1,0,0,3371,03014,Recta,Carretera,Por alcance                                        ,A-70,A-77a,Autovía,Estatal,Ascendente,Seco y limpio,"Luz del día natural, solar",Despejado,,Nivel blanco,,No,No,No,No,No,No,No,2017,11,VIERNES,13,Tarde,Dias laborables
4.5,1,0,0,3372,03014,Recta,Carretera,Fronto-lateral                                     ,,CV-821,Carretera Convencional de doble calzada,Autonómica,Descendente,Seco y limpio,"Luz del día natural, solar",Nublado,,Nivel blanco,,No,No,No,No,No,Sí,No,2017,12,VIERNES,17,Tarde,Dias laborables
11.1,1,0,0,3373,03014,Recta,Carretera,Múltiple o en caravana                             ,,A-70,Autovía,Estatal,Ascendente,Seco y limpio,Sin luz natural y con iluminación artificial no en,Despejado,,Nivel amarillo,,Sin especificar,Sin especificar,Sin especificar,Sin especificar,Sin especificar,Sin especificar,Sin especificar,2017,12,JUEVES,18,Noche,Dias laborables
0.7,2,0,0,3374,03014,Recta,Carretera,Por alcance                                        ,,AVDA UNIVE,Otro,Otra,Ascendente,Seco y limpio,"Luz del día natural, solar",Despejado,,Nivel amarillo,,Sin especificar,Sin especificar,Sin especificar,Sin especificar,Sin especificar,Sin especificar,Sin especificar,2017,12,MIÉRCOLES,9,Mañana,Dias laborables
0.0,1,0,0,3375,03014,Curva señalizada,Carretera,"Salida de la vía por la izquierda, otro tipo       ",,A-77,Autovía,Estatal,Descendente,Seco y limpio,Sin luz natural y con iluminación artificial encen,Despejado,,Nivel blanco,,No,No,Sí,No,No,Sí,No,2017,12,DOMINGO,18,Noche,Fines de semana
14.6,2,0,0,3376,03015,Curva señalizada,Carretera,Por alcance                                        ,,CV-91,Carretera Convencional de calzada única,Autonómica,Descendente,Seco y limpio,"Luz del día natural, solar",Despejado,,Nivel blanco,,No,No,No,No,No,Sí,No,2017,2,MARTES,14,Tarde,Dias laborables
12.0,3,0,0,3377,03015,Curva señalizada,Carretera,Por alcance                                        ,,CV-91,Carretera Convencional de calzada única,Autonómica,Ascendente,Seco y limpio,Sin luz natural ni artificial,Despejado,,Nivel blanco,,Sin especificar,Sin especificar,Sin especificar,Sin especificar,Sin especificar,Sin especificar,Sin especificar,2017,2,MIÉRCOLES,19,Noche,Dias laborables
2.9,1,0,0,3378,03015,Recta,Carretera,Por alcance                                        ,,CV-914,Carretera Convencional de calzada única,Autonómica,Descendente,Seco y limpio,"Luz del día natural, solar",Despejado,,Nivel blanco,,Sin especificar,Sin especificar,Sin especificar,Sin especificar,Sin especificar,Sin especificar,Sin especificar,2017,3,SÁBADO,14,Tarde,Fines de semana
738.9,2,0,0,3379,03015,Recta,Carretera,Por alcance                                        ,,AP-7,Autopista libre,Estatal,Descendente,Mojado,Sin luz natural ni artificial,Lluvia débil,,Nivel blanco,,Sin especificar,Sin especificar,Sin especificar,Sin especificar,Sin especificar,Sin especificar,Sin especificar,2017,3,LUNES,6,Mañana,Dias laborables
740.5,5,0,0,3380,03015,Recta,Carretera,Salida de la vía por la derecha con colisión       ,,AP-7,Autopista de peaje,Estatal,Descendente,Seco y limpio,Sin luz natural ni artificial,Despejado,,Nivel blanco,,Sin especificar,Sin especificar,Sin especificar,Sin especificar,Sin especificar,Sin especificar,Sin especificar,2017,3,DOMINGO,6,Mañana,Fines de semana
0.8,1,0,0,3381,03015,Recta,Carretera,Por alcance                                        ,,CV-9231,Carretera Convencional de calzada única,"Provincial, Cabildo/Consell",Ascendente,Seco y limpio,"Luz del día natural, solar",Despejado,,Sin especificar,,Sin especificar,Sin especificar,Sin especificar,Sin especificar,Sin especificar,Sin especificar,Sin especificar,2017,4,DOMINGO,12,Tarde,Fines de semana
1.7,1,0,0,3382,03015,Recta,Carretera,Por alcance                                        ,,CV-914,Carretera Convencional de calzada única,Autonómica,Descendente,Seco y limpio,Sin luz natural y con iluminación artificial encen,Despejado,,Nivel verde,,No,No,No,No,No,No,No,2017,4,MARTES,22,Noche,Dias laborables
12.0,0,1,0,3383,03015,Recta,Carretera,Caída                                              ,,CV-3321,Carretera Convencional de calzada única,Municipal,Descendente,Seco y limpio,"Luz del día natural, solar",Despejado,,Nivel blanco,,Sin especificar,Sin especificar,Sin especificar,Sin especificar,Sin especificar,Sin especificar,Sin especificar,2017,4,MIÉRCOLES,9,Mañana,Dias laborables
742.5,4,0,0,3384,03015,Recta,Carretera,Múltiple o en caravana                             ,,AP-7,Autopista libre,Estatal,Descendente,Seco y limpio,Sin luz natural ni artificial,Despejado,,Nivel blanco,,Sin especificar,Sin especificar,Sin especificar,Sin especificar,Sin especificar,Sin especificar,Sin especificar,2017,5,VIERNES,22,Noche,Dias laborables
8.0,1,0,0,3385,03015,Recta,Carretera,Fronto-lateral                                     ,,CV-905,Carretera Convencional de calzada única,Autonómica,Ascendente,Seco y limpio,"Luz del día natural, solar",Despejado,,Nivel blanco,,No,No,No,No,Sí,No,No,2017,5,MIÉRCOLES,19,Noche,Dias laborables
11.6,1,0,0,3386,03015,Recta,Carretera,Fronto-lateral                                     ,CV-901,CV9206,Carretera Convencional de calzada única,"Provincial, Cabildo/Consell",Descendente,Seco y limpio,"Luz del día natural, solar",Despejado,,Nivel blanco,,No,No,No,No,No,No,Sí,2017,7,LUNES,17,Tarde,Dias laborables
11.6,4,0,0,3387,03015,Recta,Carretera,Fronto-lateral                                     ,,No inventariada,Carretera Convencional de calzada única,Autonómica,Descendente,Seco y limpio,Sin luz natural y con iluminación artificial no en,Despejado,,Nivel blanco,,No,No,No,No,No,No,Sí,2017,8,MIÉRCOLES,21,Noche,Dias laborables
3.5,1,0,0,3388,03015,Recta,Carretera,Salida de la vía por la derecha con vuelco         ,,CV-914,Carretera Convencional de calzada única,Autonómica,Descendente,Seco y limpio,"Luz del día natural, solar",Despejado,,Nivel blanco,,Sin especificar,Sin especificar,Sin especificar,Sin especificar,Sin especificar,Sin especificar,Sin especificar,2017,8,JUEVES,20,Noche,Dias laborables
6.8,1,0,0,3389,03015,Recta,Carretera,Múltiple o en caravana                             ,,CV-912,Carretera Convencional de calzada única,Autonómica,Descendente,Seco y limpio,"Luz del día natural, solar",Nublado,,Nivel blanco,,Sin especificar,Sin especificar,Sin especificar,Sin especificar,Sin especificar,Sin especificar,Sin especificar,2017,9,JUEVES,13,Tarde,Dias laborables
742.1,1,0,0,3390,03015,Recta,Carretera,Salida de la vía por la derecha otro tipo          ,,AP-7,Autopista de peaje,Estatal,Ascendente,Seco y limpio,"Luz del día natural, solar",Despejado,,Nivel blanco,,Sin especificar,Sin especificar,Sin especificar,Sin especificar,Sin especificar,Sin especificar,Sin especificar,2017,10,MARTES,12,Tarde,Dias laborables
13.7,2,0,0,3391,03015,Curva señalizada,Carretera,Fronto-lateral                                     ,,CV-91,Carretera Convencional de calzada única,Autonómica,Ascendente,Seco y limpio,"Luz del día natural, solar",Despejado,,Nivel blanco,,Sin especificar,Sin especificar,Sin especificar,Sin especificar,Sin especificar,Sin especificar,Sin especificar,2017,9,SÁBADO,18,Noche,Fines de semana
11.5,1,0,0,3392,03015,Recta,Carretera,Salida de la vía por la derecha con despeñamiento  ,,CV-920,Carretera Convencional de calzada única,Autonómica,Descendente,Seco y limpio,Sin luz natural ni artificial,Despejado,,Nivel blanco,,Sin especificar,Sin especificar,Sin especificar,Sin especificar,Sin especificar,Sin especificar,Sin especificar,2017,10,JUEVES,22,Noche,Dias laborables
1.5,2,1,0,3393,03015,Curva sin señalizar,Carretera,Salida de la vía por la derecha otro tipo          ,,MAZONES,Camino vecinal,Municipal,Ascendente,Seco y limpio,Sin luz natural ni artificial,Despejado,,Nivel blanco,,Sin especificar,Sin especificar,Sin especificar,Sin especificar,Sin especificar,Sin especificar,Sin especificar,2017,11,MARTES,3,Madrugada,Dias laborables
,1,0,0,3394,03015,No aplica,Calle,Atropello a personas                               ,,No inventariada,Calle,Municipal,Se desconoce,Seco y limpio,"Luz del día natural, solar",Despejado,,Nivel blanco,,Sin especificar,Sin especificar,Sin especificar,Sin especificar,Sin especificar,Sin especificar,Sin especificar,2017,6,JUEVES,14,Tarde,Dias laborables
,1,0,0,3395,03015,No aplica,Calle,Atropello a personas                               ,,No inventariada,Calle,Municipal,Se desconoce,Seco y limpio,"Luz del día natural, solar",Despejado,,Nivel blanco,,No,No,No,No,No,No,No,2017,4,LUNES,21,Noche,Dias laborables
164.4,1,0,0,3396,03018,Curva señalizada,Carretera,Fronto-lateral                                     ,,N-332,Carretera Convencional de calzada única,Estatal,Descendente,Mojado,"Luz del día natural, solar",Lluvia débil,,Nivel blanco,,Sin especificar,Sin especificar,Sin especificar,Sin especificar,Sin especificar,Sin especificar,Sin especificar,2017,1,LUNES,11,Mañana,Dias laborables
162.8,1,0,0,3397,03018,Recta,Carretera,Por alcance                                        ,,N-332,Carretera Convencional de calzada única,Estatal,Ascendente,Seco y limpio,"Luz del día natural, solar",Despejado,,Nivel blanco,,Sin especificar,Sin especificar,Sin especificar,Sin especificar,Sin especificar,Sin especificar,Sin especificar,2017,3,MIÉRCOLES,12,Tarde,Dias laborables
160.2,1,1,0,3398,03018,Recta,Travesía,Salida de la vía por la derecha con colisión       ,,N-332,Carretera Convencional de calzada única,Estatal,Ascendente,Seco y limpio,"Luz del día natural, solar",Despejado,,Sin especificar,,No,No,No,No,No,No,No,2017,4,DOMINGO,12,Tarde,Fines de semana
158.3,4,0,0,3399,03018,Recta,Travesía,Por alcance                                        ,,N-332,Carretera Convencional de calzada única,Estatal,Ascendente,Seco y limpio,"Luz del día natural, solar",Despejado,,Nivel amarillo,,No,No,No,No,No,No,No,2017,4,MARTES,8,Mañana,Dias laborables
154.8,1,0,0,3400,03018,Recta,Carretera,Fronto-lateral                                     ,,N-332,Carretera Convencional de calzada única,Estatal,Descendente,Seco y limpio,"Luz del día natural, solar",Despejado,,Nivel blanco,,No,No,No,No,Sí,No,No,2017,4,SÁBADO,16,Tarde,Fines de semana
639.18,2,0,0,3401,03018,Recta,Carretera,Salida de la vía por la derecha con vuelco         ,,AP-7,Autopista de peaje,Estatal,Descendente,Seco y limpio,"Amanecer o atardecer, sin luz artificial",Despejado,,Nivel verde,,Sin especificar,Sin especificar,Sin especificar,Sin especificar,Sin especificar,Sin especificar,Sin especificar,2017,4,DOMINGO,6,Mañana,Fines de semana
21.5,1,0,0,3402,03018,Curva sin señalizar,Carretera,Frontal                                            ,,CV-755,Carretera Convencional de calzada única,Autonómica,Ascendente,Seco y limpio,"Luz del día natural, solar",Despejado,,Nivel blanco,,Sin especificar,Sin especificar,Sin especificar,Sin especificar,Sin especificar,Sin especificar,Sin especificar,2017,5,LUNES,17,Tarde,Dias laborables
2.8,1,0,0,3403,03018,Recta,Carretera,Salida de la vía por la derecha con colisión       ,,CV-760,Carretera Convencional de calzada única,"Provincial, Cabildo/Consell",Ascendente,Seco y limpio,"Luz del día natural, solar",Despejado,,Nivel blanco,,Sin especificar,Sin especificar,Sin especificar,Sin especificar,Sin especificar,Sin especificar,Sin especificar,2017,4,MARTES,19,Noche,Dias laborables
,1,0,0,3404,03018,No aplica,Calle,Frontal                                            ,,No inventariada,Calle,Municipal,Se desconoce,Seco y limpio,Sin luz natural ni artificial,Despejado,,Nivel blanco,,Sin especificar,Sin especificar,Sin especificar,Sin especificar,Sin especificar,Sin especificar,Sin especificar,2017,4,JUEVES,21,Noche,Dias laborables
155.8,1,0,0,3405,03018,Recta,Carretera,Por alcance                                        ,,N-332,Carretera Convencional de calzada única,Estatal,Descendente,Seco y limpio,"Luz del día natural, solar",Despejado,,Sin especificar,,Sin especificar,Sin especificar,Sin especificar,Sin especificar,Sin especificar,Sin especificar,Sin especificar,2017,6,JUEVES,9,Mañana,Dias laborables
,0,1,0,3406,03018,No aplica,Calle,Fronto-lateral                                     ,,No inventariada,Vía de servicio,Municipal,Se desconoce,Seco y limpio,"Luz del día natural, solar",Despejado,,Se desconoce,,Sin especificar,Sin especificar,Sin especificar,Sin especificar,Sin especificar,Sin especificar,Sin especificar,2017,6,JUEVES,13,Tarde,Dias laborables
164.8,3,0,0,3407,03018,Recta,Carretera,Múltiple o en caravana                             ,,N-332,Carretera Convencional de calzada única,Estatal,Ascendente,Seco y limpio,"Luz del día natural, solar",Despejado,,Nivel blanco,,Sin especificar,Sin especificar,Sin especificar,Sin especificar,Sin especificar,Sin especificar,Sin especificar,2017,7,LUNES,14,Tarde,Dias laborables
,1,1,0,3408,03018,No aplica,Calle,Fronto-lateral                                     ,,No inventariada,Calle,Municipal,Se desconoce,Seco y limpio,"Luz del día natural, solar",Despejado,,Se desconoce,,No,No,No,Sí,No,No,Sí,2017,7,LUNES,15,Tarde,Dias laborables
162.7,2,0,0,3409,03018,Curva señalizada,Carretera,Fronto-lateral                                     ,,N-332,Carretera Convencional de calzada única,Estatal,Ambos,Seco y limpio,"Luz del día natural, solar",Despejado,,Nivel blanco,,Sin especificar,Sin especificar,Sin especificar,Sin especificar,Sin especificar,Sin especificar,Sin especificar,2017,7,JUEVES,19,Noche,Dias laborables
164.4,2,0,0,3410,03018,Curva señalizada,Carretera,Frontal                                            ,,N-332,Carretera Convencional de calzada única,Estatal,Ascendente,Seco y limpio,Sin luz natural ni artificial,Despejado,,Nivel blanco,,Sin especificar,Sin especificar,Sin especificar,Sin especificar,Sin especificar,Sin especificar,Sin especificar,2017,8,LUNES,0,Madrugada,Dias laborables
638.0,4,3,0,3411,03018,Curva sin señalizar,Carretera,Frontal                                            ,,AP-7,Vía de servicio,Estatal,Ambos,Seco y limpio,"Luz del día natural, solar",Despejado,,Nivel blanco,,Sin especificar,Sin especificar,Sin especificar,Sin especificar,Sin especificar,Sin especificar,Sin especificar,2017,8,DOMINGO,19,Noche,Fines de semana
162.8,0,1,0,3412,03018,Curva señalizada,Carretera,Lateral                                            ,,N-332,Carretera Convencional de calzada única,Estatal,Ascendente,Seco y limpio,"Luz del día natural, solar",Nublado,,Nivel blanco,,Sin especificar,Sin especificar,Sin especificar,Sin especificar,Sin especificar,Sin especificar,Sin especificar,2017,8,MIÉRCOLES,17,Tarde,Dias laborables
0.0,1,0,0,3413,03018,Curva sin señalizar,Carretera,Atropello a personas                               ,,No inventariada,Camino vecinal,Municipal,Ascendente,Seco y limpio,"Luz del día natural, solar",Despejado,,Nivel blanco,,Sin especificar,Sin especificar,Sin especificar,Sin especificar,Sin especificar,Sin especificar,Sin especificar,2017,8,LUNES,8,Mañana,Dias laborables
,0,1,0,3414,03018,No aplica,Calle,Caída                                              ,,No inventariada,Calle,Municipal,Se desconoce,Mojado,"Luz del día natural, solar",Despejado,,Se desconoce,,No,No,Sí,No,No,No,No,2017,8,MIÉRCOLES,13,Tarde,Dias laborables
163.3,1,0,0,3415,03018,Recta,Carretera,Caída                                              ,,N-332,Carretera Convencional de calzada única,Estatal,Descendente,Seco y limpio,"Luz del día natural, solar",Despejado,,Nivel blanco,,Sin especificar,Sin especificar,Sin especificar,Sin especificar,Sin especificar,Sin especificar,Sin especificar,2017,9,DOMINGO,11,Mañana,Fines de semana
154.85,1,0,0,3416,03018,Recta,Carretera,Múltiple o en caravana                             ,,N-332,Carretera Convencional de calzada única,Estatal,Descendente,Seco y limpio,"Luz del día natural, solar",Nublado,,Nivel amarillo,,Sin especificar,Sin especificar,Sin especificar,Sin especificar,Sin especificar,Sin especificar,Sin especificar,2017,9,VIERNES,16,Tarde,Dias laborables
155.3,2,0,0,3417,03018,Recta,Carretera,Por alcance                                        ,,N-332,Carretera Convencional de calzada única,Estatal,Descendente,Seco y limpio,Sin luz natural y con iluminación artificial encen,Despejado,,Nivel blanco,,No,No,No,No,Sí,No,No,2017,11,LUNES,0,Madrugada,Dias laborables
637.0,1,0,0,3418,03018,Recta,Carretera,Salida de la vía por la derecha con colisión       ,,AP-7,Autopista de peaje,Estatal,Ascendente,Seco y limpio,Sin luz natural ni artificial,Despejado,,Nivel blanco,,Sin especificar,Sin especificar,Sin especificar,Sin especificar,Sin especificar,Sin especificar,Sin especificar,2017,11,MARTES,21,Noche,Dias laborables
164.7,2,0,0,3419,03018,Recta,Carretera,Múltiple o en caravana                             ,,N-332,Carretera Convencional de calzada única,Estatal,Descendente,Seco y limpio,"Luz del día natural, solar",Despejado,,Nivel blanco,,Sin especificar,Sin especificar,Sin especificar,Sin especificar,Sin especificar,Sin especificar,Sin especificar,2017,11,DOMINGO,15,Tarde,Fines de semana
,0,1,0,3420,03018,No aplica,Calle,Salida de la vía por la derecha otro tipo          ,,No inventariada,Calle,Municipal,Se desconoce,Seco y limpio,Sin luz natural y con iluminación artificial encen,Despejado,,Se desconoce,,Sin especificar,Sin especificar,Sin especificar,Sin especificar,Sin especificar,Sin especificar,Sin especificar,2017,12,MIÉRCOLES,23,Noche,Dias laborables
164.2,1,0,0,3421,03018,Recta,Carretera,Múltiple o en caravana                             ,,N-332,Carretera Convencional de calzada única,Estatal,Descendente,Seco y limpio,"Amanecer o atardecer, sin luz artificial",Despejado,,Nivel verde,,No,No,No,No,No,No,No,2017,12,VIERNES,18,Noche,Dias laborables
1.2,0,1,0,3422,03019,Curva señalizada,Carretera,Salida de la vía por la derecha con colisión       ,,CV-847,Carretera Convencional de calzada única,"Provincial, Cabildo/Consell",Ascendente,Seco y limpio,Sin luz natural ni artificial,Despejado,,Nivel blanco,,Sin especificar,Sin especificar,Sin especificar,Sin especificar,Sin especificar,Sin especificar,Sin especificar,2017,1,DOMINGO,5,Madrugada,Fines de semana
1.4,1,0,0,3423,03019,Recta,Carretera,Salida de la vía por la izquierda con vuelco       ,,CV-845,Carretera Convencional de calzada única,Autonómica,Ascendente,Seco y limpio,"Luz del día natural, solar",Despejado,,Nivel blanco,,Sin especificar,Sin especificar,Sin especificar,Sin especificar,Sin especificar,Sin especificar,Sin especificar,2017,1,SÁBADO,11,Mañana,Fines de semana
0.3,3,0,0,3424,03019,Curva sin señalizar,Carretera,Frontal                                            ,,No inventariada,Camino vecinal,Municipal,Ambos,Seco y limpio,"Luz del día natural, solar",Despejado,,Nivel blanco,,Sin especificar,Sin especificar,Sin especificar,Sin especificar,Sin especificar,Sin especificar,Sin especificar,2017,3,DOMINGO,17,Tarde,Fines de semana
0.9,1,0,0,3425,03019,Recta,Carretera,Salida de la vía por la derecha otro tipo          ,,CAVEHORNA,Camino vecinal,Municipal,Ascendente,Seco y limpio,Sin luz natural ni artificial,Despejado,,Nivel blanco,,Sin especificar,Sin especificar,Sin especificar,Sin especificar,Sin especificar,Sin especificar,Sin especificar,2017,4,JUEVES,21,Noche,Dias laborables
0.0,1,0,0,3426,03019,Recta,Carretera,Fronto-lateral                                     ,,No inventariada,Camino vecinal,Municipal,Ambos,Seco y limpio,"Luz del día natural, solar",Despejado,,Nivel blanco,,Sin especificar,Sin especificar,Sin especificar,Sin especificar,Sin especificar,Sin especificar,Sin especificar,2017,4,LUNES,12,Tarde,Dias laborables
0.5,1,0,0,3427,03019,Recta,Carretera,Salida de la vía por la derecha otro tipo          ,,CV-845,Carretera Convencional de calzada única,Autonómica,Ascendente,Seco y limpio,Sin luz natural ni artificial,Despejado,,Nivel blanco,,Sin especificar,Sin especificar,Sin especificar,Sin especificar,Sin especificar,Sin especificar,Sin especificar,2017,5,DOMINGO,21,Noche,Fines de semana
9.6,1,0,0,3428,03019,Curva señalizada,Carretera,Salida de la vía por la derecha con despeñamiento  ,,N-325,Carretera Convencional de calzada única,Estatal,Ascendente,Seco y limpio,"Luz del día natural, solar",Despejado,,Nivel blanco,,Sin especificar,Sin especificar,Sin especificar,Sin especificar,Sin especificar,Sin especificar,Sin especificar,2017,6,JUEVES,18,Noche,Dias laborables
8.4,2,0,0,3429,03019,Recta,Carretera,Por alcance                                        ,N-325,N-325,Carretera Convencional de calzada única,Estatal,Descendente,Seco y limpio,"Luz del día natural, solar",Despejado,,Nivel blanco,,No,No,Sí,No,No,Sí,No,2017,6,MARTES,8,Mañana,Dias laborables
1.7,3,0,0,3430,03019,Curva sin señalizar,Carretera,Fronto-lateral                                     ,,CV-847,Carretera Convencional de calzada única,"Provincial, Cabildo/Consell",Ascendente,Seco y limpio,"Luz del día natural, solar",Despejado,,Nivel blanco,,No,No,No,No,No,No,Sí,2017,6,JUEVES,19,Noche,Dias laborables
0.0,4,0,0,3431,03019,Recta,Carretera,Fronto-lateral                                     ,,LOS PAVOS,Camino vecinal,Municipal,Ascendente,Seco y limpio,"Luz del día natural, solar",Despejado,,Nivel blanco,,No,No,No,No,No,No,Sí,2017,6,JUEVES,6,Mañana,Dias laborables
4.0,1,0,0,3432,03019,Recta,Carretera,Caída                                              ,,No inventariada,Camino vecinal,Municipal,Ambos,Seco y limpio,"Luz del día natural, solar",Despejado,,Nivel blanco,,Sin especificar,Sin especificar,Sin especificar,Sin especificar,Sin especificar,Sin especificar,Sin especificar,2017,7,MARTES,18,Noche,Dias laborables
3.25,1,0,0,3433,03019,Curva sin señalizar,Carretera,Salida de la vía por la derecha otro tipo          ,,CV-84,Carretera Convencional de doble calzada,Autonómica,Descendente,Mojado,"Luz del día natural, solar",Lluvia débil,,Nivel blanco,,Sin especificar,Sin especificar,Sin especificar,Sin especificar,Sin especificar,Sin especificar,Sin especificar,2017,8,MIÉRCOLES,7,Mañana,Dias laborables
0.1,1,0,0,3434,03019,Recta,Carretera,Por alcance                                        ,,CV-845,Carretera Convencional de calzada única,Autonómica,Ascendente,Seco y limpio,"Amanecer o atardecer, sin luz artificial",Despejado,,Nivel blanco,,Sin especificar,Sin especificar,Sin especificar,Sin especificar,Sin especificar,Sin especificar,Sin especificar,2017,10,LUNES,7,Mañana,Dias laborables
5.4,1,0,0,3435,03019,Curva sin señalizar,Carretera,Lateral                                            ,,CV-84,Carretera Convencional de doble calzada,Autonómica,Descendente,Seco y limpio,"Amanecer o atardecer, sin luz artificial",Despejado,,Nivel blanco,,Sin especificar,Sin especificar,Sin especificar,Sin especificar,Sin especificar,Sin especificar,Sin especificar,2017,12,LUNES,8,Mañana,Dias laborables
2.0,2,0,0,3436,03019,Curva sin señalizar,Carretera,Frontal                                            ,,No inventariada,Otro,Municipal,Descendente,Seco y limpio,"Luz del día natural, solar",Despejado,,Nivel blanco,,Sin especificar,Sin especificar,Sin especificar,Sin especificar,Sin especificar,Sin especificar,Sin especificar,2017,12,DOMINGO,12,Tarde,Fines de semana
,1,0,0,3437,03021,No aplica,Calle,Atropello a personas                               ,,No inventariada,Calle,Municipal,Se desconoce,Seco y limpio,"Luz del día natural, solar",Despejado,,Nivel amarillo,,Sin especificar,Sin especificar,Sin especificar,Sin especificar,Sin especificar,Sin especificar,Sin especificar,2017,2,VIERNES,13,Tarde,Dias laborables
,1,0,0,3438,03021,No aplica,Calle,Atropello a personas                               ,,No inventariada,Calle,Municipal,Se desconoce,Seco y limpio,"Luz del día natural, solar",Despejado,,Nivel verde,,Sin especificar,Sin especificar,Sin especificar,Sin especificar,Sin especificar,Sin especificar,Sin especificar,2017,6,LUNES,8,Mañana,Dias laborables
14.3,1,0,0,3439,03021,Se desconoce,Carretera,Salida de la vía por la derecha otro tipo          ,,CV-795,Carretera Convencional de calzada única,"Provincial, Cabildo/Consell",Ascendente,Seco y limpio,"Luz del día natural, solar",Despejado,,Nivel blanco,,Sin especificar,Sin especificar,Sin especificar,Sin especificar,Sin especificar,Sin especificar,Sin especificar,2017,9,SÁBADO,12,Tarde,Fines de semana
0.5,2,0,0,3440,03021,Curva sin señalizar,Carretera,Salida de la vía por la derecha con despeñamiento  ,,753 MARJAL,Camino vecinal,"Provincial, Cabildo/Consell",Descendente,Seco y limpio,Sin luz natural ni artificial,Despejado,,Nivel blanco,,Sin especificar,Sin especificar,Sin especificar,Sin especificar,Sin especificar,Sin especificar,Sin especificar,2017,11,VIERNES,21,Noche,Dias laborables
,1,0,0,3441,03021,No aplica,Calle,Fronto-lateral                                     ,,No inventariada,Calle,Municipal,Se desconoce,Seco y limpio,"Luz del día natural, solar",Despejado,,Nivel blanco,,Sin especificar,Sin especificar,Sin especificar,Sin especificar,Sin especificar,Sin especificar,Sin especificar,2017,12,LUNES,14,Tarde,Dias laborables
17.75,0,1,0,3442,00000,Curva sin señalizar,Carretera,Salida de la vía por la derecha con colisión       ,,CV-70,Carretera Convencional de calzada única,Autonómica,Ascendente,Seco y limpio,"Luz del día natural, solar",Despejado,,Nivel blanco,,Sin especificar,Sin especificar,Sin especificar,Sin especificar,Sin especificar,Sin especificar,Sin especificar,2017,3,SÁBADO,11,Mañana,Fines de semana
,1,0,0,3443,00000,No aplica,Calle,Atropello a personas                               ,,No inventariada,Recinto delimitado,Otra,Se desconoce,Seco y limpio,"Luz del día natural, solar",Despejado,,Sin especificar,,Sin especificar,Sin especificar,Sin especificar,Sin especificar,Sin especificar,Sin especificar,Sin especificar,2017,4,SÁBADO,11,Mañana,Fines de semana
,1,0,0,3444,00000,No aplica,Calle,Atropello a personas                               ,,No inventariada,Calle,Municipal,Se desconoce,Seco y limpio,"Luz del día natural, solar",Despejado,,Sin especificar,,Sin especificar,Sin especificar,Sin especificar,Sin especificar,Sin especificar,Sin especificar,Sin especificar,2017,9,MARTES,13,Tarde,Dias laborables