KM,TOTAL_HL24H,TOTAL_HG24H,TOTAL_MU24H,id,COD_MUNICIPIO,TRAZADO_PLANTA,ZONA,TIPO_ACCIDENTE,CARRETERA_CRUCE,CARRETERA,TIPO_VIA,TITULARIDAD_VIA,SENTIDO_1F,CONDICION_FIRME,CONDICION_ILUMINACION,CONDICION_METEO,CONDICION_NIEBLA,CONDICION_NIVEL_CIRCULA,CONDICION_VIENTO,PRIORI_AGENTE,PRIORI_CIRCUNSTANCIAL,PRIORI_HORIZ_CEDA,PRIORI_HORIZ_STOP,PRIORI_SEMAFORO,PRIORI_VERT_CEDA,PRIORI_VERT_STOP,ANYO,MES,DIA,HORA,FRANJA_HORARIA,TIPO_DIA
3.0,2,0,0,3794,03049,Curva sin señalizar,Carretera,Fronto-lateral                                     ,,No inventariada,Camino vecinal,Municipal,Ascendente,Seco y limpio,"Luz del día natural, solar",Despejado,,Nivel blanco,,Sin especificar,Sin especificar,Sin especificar,Sin especificar,Sin especificar,Sin especificar,Sin especificar,2017,6,MIÉRCOLES,15,Tarde,Dias laborables
1.9,1,0,0,3795,03049,Recta,Carretera,Fronto-lateral                                     ,,CV-913,Carretera Convencional de calzada única,Autonómica,Ascendente,Seco y limpio,"Luz del día natural, solar",Despejado,,Nivel blanco,,Sin especificar,Sin especificar,Sin especificar,Sin especificar,Sin especificar,Sin especificar,Sin especificar,2017,9,JUEVES,17,Tarde,Dias laborables
0.4,1,0,0,3796,03049,Recta,Carretera,Por alcance                                        ,,CV-913,Carretera Convencional de calzada única,Autonómica,Descendente,Seco y limpio,"Luz del día natural, solar",Despejado,,Nivel blanco,,Sin especificar,Sin especificar,Sin especificar,Sin especificar,Sin especificar,Sin especificar,Sin especificar,2017,9,LUNES,19,Noche,Dias laborables
126.8,1,0,0,3797,03050,Recta,Carretera,Por alcance                                        ,,N-332,Carretera Convencional de calzada única,Estatal,Descendente,Seco y limpio,"Luz del día natural, solar",Despejado,,Nivel amarillo,,Sin especificar,Sin especificar,Sin especificar,Sin especificar,Sin especificar,Sin especificar,Sin especificar,2017,1,LUNES,11,Mañana,Dias laborables
5.1,1,0,0,3798,03050,Curva señalizada,Carretera,Salida de la vía por la derecha otro tipo          ,,CV-775,Carretera Convencional de calzada única,Autonómica,Descendente,Mojado,"Luz del día natural, solar",Lluvia fuerte,,Nivel blanco,,Sin especificar,Sin especificar,Sin especificar,Sin especificar,Sin especificar,Sin especificar,Sin especificar,2017,2,DOMINGO,10,Mañana,Fines de semana
4.2,1,0,0,3799,03050,Recta,Carretera,Otro tipo de accidente                             ,,CV-775,Carretera Convencional de calzada única,Autonómica,Descendente,Mojado,"Luz del día natural, solar",Lluvia fuerte,,Nivel blanco,Viento fuerte,Sin especificar,Sin especificar,Sin especificar,Sin especificar,Sin especificar,Sin especificar,Sin especificar,2017,2,DOMINGO,11,Mañana,Fines de semana
1.4,0,1,0,3800,03050,Recta,Carretera,"Salida de la vía por la izquierda, otro tipo       ",,CV-773,Carretera Convencional de calzada única,Autonómica,Ascendente,Seco y limpio,"Luz del día natural, solar",Despejado,,Nivel blanco,,Sin especificar,Sin especificar,Sin especificar,Sin especificar,Sin especificar,Sin especificar,Sin especificar,2017,3,SÁBADO,13,Tarde,Fines de semana
121.3,2,0,0,3801,03050,Recta,Carretera,Por alcance                                        ,CV-775,N-332,Carretera Convencional de calzada única,Estatal,Descendente,Seco y limpio,"Luz del día natural, solar",Despejado,,Nivel verde,,No,No,No,No,No,No,No,2017,3,LUNES,7,Mañana,Dias laborables
126.5,2,0,0,3802,03050,Recta,Carretera,Por alcance                                        ,,N-332,Carretera Convencional de calzada única,Estatal,Ascendente,Seco y limpio,"Luz del día natural, solar",Despejado,,Nivel blanco,,Sin especificar,Sin especificar,Sin especificar,Sin especificar,Sin especificar,Sin especificar,Sin especificar,2017,5,VIERNES,14,Tarde,Dias laborables
128.5,1,0,0,3803,03050,Curva señalizada,Carretera,Frontal                                            ,,N-332,Carretera Convencional de calzada única,Estatal,Ambos,Seco y limpio,"Luz del día natural, solar",Despejado,,Nivel verde,,Sin especificar,Sin especificar,Sin especificar,Sin especificar,Sin especificar,Sin especificar,Sin especificar,2017,5,LUNES,8,Mañana,Dias laborables
125.4,1,0,0,3804,03050,Curva señalizada,Carretera,Salida de la vía por la izquierda con despeñamiento,,N-332,Carretera Convencional de calzada única,Estatal,Descendente,Seco y limpio,"Luz del día natural, solar",Despejado,,Nivel blanco,,Sin especificar,Sin especificar,Sin especificar,Sin especificar,Sin especificar,Sin especificar,Sin especificar,2017,3,SÁBADO,7,Mañana,Fines de semana
126.4,1,0,0,3805,03050,Recta,Carretera,Fronto-lateral                                     ,,N-332,Carretera Convencional de calzada única,Estatal,Ascendente,Seco y limpio,"Luz del día natural, solar",Despejado,,Nivel blanco,,No,No,No,Sí,No,No,Sí,2017,6,VIERNES,15,Tarde,Dias laborables
2.7,1,0,0,3806,03050,Curva señalizada,Carretera,Salida de la vía por la derecha con colisión       ,,CV-775,Carretera Convencional de calzada única,Autonómica,Ascendente,Seco y limpio,"Luz del día natural, solar",Despejado,,Nivel blanco,,Sin especificar,Sin especificar,Sin especificar,Sin especificar,Sin especificar,Sin especificar,Sin especificar,2017,5,DOMINGO,19,Noche,Fines de semana
674.3,2,0,0,3807,03050,Recta,Carretera,Múltiple o en caravana                             ,,AP-7,Autopista de peaje,Estatal,Ascendente,Seco y limpio,"Luz del día natural, solar",Despejado,,Nivel blanco,,Sin especificar,Sin especificar,Sin especificar,Sin especificar,Sin especificar,Sin especificar,Sin especificar,2017,6,DOMINGO,9,Mañana,Fines de semana
123.8,2,0,0,3808,03050,Recta,Carretera,Fronto-lateral                                     ,,N-332,Carretera Convencional de calzada única,Estatal,Ascendente,Seco y limpio,Sin luz natural y con iluminación artificial encen,Despejado,,Nivel blanco,,No,No,No,Sí,No,No,No,2017,7,DOMINGO,22,Noche,Fines de semana
120.4,2,0,0,3809,03050,Recta,Carretera,Por alcance                                        ,,N-332,Carretera Convencional de calzada única,Estatal,Descendente,Seco y limpio,"Luz del día natural, solar",Despejado,,Nivel blanco,,Sin especificar,Sin especificar,Sin especificar,Sin especificar,Sin especificar,Sin especificar,Sin especificar,2017,7,DOMINGO,20,Noche,Fines de semana
11.7,0,1,0,3810,03050,Recta,Carretera,Salida de la vía por la derecha otro tipo          ,,CV-773,Carretera Convencional de calzada única,Autonómica,Ascendente,Seco y limpio,"Luz del día natural, solar",Despejado,,Nivel blanco,,Sin especificar,Sin especificar,Sin especificar,Sin especificar,Sin especificar,Sin especificar,Sin especificar,2017,7,SÁBADO,9,Mañana,Fines de semana
121.5,1,0,0,3811,03050,Recta,Carretera,Fronto-lateral                                     ,,N-332,Carretera Convencional de calzada única,Estatal,Descendente,Seco y limpio,"Luz del día natural, solar",Despejado,,Nivel blanco,,Sin especificar,Sin especificar,Sin especificar,Sin especificar,Sin especificar,Sin especificar,Sin especificar,2017,7,MARTES,16,Tarde,Dias laborables
120.7,1,0,0,3812,03050,Recta,Carretera,Salida de la vía por la derecha con colisión       ,,N-332,Carretera Convencional de calzada única,Estatal,Ascendente,Seco y limpio,Sin luz natural y con iluminación artificial no en,Nublado,,Nivel blanco,,No,No,No,No,No,No,No,2017,7,JUEVES,5,Madrugada,Dias laborables
,0,1,0,3813,03050,No aplica,Calle,Fronto-lateral                                     ,,No inventariada,Calle,Municipal,Se desconoce,Seco y limpio,Sin luz natural y con iluminación artificial encen,Despejado,,Sin especificar,,Sin especificar,Sin especificar,Sin especificar,Sin especificar,Sin especificar,Sin especificar,Sin especificar,2017,2,DOMINGO,19,Noche,Fines de semana
128.2,1,0,0,3814,03050,Recta,Carretera,Fronto-lateral                                     ,,N-332,Carretera Convencional de calzada única,Estatal,Ascendente,Seco y limpio,"Luz del día natural, solar",Despejado,,Nivel blanco,,Sin especificar,Sin especificar,Sin especificar,Sin especificar,Sin especificar,Sin especificar,Sin especificar,2017,7,MIÉRCOLES,13,Tarde,Dias laborables
121.2,1,0,0,3815,03050,Recta,Carretera,Por alcance                                        ,,N-332,Carretera Convencional de calzada única,Estatal,Ascendente,Seco y limpio,"Luz del día natural, solar",Despejado,,Nivel amarillo,,No,No,No,No,No,No,No,2017,8,LUNES,12,Tarde,Dias laborables
,1,0,0,3816,03050,No aplica,Calle,Fronto-lateral                                     ,,No inventariada,Calle,Municipal,Se desconoce,Seco y limpio,"Luz del día natural, solar",Despejado,Niebla ligera,Sin especificar,,No,No,No,Sí,No,No,Sí,2017,3,LUNES,9,Mañana,Dias laborables
125.3,1,0,0,3817,03050,Recta,Carretera,Múltiple o en caravana                             ,,N-332,Carretera Convencional de calzada única,Estatal,Descendente,Seco y limpio,"Luz del día natural, solar",Despejado,,Nivel amarillo,,Sin especificar,Sin especificar,Sin especificar,Sin especificar,Sin especificar,Sin especificar,Sin especificar,2017,8,JUEVES,15,Tarde,Dias laborables
4.3,1,0,0,3818,03050,Recta,Carretera,Salida de la vía por la derecha con colisión       ,,CV-775,Carretera Convencional de calzada única,Autonómica,Ascendente,Seco y limpio,Sin luz natural y con iluminación artificial no en,Despejado,,Nivel blanco,,Sin especificar,Sin especificar,Sin especificar,Sin especificar,Sin especificar,Sin especificar,Sin especificar,2017,9,SÁBADO,22,Noche,Fines de semana
1.2,1,0,0,3819,03050,Curva señalizada,Carretera,Salida de la vía por la izquierda con colisión     ,,CV-775,Carretera Convencional de calzada única,Autonómica,Ascendente,Seco y limpio,Sin luz natural ni artificial,Despejado,,Nivel blanco,,Sin especificar,Sin especificar,Sin especificar,Sin especificar,Sin especificar,Sin especificar,Sin especificar,2017,10,MARTES,5,Madrugada,Dias laborables
673.0,0,0,1,3820,03050,Curva señalizada,Carretera,Salida de la vía por la izquierda con colisión     ,,AP-7,Autopista de peaje,Estatal,Ascendente,Seco y limpio,"Luz del día natural, solar",Despejado,,Nivel blanco,,Sin especificar,Sin especificar,Sin especificar,Sin especificar,Sin especificar,Sin especificar,Sin especificar,2017,10,MARTES,13,Tarde,Dias laborables
129.5,1,0,0,3821,03050,Curva señalizada,Carretera,Lateral                                            ,,N-332,Carretera Convencional de calzada única,Estatal,Descendente,Seco y limpio,"Amanecer o atardecer, sin luz artificial",Despejado,,Nivel blanco,,Sin especificar,Sin especificar,Sin especificar,Sin especificar,Sin especificar,Sin especificar,Sin especificar,2017,10,MIÉRCOLES,18,Noche,Dias laborables
120.2,1,0,0,3822,03050,Recta,Carretera,Frontal                                            ,,N-332,Carretera Convencional de calzada única,Estatal,Ascendente,Seco y limpio,"Luz del día natural, solar",Despejado,,Nivel blanco,,Sin especificar,Sin especificar,Sin especificar,Sin especificar,Sin especificar,Sin especificar,Sin especificar,2017,10,JUEVES,18,Noche,Dias laborables
,0,1,0,3823,03050,No aplica,Calle,Fronto-lateral                                     ,,No inventariada,Calle,Municipal,Se desconoce,Seco y limpio,"Luz del día natural, solar",Despejado,,Sin especificar,,No,No,No,Sí,No,No,Sí,2017,5,LUNES,18,Noche,Dias laborables
,1,0,0,3824,03050,No aplica,Calle,Atropello a personas                               ,,No inventariada,Calle,Municipal,Se desconoce,Seco y limpio,"Luz del día natural, solar",Despejado,,Sin especificar,,Sin especificar,Sin especificar,Sin especificar,Sin especificar,Sin especificar,Sin especificar,Sin especificar,2017,6,MARTES,12,Tarde,Dias laborables
674.6,4,0,0,3825,03050,Recta,Carretera,Salida de la vía por la izquierda con vuelco       ,,AP-7,Autopista de peaje,Estatal,Descendente,Seco y limpio,Sin luz natural ni artificial,Despejado,,Nivel blanco,,Sin especificar,Sin especificar,Sin especificar,Sin especificar,Sin especificar,Sin especificar,Sin especificar,2017,11,SÁBADO,18,Noche,Fines de semana
,1,0,0,3826,03050,No aplica,Calle,Fronto-lateral                                     ,,No inventariada,Calle,Municipal,Se desconoce,Seco y limpio,"Luz del día natural, solar",Despejado,,Sin especificar,,No,No,No,No,No,No,Sí,2017,7,VIERNES,12,Tarde,Dias laborables
,1,0,0,3827,03050,No aplica,Calle,Caída                                              ,,No inventariada,Calle,Municipal,Se desconoce,Seco y limpio,"Luz del día natural, solar",Despejado,,Sin especificar,,Sin especificar,Sin especificar,Sin especificar,Sin especificar,Sin especificar,Sin especificar,Sin especificar,2017,7,DOMINGO,9,Mañana,Fines de semana
123.3,0,1,0,3828,03050,Recta,Carretera,Frontal                                            ,,N-332,Carretera Convencional de calzada única,Estatal,Ascendente,Seco y limpio,"Luz del día natural, solar",Despejado,,Nivel verde,,Sin especificar,Sin especificar,Sin especificar,Sin especificar,Sin especificar,Sin especificar,Sin especificar,2017,11,LUNES,15,Tarde,Dias laborables
676.5,1,1,0,3829,03050,Recta,Carretera,Colisión contra obstáculo o elemento de la vía     ,,AP-7,Autopista de peaje,Estatal,Ascendente,Seco y limpio,"Luz del día natural, solar",Nublado,,Nivel blanco,,Sin especificar,Sin especificar,Sin especificar,Sin especificar,Sin especificar,Sin especificar,Sin especificar,2017,11,JUEVES,10,Mañana,Dias laborables
,0,1,0,3830,03050,No aplica,Calle,Atropello a personas                               ,,No inventariada,Calle,Municipal,Se desconoce,Seco y limpio,"Luz del día natural, solar",Despejado,,Sin especificar,,Sin especificar,Sin especificar,Sin especificar,Sin especificar,Sin especificar,Sin especificar,Sin especificar,2017,8,SÁBADO,12,Tarde,Fines de semana
0.0,1,0,0,3831,03050,Curva señalizada,Carretera,Fronto-lateral                                     ,,CV-775,Carretera Convencional de calzada única,Autonómica,Ambos,Seco y limpio,"Luz del día natural, solar",Despejado,,Nivel blanco,,No,No,No,No,No,Sí,No,2017,12,DOMINGO,13,Tarde,Fines de semana
,1,0,0,3832,03050,No aplica,Calle,Otro tipo de accidente                             ,,No inventariada,Calle,Municipal,Se desconoce,Seco y limpio,"Luz del día natural, solar",Despejado,,Sin especificar,,Sin especificar,Sin especificar,Sin especificar,Sin especificar,Sin especificar,Sin especificar,Sin especificar,2017,11,LUNES,8,Mañana,Dias laborables
,1,0,0,3833,03050,No aplica,Calle,Fronto-lateral                                     ,,No inventariada,Calle,Municipal,Se desconoce,Seco y limpio,Sin luz natural y con iluminación artificial encen,Despejado,,Sin especificar,,No,No,Sí,No,No,Sí,No,2017,12,SÁBADO,22,Noche,Fines de semana
34.4,1,0,0,3834,00000,Curva señalizada,Carretera,Caída                                              ,CV-81,CV-81,Carretera Convencional de calzada única,Autonómica,Ascendente,Seco y limpio,"Luz del día natural, solar",Despejado,,Nivel blanco,,No,No,Sí,No,No,Sí,No,2017,4,LUNES,12,Tarde,Dias laborables
0.1,0,1,0,3835,00000,Recta,Carretera,"Salida de la vía por la izquierda, otro tipo       ",,No inventariada,Otro,Municipal,Ascendente,Seco y limpio,Sin luz natural y con iluminación artificial encen,Despejado,,Nivel blanco,,Sin especificar,Sin especificar,Sin especificar,Sin especificar,Sin especificar,Sin especificar,Sin especificar,2017,5,DOMINGO,5,Madrugada,Fines de semana
36.0,2,0,0,3836,00000,Recta,Carretera,Fronto-lateral                                     ,,CV-81,Carretera Convencional de calzada única,Autonómica,Ascendente,Seco y limpio,"Luz del día natural, solar",Despejado,,Nivel blanco,,No,No,No,No,No,No,No,2017,9,LUNES,12,Tarde,Dias laborables
473.6,2,0,0,3837,03053,Curva sin señalizar,Carretera,Por alcance                                        ,,A-7,Autovía,Estatal,Ascendente,Seco y limpio,"Luz del día natural, solar",Despejado,,Nivel blanco,,Sin especificar,Sin especificar,Sin especificar,Sin especificar,Sin especificar,Sin especificar,Sin especificar,2017,3,VIERNES,18,Noche,Dias laborables
,1,0,0,3838,03053,No aplica,Calle,Atropello a personas                               ,,No inventariada,Calle,Municipal,Se desconoce,Seco y limpio,"Luz del día natural, solar",Despejado,,Sin especificar,,Sin especificar,Sin especificar,Sin especificar,Sin especificar,Sin especificar,Sin especificar,Sin especificar,2017,3,JUEVES,9,Mañana,Dias laborables
,2,0,0,3839,03053,No aplica,Calle,Fronto-lateral                                     ,,No inventariada,Calle,Municipal,Se desconoce,Seco y limpio,"Luz del día natural, solar",Despejado,,Sin especificar,,No,No,No,No,Sí,No,No,2017,4,DOMINGO,13,Tarde,Fines de semana
,1,0,0,3840,03053,No aplica,Calle,Caída                                              ,,No inventariada,Calle,Municipal,Se desconoce,Con barro o gravilla suelta,Sin luz natural y con iluminación artificial encen,Despejado,,Se desconoce,,Sin especificar,Sin especificar,Sin especificar,Sin especificar,Sin especificar,Sin especificar,Sin especificar,2017,5,DOMINGO,3,Madrugada,Fines de semana
469.8,1,0,0,3841,03053,Recta,Carretera,Salida de la vía por la derecha con colisión       ,,A-7,Autovía,Estatal,Ascendente,Seco y limpio,"Luz del día natural, solar",Despejado,,Nivel blanco,,Sin especificar,Sin especificar,Sin especificar,Sin especificar,Sin especificar,Sin especificar,Sin especificar,2017,7,VIERNES,12,Tarde,Dias laborables
467.3,1,0,0,3842,03053,Curva sin señalizar,Carretera,Salida de la vía por la izquierda con colisión     ,,A-7,Autovía,Estatal,Ascendente,Seco y limpio,Sin luz natural ni artificial,Despejado,,Nivel blanco,,Sin especificar,Sin especificar,Sin especificar,Sin especificar,Sin especificar,Sin especificar,Sin especificar,2017,7,MIÉRCOLES,2,Madrugada,Dias laborables
471.0,2,0,0,3843,03053,Recta,Carretera,Por alcance                                        ,,A-7,Autovía,Estatal,Descendente,Seco y limpio,"Luz del día natural, solar",Despejado,,Nivel blanco,,Sin especificar,Sin especificar,Sin especificar,Sin especificar,Sin especificar,Sin especificar,Sin especificar,2017,7,MIÉRCOLES,10,Mañana,Dias laborables
13.0,2,0,0,3844,03053,Recta,Carretera,Caída                                              ,,CV-80,Autovía,Autonómica,Ambos,Seco y limpio,"Luz del día natural, solar",Despejado,,Nivel blanco,,Sin especificar,Sin especificar,Sin especificar,Sin especificar,Sin especificar,Sin especificar,Sin especificar,2017,8,SÁBADO,17,Tarde,Fines de semana
,1,0,0,3845,03053,No aplica,Calle,Atropello a personas                               ,,No inventariada,Calle,Municipal,Se desconoce,Seco y limpio,"Luz del día natural, solar",Despejado,,Sin especificar,,Sin especificar,Sin especificar,Sin especificar,Sin especificar,Sin especificar,Sin especificar,Sin especificar,2017,9,LUNES,8,Mañana,Dias laborables
,2,0,0,3846,03053,No aplica,Calle,Lateral                                            ,,No inventariada,Calle,Municipal,Se desconoce,Seco y limpio,"Luz del día natural, solar",Despejado,,Nivel blanco,,No,No,No,Sí,No,No,Sí,2017,11,MARTES,13,Tarde,Dias laborables
467.85,2,0,0,3847,03053,Recta,Carretera,Fronto-lateral                                     ,CV-80,A-7,Autovía,Estatal,Descendente,Mojado,"Luz del día natural, solar",Nublado,,Nivel verde,,No,No,No,No,No,Sí,No,2017,12,LUNES,8,Mañana,Dias laborables
7.8,1,0,0,3848,03053,Recta,Carretera,Salida de la vía por la izquierda con vuelco       ,,CV-8152,Carretera Convencional de calzada única,Municipal,Ascendente,Seco y limpio,Sin luz natural ni artificial,Despejado,,Nivel blanco,,Sin especificar,Sin especificar,Sin especificar,Sin especificar,Sin especificar,Sin especificar,Sin especificar,2017,12,DOMINGO,23,Noche,Fines de semana
9.2,1,0,0,3849,00000,Curva señalizada,Carretera,Fronto-lateral                                     ,,CV-752,Carretera Convencional de calzada única,"Provincial, Cabildo/Consell",Ascendente,Seco y limpio,"Luz del día natural, solar",Despejado,,Nivel blanco,,Sin especificar,Sin especificar,Sin especificar,Sin especificar,Sin especificar,Sin especificar,Sin especificar,2017,2,SÁBADO,11,Mañana,Fines de semana
735.1,1,0,0,3850,03055,Recta,Carretera,Por alcance                                        ,,AP-7,Autopista de peaje,Estatal,Ascendente,Seco y limpio,"Luz del día natural, solar",Despejado,,Nivel blanco,,Sin especificar,Sin especificar,Sin especificar,Sin especificar,Sin especificar,Sin especificar,Sin especificar,2017,3,MARTES,14,Tarde,Dias laborables
1.5,0,0,1,3851,03055,Recta,Carretera,Fronto-lateral                                     ,,No inventariada,Camino vecinal,Municipal,Ambos,Seco y limpio,"Luz del día natural, solar",Despejado,,Nivel blanco,,No,No,No,No,No,No,Sí,2017,7,DOMINGO,13,Tarde,Fines de semana
733.21,1,0,0,3852,03055,Curva sin señalizar,Carretera,Salida de la vía por la izquierda con vuelco       ,,AP-7,Autopista libre,Estatal,Descendente,Seco y limpio,Sin luz natural ni artificial,Despejado,,Nivel verde,,Sin especificar,Sin especificar,Sin especificar,Sin especificar,Sin especificar,Sin especificar,Sin especificar,2017,8,MIÉRCOLES,1,Madrugada,Dias laborables
1.4,1,0,0,3853,03055,Recta,Carretera,"Salida de la vía por la izquierda, otro tipo       ",,ARROBA HOR,Camino vecinal,Municipal,Ascendente,Seco y limpio,Sin luz natural ni artificial,Despejado,,Nivel verde,,Sin especificar,Sin especificar,Sin especificar,Sin especificar,Sin especificar,Sin especificar,Sin especificar,2017,8,DOMINGO,20,Noche,Fines de semana
5.15,1,0,0,3854,03055,Curva señalizada,Carretera,Salida de la vía por la derecha otro tipo          ,AP-7,CV-913,Carretera Convencional de calzada única,Autonómica,Descendente,Otra,Sin luz natural y con iluminación artificial encen,Despejado,,Nivel blanco,,No,No,No,No,No,Sí,No,2017,9,LUNES,5,Madrugada,Dias laborables
2.0,3,0,0,3855,03055,Recta,Carretera,Salida de la vía por la derecha con despeñamiento  ,,No inventariada,Camino vecinal,"Provincial, Cabildo/Consell",Ambos,Mojado,Sin luz natural ni artificial,Nublado,,Nivel blanco,,Sin especificar,Sin especificar,Sin especificar,Sin especificar,Sin especificar,Sin especificar,Sin especificar,2017,11,DOMINGO,1,Madrugada,Fines de semana
798.1,1,0,0,3856,03056,Recta,Carretera,Por alcance                                        ,,N-340,Carretera Convencional de doble calzada,Estatal,Descendente,Seco y limpio,Sin luz natural y con iluminación artificial encen,Despejado,,Nivel blanco,,No,No,No,No,Sí,No,No,2017,2,DOMINGO,19,Noche,Fines de semana
804.0,2,0,0,3857,03056,Recta,Carretera,Fronto-lateral                                     ,,N-340,Carretera Convencional de doble calzada,Estatal,Descendente,Seco y limpio,"Luz del día natural, solar",Despejado,,Nivel blanco,,No,No,No,No,Sí,No,No,2017,4,MARTES,16,Tarde,Dias laborables
443.2,2,0,0,3858,03056,Recta,Carretera,Por alcance                                        ,,A-7,Autovía,Estatal,Ascendente,Seco y limpio,Sin luz natural ni artificial,Despejado,,Nivel blanco,,Sin especificar,Sin especificar,Sin especificar,Sin especificar,Sin especificar,Sin especificar,Sin especificar,2017,4,VIERNES,21,Noche,Dias laborables
798.3,1,0,0,3859,03056,Recta,Carretera,Lateral                                            ,,N-340,Carretera Convencional de doble calzada,Estatal,Descendente,Mojado,"Luz del día natural, solar",Lluvia débil,,Nivel blanco,,Sin especificar,Sin especificar,Sin especificar,Sin especificar,Sin especificar,Sin especificar,Sin especificar,2017,4,JUEVES,10,Mañana,Dias laborables
0.2,1,0,0,3860,03056,Curva señalizada,Carretera,Fronto-lateral                                     ,,CV-703,Carretera Convencional de calzada única,"Provincial, Cabildo/Consell",Ambos,Seco y limpio,"Luz del día natural, solar",Nublado,,Nivel blanco,,No,No,Sí,No,No,Sí,No,2017,5,VIERNES,11,Mañana,Dias laborables
797.5,2,0,0,3861,03056,Recta,Carretera,Por alcance                                        ,,N-340,Carretera Convencional de doble calzada,Estatal,Descendente,Seco y limpio,"Luz del día natural, solar",Despejado,,Nivel amarillo,,Sin especificar,Sin especificar,Sin especificar,Sin especificar,Sin especificar,Sin especificar,Sin especificar,2017,10,MARTES,7,Mañana,Dias laborables
799.65,1,1,0,3862,03056,Recta,Carretera,Salida de la vía por la izquierda con colisión     ,,N-340,Carretera Convencional de calzada única,Estatal,Ascendente,Seco y limpio,"Luz del día natural, solar",Despejado,,Nivel blanco,,Sin especificar,Sin especificar,Sin especificar,Sin especificar,Sin especificar,Sin especificar,Sin especificar,2017,11,JUEVES,8,Mañana,Dias laborables
21.4,0,1,0,3863,00000,Curva señalizada,Carretera,Salida de la vía por la derecha con colisión       ,,CV-70,Carretera Convencional de calzada única,Autonómica,Ascendente,Seco y limpio,"Luz del día natural, solar",Despejado,,Nivel blanco,,Sin especificar,Sin especificar,Sin especificar,Sin especificar,Sin especificar,Sin especificar,Sin especificar,2017,3,MARTES,13,Tarde,Dias laborables
,2,0,0,3864,03058,No aplica,Calle,Fronto-lateral                                     ,,No inventariada,Calle,Municipal,Se desconoce,Seco y limpio,"Luz del día natural, solar",Despejado,,Nivel verde,,No,No,No,No,No,No,Sí,2017,1,MARTES,16,Tarde,Dias laborables
,2,0,0,3865,03058,No aplica,Calle,Fronto-lateral                                     ,,No inventariada,Calle,Municipal,Se desconoce,Seco y limpio,"Luz del día natural, solar",Despejado,,Nivel amarillo,,No,No,No,No,No,Sí,No,2017,1,MIÉRCOLES,14,Tarde,Dias laborables
,1,0,0,3866,03058,No aplica,Calle,Fronto-lateral                                     ,,No inventariada,Calle,Municipal,Se desconoce,Seco y limpio,"Luz del día natural, solar",Nublado,,Nivel amarillo,,No,No,No,No,No,No,No,2017,1,LUNES,8,Mañana,Dias laborables
,0,1,0,3867,03058,No aplica,Calle,Atropello a personas                               ,,No inventariada,Calle,Municipal,Se desconoce,Mojado,Sin luz natural ni artificial,Lluvia débil,,Nivel rojo,,Sin especificar,Sin especificar,Sin especificar,Sin especificar,Sin especificar,Sin especificar,Sin especificar,2017,1,JUEVES,20,Noche,Dias laborables
,2,0,0,3868,03058,No aplica,Calle,Frontal                                            ,,No inventariada,Otro,Municipal,Se desconoce,Mojado,"Luz del día natural, solar",Lluvia débil,,Nivel blanco,,Sin especificar,Sin especificar,Sin especificar,Sin especificar,Sin especificar,Sin especificar,Sin especificar,2017,1,MIÉRCOLES,14,Tarde,Dias laborables
693.3,0,1,0,3869,03058,Recta,Carretera,Fronto-lateral                                     ,,N-340,Carretera Convencional de calzada única,Estatal,Descendente,Seco y limpio,Sin luz natural y con iluminación artificial no en,Despejado,,Nivel blanco,,Sin especificar,Sin especificar,Sin especificar,Sin especificar,Sin especificar,Sin especificar,Sin especificar,2017,2,MARTES,20,Noche,Dias laborables
541.95,1,0,0,3870,03058,Recta,Carretera,Lateral                                            ,,A-7,Autovía,Estatal,Descendente,Seco y limpio,"Luz del día natural, solar",Despejado,,Nivel blanco,,Sin especificar,Sin especificar,Sin especificar,Sin especificar,Sin especificar,Sin especificar,Sin especificar,2017,2,VIERNES,10,Mañana,Dias laborables
,1,0,0,3871,03058,No aplica,Calle,Atropello a personas                               ,,No inventariada,Otro,Municipal,Se desconoce,Seco y limpio,"Luz del día natural, solar",Despejado,,Nivel amarillo,,Sin especificar,Sin especificar,Sin especificar,Sin especificar,Sin especificar,Sin especificar,Sin especificar,2017,2,MIÉRCOLES,8,Mañana,Dias laborables
,1,0,0,3872,03058,No aplica,Calle,Por alcance                                        ,,No inventariada,Calle,Municipal,Se desconoce,Seco y limpio,"Luz del día natural, solar",Despejado,,Nivel verde,,Sin especificar,Sin especificar,Sin especificar,Sin especificar,Sin especificar,Sin especificar,Sin especificar,2017,3,LUNES,15,Tarde,Dias laborables
,1,0,0,3873,03058,No aplica,Calle,Fronto-lateral                                     ,,No inventariada,Calle,Municipal,Se desconoce,Seco y limpio,"Luz del día natural, solar",Despejado,,Nivel verde,,No,No,No,No,No,No,No,2017,2,DOMINGO,10,Mañana,Fines de semana
9.9,1,0,0,3874,03058,Recta,Carretera,Salida de la vía por la derecha con colisión       ,,CV-900,Carretera Convencional de calzada única,Autonómica,Descendente,Seco y limpio,Sin luz natural ni artificial,Despejado,,Nivel blanco,,Sin especificar,Sin especificar,Sin especificar,Sin especificar,Sin especificar,Sin especificar,Sin especificar,2017,3,MARTES,23,Noche,Dias laborables