KM,TOTAL_HL24H,TOTAL_HG24H,TOTAL_MU24H,id,COD_MUNICIPIO,TRAZADO_PLANTA,ZONA,TIPO_ACCIDENTE,CARRETERA_CRUCE,CARRETERA,TIPO_VIA,TITULARIDAD_VIA,SENTIDO_1F,CONDICION_FIRME,CONDICION_ILUMINACION,CONDICION_METEO,CONDICION_NIEBLA,CONDICION_NIVEL_CIRCULA,CONDICION_VIENTO,PRIORI_AGENTE,PRIORI_CIRCUNSTANCIAL,PRIORI_HORIZ_CEDA,PRIORI_HORIZ_STOP,PRIORI_SEMAFORO,PRIORI_VERT_CEDA,PRIORI_VERT_STOP,ANYO,MES,DIA,HORA,FRANJA_HORARIA,TIPO_DIA
,1,0,0,3875,03058,No aplica,Calle,Fronto-lateral                                     ,,No inventariada,Calle,Municipal,Se desconoce,Seco y limpio,"Luz del día natural, solar",Despejado,,Nivel verde,,Sin especificar,Sin especificar,Sin especificar,Sin especificar,Sin especificar,Sin especificar,Sin especificar,2017,4,JUEVES,14,Tarde,Dias laborables
,1,0,0,3876,03058,No aplica,Calle,Fronto-lateral                                     ,,No inventariada,Calle,Municipal,Se desconoce,Mojado,"Luz del día natural, solar",Lluvia débil,,Nivel verde,,No,No,No,No,No,Sí,No,2017,4,JUEVES,10,Mañana,Dias laborables
,1,0,0,3877,03058,No aplica,Calle,Fronto-lateral                                     ,,No inventariada,Calle,Municipal,Se desconoce,Seco y limpio,Sin luz natural y con iluminación artificial encen,Despejado,,Nivel verde,,No,No,No,No,No,Sí,No,2017,5,LUNES,22,Noche,Dias laborables
,1,0,0,3878,03058,No aplica,Calle,Fronto-lateral                                     ,,No inventariada,Calle,Municipal,Se desconoce,Seco y limpio,"Luz del día natural, solar",Despejado,,Nivel amarillo,,No,No,No,No,No,Sí,No,2017,5,JUEVES,8,Mañana,Dias laborables
696.5,1,0,0,3879,03058,Recta,Carretera,Fronto-lateral                                     ,,N-340,Carretera Convencional de calzada única,Estatal,Descendente,Seco y limpio,"Luz del día natural, solar",Despejado,,Nivel blanco,,No,No,No,No,No,No,No,2017,5,VIERNES,18,Noche,Dias laborables
,1,0,0,3880,03058,No aplica,Calle,Fronto-lateral                                     ,,No inventariada,Otro,Municipal,Se desconoce,Seco y limpio,"Luz del día natural, solar",Despejado,,Nivel amarillo,,No,No,No,No,No,Sí,No,2017,5,LUNES,12,Tarde,Dias laborables
,2,0,0,3881,03058,No aplica,Calle,Fronto-lateral                                     ,,No inventariada,Calle,Municipal,Se desconoce,Seco y limpio,"Luz del día natural, solar",Despejado,,Nivel amarillo,,No,No,No,No,No,Sí,No,2017,5,MARTES,10,Mañana,Dias laborables
,2,0,0,3882,03058,No aplica,Calle,Fronto-lateral                                     ,,No inventariada,Otro,Municipal,Se desconoce,Seco y limpio,"Luz del día natural, solar",Despejado,,Nivel amarillo,,No,No,Sí,No,No,No,Sí,2017,6,MARTES,20,Noche,Dias laborables
,4,0,0,3883,03058,No aplica,Calle,Fronto-lateral                                     ,,No inventariada,Otro,Municipal,Se desconoce,Seco y limpio,"Luz del día natural, solar",Despejado,,Nivel verde,,No,No,No,Sí,No,No,Sí,2017,7,DOMINGO,16,Tarde,Fines de semana
,1,0,0,3884,03058,No aplica,Calle,Por alcance                                        ,,No inventariada,Calle,Municipal,Se desconoce,Seco y limpio,"Luz del día natural, solar",Despejado,,Nivel amarillo,,Sin especificar,Sin especificar,Sin especificar,Sin especificar,Sin especificar,Sin especificar,Sin especificar,2017,7,LUNES,11,Mañana,Dias laborables
,1,0,0,3885,03058,No aplica,Calle,Fronto-lateral                                     ,,No inventariada,Calle,Municipal,Se desconoce,Seco y limpio,"Luz del día natural, solar",Despejado,,Nivel verde,,No,No,No,No,No,Sí,No,2017,7,MARTES,19,Noche,Dias laborables
,2,0,0,3886,03058,No aplica,Calle,Fronto-lateral                                     ,,No inventariada,Calle,Municipal,Se desconoce,Seco y limpio,"Luz del día natural, solar",Despejado,,Nivel amarillo,,No,No,No,Sí,No,No,No,2017,7,MIÉRCOLES,16,Tarde,Dias laborables
,1,0,0,3887,03058,No aplica,Calle,Fronto-lateral                                     ,,No inventariada,Calle,Municipal,Se desconoce,Seco y limpio,Sin luz natural y con iluminación artificial encen,Despejado,,Nivel amarillo,,No,No,No,No,No,Sí,No,2017,7,DOMINGO,0,Madrugada,Fines de semana
,1,0,0,3888,03058,No aplica,Calle,Fronto-lateral                                     ,,No inventariada,Calle,Municipal,Se desconoce,Seco y limpio,"Luz del día natural, solar",Despejado,,Nivel verde,,Sin especificar,Sin especificar,Sin especificar,Sin especificar,Sin especificar,Sin especificar,Sin especificar,2017,7,LUNES,10,Mañana,Dias laborables
,1,0,0,3889,03058,No aplica,Calle,Por alcance                                        ,,No inventariada,Calle,Municipal,Se desconoce,Seco y limpio,"Luz del día natural, solar",Despejado,,Nivel verde,,Sin especificar,Sin especificar,Sin especificar,Sin especificar,Sin especificar,Sin especificar,Sin especificar,2017,7,SÁBADO,15,Tarde,Fines de semana
,1,0,0,3890,03058,No aplica,Calle,Fronto-lateral                                     ,,No inventariada,Calle,Municipal,Se desconoce,Seco y limpio,"Luz del día natural, solar",Despejado,,Nivel amarillo,,No,No,No,No,No,Sí,No,2017,7,JUEVES,19,Noche,Dias laborables
,1,0,0,3891,03058,No aplica,Calle,Fronto-lateral                                     ,,No inventariada,Calle,Municipal,Se desconoce,Seco y limpio,"Luz del día natural, solar",Despejado,,Nivel amarillo,,No,No,No,No,No,No,Sí,2017,7,DOMINGO,10,Mañana,Fines de semana
693.9,6,0,0,3892,03058,Recta,Carretera,Por alcance                                        ,,N-340,Carretera Convencional de calzada única,Estatal,Descendente,Seco y limpio,"Luz del día natural, solar",Despejado,,Nivel blanco,,No,No,No,No,No,No,No,2017,8,MIÉRCOLES,18,Noche,Dias laborables
,2,0,0,3893,03058,No aplica,Calle,Fronto-lateral                                     ,,No inventariada,Calle,Municipal,Se desconoce,Seco y limpio,"Luz del día natural, solar",Despejado,,Nivel amarillo,,No,No,No,No,No,Sí,No,2017,8,MARTES,13,Tarde,Dias laborables
,2,0,0,3894,03058,No aplica,Calle,Colisión contra obstáculo o elemento de la vía     ,,No inventariada,Calle,Municipal,Se desconoce,Seco y limpio,Sin luz natural y con iluminación artificial encen,Despejado,,Nivel blanco,,Sin especificar,Sin especificar,Sin especificar,Sin especificar,Sin especificar,Sin especificar,Sin especificar,2017,9,DOMINGO,2,Madrugada,Fines de semana
,1,0,0,3895,03058,No aplica,Calle,Fronto-lateral                                     ,,No inventariada,Calle,Municipal,Se desconoce,Seco y limpio,Sin luz natural y con iluminación artificial encen,Despejado,,Nivel verde,,No,No,No,No,No,Sí,No,2017,9,SÁBADO,20,Noche,Fines de semana
,2,0,0,3896,03058,No aplica,Calle,Fronto-lateral                                     ,,No inventariada,Otro,Municipal,Se desconoce,Seco y limpio,Sin luz natural y con iluminación artificial encen,Despejado,,Nivel amarillo,,No,No,No,No,No,No,Sí,2017,9,VIERNES,20,Noche,Dias laborables
,2,0,0,3897,03058,No aplica,Calle,Fronto-lateral                                     ,,No inventariada,Calle,Municipal,Se desconoce,Seco y limpio,Sin luz natural y con iluminación artificial encen,Despejado,,Nivel blanco,,No,No,No,No,No,Sí,No,2017,10,DOMINGO,1,Madrugada,Fines de semana
,4,0,0,3898,03058,No aplica,Calle,Fronto-lateral                                     ,,No inventariada,Calle,Municipal,Se desconoce,Seco y limpio,Sin luz natural y con iluminación artificial encen,Despejado,,Nivel blanco,,No,No,No,No,No,Sí,No,2017,11,JUEVES,0,Madrugada,Dias laborables
11.2,2,0,0,3899,03058,Recta,Carretera,Por alcance                                        ,,CV-900,Carretera Convencional de calzada única,Autonómica,Descendente,Seco y limpio,Sin luz natural y con iluminación artificial encen,Despejado,,Nivel blanco,,No,No,No,No,No,Sí,No,2017,11,MIÉRCOLES,18,Noche,Dias laborables
,1,0,0,3900,03058,No aplica,Calle,Fronto-lateral                                     ,,No inventariada,Otro,Municipal,Se desconoce,Seco y limpio,"Luz del día natural, solar",Despejado,,Nivel amarillo,,No,No,No,No,No,Sí,No,2017,11,JUEVES,12,Tarde,Dias laborables
,1,0,0,3901,03058,No aplica,Calle,Fronto-lateral                                     ,,No inventariada,Calle,Municipal,Se desconoce,Seco y limpio,"Luz del día natural, solar",Despejado,,Nivel verde,,No,No,No,No,No,No,Sí,2017,11,SÁBADO,15,Tarde,Fines de semana
694.9,3,2,0,3902,03058,Recta,Carretera,Fronto-lateral                                     ,,N-340,Carretera Convencional de calzada única,Estatal,Ascendente,Seco y limpio,Sin luz natural ni artificial,Nublado,,Nivel blanco,,No,No,No,No,No,No,Sí,2017,11,SÁBADO,20,Noche,Fines de semana
,1,0,0,3903,03058,No aplica,Calle,Por alcance                                        ,,No inventariada,Otro,Municipal,Se desconoce,Seco y limpio,"Luz del día natural, solar",Despejado,,Nivel amarillo,,Sin especificar,Sin especificar,Sin especificar,Sin especificar,Sin especificar,Sin especificar,Sin especificar,2017,12,SÁBADO,13,Tarde,Fines de semana
,1,0,0,3904,03058,No aplica,Calle,Lateral                                            ,,No inventariada,Calle,Municipal,Se desconoce,Seco y limpio,"Luz del día natural, solar",Despejado,,Nivel verde,,No,No,No,No,No,No,No,2017,12,VIERNES,13,Tarde,Dias laborables
1.6,1,0,0,3905,03059,Recta,Carretera,Salida de la vía por la izquierda con despeñamiento,,V. SENDRES,Vía para automóviles,"Provincial, Cabildo/Consell",Descendente,Seco y limpio,"Luz del día natural, solar",Despejado,,Nivel blanco,,Sin especificar,Sin especificar,Sin especificar,Sin especificar,Sin especificar,Sin especificar,Sin especificar,2017,1,JUEVES,9,Mañana,Dias laborables
528.0,2,0,0,3906,03059,Recta,Carretera,Lateral                                            ,,A-7,Autovía,Estatal,Descendente,Seco y limpio,"Luz del día natural, solar",Despejado,,Nivel blanco,,Sin especificar,Sin especificar,Sin especificar,Sin especificar,Sin especificar,Sin especificar,Sin especificar,2017,2,MARTES,16,Tarde,Dias laborables
529.3,2,0,0,3907,03059,Se desconoce,Carretera,Por alcance                                        ,,A-7,Autovía,Estatal,Ascendente,Seco y limpio,Sin luz natural ni artificial,Despejado,,Nivel blanco,,Sin especificar,Sin especificar,Sin especificar,Sin especificar,Sin especificar,Sin especificar,Sin especificar,2017,3,MARTES,4,Madrugada,Dias laborables
527.5,1,0,0,3908,03059,Recta,Carretera,Lateral                                            ,,A-7,Autovía,Estatal,Ascendente,Mojado,"Luz del día natural, solar",Lluvia débil,,Nivel blanco,,Sin especificar,Sin especificar,Sin especificar,Sin especificar,Sin especificar,Sin especificar,Sin especificar,2017,3,LUNES,8,Mañana,Dias laborables
0.0,1,0,0,3909,03059,Recta,Carretera,Fronto-lateral                                     ,,No inventariada,Camino vecinal,Municipal,Descendente,Seco y limpio,"Luz del día natural, solar",Despejado,,Nivel blanco,,No,No,No,No,No,No,Sí,2017,3,SÁBADO,8,Mañana,Fines de semana
728.5,1,0,0,3910,03059,Recta,Carretera,Atropello a animales                               ,,AP-7,Autopista libre,Estatal,Descendente,Seco y limpio,Sin luz natural y con iluminación artificial no en,Despejado,,Nivel blanco,,Sin especificar,Sin especificar,Sin especificar,Sin especificar,Sin especificar,Sin especificar,Sin especificar,2017,4,DOMINGO,21,Noche,Fines de semana
525.63,1,0,0,3911,03059,Recta,Carretera,Salida de la vía por la derecha con vuelco         ,,A-7,Autovía,Estatal,Ascendente,Seco y limpio,Sin luz natural ni artificial,Despejado,,Nivel verde,,Sin especificar,Sin especificar,Sin especificar,Sin especificar,Sin especificar,Sin especificar,Sin especificar,2017,4,VIERNES,6,Mañana,Dias laborables
,2,0,0,3912,03059,No aplica,Calle,Salida de la vía por la derecha con colisión       ,,No inventariada,Calle,Municipal,Se desconoce,Seco y limpio,Sin luz natural ni artificial,Despejado,,Nivel blanco,,Sin especificar,Sin especificar,Sin especificar,Sin especificar,Sin especificar,Sin especificar,Sin especificar,2017,5,SÁBADO,23,Noche,Fines de semana
,2,0,0,3913,03059,No aplica,Calle,Fronto-lateral                                     ,,No inventariada,Calle,Municipal,Se desconoce,Seco y limpio,"Luz del día natural, solar",Despejado,,Nivel blanco,,No,No,Sí,No,No,Sí,No,2017,1,MARTES,12,Tarde,Dias laborables
709.5,0,0,1,3914,03059,Recta,Carretera,Fronto-lateral                                     ,,N-340,Carretera Convencional de calzada única,Estatal,Descendente,Seco y limpio,"Luz del día natural, solar",Despejado,,Nivel blanco,,Sin especificar,Sin especificar,Sin especificar,Sin especificar,Sin especificar,Sin especificar,Sin especificar,2017,5,MARTES,19,Noche,Dias laborables
529.8,3,0,0,3915,03059,Recta,Carretera,Múltiple o en caravana                             ,,A-7,Autovía,Estatal,Descendente,Seco y limpio,"Luz del día natural, solar",Despejado,,Nivel rojo,,Sin especificar,Sin especificar,Sin especificar,Sin especificar,Sin especificar,Sin especificar,Sin especificar,2017,5,SÁBADO,18,Noche,Fines de semana
706.2,1,0,0,3916,03059,Recta,Carretera,Por alcance                                        ,CV-904,N-340,Carretera Convencional de calzada única,Estatal,Descendente,Seco y limpio,"Amanecer o atardecer, con luz artificial",Despejado,,Nivel blanco,,No,No,No,No,No,No,Sí,2017,5,MARTES,7,Mañana,Dias laborables
,1,0,0,3917,03059,No aplica,Calle,Fronto-lateral                                     ,,No inventariada,Calle,Municipal,Se desconoce,Seco y limpio,"Luz del día natural, solar",Despejado,,Nivel verde,,No,Sí,No,No,No,No,No,2017,3,DOMINGO,11,Mañana,Fines de semana
,1,0,0,3918,03059,No aplica,Calle,Múltiple o en caravana                             ,,No inventariada,Calle,Municipal,Se desconoce,Seco y limpio,"Luz del día natural, solar",Despejado,,Nivel verde,,No,No,No,No,No,No,No,2017,3,MARTES,8,Mañana,Dias laborables
710.9,1,0,0,3919,03059,Recta,Carretera,Por alcance                                        ,N-325,N-340,Carretera Convencional de calzada única,Estatal,Ascendente,Seco y limpio,"Luz del día natural, solar",Despejado,,Nivel blanco,,No,No,No,No,No,Sí,No,2017,6,MIÉRCOLES,18,Noche,Dias laborables
1.0,1,0,0,3920,03059,Recta,Carretera,Fronto-lateral                                     ,,No inventariada,Camino vecinal,Municipal,Ascendente,Seco y limpio,"Luz del día natural, solar",Despejado,,Nivel blanco,,No,No,No,No,No,No,No,2017,6,MIÉRCOLES,20,Noche,Dias laborables
712.3,1,0,0,3921,03059,Recta,Carretera,Vuelco                                             ,,N-340,Carretera Convencional de calzada única,Estatal,Descendente,Con aceite,"Luz del día natural, solar",Despejado,,Nivel blanco,,No,No,No,No,No,Sí,No,2017,6,MARTES,20,Noche,Dias laborables
,1,0,0,3922,03059,No aplica,Calle,Salida de la vía por la derecha otro tipo          ,,No inventariada,Calle,Municipal,Se desconoce,Seco y limpio,"Luz del día natural, solar",Despejado,,Nivel verde,,Sin especificar,Sin especificar,Sin especificar,Sin especificar,Sin especificar,Sin especificar,Sin especificar,2017,6,JUEVES,11,Mañana,Dias laborables
709.6,1,0,0,3923,03059,Recta,Carretera,Fronto-lateral                                     ,,N-340,Carretera Convencional de calzada única,Estatal,Ascendente,Seco y limpio,"Luz del día natural, solar",Despejado,,Nivel blanco,,No,No,No,No,No,No,Sí,2017,7,DOMINGO,10,Mañana,Fines de semana
706.7,2,0,0,3924,03059,Recta,Carretera,Vuelco                                             ,,N-340,Carretera Convencional de calzada única,Estatal,Descendente,Seco y limpio,"Luz del día natural, solar",Despejado,,Nivel blanco,,No,No,No,No,No,No,Sí,2017,7,LUNES,19,Noche,Dias laborables
710.9,2,0,0,3925,03059,Curva señalizada,Carretera,Fronto-lateral                                     ,,N-340,Carretera Convencional de doble calzada,Estatal,Descendente,Seco y limpio,"Luz del día natural, solar",Despejado,,Nivel verde,,No,No,No,No,No,Sí,No,2017,7,LUNES,19,Noche,Dias laborables
1.6,0,0,1,3926,03059,Curva sin señalizar,Carretera,Salida de la vía por la izquierda con despeñamiento,,No inventariada,Camino vecinal,Municipal,Ambos,Seco y limpio,"Luz del día natural, solar",Despejado,,Nivel blanco,,Sin especificar,Sin especificar,Sin especificar,Sin especificar,Sin especificar,Sin especificar,Sin especificar,2017,7,MARTES,15,Tarde,Dias laborables
0.2,1,0,0,3927,03059,Curva sin señalizar,Carretera,Lateral                                            ,,LOS PAVOS,Camino vecinal,Municipal,Descendente,Seco y limpio,"Luz del día natural, solar",Despejado,,Nivel verde,,Sin especificar,Sin especificar,Sin especificar,Sin especificar,Sin especificar,Sin especificar,Sin especificar,2017,7,MARTES,13,Tarde,Dias laborables
,1,0,0,3928,03059,No aplica,Calle,Atropello a personas                               ,,No inventariada,Calle,Municipal,Se desconoce,Seco y limpio,"Luz del día natural, solar",Despejado,,Nivel verde,,Sin especificar,Sin especificar,Sin especificar,Sin especificar,Sin especificar,Sin especificar,Sin especificar,2017,3,JUEVES,15,Tarde,Dias laborables
,1,0,0,3929,03059,No aplica,Calle,Atropello a personas                               ,,No inventariada,Calle,Municipal,Se desconoce,Seco y limpio,"Luz del día natural, solar",Despejado,,Nivel verde,,Sin especificar,Sin especificar,Sin especificar,Sin especificar,Sin especificar,Sin especificar,Sin especificar,2017,4,MARTES,13,Tarde,Dias laborables
1.0,2,0,0,3930,03059,Curva señalizada,Carretera,Salida de la vía por la derecha con vuelco         ,,No inventariada,Camino vecinal,"Provincial, Cabildo/Consell",Ascendente,Seco y limpio,"Luz del día natural, solar",Despejado,,Nivel blanco,,Sin especificar,Sin especificar,Sin especificar,Sin especificar,Sin especificar,Sin especificar,Sin especificar,2017,7,JUEVES,16,Tarde,Dias laborables
,3,0,0,3931,03059,No aplica,Calle,Por alcance                                        ,,No inventariada,Calle,Municipal,Se desconoce,Seco y limpio,"Luz del día natural, solar",Despejado,,Nivel verde,,Sin especificar,Sin especificar,Sin especificar,Sin especificar,Sin especificar,Sin especificar,Sin especificar,2017,7,VIERNES,16,Tarde,Dias laborables
,1,0,0,3932,03059,No aplica,Calle,Vuelco                                             ,,No inventariada,Calle,Municipal,Se desconoce,Seco y limpio,Sin luz natural y con iluminación artificial encen,Despejado,,Nivel blanco,,No,No,No,No,No,Sí,No,2017,7,DOMINGO,0,Madrugada,Fines de semana
,2,0,0,3933,03059,No aplica,Calle,Atropello a personas                               ,,No inventariada,Calle,Municipal,Se desconoce,Seco y limpio,"Luz del día natural, solar",Despejado,,Nivel verde,,No,No,No,No,No,Sí,No,2017,5,VIERNES,19,Noche,Dias laborables
709.65,2,0,0,3934,03059,Recta,Carretera,Por alcance                                        ,,N-340,Carretera Convencional de calzada única,Estatal,Descendente,Seco y limpio,"Luz del día natural, solar",Nublado,,Nivel blanco,,No,No,No,No,No,No,No,2017,8,LUNES,12,Tarde,Dias laborables
728.6,0,1,0,3935,03059,Curva sin señalizar,Carretera,Vuelco                                             ,,AP-7,Vía de servicio,Estatal,Ascendente,Con barro o gravilla suelta,"Luz del día natural, solar",Despejado,,Nivel blanco,,Sin especificar,Sin especificar,Sin especificar,Sin especificar,Sin especificar,Sin especificar,Sin especificar,2017,8,DOMINGO,12,Tarde,Fines de semana
0.0,1,0,0,3936,03059,Recta,Carretera,Fronto-lateral                                     ,,No inventariada,Otro,Otra,Ascendente,Seco y limpio,"Luz del día natural, solar",Despejado,,Nivel blanco,,No,No,No,Sí,No,No,No,2017,8,SÁBADO,9,Mañana,Fines de semana
523.0,7,0,0,3937,03059,Recta,Carretera,Por alcance                                        ,,A-7,Autovía,Estatal,Descendente,Seco y limpio,"Luz del día natural, solar",Despejado,,Se desconoce,,Sin especificar,Sin especificar,Sin especificar,Sin especificar,Sin especificar,Sin especificar,Sin especificar,2017,8,DOMINGO,12,Tarde,Fines de semana
730.2,1,0,0,3938,03059,Recta,Carretera,Lateral                                            ,,AP-7,Autopista de peaje,Estatal,Descendente,Seco y limpio,"Luz del día natural, solar",Despejado,,Nivel blanco,,Sin especificar,Sin especificar,Sin especificar,Sin especificar,Sin especificar,Sin especificar,Sin especificar,2017,8,MIÉRCOLES,14,Tarde,Dias laborables
711.0,3,0,0,3939,03059,Recta,Carretera,Lateral                                            ,,N-340,Carretera Convencional de calzada única,Estatal,Descendente,Seco y limpio,"Luz del día natural, solar",Despejado,,Nivel blanco,,No,No,No,No,No,No,No,2017,9,MIÉRCOLES,12,Tarde,Dias laborables
711.0,2,0,0,3940,03059,Curva señalizada,Carretera,Fronto-lateral                                     ,,N-340,Carretera Convencional de calzada única,Estatal,Descendente,Seco y limpio,Sin luz natural y con iluminación artificial encen,Despejado,,Nivel blanco,,No,No,No,No,No,No,No,2017,9,MIÉRCOLES,23,Noche,Dias laborables
2.0,1,0,0,3941,03059,Recta,Carretera,Caída                                              ,,No inventariada,Vía de servicio,Municipal,Descendente,Seco y limpio,"Luz del día natural, solar",Despejado,,Nivel blanco,,Sin especificar,Sin especificar,Sin especificar,Sin especificar,Sin especificar,Sin especificar,Sin especificar,2017,10,LUNES,15,Tarde,Dias laborables
706.2,4,0,0,3942,03059,Recta,Carretera,Otro tipo de accidente                             ,CV-904,N-340,Carretera Convencional de calzada única,Estatal,Ascendente,Seco y limpio,"Luz del día natural, solar",Despejado,,Nivel blanco,,No,No,No,No,No,No,Sí,2017,11,VIERNES,14,Tarde,Dias laborables
724.5,0,1,0,3943,03059,Recta,Carretera,Lateral                                            ,A-7,AP-7,Autopista libre,Estatal,Descendente,Seco y limpio,Sin luz natural ni artificial,Despejado,,Nivel blanco,,No,No,No,No,No,No,No,2017,11,DOMINGO,0,Madrugada,Fines de semana
531.1,0,1,0,3944,03059,Recta,Carretera,Por alcance                                        ,,A-7,Autovía,Estatal,Descendente,Seco y limpio,Sin luz natural ni artificial,Nublado,,Nivel blanco,,Sin especificar,Sin especificar,Sin especificar,Sin especificar,Sin especificar,Sin especificar,Sin especificar,2017,11,MIÉRCOLES,20,Noche,Dias laborables
528.3,1,0,0,3945,03059,Recta,Carretera,Lateral                                            ,,A-7,Autovía,Estatal,Descendente,Seco y limpio,Sin luz natural ni artificial,Despejado,,Nivel blanco,,Sin especificar,Sin especificar,Sin especificar,Sin especificar,Sin especificar,Sin especificar,Sin especificar,2017,12,SÁBADO,22,Noche,Fines de semana
711.0,4,0,0,3946,03059,Curva señalizada,Carretera,Por alcance                                        ,N-340,N-340,Carretera Convencional de doble calzada,Estatal,Ascendente,Seco y limpio,"Luz del día natural, solar",Despejado,,Nivel blanco,,No,No,No,No,No,Sí,No,2017,12,JUEVES,17,Tarde,Dias laborables
739.34,5,0,0,3947,00000,Recta,Carretera,Otro tipo de accidente                             ,,AP-7,Autopista libre,Estatal,Descendente,Seco y limpio,Sin luz natural ni artificial,Despejado,,Nivel blanco,,Sin especificar,Sin especificar,Sin especificar,Sin especificar,Sin especificar,Sin especificar,Sin especificar,2017,7,LUNES,1,Madrugada,Dias laborables
7.0,1,0,0,3948,00000,Curva señalizada,Carretera,Caída                                              ,CV-901,CV-860,Carretera Convencional de calzada única,Autonómica,Ascendente,Mojado,"Luz del día natural, solar",Lluvia débil,,Nivel blanco,,No,No,Sí,No,No,Sí,No,2017,8,MARTES,9,Mañana,Dias laborables
16.5,2,0,0,3949,00000,Recta,Carretera,Lateral                                            ,,CV-91,Carretera Convencional de calzada única,Autonómica,Ascendente,Seco y limpio,"Luz del día natural, solar",Despejado,,Nivel blanco,,Sin especificar,Sin especificar,Sin especificar,Sin especificar,Sin especificar,Sin especificar,Sin especificar,2017,9,SÁBADO,19,Noche,Fines de semana
2.2,1,0,0,3950,00000,Curva sin señalizar,Carretera,Salida de la vía por la derecha con vuelco         ,,No inventariada,Vía para automóviles,Autonómica,Ascendente,Seco y limpio,Sin luz natural y con iluminación artificial encen,Despejado,,Nivel blanco,,Sin especificar,Sin especificar,Sin especificar,Sin especificar,Sin especificar,Sin especificar,Sin especificar,2017,4,MARTES,7,Mañana,Dias laborables
,1,0,0,3951,03063,No aplica,Calle,Frontal                                            ,,No inventariada,Calle,Municipal,Se desconoce,Seco y limpio,"Luz del día natural, solar",Despejado,,Sin especificar,,Sin especificar,Sin especificar,Sin especificar,Sin especificar,Sin especificar,Sin especificar,Sin especificar,2017,1,MARTES,15,Tarde,Dias laborables
,1,0,0,3952,03063,No aplica,Calle,Fronto-lateral                                     ,,No inventariada,Calle,Municipal,Se desconoce,Seco y limpio,"Luz del día natural, solar",Despejado,,Nivel blanco,,Sin especificar,Sin especificar,Sin especificar,Sin especificar,Sin especificar,Sin especificar,Sin especificar,2017,1,LUNES,17,Tarde,Dias laborables
,1,0,0,3953,03063,No aplica,Calle,Caída                                              ,,No inventariada,Otro,Municipal,Se desconoce,Otra,Sin luz natural ni artificial,Nublado,,Nivel blanco,,Sin especificar,Sin especificar,Sin especificar,Sin especificar,Sin especificar,Sin especificar,Sin especificar,2017,1,LUNES,19,Noche,Dias laborables
5.0,1,0,0,3954,03063,Recta,Carretera,Fronto-lateral                                     ,,CV-723,Carretera Convencional de calzada única,"Provincial, Cabildo/Consell",Ascendente,Seco y limpio,Sin luz natural ni artificial,Despejado,,Nivel blanco,,No,No,No,Sí,No,No,Sí,2017,2,VIERNES,18,Noche,Dias laborables
3.9,1,0,0,3955,03063,Recta,Carretera,Fronto-lateral                                     ,CV-732,CV-723,Carretera Convencional de calzada única,"Provincial, Cabildo/Consell",Ascendente,Seco y limpio,"Luz del día natural, solar",Despejado,,Nivel verde,,No,No,No,No,No,No,No,2017,2,SÁBADO,12,Tarde,Fines de semana
,1,0,0,3956,03063,No aplica,Calle,Atropello a personas                               ,,No inventariada,Calle,Municipal,Se desconoce,Seco y limpio,"Luz del día natural, solar",Despejado,,Nivel blanco,,Sin especificar,Sin especificar,Sin especificar,Sin especificar,Sin especificar,Sin especificar,Sin especificar,2017,3,MIÉRCOLES,13,Tarde,Dias laborables
5.0,0,3,0,3957,03063,Curva sin señalizar,Carretera,Frontal                                            ,,CV-725,Carretera Convencional de calzada única,Autonómica,Ambos,Seco y limpio,"Luz del día natural, solar",Despejado,,Nivel blanco,,Sin especificar,Sin especificar,Sin especificar,Sin especificar,Sin especificar,Sin especificar,Sin especificar,2017,3,MARTES,10,Mañana,Dias laborables
,1,0,0,3958,03063,No aplica,Calle,Atropello a personas                               ,,No inventariada,Calle,Municipal,Se desconoce,Seco y limpio,"Luz del día natural, solar",Despejado,,Nivel blanco,,Sin especificar,Sin especificar,Sin especificar,Sin especificar,Sin especificar,Sin especificar,Sin especificar,2017,3,JUEVES,11,Mañana,Dias laborables
,1,0,0,3959,03063,No aplica,Calle,Caída                                              ,,No inventariada,Calle,Municipal,Se desconoce,Seco y limpio,"Luz del día natural, solar",Despejado,,Nivel blanco,,No,No,No,No,No,No,Sí,2017,3,SÁBADO,13,Tarde,Fines de semana
,2,0,0,3960,03063,No aplica,Calle,Fronto-lateral                                     ,,No inventariada,Calle,Municipal,Se desconoce,Seco y limpio,"Luz del día natural, solar",Despejado,,Nivel blanco,,No,No,No,Sí,No,No,Sí,2017,4,SÁBADO,9,Mañana,Fines de semana
,2,0,0,3961,03063,No aplica,Calle,Atropello a personas                               ,,No inventariada,Calle,Municipal,Se desconoce,Seco y limpio,"Luz del día natural, solar",Despejado,,Nivel blanco,,No,No,No,No,No,No,No,2017,4,JUEVES,15,Tarde,Dias laborables
63.9,2,0,0,3962,03063,Recta,Carretera,Fronto-lateral                                     ,,CV-700,Carretera Convencional de calzada única,Autonómica,Ascendente,Seco y limpio,"Luz del día natural, solar",Despejado,,Nivel blanco,,No,No,No,No,No,No,Sí,2017,4,LUNES,9,Mañana,Dias laborables
0.0,1,0,0,3963,03063,Recta,Carretera,Lateral                                            ,,CV-736,Carretera Convencional de calzada única,Autonómica,Ascendente,Seco y limpio,"Luz del día natural, solar",Despejado,,Nivel blanco,,No,No,No,No,No,No,No,2017,5,MIÉRCOLES,16,Tarde,Dias laborables
,1,0,0,3964,03063,No aplica,Calle,Por alcance                                        ,,No inventariada,Calle,Municipal,Se desconoce,Seco y limpio,"Luz del día natural, solar",Despejado,,Nivel blanco,,No,No,Sí,No,No,Sí,No,2017,5,JUEVES,17,Tarde,Dias laborables