KM,TOTAL_HL24H,TOTAL_HG24H,TOTAL_MU24H,id,COD_MUNICIPIO,TRAZADO_PLANTA,ZONA,TIPO_ACCIDENTE,CARRETERA_CRUCE,CARRETERA,TIPO_VIA,TITULARIDAD_VIA,SENTIDO_1F,CONDICION_FIRME,CONDICION_ILUMINACION,CONDICION_METEO,CONDICION_NIEBLA,CONDICION_NIVEL_CIRCULA,CONDICION_VIENTO,PRIORI_AGENTE,PRIORI_CIRCUNSTANCIAL,PRIORI_HORIZ_CEDA,PRIORI_HORIZ_STOP,PRIORI_SEMAFORO,PRIORI_VERT_CEDA,PRIORI_VERT_STOP,ANYO,MES,DIA,HORA,FRANJA_HORARIA,TIPO_DIA
,1,0,0,4683,03065,No aplica,Calle,Por alcance                                        ,,No inventariada,Calle,Municipal,Se desconoce,Seco y limpio,"Luz del día natural, solar",Despejado,,Nivel blanco,,No,No,No,No,No,No,No,2017,10,DOMINGO,14,Tarde,Fines de semana
,1,0,0,4684,03065,No aplica,Calle,Atropello a personas                               ,,No inventariada,Calle,Municipal,Se desconoce,Seco y limpio,"Luz del día natural, solar",Despejado,,Sin especificar,,No,No,No,No,No,No,No,2017,10,MARTES,9,Mañana,Dias laborables
,1,0,0,4685,03065,No aplica,Calle,Lateral                                            ,,No inventariada,Calle,Municipal,Se desconoce,Seco y limpio,"Luz del día natural, solar",Despejado,,Sin especificar,,No,No,No,No,No,No,No,2017,11,JUEVES,14,Tarde,Dias laborables
,1,0,0,4686,03065,No aplica,Calle,Fronto-lateral                                     ,,No inventariada,Calle,Municipal,Se desconoce,Seco y limpio,"Luz del día natural, solar",Despejado,,Nivel blanco,,No,No,Sí,No,No,Sí,No,2017,11,JUEVES,15,Tarde,Dias laborables
,1,0,0,4687,03065,No aplica,Calle,Fronto-lateral                                     ,,No inventariada,Calle,Municipal,Se desconoce,Seco y limpio,Sin luz natural y con iluminación artificial encen,Despejado,,Nivel blanco,,No,No,No,No,No,Sí,No,2017,10,DOMINGO,3,Madrugada,Fines de semana
,1,0,0,4688,03065,No aplica,Calle,Caída                                              ,,No inventariada,Calle,Municipal,Se desconoce,Seco y limpio,Sin luz natural y con iluminación artificial encen,Despejado,,Nivel blanco,,No,No,No,No,Sí,No,No,2017,10,LUNES,21,Noche,Dias laborables
,1,0,0,4689,03065,No aplica,Calle,Otro tipo de accidente                             ,,No inventariada,Calle,Municipal,Se desconoce,Seco y limpio,"Luz del día natural, solar",Despejado,,Nivel blanco,,Sin especificar,Sin especificar,Sin especificar,Sin especificar,Sin especificar,Sin especificar,Sin especificar,2017,10,VIERNES,16,Tarde,Dias laborables
,1,0,0,4690,03065,No aplica,Calle,Atropello a personas                               ,,No inventariada,Calle,Municipal,Se desconoce,Seco y limpio,"Luz del día natural, solar",Despejado,,Sin especificar,,No,No,No,No,No,No,No,2017,11,LUNES,13,Tarde,Dias laborables
,1,0,0,4691,03065,No aplica,Calle,Por alcance                                        ,,No inventariada,Calle,Municipal,Se desconoce,Seco y limpio,"Luz del día natural, solar",Despejado,,Sin especificar,,Sin especificar,Sin especificar,Sin especificar,Sin especificar,Sin especificar,Sin especificar,Sin especificar,2017,11,JUEVES,8,Mañana,Dias laborables
,1,0,0,4692,03065,No aplica,Calle,Fronto-lateral                                     ,,No inventariada,Calle,Municipal,Se desconoce,Seco y limpio,"Luz del día natural, solar",Despejado,,Sin especificar,,No,No,No,No,No,Sí,No,2017,11,JUEVES,11,Mañana,Dias laborables
730.5,2,0,0,4693,03065,Curva señalizada,Carretera,Fronto-lateral                                     ,CV-86,N-340,Carretera Convencional de doble calzada,Estatal,Ascendente,Seco y limpio,Sin luz natural ni artificial,Despejado,,Nivel blanco,,No,No,No,No,No,Sí,No,2017,11,VIERNES,19,Noche,Dias laborables
,1,0,0,4694,03065,No aplica,Calle,Caída                                              ,,No inventariada,Calle,Municipal,Se desconoce,Con aceite,"Luz del día natural, solar",Despejado,,Sin especificar,,No,No,No,No,No,No,No,2017,11,VIERNES,10,Mañana,Dias laborables
,1,0,0,4695,03065,No aplica,Calle,Fronto-lateral                                     ,,No inventariada,Calle,Municipal,Se desconoce,Seco y limpio,"Luz del día natural, solar",Despejado,,Sin especificar,,No,No,Sí,No,No,Sí,No,2017,11,VIERNES,10,Mañana,Dias laborables
,1,0,0,4696,03065,No aplica,Calle,Lateral                                            ,,No inventariada,Calle,Municipal,Se desconoce,Seco y limpio,Sin luz natural y con iluminación artificial encen,Despejado,,Nivel blanco,,Sin especificar,Sin especificar,Sin especificar,Sin especificar,Sin especificar,Sin especificar,Sin especificar,2017,11,VIERNES,23,Noche,Dias laborables
,1,0,0,4697,03065,No aplica,Calle,Lateral                                            ,,No inventariada,Calle,Municipal,Se desconoce,Seco y limpio,Sin luz natural y con iluminación artificial encen,Despejado,,Nivel blanco,,No,No,Sí,No,No,Sí,No,2017,10,DOMINGO,21,Noche,Fines de semana
,1,0,0,4698,03065,No aplica,Calle,Lateral                                            ,,No inventariada,Calle,Municipal,Se desconoce,Seco y limpio,"Luz del día natural, solar",Despejado,,Sin especificar,,No,No,No,No,No,No,No,2017,11,VIERNES,13,Tarde,Dias laborables
5.4,1,0,0,4699,03065,Curva señalizada,Carretera,Fronto-lateral                                     ,,CV-851,Carretera Convencional de calzada única,"Provincial, Cabildo/Consell",Descendente,Seco y limpio,"Luz del día natural, solar",Despejado,,Nivel blanco,,Sin especificar,Sin especificar,Sin especificar,Sin especificar,Sin especificar,Sin especificar,Sin especificar,2017,11,MARTES,17,Tarde,Dias laborables
,5,0,0,4700,03065,No aplica,Calle,Múltiple o en caravana                             ,,No inventariada,Calle,Municipal,Se desconoce,Seco y limpio,Sin luz natural y con iluminación artificial encen,Despejado,,Sin especificar,,Sin especificar,Sin especificar,Sin especificar,Sin especificar,Sin especificar,Sin especificar,Sin especificar,2017,11,DOMINGO,19,Noche,Fines de semana
,2,0,0,4701,03065,No aplica,Calle,Por alcance                                        ,,No inventariada,Calle,Municipal,Se desconoce,Seco y limpio,Sin luz natural y con iluminación artificial encen,Despejado,,Nivel blanco,,Sin especificar,Sin especificar,Sin especificar,Sin especificar,Sin especificar,Sin especificar,Sin especificar,2017,11,SÁBADO,22,Noche,Fines de semana
,1,0,0,4702,03065,No aplica,Calle,Frontal                                            ,,No inventariada,Otro,Municipal,Se desconoce,Seco y limpio,Sin luz natural ni artificial,Despejado,,Nivel blanco,,Sin especificar,Sin especificar,Sin especificar,Sin especificar,Sin especificar,Sin especificar,Sin especificar,2017,10,JUEVES,22,Noche,Dias laborables
,4,0,0,4703,03065,No aplica,Calle,Fronto-lateral                                     ,,No inventariada,Calle,Municipal,Se desconoce,Seco y limpio,Sin luz natural y con iluminación artificial encen,Despejado,,Nivel blanco,,No,No,No,No,Sí,No,No,2017,10,VIERNES,2,Madrugada,Dias laborables
,1,0,0,4704,03065,No aplica,Calle,Por alcance                                        ,,No inventariada,Calle,Municipal,Se desconoce,Seco y limpio,"Luz del día natural, solar",Despejado,,Sin especificar,,No,No,Sí,No,No,Sí,No,2017,11,SÁBADO,13,Tarde,Fines de semana
6.6,1,0,0,4705,03065,Recta,Carretera,Por alcance                                        ,,CV-850,Carretera Convencional de doble calzada,"Provincial, Cabildo/Consell",Descendente,Seco y limpio,"Luz del día natural, solar",Despejado,,Nivel blanco,,No,No,Sí,No,No,No,No,2017,11,LUNES,12,Tarde,Dias laborables
,0,1,0,4706,03065,No aplica,Calle,Caída                                              ,,No inventariada,Calle,Municipal,Se desconoce,Seco y limpio,"Luz del día natural, solar",Despejado,,Sin especificar,,No,No,No,No,Sí,No,No,2017,10,MIÉRCOLES,13,Tarde,Dias laborables
,3,0,0,4707,03065,No aplica,Calle,Fronto-lateral                                     ,,No inventariada,Otro,Municipal,Se desconoce,Seco y limpio,"Luz del día natural, solar",Despejado,,Sin especificar,,No,No,No,No,No,No,Sí,2017,11,DOMINGO,11,Mañana,Fines de semana
730.4,2,0,0,4708,03065,Recta,Carretera,Lateral                                            ,A-79,N-340,Carretera Convencional de calzada única,Estatal,Descendente,Seco y limpio,Sin luz natural y con iluminación artificial no en,Despejado,,Nivel blanco,,No,No,No,No,No,Sí,No,2017,11,MARTES,21,Noche,Dias laborables
512.3,6,0,0,4709,03065,Curva señalizada,Carretera,Por alcance                                        ,,A-7,Autovía,Estatal,Ascendente,Seco y limpio,Sin luz natural ni artificial,Despejado,,Nivel blanco,,No,No,No,No,No,No,No,2017,10,LUNES,21,Noche,Dias laborables
,1,0,0,4710,03065,No aplica,Calle,Atropello a personas                               ,,No inventariada,Calle,Municipal,Se desconoce,Seco y limpio,"Luz del día natural, solar",Despejado,,Nivel blanco,,No,No,No,No,Sí,No,No,2017,11,SÁBADO,12,Tarde,Fines de semana
4.2,2,0,0,4711,03065,Curva señalizada,Carretera,Frontal                                            ,,EL-20,Carretera Convencional de doble calzada,Estatal,Descendente,Seco y limpio,"Luz del día natural, solar",Despejado,,Nivel blanco,,No,No,No,No,No,Sí,No,2017,11,DOMINGO,11,Mañana,Fines de semana
,1,0,0,4712,03065,No aplica,Calle,Caída                                              ,,No inventariada,Calle,Municipal,Se desconoce,Seco y limpio,Sin luz natural y con iluminación artificial encen,Despejado,,Nivel blanco,,No,No,No,No,No,Sí,No,2017,11,VIERNES,22,Noche,Dias laborables
,1,0,0,4713,03065,No aplica,Calle,Por alcance                                        ,,No inventariada,Calle,Municipal,Se desconoce,Seco y limpio,"Luz del día natural, solar",Despejado,,Nivel blanco,,Sin especificar,Sin especificar,Sin especificar,Sin especificar,Sin especificar,Sin especificar,Sin especificar,2017,11,DOMINGO,12,Tarde,Fines de semana
1.5,2,0,0,4714,03065,Recta,Carretera,Lateral                                            ,,CV-851,Carretera Convencional de calzada única,"Provincial, Cabildo/Consell",Ambos,Seco y limpio,"Luz del día natural, solar",Despejado,,Nivel blanco,,Sin especificar,Sin especificar,Sin especificar,Sin especificar,Sin especificar,Sin especificar,Sin especificar,2017,11,LUNES,14,Tarde,Dias laborables
,2,0,0,4715,03065,No aplica,Calle,Fronto-lateral                                     ,,No inventariada,Calle,Municipal,Se desconoce,Seco y limpio,Sin luz natural y con iluminación artificial encen,Despejado,,Sin especificar,,No,No,No,No,Sí,No,No,2017,11,LUNES,22,Noche,Dias laborables
730.5,1,0,0,4716,03065,Recta,Carretera,Frontal                                            ,,N-340,Carretera Convencional de calzada única,Estatal,Descendente,Seco y limpio,"Amanecer o atardecer, sin luz artificial",Despejado,,Nivel blanco,,Sin especificar,Sin especificar,Sin especificar,Sin especificar,Sin especificar,Sin especificar,Sin especificar,2017,11,VIERNES,17,Tarde,Dias laborables
,1,0,0,4717,03065,No aplica,Calle,Caída                                              ,,No inventariada,Calle,Municipal,Se desconoce,Seco y limpio,"Luz del día natural, solar",Despejado,,Sin especificar,,Sin especificar,Sin especificar,Sin especificar,Sin especificar,Sin especificar,Sin especificar,Sin especificar,2017,11,LUNES,14,Tarde,Dias laborables
,1,0,0,4718,03065,No aplica,Calle,Atropello a personas                               ,,No inventariada,Calle,Municipal,Se desconoce,Seco y limpio,"Luz del día natural, solar",Despejado,,Sin especificar,,No,No,Sí,No,No,Sí,No,2017,11,SÁBADO,16,Tarde,Fines de semana
,6,0,0,4719,03065,No aplica,Calle,Salida de la vía por la derecha con colisión       ,,No inventariada,Calle,Municipal,Se desconoce,Seco y limpio,"Amanecer o atardecer, con luz artificial",Despejado,,Nivel blanco,,Sin especificar,Sin especificar,Sin especificar,Sin especificar,Sin especificar,Sin especificar,Sin especificar,2017,11,DOMINGO,7,Mañana,Fines de semana
,1,0,0,4720,03065,No aplica,Calle,Por alcance                                        ,,No inventariada,Calle,Municipal,Se desconoce,Seco y limpio,"Luz del día natural, solar",Despejado,,Nivel blanco,,No,No,Sí,No,No,Sí,No,2017,11,VIERNES,9,Mañana,Dias laborables
3.0,1,0,0,4721,03065,Curva señalizada,Carretera,Salida de la vía por la derecha con colisión       ,,CV-856,Carretera Convencional de calzada única,"Provincial, Cabildo/Consell",Ascendente,Seco y limpio,"Luz del día natural, solar",Despejado,,Nivel blanco,,Sin especificar,Sin especificar,Sin especificar,Sin especificar,Sin especificar,Sin especificar,Sin especificar,2017,11,LUNES,12,Tarde,Dias laborables
,1,0,0,4722,03065,No aplica,Calle,Atropello a personas                               ,,No inventariada,Calle,Municipal,Se desconoce,Seco y limpio,"Amanecer o atardecer, sin luz artificial",Despejado,,Nivel blanco,,Sin especificar,Sin especificar,Sin especificar,Sin especificar,Sin especificar,Sin especificar,Sin especificar,2017,10,MIÉRCOLES,18,Noche,Dias laborables
,2,0,0,4723,03065,No aplica,Calle,Por alcance                                        ,,No inventariada,Calle,Municipal,Se desconoce,Seco y limpio,Sin luz natural y con iluminación artificial encen,Despejado,,Nivel blanco,,Sin especificar,Sin especificar,Sin especificar,Sin especificar,Sin especificar,Sin especificar,Sin especificar,2017,10,MIÉRCOLES,20,Noche,Dias laborables
,1,0,0,4724,03065,No aplica,Calle,Fronto-lateral                                     ,,No inventariada,Calle,Municipal,Se desconoce,Seco y limpio,"Luz del día natural, solar",Despejado,,Sin especificar,,Sin especificar,Sin especificar,Sin especificar,Sin especificar,Sin especificar,Sin especificar,Sin especificar,2017,11,MARTES,14,Tarde,Dias laborables
6.8,1,0,0,4725,03065,Recta,Carretera,Lateral                                            ,,EL-20,Carretera Convencional de doble calzada,Estatal,Ascendente,Seco y limpio,"Luz del día natural, solar",Despejado,,Nivel blanco,,No,No,Sí,No,No,Sí,No,2017,11,MARTES,17,Tarde,Dias laborables
,3,0,0,4726,03065,No aplica,Calle,Por alcance                                        ,,No inventariada,Calle,Municipal,Se desconoce,Seco y limpio,"Luz del día natural, solar",Despejado,,Sin especificar,,Sin especificar,Sin especificar,Sin especificar,Sin especificar,Sin especificar,Sin especificar,Sin especificar,2017,11,LUNES,8,Mañana,Dias laborables
,3,0,0,4727,03065,No aplica,Calle,Fronto-lateral                                     ,,No inventariada,Calle,Municipal,Se desconoce,Seco y limpio,"Luz del día natural, solar",Despejado,,Sin especificar,,No,No,No,No,Sí,No,No,2017,11,MARTES,13,Tarde,Dias laborables
,2,0,0,4728,03065,No aplica,Calle,Atropello a personas                               ,,No inventariada,Calle,Municipal,Se desconoce,Seco y limpio,"Luz del día natural, solar",Despejado,,Sin especificar,,Sin especificar,Sin especificar,Sin especificar,Sin especificar,Sin especificar,Sin especificar,Sin especificar,2017,11,LUNES,9,Mañana,Dias laborables
0.0,1,0,0,4729,03065,Recta,Carretera,Por alcance                                        ,,CV-860,Carretera Convencional de calzada única,Autonómica,Ambos,Seco y limpio,"Luz del día natural, solar",Despejado,,Nivel blanco,,No,No,No,No,No,No,No,2017,11,JUEVES,8,Mañana,Dias laborables
,1,0,0,4730,03065,No aplica,Calle,Por alcance                                        ,,No inventariada,Calle,Municipal,Se desconoce,Seco y limpio,"Luz del día natural, solar",Nublado,,Sin especificar,,Sin especificar,Sin especificar,Sin especificar,Sin especificar,Sin especificar,Sin especificar,Sin especificar,2017,11,SÁBADO,14,Tarde,Fines de semana
,1,0,0,4731,03065,No aplica,Calle,Lateral                                            ,,No inventariada,Calle,Municipal,Se desconoce,Seco y limpio,"Luz del día natural, solar",Despejado,,Sin especificar,,No,No,No,No,No,Sí,No,2017,11,VIERNES,16,Tarde,Dias laborables
6.6,1,0,0,4732,03065,Recta,Carretera,Lateral                                            ,,EL-20,Carretera Convencional de doble calzada,Estatal,Ascendente,Seco y limpio,"Amanecer o atardecer, con luz artificial",Despejado,,Nivel blanco,,No,No,No,No,No,Sí,No,2017,11,SÁBADO,7,Mañana,Fines de semana
,2,0,0,4733,03065,No aplica,Calle,Por alcance                                        ,,No inventariada,Calle,Municipal,Se desconoce,Seco y limpio,"Luz del día natural, solar",Despejado,,Sin especificar,,No,No,Sí,No,No,Sí,No,2017,11,JUEVES,15,Tarde,Dias laborables
,1,0,0,4734,03065,No aplica,Calle,Fronto-lateral                                     ,,No inventariada,Calle,Municipal,Se desconoce,Seco y limpio,Sin luz natural y con iluminación artificial encen,Nublado,,Nivel blanco,,No,No,No,No,No,Sí,No,2017,11,MARTES,21,Noche,Dias laborables
,1,0,0,4735,03065,No aplica,Calle,Lateral                                            ,,No inventariada,Calle,Municipal,Se desconoce,Seco y limpio,"Luz del día natural, solar",Despejado,,Sin especificar,,No,No,No,No,No,No,Sí,2017,11,LUNES,9,Mañana,Dias laborables
1.3,1,0,0,4736,03065,Recta,Carretera,Caída                                              ,,CV-875,Carretera Convencional de calzada única,"Provincial, Cabildo/Consell",Ascendente,Mojado,"Amanecer o atardecer, sin luz artificial",Nublado,,Nivel amarillo,,Sin especificar,Sin especificar,Sin especificar,Sin especificar,Sin especificar,Sin especificar,Sin especificar,2017,11,JUEVES,7,Mañana,Dias laborables
,1,0,0,4737,03065,No aplica,Calle,Fronto-lateral                                     ,,No inventariada,Calle,Municipal,Se desconoce,Seco y limpio,"Luz del día natural, solar",Despejado,,Sin especificar,,Sin especificar,Sin especificar,Sin especificar,Sin especificar,Sin especificar,Sin especificar,Sin especificar,2017,11,JUEVES,13,Tarde,Dias laborables
,2,0,0,4738,03065,No aplica,Calle,Por alcance                                        ,,No inventariada,Calle,Municipal,Se desconoce,Seco y limpio,"Luz del día natural, solar",Despejado,,Sin especificar,,Sin especificar,Sin especificar,Sin especificar,Sin especificar,Sin especificar,Sin especificar,Sin especificar,2017,12,VIERNES,14,Tarde,Dias laborables
2.3,1,0,0,4739,03065,Curva señalizada,Carretera,Lateral                                            ,,CV-851,Carretera Convencional de calzada única,"Provincial, Cabildo/Consell",Ascendente,Con aceite,"Luz del día natural, solar",Lluvia débil,,Nivel blanco,,No,No,No,No,No,No,No,2017,11,MIÉRCOLES,11,Mañana,Dias laborables
,1,0,0,4740,03065,No aplica,Calle,Por alcance                                        ,,No inventariada,Calle,Municipal,Se desconoce,Seco y limpio,"Luz del día natural, solar",Despejado,,Sin especificar,,Sin especificar,Sin especificar,Sin especificar,Sin especificar,Sin especificar,Sin especificar,Sin especificar,2017,10,JUEVES,18,Noche,Dias laborables
,2,0,0,4741,03065,No aplica,Calle,Fronto-lateral                                     ,,No inventariada,Calle,Municipal,Se desconoce,Seco y limpio,"Luz del día natural, solar",Despejado,,Sin especificar,,No,No,No,No,No,Sí,No,2017,11,SÁBADO,8,Mañana,Fines de semana
,5,0,0,4742,03065,No aplica,Calle,Fronto-lateral                                     ,,No inventariada,Calle,Municipal,Se desconoce,Seco y limpio,Sin luz natural y con iluminación artificial encen,Despejado,,Sin especificar,,No,No,Sí,No,No,Sí,No,2017,11,SÁBADO,17,Tarde,Fines de semana
,2,0,0,4743,03065,No aplica,Calle,Múltiple o en caravana                             ,,No inventariada,Calle,Municipal,Se desconoce,Seco y limpio,Sin luz natural y con iluminación artificial encen,Despejado,,Nivel blanco,,Sin especificar,Sin especificar,Sin especificar,Sin especificar,Sin especificar,Sin especificar,Sin especificar,2017,11,JUEVES,23,Noche,Dias laborables
,1,0,0,4744,03065,No aplica,Calle,Salida de la vía por la izquierda con colisión     ,,No inventariada,Calle,Municipal,Se desconoce,Seco y limpio,Sin luz natural y con iluminación artificial encen,Despejado,,Sin especificar,,No,No,No,No,No,Sí,No,2017,12,LUNES,22,Noche,Dias laborables
,2,0,0,4745,03065,No aplica,Calle,Caída                                              ,,No inventariada,Calle,Municipal,Se desconoce,Mojado,Sin luz natural y con iluminación artificial encen,Nublado,,Nivel blanco,,No,No,Sí,No,No,Sí,No,2017,11,DOMINGO,0,Madrugada,Fines de semana
,1,0,0,4746,03065,No aplica,Calle,Fronto-lateral                                     ,,No inventariada,Calle,Municipal,Se desconoce,Seco y limpio,Sin luz natural y con iluminación artificial encen,Despejado,,Nivel blanco,,No,No,No,No,No,Sí,No,2017,11,SÁBADO,23,Noche,Fines de semana
,1,0,0,4747,03065,No aplica,Calle,Por alcance                                        ,CV-84,No inventariada,Calle,Municipal,Se desconoce,Seco y limpio,"Luz del día natural, solar",Despejado,,Sin especificar,,No,No,No,No,No,No,No,2017,12,VIERNES,13,Tarde,Dias laborables
,1,0,0,4748,03065,No aplica,Calle,Caída                                              ,,No inventariada,Calle,Municipal,Se desconoce,Seco y limpio,Sin luz natural y con iluminación artificial encen,Despejado,,Sin especificar,,Sin especificar,Sin especificar,Sin especificar,Sin especificar,Sin especificar,Sin especificar,Sin especificar,2017,12,LUNES,19,Noche,Dias laborables
,1,0,0,4749,03065,No aplica,Calle,Atropello a personas                               ,,No inventariada,Calle,Municipal,Se desconoce,Seco y limpio,"Luz del día natural, solar",Despejado,,Sin especificar,,Sin especificar,Sin especificar,Sin especificar,Sin especificar,Sin especificar,Sin especificar,Sin especificar,2017,11,LUNES,11,Mañana,Dias laborables
,0,1,0,4750,03065,No aplica,Calle,Atropello a personas                               ,,No inventariada,Calle,Municipal,Se desconoce,Seco y limpio,Sin luz natural y con iluminación artificial encen,Despejado,,Nivel blanco,,No,No,No,No,No,No,No,2017,8,MARTES,22,Noche,Dias laborables
,1,0,0,4751,03065,No aplica,Calle,Atropello a personas                               ,,No inventariada,Calle,Municipal,Se desconoce,Seco y limpio,"Luz del día natural, solar",Despejado,,Sin especificar,,No,No,Sí,No,No,Sí,No,2017,11,JUEVES,11,Mañana,Dias laborables
,2,0,0,4752,03065,No aplica,Calle,"Salida de la vía por la izquierda, otro tipo       ",,No inventariada,Calle,Municipal,Se desconoce,Seco y limpio,"Luz del día natural, solar",Despejado,,Nivel blanco,,No,No,No,No,No,Sí,No,2017,11,VIERNES,15,Tarde,Dias laborables
,1,0,0,4753,03065,No aplica,Calle,Fronto-lateral                                     ,,No inventariada,Calle,Municipal,Se desconoce,Seco y limpio,Sin luz natural y con iluminación artificial encen,Despejado,,Nivel blanco,,No,No,No,No,No,Sí,No,2017,11,MARTES,18,Noche,Dias laborables
,1,0,0,4754,03065,No aplica,Calle,Caída                                              ,,No inventariada,Calle,Municipal,Se desconoce,Seco y limpio,"Luz del día natural, solar",Despejado,,Nivel blanco,,Sin especificar,Sin especificar,Sin especificar,Sin especificar,Sin especificar,Sin especificar,Sin especificar,2017,11,JUEVES,15,Tarde,Dias laborables
,1,0,0,4755,03065,No aplica,Calle,Fronto-lateral                                     ,,No inventariada,Calle,Municipal,Se desconoce,Seco y limpio,"Luz del día natural, solar",Despejado,,Sin especificar,,No,No,No,No,Sí,No,No,2017,12,VIERNES,16,Tarde,Dias laborables
1.2,2,0,0,4756,03065,Curva señalizada,Carretera,Salida de la vía por la derecha con vuelco         ,,No inventariada,Camino vecinal,Municipal,Descendente,Seco y limpio,"Luz del día natural, solar",Despejado,,Nivel blanco,,Sin especificar,Sin especificar,Sin especificar,Sin especificar,Sin especificar,Sin especificar,Sin especificar,2017,12,DOMINGO,12,Tarde,Fines de semana
24.6,2,0,0,4757,03065,Recta,Carretera,Múltiple o en caravana                             ,,A-70,Autovía,Estatal,Descendente,Seco y limpio,"Amanecer o atardecer, sin luz artificial",Despejado,,Nivel verde,,Sin especificar,Sin especificar,Sin especificar,Sin especificar,Sin especificar,Sin especificar,Sin especificar,2017,11,MIÉRCOLES,7,Mañana,Dias laborables
,1,0,0,4758,03065,No aplica,Calle,Lateral                                            ,,No inventariada,Calle,Municipal,Se desconoce,Seco y limpio,"Luz del día natural, solar",Despejado,,Sin especificar,,No,No,Sí,No,No,Sí,No,2017,12,VIERNES,12,Tarde,Dias laborables
,1,0,0,4759,03065,No aplica,Calle,Fronto-lateral                                     ,,No inventariada,Calle,Municipal,Se desconoce,Seco y limpio,Sin luz natural y con iluminación artificial encen,Despejado,,Nivel blanco,,No,No,Sí,No,No,Sí,No,2017,12,SÁBADO,19,Noche,Fines de semana
,2,0,0,4760,03065,No aplica,Calle,Fronto-lateral                                     ,,No inventariada,Calle,Municipal,Se desconoce,Seco y limpio,"Luz del día natural, solar",Despejado,,Sin especificar,,Sin especificar,Sin especificar,Sin especificar,Sin especificar,Sin especificar,Sin especificar,Sin especificar,2017,12,SÁBADO,14,Tarde,Fines de semana
,1,0,0,4761,03065,No aplica,Calle,Fronto-lateral                                     ,,No inventariada,Calle,Municipal,Se desconoce,Seco y limpio,Sin luz natural y con iluminación artificial encen,Despejado,,Nivel blanco,,No,No,No,No,Sí,No,No,2017,12,SÁBADO,22,Noche,Fines de semana
,1,0,0,4762,03065,No aplica,Calle,Fronto-lateral                                     ,,No inventariada,Calle,Municipal,Se desconoce,Seco y limpio,Sin luz natural y con iluminación artificial encen,Despejado,,Sin especificar,,No,No,No,No,Sí,No,No,2017,12,VIERNES,5,Madrugada,Dias laborables
,3,0,0,4763,03065,No aplica,Calle,Fronto-lateral                                     ,,No inventariada,Calle,Municipal,Se desconoce,Seco y limpio,"Luz del día natural, solar",Nublado,,Sin especificar,,No,No,No,No,Sí,No,No,2017,11,MARTES,13,Tarde,Dias laborables
,2,0,0,4764,03065,No aplica,Calle,Frontal                                            ,,No inventariada,Calle,Municipal,Se desconoce,Seco y limpio,"Luz del día natural, solar",Despejado,,Sin especificar,,Sin especificar,Sin especificar,Sin especificar,Sin especificar,Sin especificar,Sin especificar,Sin especificar,2017,12,MIÉRCOLES,9,Mañana,Dias laborables
,2,0,0,4765,03065,No aplica,Calle,Fronto-lateral                                     ,,No inventariada,Calle,Municipal,Se desconoce,Seco y limpio,"Luz del día natural, solar",Despejado,,Sin especificar,,No,No,Sí,No,No,Sí,No,2017,12,JUEVES,10,Mañana,Dias laborables
3.7,1,0,0,4766,03065,Recta,Carretera,Frontal                                            ,,CV-851,Carretera Convencional de calzada única,"Provincial, Cabildo/Consell",Descendente,Seco y limpio,"Luz del día natural, solar",Despejado,,Nivel blanco,,Sin especificar,Sin especificar,Sin especificar,Sin especificar,Sin especificar,Sin especificar,Sin especificar,2017,12,MARTES,14,Tarde,Dias laborables
1.7,2,0,0,4767,03065,Recta,Carretera,Múltiple o en caravana                             ,,N-338,Carretera Convencional de calzada única,Estatal,Ascendente,Seco y limpio,"Luz del día natural, solar",Despejado,,Nivel verde,,Sin especificar,Sin especificar,Sin especificar,Sin especificar,Sin especificar,Sin especificar,Sin especificar,2017,12,SÁBADO,11,Mañana,Fines de semana
524.75,2,0,0,4768,03065,Curva señalizada,Carretera,Múltiple o en caravana                             ,,A-7,Autovía,Estatal,Ascendente,Seco y limpio,"Luz del día natural, solar",Despejado,,Nivel amarillo,,Sin especificar,Sin especificar,Sin especificar,Sin especificar,Sin especificar,Sin especificar,Sin especificar,2017,12,MIÉRCOLES,9,Mañana,Dias laborables
,1,0,0,4769,03065,No aplica,Calle,Atropello a personas                               ,,No inventariada,Calle,Municipal,Se desconoce,Seco y limpio,"Luz del día natural, solar",Despejado,,Nivel blanco,,No,No,Sí,No,No,Sí,No,2017,11,JUEVES,9,Mañana,Dias laborables
,1,0,0,4770,03065,No aplica,Calle,Fronto-lateral                                     ,,No inventariada,Calle,Municipal,Se desconoce,Seco y limpio,"Luz del día natural, solar",Despejado,,Nivel blanco,,No,No,Sí,No,No,Sí,No,2017,11,SÁBADO,13,Tarde,Fines de semana
,1,0,0,4771,03065,No aplica,Calle,Atropello a personas                               ,,No inventariada,Calle,Municipal,Se desconoce,Seco y limpio,"Luz del día natural, solar",Despejado,,Nivel blanco,,No,No,No,No,No,No,No,2017,7,SÁBADO,9,Mañana,Fines de semana
,2,0,0,4772,03065,No aplica,Calle,Fronto-lateral                                     ,,No inventariada,Calle,Municipal,Se desconoce,Seco y limpio,"Luz del día natural, solar",Despejado,,Sin especificar,,No,No,Sí,No,No,Sí,No,2017,12,JUEVES,17,Tarde,Dias laborables