KM,TOTAL_HL24H,TOTAL_HG24H,TOTAL_MU24H,id,COD_MUNICIPIO,TRAZADO_PLANTA,ZONA,TIPO_ACCIDENTE,CARRETERA_CRUCE,CARRETERA,TIPO_VIA,TITULARIDAD_VIA,SENTIDO_1F,CONDICION_FIRME,CONDICION_ILUMINACION,CONDICION_METEO,CONDICION_NIEBLA,CONDICION_NIVEL_CIRCULA,CONDICION_VIENTO,PRIORI_AGENTE,PRIORI_CIRCUNSTANCIAL,PRIORI_HORIZ_CEDA,PRIORI_HORIZ_STOP,PRIORI_SEMAFORO,PRIORI_VERT_CEDA,PRIORI_VERT_STOP,ANYO,MES,DIA,HORA,FRANJA_HORARIA,TIPO_DIA
0.22,1,0,0,4955,00000,Recta,Travesía,Por alcance                                        ,,No inventariada,Calle,Municipal,Ascendente,Seco y limpio,Sin luz natural y con iluminación artificial encen,Nublado,,Nivel blanco,,No,No,No,No,Sí,No,No,2017,2,JUEVES,7,Mañana,Dias laborables
540.7,7,0,0,4956,00000,Curva sin señalizar,Carretera,Por alcance                                        ,,A-7,Autovía,Estatal,Descendente,Seco y limpio,"Luz del día natural, solar",Despejado,,Nivel blanco,,Sin especificar,Sin especificar,Sin especificar,Sin especificar,Sin especificar,Sin especificar,Sin especificar,2017,4,MARTES,16,Tarde,Dias laborables
,2,0,0,4957,00000,No aplica,Calle,Lateral                                            ,,No inventariada,Calle,Municipal,Se desconoce,Seco y limpio,"Amanecer o atardecer, con luz artificial",Despejado,,Sin especificar,,Sin especificar,Sin especificar,Sin especificar,Sin especificar,Sin especificar,Sin especificar,Sin especificar,2017,5,DOMINGO,6,Mañana,Fines de semana
0.45,0,1,0,4958,00000,Curva sin señalizar,Travesía,Frontal                                            ,,No inventariada,Camino vecinal,Municipal,Ambos,Seco y limpio,"Luz del día natural, solar",Despejado,,Nivel blanco,,Sin especificar,Sin especificar,Sin especificar,Sin especificar,Sin especificar,Sin especificar,Sin especificar,2017,6,SÁBADO,20,Noche,Fines de semana
12.2,4,0,0,4959,00000,Recta,Carretera,Fronto-lateral                                     ,,No inventariada,Vía de servicio,Municipal,Ambos,Seco y limpio,Sin luz natural y con iluminación artificial encen,Despejado,,Nivel blanco,,Sin especificar,Sin especificar,Sin especificar,Sin especificar,Sin especificar,Sin especificar,Sin especificar,2017,6,DOMINGO,22,Noche,Fines de semana
,1,0,0,4960,00000,No aplica,Calle,Por alcance                                        ,,No inventariada,Calle,Municipal,Se desconoce,Seco y limpio,Sin luz natural y con iluminación artificial encen,Despejado,,Nivel blanco,,No,No,No,No,No,No,No,2017,7,JUEVES,21,Noche,Dias laborables
,1,0,0,4961,03076,No aplica,Calle,Fronto-lateral                                     ,,No inventariada,Calle,Municipal,Se desconoce,Seco y limpio,"Luz del día natural, solar",Despejado,,Sin especificar,,No,No,No,No,No,No,Sí,2017,1,MARTES,9,Mañana,Dias laborables
52.0,1,0,0,4962,03076,Recta,Carretera,Por alcance                                        ,N-332,N-332,Carretera Convencional de calzada única,Estatal,Descendente,Seco y limpio,"Luz del día natural, solar",Despejado,,Nivel blanco,,No,No,No,No,No,Sí,No,2017,2,VIERNES,15,Tarde,Dias laborables
,2,0,0,4963,03076,No aplica,Calle,Fronto-lateral                                     ,,No inventariada,Calle,Municipal,Se desconoce,Seco y limpio,"Luz del día natural, solar",Despejado,,Sin especificar,,No,No,Sí,No,No,Sí,No,2017,2,VIERNES,19,Noche,Dias laborables
,1,0,0,4964,03076,No aplica,Calle,Atropello a personas                               ,,No inventariada,Calle,Municipal,Se desconoce,Seco y limpio,"Luz del día natural, solar",Despejado,,Sin especificar,,Sin especificar,Sin especificar,Sin especificar,Sin especificar,Sin especificar,Sin especificar,Sin especificar,2017,2,VIERNES,8,Mañana,Dias laborables
24.8,1,0,0,4965,03076,Curva señalizada,Carretera,Salida de la vía por la izquierda con colisión     ,N-332,CV-91,Carretera Convencional de doble calzada,Autonómica,Ascendente,Seco y limpio,Sin luz natural ni artificial,Despejado,,Nivel blanco,,No,No,No,No,No,Sí,No,2017,2,LUNES,2,Madrugada,Dias laborables
0.7,0,1,0,4966,03076,Recta,Carretera,Lateral                                            ,,No inventariada,Camino vecinal,Municipal,Descendente,Seco y limpio,"Luz del día natural, solar",Despejado,,Nivel blanco,,No,No,No,No,No,No,Sí,2017,3,JUEVES,13,Tarde,Dias laborables
,1,0,0,4967,03076,No aplica,Calle,Atropello a personas                               ,,No inventariada,Calle,Municipal,Se desconoce,Seco y limpio,Sin luz natural y con iluminación artificial encen,Despejado,,Sin especificar,,Sin especificar,Sin especificar,Sin especificar,Sin especificar,Sin especificar,Sin especificar,Sin especificar,2017,3,JUEVES,21,Noche,Dias laborables
,1,0,0,4968,03076,No aplica,Calle,Atropello a personas                               ,,No inventariada,Calle,Municipal,Se desconoce,Seco y limpio,"Luz del día natural, solar",Despejado,,Sin especificar,,No,No,No,Sí,No,No,Sí,2017,3,JUEVES,14,Tarde,Dias laborables
,0,1,0,4969,03076,No aplica,Calle,Salida de la vía por la derecha con colisión       ,,No inventariada,Calle,Municipal,Se desconoce,Seco y limpio,Sin luz natural y con iluminación artificial encen,Despejado,,Sin especificar,,Sin especificar,Sin especificar,Sin especificar,Sin especificar,Sin especificar,Sin especificar,Sin especificar,2017,3,MARTES,7,Mañana,Dias laborables
,2,0,0,4970,03076,No aplica,Calle,Atropello a personas                               ,,No inventariada,Otro,Autonómica,Se desconoce,Seco y limpio,"Luz del día natural, solar",Despejado,,Sin especificar,,Sin especificar,Sin especificar,Sin especificar,Sin especificar,Sin especificar,Sin especificar,Sin especificar,2017,4,MARTES,8,Mañana,Dias laborables
,1,0,0,4971,03076,No aplica,Calle,Fronto-lateral                                     ,,No inventariada,Calle,Municipal,Se desconoce,Seco y limpio,"Luz del día natural, solar",Despejado,,Sin especificar,,No,No,Sí,No,No,Sí,No,2017,4,SÁBADO,9,Mañana,Fines de semana
,1,0,0,4972,03076,No aplica,Calle,Caída                                              ,,No inventariada,Calle,Municipal,Se desconoce,Seco y limpio,"Luz del día natural, solar",Despejado,,Sin especificar,,Sin especificar,Sin especificar,Sin especificar,Sin especificar,Sin especificar,Sin especificar,Sin especificar,2017,4,JUEVES,12,Tarde,Dias laborables
,1,0,0,4973,03076,No aplica,Calle,Fronto-lateral                                     ,,No inventariada,Calle,Municipal,Se desconoce,Seco y limpio,"Luz del día natural, solar",Despejado,,Sin especificar,,No,No,No,Sí,No,No,Sí,2017,4,VIERNES,13,Tarde,Dias laborables
69.0,1,0,0,4974,03076,Curva señalizada,Carretera,Vuelco                                             ,,N-332,Carretera Convencional de doble calzada,Estatal,Descendente,Seco y limpio,"Luz del día natural, solar",Despejado,,Nivel blanco,,No,No,No,No,No,Sí,No,2017,5,MARTES,9,Mañana,Dias laborables
,2,0,0,4975,03076,No aplica,Calle,Fronto-lateral                                     ,,No inventariada,Calle,Municipal,Se desconoce,Seco y limpio,"Luz del día natural, solar",Despejado,,Sin especificar,,No,No,No,No,No,No,No,2017,5,DOMINGO,17,Tarde,Fines de semana
,1,0,0,4976,03076,No aplica,Calle,Fronto-lateral                                     ,,No inventariada,Calle,Municipal,Se desconoce,Seco y limpio,Sin luz natural y con iluminación artificial encen,Despejado,,Sin especificar,,No,No,Sí,No,No,Sí,No,2017,5,SÁBADO,23,Noche,Fines de semana
,1,0,0,4977,03076,No aplica,Calle,Fronto-lateral                                     ,,No inventariada,Calle,Municipal,Se desconoce,Seco y limpio,"Luz del día natural, solar",Despejado,,Sin especificar,,No,No,Sí,No,No,Sí,No,2017,5,DOMINGO,9,Mañana,Fines de semana
,1,0,0,4978,03076,No aplica,Calle,Por alcance                                        ,,No inventariada,Calle,Municipal,Se desconoce,Seco y limpio,"Luz del día natural, solar",Despejado,,Sin especificar,,No,No,Sí,No,No,Sí,No,2017,5,MIÉRCOLES,14,Tarde,Dias laborables
,1,0,0,4979,03076,No aplica,Calle,Fronto-lateral                                     ,,No inventariada,Calle,Municipal,Se desconoce,Seco y limpio,"Luz del día natural, solar",Despejado,,Sin especificar,,No,No,No,Sí,No,No,Sí,2017,5,DOMINGO,13,Tarde,Fines de semana
21.7,0,1,0,4980,03076,Recta,Carretera,Otro tipo de accidente                             ,,CV-920,Carretera Convencional de calzada única,Autonómica,Ambos,Seco y limpio,"Luz del día natural, solar",Despejado,,Nivel blanco,,Sin especificar,Sin especificar,Sin especificar,Sin especificar,Sin especificar,Sin especificar,Sin especificar,2017,6,DOMINGO,7,Mañana,Fines de semana
4.7,1,0,0,4981,03076,Recta,Carretera,Salida de la vía por la derecha con vuelco         ,CV-845,CV-905,Carretera Convencional de calzada única,Autonómica,Ascendente,Seco y limpio,"Luz del día natural, solar",Despejado,,Nivel blanco,,No,No,No,No,No,No,No,2017,6,MARTES,15,Tarde,Dias laborables
,1,0,0,4982,03076,No aplica,Calle,Colisión contra obstáculo o elemento de la vía     ,,No inventariada,Otro,Otra,Se desconoce,Seco y limpio,"Luz del día natural, solar",Despejado,,Nivel blanco,,Sin especificar,Sin especificar,Sin especificar,Sin especificar,Sin especificar,Sin especificar,Sin especificar,2017,6,MIÉRCOLES,20,Noche,Dias laborables
3.5,1,0,0,4983,03076,Recta,Carretera,Por alcance                                        ,,CV-895,Carretera Convencional de calzada única,Autonómica,Descendente,Seco y limpio,"Luz del día natural, solar",Despejado,,Nivel blanco,,Sin especificar,Sin especificar,Sin especificar,Sin especificar,Sin especificar,Sin especificar,Sin especificar,2017,7,DOMINGO,18,Noche,Fines de semana
,1,0,0,4984,03076,No aplica,Calle,Frontal                                            ,,No inventariada,Calle,Municipal,Se desconoce,Seco y limpio,"Luz del día natural, solar",Despejado,,Sin especificar,,Sin especificar,Sin especificar,Sin especificar,Sin especificar,Sin especificar,Sin especificar,Sin especificar,2017,7,JUEVES,16,Tarde,Dias laborables
5.6,2,0,0,4985,03076,Recta,Carretera,Fronto-lateral                                     ,,CV-895,Carretera Convencional de calzada única,Autonómica,Descendente,Seco y limpio,"Luz del día natural, solar",Despejado,,Nivel blanco,,No,No,No,No,No,No,No,2017,7,JUEVES,14,Tarde,Dias laborables
24.5,1,0,0,4986,03076,Curva señalizada,Carretera,Fronto-lateral                                     ,,CV-91,Carretera Convencional de calzada única,Autonómica,Ascendente,Seco y limpio,Sin luz natural y con iluminación artificial encen,Despejado,,Nivel blanco,,No,No,No,No,No,Sí,No,2017,7,JUEVES,22,Noche,Dias laborables
2.2,1,0,0,4987,03076,Recta,Carretera,Otro tipo de accidente                             ,,LOS CURROS,Otro,Municipal,Ascendente,Seco y limpio,"Luz del día natural, solar",Despejado,,Nivel blanco,,No,No,No,No,No,No,Sí,2017,7,VIERNES,10,Mañana,Dias laborables
0.1,3,0,0,4988,03076,Curva señalizada,Carretera,Lateral                                            ,,CAMINO,Otro,Municipal,Ascendente,Seco y limpio,"Luz del día natural, solar",Despejado,,Nivel blanco,,Sin especificar,Sin especificar,Sin especificar,Sin especificar,Sin especificar,Sin especificar,Sin especificar,2017,7,JUEVES,14,Tarde,Dias laborables
2.2,1,0,0,4989,03076,Curva señalizada,Carretera,Salida de la vía por la derecha con vuelco         ,,DOS,Camino vecinal,Municipal,Ascendente,Seco y limpio,"Luz del día natural, solar",Despejado,,Nivel blanco,,Sin especificar,Sin especificar,Sin especificar,Sin especificar,Sin especificar,Sin especificar,Sin especificar,2017,7,VIERNES,18,Noche,Dias laborables
,1,0,0,4990,03076,No aplica,Calle,Atropello a personas                               ,,No inventariada,Calle,Municipal,Se desconoce,Seco y limpio,"Luz del día natural, solar",Despejado,,Sin especificar,,Sin especificar,Sin especificar,Sin especificar,Sin especificar,Sin especificar,Sin especificar,Sin especificar,2017,7,MIÉRCOLES,12,Tarde,Dias laborables
,1,0,0,4991,03076,No aplica,Calle,Atropello a personas                               ,,No inventariada,Calle,Municipal,Se desconoce,Seco y limpio,"Amanecer o atardecer, sin luz artificial",Despejado,,Sin especificar,,Sin especificar,Sin especificar,Sin especificar,Sin especificar,Sin especificar,Sin especificar,Sin especificar,2017,7,MIÉRCOLES,20,Noche,Dias laborables
,1,0,0,4992,03076,No aplica,Calle,Atropello a personas                               ,,No inventariada,Otro,Otra,Se desconoce,Seco y limpio,"Amanecer o atardecer, sin luz artificial",Despejado,,Sin especificar,,Sin especificar,Sin especificar,Sin especificar,Sin especificar,Sin especificar,Sin especificar,Sin especificar,2017,7,LUNES,21,Noche,Dias laborables
,1,0,0,4993,03076,No aplica,Calle,Fronto-lateral                                     ,,No inventariada,Calle,Municipal,Se desconoce,Seco y limpio,"Luz del día natural, solar",Despejado,,Sin especificar,,No,No,No,Sí,No,No,Sí,2017,8,DOMINGO,14,Tarde,Fines de semana
1.0,2,0,0,4994,03076,Curva sin señalizar,Carretera,Salida de la vía por la derecha otro tipo          ,,No inventariada,Camino vecinal,Municipal,Ambos,Seco y limpio,"Amanecer o atardecer, sin luz artificial",Despejado,,Nivel blanco,,Sin especificar,Sin especificar,Sin especificar,Sin especificar,Sin especificar,Sin especificar,Sin especificar,2017,8,MIÉRCOLES,21,Noche,Dias laborables
,1,0,0,4995,03076,No aplica,Calle,Atropello a personas                               ,,No inventariada,Calle,Municipal,Se desconoce,Seco y limpio,"Luz del día natural, solar",Despejado,,Sin especificar,,Sin especificar,Sin especificar,Sin especificar,Sin especificar,Sin especificar,Sin especificar,Sin especificar,2017,8,LUNES,13,Tarde,Dias laborables
,1,0,0,4996,03076,No aplica,Calle,Atropello a personas                               ,,No inventariada,Calle,Municipal,Se desconoce,Seco y limpio,"Luz del día natural, solar",Despejado,,Sin especificar,,Sin especificar,Sin especificar,Sin especificar,Sin especificar,Sin especificar,Sin especificar,Sin especificar,2017,8,VIERNES,20,Noche,Dias laborables
,1,0,0,4997,03076,No aplica,Calle,Fronto-lateral                                     ,,No inventariada,Calle,Municipal,Se desconoce,Seco y limpio,"Luz del día natural, solar",Despejado,,Sin especificar,,No,No,Sí,No,No,Sí,No,2017,7,SÁBADO,16,Tarde,Fines de semana
,1,0,0,4998,03076,No aplica,Calle,Fronto-lateral                                     ,,No inventariada,Otro,Otra,Se desconoce,Seco y limpio,"Luz del día natural, solar",Despejado,,Sin especificar,,Sin especificar,Sin especificar,Sin especificar,Sin especificar,Sin especificar,Sin especificar,Sin especificar,2017,8,MARTES,11,Mañana,Dias laborables
74.0,2,0,0,4999,03076,Recta,Carretera,Por alcance                                        ,,N-332,Carretera Convencional de calzada única,Estatal,Descendente,Seco y limpio,"Luz del día natural, solar",Despejado,,Nivel blanco,,No,No,No,No,No,Sí,No,2017,9,MARTES,12,Tarde,Dias laborables
1.2,0,1,0,5000,03076,Recta,Carretera,"Salida de la vía por la izquierda, otro tipo       ",,No inventariada,Camino vecinal,"Provincial, Cabildo/Consell",Descendente,Seco y limpio,"Luz del día natural, solar",Despejado,,Nivel blanco,,Sin especificar,Sin especificar,Sin especificar,Sin especificar,Sin especificar,Sin especificar,Sin especificar,2017,9,MARTES,11,Mañana,Dias laborables
,1,0,0,5001,03076,No aplica,Calle,Fronto-lateral                                     ,,No inventariada,Calle,Municipal,Se desconoce,Seco y limpio,"Luz del día natural, solar",Despejado,,Sin especificar,,No,No,No,Sí,No,No,Sí,2017,8,JUEVES,19,Noche,Dias laborables
,2,0,0,5002,03076,No aplica,Calle,Por alcance                                        ,,No inventariada,Calle,Municipal,Se desconoce,Seco y limpio,Sin luz natural y con iluminación artificial encen,Despejado,,Sin especificar,,Sin especificar,Sin especificar,Sin especificar,Sin especificar,Sin especificar,Sin especificar,Sin especificar,2017,9,VIERNES,21,Noche,Dias laborables
,1,0,0,5003,03076,No aplica,Calle,Fronto-lateral                                     ,,No inventariada,Calle,Municipal,Se desconoce,Seco y limpio,"Luz del día natural, solar",Despejado,,Sin especificar,,No,No,No,Sí,No,No,Sí,2017,10,VIERNES,15,Tarde,Dias laborables
5.0,1,0,0,5004,03076,Recta,Carretera,Salida de la vía por la derecha con vuelco         ,,CV-895,Carretera Convencional de calzada única,Autonómica,Ascendente,Seco y limpio,"Luz del día natural, solar",Despejado,,Nivel blanco,,No,No,No,No,No,No,No,2017,10,VIERNES,12,Tarde,Dias laborables
,1,0,0,5005,03076,No aplica,Calle,Atropello a personas                               ,,No inventariada,Calle,Municipal,Se desconoce,Seco y limpio,"Luz del día natural, solar",Despejado,,Sin especificar,,Sin especificar,Sin especificar,Sin especificar,Sin especificar,Sin especificar,Sin especificar,Sin especificar,2017,11,MIÉRCOLES,11,Mañana,Dias laborables
68.2,1,0,0,5006,03076,Recta,Carretera,Vuelco                                             ,,N-332,Vía para automóviles,Estatal,Ascendente,Seco y limpio,"Luz del día natural, solar",Despejado,,Nivel blanco,,Sin especificar,Sin especificar,Sin especificar,Sin especificar,Sin especificar,Sin especificar,Sin especificar,2017,10,DOMINGO,9,Mañana,Fines de semana
,1,0,0,5007,03076,No aplica,Calle,Atropello a personas                               ,,No inventariada,Calle,Municipal,Se desconoce,Seco y limpio,"Luz del día natural, solar",Despejado,,Sin especificar,,No,No,Sí,No,No,Sí,No,2017,11,LUNES,13,Tarde,Dias laborables
,1,0,0,5008,03076,No aplica,Calle,Atropello a personas                               ,,No inventariada,Calle,Municipal,Se desconoce,Seco y limpio,"Luz del día natural, solar",Despejado,,Sin especificar,,No,No,Sí,No,No,Sí,No,2017,10,LUNES,17,Tarde,Dias laborables
,3,0,0,5009,03076,No aplica,Calle,Por alcance                                        ,,No inventariada,Calle,Municipal,Se desconoce,Seco y limpio,Sin luz natural y con iluminación artificial encen,Despejado,,Sin especificar,,Sin especificar,Sin especificar,Sin especificar,Sin especificar,Sin especificar,Sin especificar,Sin especificar,2017,12,JUEVES,20,Noche,Dias laborables
4.9,1,0,0,5010,03076,Recta,Carretera,Lateral                                            ,,CV-895,Carretera Convencional de calzada única,Autonómica,Descendente,Seco y limpio,"Luz del día natural, solar",Despejado,,Nivel blanco,,No,No,No,No,No,No,No,2017,12,DOMINGO,10,Mañana,Fines de semana
10.1,1,0,0,5011,00000,Curva señalizada,Carretera,Salida de la vía por la derecha con despeñamiento  ,,CV-845,Carretera Convencional de calzada única,Autonómica,Descendente,Seco y limpio,"Luz del día natural, solar",Despejado,,Nivel blanco,,Sin especificar,Sin especificar,Sin especificar,Sin especificar,Sin especificar,Sin especificar,Sin especificar,2017,3,VIERNES,18,Noche,Dias laborables
0.0,2,0,0,5012,00000,Recta,Carretera,Fronto-lateral                                     ,,No inventariada,Camino vecinal,Municipal,Ambos,Seco y limpio,"Luz del día natural, solar",Despejado,,Nivel blanco,,No,No,No,No,No,No,No,2017,4,LUNES,19,Noche,Dias laborables
4.8,0,1,0,5013,00000,Curva señalizada,Carretera,Fronto-lateral                                     ,,CV-844,Carretera Convencional de calzada única,"Provincial, Cabildo/Consell",Descendente,Seco y limpio,"Luz del día natural, solar",Despejado,,Nivel blanco,,No,No,No,No,No,No,No,2017,7,LUNES,8,Mañana,Dias laborables
6.7,1,0,0,5014,00000,Curva señalizada,Carretera,Salida de la vía por la derecha con colisión       ,,CV-844,Carretera Convencional de calzada única,"Provincial, Cabildo/Consell",Descendente,Seco y limpio,Sin luz natural y con iluminación artificial no en,Despejado,,Nivel blanco,,Sin especificar,Sin especificar,Sin especificar,Sin especificar,Sin especificar,Sin especificar,Sin especificar,2017,11,LUNES,0,Madrugada,Dias laborables
15.4,1,1,0,5015,00000,Recta,Travesía,Atropello a personas                               ,,CV-845,Carretera Convencional de calzada única,Autonómica,Descendente,Seco y limpio,"Luz del día natural, solar",Despejado,,Nivel blanco,,Sin especificar,Sin especificar,Sin especificar,Sin especificar,Sin especificar,Sin especificar,Sin especificar,2017,9,VIERNES,10,Mañana,Dias laborables
7.9,2,0,0,5016,03079,Curva señalizada,Carretera,Caída                                              ,,CV-801,Carretera Convencional de calzada única,Autonómica,Ascendente,Muy encharcado o inundado,"Luz del día natural, solar",Despejado,,Nivel blanco,,Sin especificar,Sin especificar,Sin especificar,Sin especificar,Sin especificar,Sin especificar,Sin especificar,2017,1,SÁBADO,12,Tarde,Fines de semana
6.5,2,0,0,5017,03079,Curva señalizada,Carretera,Salida de la vía por la derecha otro tipo          ,,CV-801,Carretera Convencional de calzada única,Autonómica,Ascendente,Con hielo,"Luz del día natural, solar",Despejado,,Nivel blanco,,Sin especificar,Sin especificar,Sin especificar,Sin especificar,Sin especificar,Sin especificar,Sin especificar,2017,1,DOMINGO,12,Tarde,Fines de semana
,1,0,0,5018,03079,No aplica,Calle,Atropello a personas                               ,,No inventariada,Calle,Municipal,Se desconoce,Seco y limpio,"Amanecer o atardecer, sin luz artificial",Despejado,,Nivel verde,,No,No,No,No,No,No,No,2017,2,VIERNES,18,Noche,Dias laborables
,1,0,0,5019,03079,No aplica,Calle,Fronto-lateral                                     ,,No inventariada,Calle,Municipal,Se desconoce,Seco y limpio,"Luz del día natural, solar",Despejado,,Nivel verde,,No,No,No,No,No,No,Sí,2017,2,JUEVES,9,Mañana,Dias laborables
,2,0,0,5020,03079,No aplica,Calle,Atropello a personas                               ,,No inventariada,Calle,Municipal,Se desconoce,Mojado,"Amanecer o atardecer, con luz artificial",Lluvia débil,,Nivel verde,,No,No,Sí,No,No,No,No,2017,2,JUEVES,7,Mañana,Dias laborables
1.7,2,0,0,5021,03079,Curva señalizada,Carretera,Lateral                                            ,,CV-801,Carretera Convencional de calzada única,Autonómica,Ambos,Seco y limpio,"Luz del día natural, solar",Despejado,,Nivel blanco,,Sin especificar,Sin especificar,Sin especificar,Sin especificar,Sin especificar,Sin especificar,Sin especificar,2017,2,JUEVES,16,Tarde,Dias laborables
,1,0,0,5022,03079,No aplica,Calle,Atropello a personas                               ,,No inventariada,Calle,Municipal,Se desconoce,Seco y limpio,"Amanecer o atardecer, sin luz artificial",Despejado,,Nivel verde,,No,No,No,No,No,No,No,2017,3,VIERNES,18,Noche,Dias laborables
,1,0,0,5023,03079,No aplica,Calle,Atropello a personas                               ,,No inventariada,Calle,Municipal,Se desconoce,Seco y limpio,"Luz del día natural, solar",Despejado,,Nivel verde,,No,No,No,No,No,No,No,2017,4,VIERNES,12,Tarde,Dias laborables
,2,0,0,5024,03079,No aplica,Calle,Fronto-lateral                                     ,,No inventariada,Calle,Municipal,Se desconoce,Seco y limpio,"Luz del día natural, solar",Despejado,,Nivel verde,,No,No,No,No,No,No,Sí,2017,4,DOMINGO,14,Tarde,Fines de semana
,1,0,0,5025,03079,No aplica,Calle,Lateral                                            ,,No inventariada,Calle,Municipal,Se desconoce,Seco y limpio,"Luz del día natural, solar",Despejado,,Nivel verde,,Sin especificar,Sin especificar,Sin especificar,Sin especificar,Sin especificar,Sin especificar,Sin especificar,2017,4,MIÉRCOLES,11,Mañana,Dias laborables
456.8,1,0,0,5026,03079,Curva sin señalizar,Carretera,Salida de la vía por la derecha otro tipo          ,,A-7,Autovía,Estatal,Ascendente,Seco y limpio,"Luz del día natural, solar",Nublado,,Nivel blanco,,Sin especificar,Sin especificar,Sin especificar,Sin especificar,Sin especificar,Sin especificar,Sin especificar,2017,5,DOMINGO,16,Tarde,Fines de semana
462.5,1,0,0,5027,03079,Curva sin señalizar,Carretera,Salida de la vía por la izquierda con colisión     ,,A-7,Autovía,Estatal,Ascendente,Seco y limpio,"Luz del día natural, solar",Despejado,,Nivel blanco,,Sin especificar,Sin especificar,Sin especificar,Sin especificar,Sin especificar,Sin especificar,Sin especificar,2017,6,JUEVES,18,Noche,Dias laborables
456.58,0,2,0,5028,03079,Recta,Carretera,Salida de la vía por la derecha con colisión       ,,A-7,Autovía,Estatal,Descendente,Seco y limpio,"Luz del día natural, solar",Despejado,,Nivel blanco,,Sin especificar,Sin especificar,Sin especificar,Sin especificar,Sin especificar,Sin especificar,Sin especificar,2017,8,SÁBADO,7,Mañana,Fines de semana
3.3,1,0,0,5029,03079,Curva señalizada,Carretera,Salida de la vía por la derecha con colisión       ,,CV-801,Carretera Convencional de calzada única,Autonómica,Descendente,Seco y limpio,"Luz del día natural, solar",Despejado,,Nivel blanco,,Sin especificar,Sin especificar,Sin especificar,Sin especificar,Sin especificar,Sin especificar,Sin especificar,2017,9,DOMINGO,10,Mañana,Fines de semana
458.0,2,0,0,5030,03079,Recta,Carretera,Por alcance                                        ,,A-7,Autovía,Estatal,Descendente,Seco y limpio,"Luz del día natural, solar",Despejado,,Nivel blanco,,Sin especificar,Sin especificar,Sin especificar,Sin especificar,Sin especificar,Sin especificar,Sin especificar,2017,9,MIÉRCOLES,18,Noche,Dias laborables
457.0,1,0,0,5031,03079,Recta,Carretera,Caída                                              ,,A-7,Vía de servicio,Estatal,Descendente,Seco y limpio,"Luz del día natural, solar",Despejado,,Nivel blanco,,Sin especificar,Sin especificar,Sin especificar,Sin especificar,Sin especificar,Sin especificar,Sin especificar,2017,10,JUEVES,16,Tarde,Dias laborables
,1,0,0,5032,03079,No aplica,Calle,Por alcance                                        ,,No inventariada,Calle,Municipal,Se desconoce,Seco y limpio,"Luz del día natural, solar",Despejado,,Nivel verde,,No,No,No,No,Sí,No,No,2017,5,MARTES,13,Tarde,Dias laborables
,2,0,0,5033,03079,No aplica,Calle,Fronto-lateral                                     ,,No inventariada,Calle,Municipal,Se desconoce,Seco y limpio,"Luz del día natural, solar",Despejado,,Nivel verde,,No,No,No,No,No,No,Sí,2017,5,JUEVES,20,Noche,Dias laborables
11.0,1,0,0,5034,03079,Recta,Carretera,"Salida de la vía por la izquierda, otro tipo       ",,CV-806,Carretera Convencional de calzada única,Autonómica,Ascendente,Seco y limpio,"Luz del día natural, solar",Despejado,,Nivel blanco,,Sin especificar,Sin especificar,Sin especificar,Sin especificar,Sin especificar,Sin especificar,Sin especificar,2017,11,SÁBADO,18,Noche,Fines de semana
,1,0,0,5035,03079,No aplica,Calle,Atropello a personas                               ,,No inventariada,Calle,Municipal,Se desconoce,Seco y limpio,"Luz del día natural, solar",Despejado,,Nivel verde,,Sin especificar,Sin especificar,Sin especificar,Sin especificar,Sin especificar,Sin especificar,Sin especificar,2017,5,LUNES,11,Mañana,Dias laborables
,1,0,0,5036,03079,No aplica,Calle,Fronto-lateral                                     ,,No inventariada,Calle,Municipal,Se desconoce,Seco y limpio,Sin luz natural y con iluminación artificial no en,Despejado,,Nivel verde,,No,No,No,No,No,No,Sí,2017,5,SÁBADO,22,Noche,Fines de semana
,1,0,0,5037,03079,No aplica,Calle,Fronto-lateral                                     ,,No inventariada,Calle,Municipal,Se desconoce,Seco y limpio,"Luz del día natural, solar",Despejado,,Nivel verde,,No,No,No,No,No,Sí,No,2017,6,MARTES,7,Mañana,Dias laborables
,1,0,0,5038,03079,No aplica,Calle,"Salida de la vía por la izquierda, otro tipo       ",,No inventariada,Calle,Municipal,Se desconoce,Seco y limpio,"Luz del día natural, solar",Despejado,,Nivel verde,,Sin especificar,Sin especificar,Sin especificar,Sin especificar,Sin especificar,Sin especificar,Sin especificar,2017,6,MIÉRCOLES,19,Noche,Dias laborables
,1,0,0,5039,03079,No aplica,Calle,Salida de la vía por la izquierda con colisión     ,,No inventariada,Calle,Municipal,Se desconoce,Seco y limpio,"Luz del día natural, solar",Despejado,,Nivel verde,,No,No,No,No,No,No,No,2017,7,LUNES,9,Mañana,Dias laborables
,1,0,0,5040,03079,No aplica,Calle,Salida de la vía por la derecha otro tipo          ,,No inventariada,Calle,Municipal,Se desconoce,Seco y limpio,"Luz del día natural, solar",Despejado,,Nivel verde,,Sin especificar,Sin especificar,Sin especificar,Sin especificar,Sin especificar,Sin especificar,Sin especificar,2017,8,LUNES,18,Noche,Dias laborables
,1,0,0,5041,03079,No aplica,Calle,Frontal                                            ,,No inventariada,Calle,Municipal,Se desconoce,Seco y limpio,"Luz del día natural, solar",Despejado,,Nivel verde,,No,No,No,No,No,No,Sí,2017,7,LUNES,18,Noche,Dias laborables