KM,TOTAL_HL24H,TOTAL_HG24H,TOTAL_MU24H,id,COD_MUNICIPIO,TRAZADO_PLANTA,ZONA,TIPO_ACCIDENTE,CARRETERA_CRUCE,CARRETERA,TIPO_VIA,TITULARIDAD_VIA,SENTIDO_1F,CONDICION_FIRME,CONDICION_ILUMINACION,CONDICION_METEO,CONDICION_NIEBLA,CONDICION_NIVEL_CIRCULA,CONDICION_VIENTO,PRIORI_AGENTE,PRIORI_CIRCUNSTANCIAL,PRIORI_HORIZ_CEDA,PRIORI_HORIZ_STOP,PRIORI_SEMAFORO,PRIORI_VERT_CEDA,PRIORI_VERT_STOP,ANYO,MES,DIA,HORA,FRANJA_HORARIA,TIPO_DIA
688.2,1,0,0,5370,03099,Recta,Carretera,Por alcance                                        ,CV-930,N-340,Carretera Convencional de calzada única,Estatal,Ascendente,Seco y limpio,"Luz del día natural, solar",Despejado,,Nivel blanco,,No,No,No,No,No,Sí,No,2017,7,DOMINGO,13,Tarde,Fines de semana
4.8,1,0,0,5371,03099,Curva señalizada,Carretera,Salida de la vía por la derecha otro tipo          ,,CV-925,Carretera Convencional de calzada única,Autonómica,Descendente,Seco y limpio,Sin luz natural ni artificial,Despejado,,Nivel blanco,,Sin especificar,Sin especificar,Sin especificar,Sin especificar,Sin especificar,Sin especificar,Sin especificar,2017,7,SÁBADO,1,Madrugada,Fines de semana
4.2,1,0,0,5372,03099,Curva señalizada,Carretera,Salida de la vía por la derecha otro tipo          ,,CV-950,Carretera Convencional de calzada única,Autonómica,Ascendente,Seco y limpio,"Luz del día natural, solar",Despejado,,Nivel blanco,,Sin especificar,Sin especificar,Sin especificar,Sin especificar,Sin especificar,Sin especificar,Sin especificar,2017,7,DOMINGO,20,Noche,Fines de semana
0.1,2,0,0,5373,03099,Recta,Carretera,Frontal                                            ,CV-930,CV-930,Carretera Convencional de calzada única,Autonómica,Ambos,Seco y limpio,Sin luz natural ni artificial,Despejado,,Nivel blanco,,No,No,No,No,No,No,No,2017,7,LUNES,23,Noche,Dias laborables
3.4,4,0,0,5374,03099,Recta,Carretera,Fronto-lateral                                     ,,CV-91,Carretera Convencional de calzada única,Autonómica,Ascendente,Seco y limpio,"Luz del día natural, solar",Despejado,,Nivel blanco,,No,No,No,No,No,No,No,2017,7,LUNES,13,Tarde,Dias laborables
2.8,1,0,0,5375,03099,Curva señalizada,Carretera,Salida de la vía por la izquierda con vuelco       ,,CV-950,Carretera Convencional de calzada única,Autonómica,Descendente,Seco y limpio,Sin luz natural ni artificial,Despejado,,Nivel blanco,,Sin especificar,Sin especificar,Sin especificar,Sin especificar,Sin especificar,Sin especificar,Sin especificar,2017,7,SÁBADO,22,Noche,Fines de semana
50.22,2,0,0,5376,03099,Recta,Carretera,Por alcance                                        ,,N-332,Carretera Convencional de calzada única,Estatal,Descendente,Seco y limpio,"Luz del día natural, solar",Despejado,,Nivel verde,,Sin especificar,Sin especificar,Sin especificar,Sin especificar,Sin especificar,Sin especificar,Sin especificar,2017,8,MIÉRCOLES,20,Noche,Dias laborables
682.3,1,0,0,5377,03099,Curva señalizada,Carretera,Caída                                              ,,N-340,Carretera Convencional de calzada única,Estatal,Ascendente,Seco y limpio,"Luz del día natural, solar",Despejado,,Nivel blanco,,Sin especificar,Sin especificar,Sin especificar,Sin especificar,Sin especificar,Sin especificar,Sin especificar,2017,7,DOMINGO,11,Mañana,Fines de semana
0.0,2,0,0,5378,03099,Curva señalizada,Carretera,Por alcance                                        ,N-332,CV-941,Carretera Convencional de calzada única,Autonómica,Ascendente,Seco y limpio,Sin luz natural y con iluminación artificial encen,Despejado,,Nivel blanco,,No,No,Sí,No,No,Sí,No,2017,8,JUEVES,4,Madrugada,Dias laborables
680.9,2,0,0,5379,03099,Recta,Carretera,Fronto-lateral                                     ,,N-340,Carretera Convencional de calzada única,Estatal,Descendente,Seco y limpio,"Luz del día natural, solar",Despejado,,Nivel blanco,,No,No,No,No,No,No,No,2017,8,SÁBADO,13,Tarde,Fines de semana
48.4,1,0,0,5380,03099,Recta,Carretera,Por alcance                                        ,,N-332,Carretera Convencional de calzada única,Estatal,Ascendente,Seco y limpio,"Luz del día natural, solar",Despejado,,Nivel verde,,No,No,No,No,No,No,No,2017,8,DOMINGO,18,Noche,Fines de semana
763.0,2,0,0,5381,03099,Curva señalizada,Carretera,Fronto-lateral                                     ,,AP-7,Ramal de enlace,Estatal,Descendente,Seco y limpio,"Luz del día natural, solar",Despejado,,Nivel blanco,,No,No,No,No,No,Sí,No,2017,8,LUNES,19,Noche,Dias laborables
,2,0,0,5382,03099,No aplica,Calle,Lateral                                            ,,No inventariada,Calle,Municipal,Se desconoce,Seco y limpio,"Luz del día natural, solar",Despejado,,Nivel blanco,,No,No,Sí,No,No,Sí,No,2017,8,SÁBADO,13,Tarde,Fines de semana
548.2,3,0,0,5383,03099,Recta,Carretera,Múltiple o en caravana                             ,,A-7,Autovía,Estatal,Descendente,Seco y limpio,"Luz del día natural, solar",Despejado,,Nivel blanco,,Sin especificar,Sin especificar,Sin especificar,Sin especificar,Sin especificar,Sin especificar,Sin especificar,2017,8,VIERNES,18,Noche,Dias laborables
15.0,1,0,0,5384,03099,Recta,Carretera,Caída                                              ,,CV-925,Carretera Convencional de calzada única,Autonómica,Ascendente,Seco y limpio,"Luz del día natural, solar",Despejado,,Nivel blanco,,Sin especificar,Sin especificar,Sin especificar,Sin especificar,Sin especificar,Sin especificar,Sin especificar,2017,8,DOMINGO,9,Mañana,Fines de semana
,1,0,0,5385,03099,No aplica,Calle,Fronto-lateral                                     ,,No inventariada,Calle,Municipal,Se desconoce,Seco y limpio,"Luz del día natural, solar",Despejado,,Nivel verde,,No,No,No,No,No,Sí,No,2017,8,SÁBADO,8,Mañana,Fines de semana
1.1,0,1,0,5386,03099,Recta,Carretera,Salida de la vía por la derecha con colisión       ,,CV-9220,Carretera Convencional de calzada única,"Provincial, Cabildo/Consell",Ascendente,Seco y limpio,"Luz del día natural, solar",Despejado,,Nivel blanco,,Sin especificar,Sin especificar,Sin especificar,Sin especificar,Sin especificar,Sin especificar,Sin especificar,2017,7,JUEVES,11,Mañana,Dias laborables
2.0,4,0,0,5387,03099,Curva señalizada,Carretera,Lateral                                            ,,CV-941,Carretera Convencional de calzada única,Autonómica,Ascendente,Seco y limpio,"Luz del día natural, solar",Despejado,,Nivel blanco,,Sin especificar,Sin especificar,Sin especificar,Sin especificar,Sin especificar,Sin especificar,Sin especificar,2017,8,MARTES,19,Noche,Dias laborables
3.7,1,0,0,5388,03099,Curva señalizada,Carretera,Salida de la vía por la derecha con vuelco         ,,CV-950,Carretera Convencional de calzada única,Autonómica,Descendente,Seco y limpio,Sin luz natural y con iluminación artificial no en,Despejado,,Nivel blanco,,Sin especificar,Sin especificar,Sin especificar,Sin especificar,Sin especificar,Sin especificar,Sin especificar,2017,8,DOMINGO,20,Noche,Fines de semana
1.9,1,0,0,5389,03099,Curva señalizada,Carretera,Salida de la vía por la derecha otro tipo          ,,CV-941,Carretera Convencional de calzada única,Autonómica,Ascendente,Mojado,Sin luz natural ni artificial,Lluvia débil,,Nivel blanco,,Sin especificar,Sin especificar,Sin especificar,Sin especificar,Sin especificar,Sin especificar,Sin especificar,2017,8,MARTES,6,Mañana,Dias laborables
3.0,4,0,0,5390,03099,Curva señalizada,Carretera,Fronto-lateral                                     ,,No inventariada,Carretera Convencional de calzada única,Municipal,Ambos,Mojado,"Luz del día natural, solar",Nublado,,Nivel verde,,Sin especificar,Sin especificar,Sin especificar,Sin especificar,Sin especificar,Sin especificar,Sin especificar,2017,8,MIÉRCOLES,11,Mañana,Dias laborables
7.3,2,0,0,5391,03099,Recta,Carretera,Por alcance                                        ,,CV-91,Carretera Convencional de calzada única,Autonómica,Descendente,Seco y limpio,"Luz del día natural, solar",Despejado,,Nivel amarillo,,Sin especificar,Sin especificar,Sin especificar,Sin especificar,Sin especificar,Sin especificar,Sin especificar,2017,9,LUNES,19,Noche,Dias laborables
1.6,0,2,1,5392,03099,Recta,Carretera,Otro tipo de accidente                             ,,CV-91,Carretera Convencional de calzada única,Autonómica,Ambos,Seco y limpio,"Amanecer o atardecer, sin luz artificial",Despejado,,Nivel verde,,Sin especificar,Sin especificar,Sin especificar,Sin especificar,Sin especificar,Sin especificar,Sin especificar,2017,9,VIERNES,7,Mañana,Dias laborables
5.8,5,0,0,5393,03099,Recta,Carretera,Frontal                                            ,,CV-941,Carretera Convencional de calzada única,Autonómica,Ascendente,Seco y limpio,"Luz del día natural, solar",Despejado,,Nivel blanco,,Sin especificar,Sin especificar,Sin especificar,Sin especificar,Sin especificar,Sin especificar,Sin especificar,2017,9,LUNES,17,Tarde,Dias laborables
52.8,1,0,0,5394,03099,Curva señalizada,Carretera,Otro tipo de accidente                             ,N-332,N-332,Carretera Convencional de calzada única,Estatal,Descendente,Seco y limpio,"Luz del día natural, solar",Despejado,,Nivel blanco,,No,No,No,No,No,No,No,2017,9,SÁBADO,14,Tarde,Fines de semana
0.0,1,0,0,5395,03099,Curva señalizada,Carretera,Por alcance                                        ,CV-930,CV-91,Carretera Convencional de calzada única,Autonómica,Ascendente,Seco y limpio,"Luz del día natural, solar",Despejado,,Nivel blanco,,No,No,No,No,No,Sí,No,2017,10,MIÉRCOLES,19,Noche,Dias laborables
541.95,0,1,0,5396,03099,Curva señalizada,Carretera,Salida de la vía por la izquierda con colisión     ,,A-7,Autovía,Estatal,Descendente,Seco y limpio,"Luz del día natural, solar",Despejado,,Nivel blanco,,Sin especificar,Sin especificar,Sin especificar,Sin especificar,Sin especificar,Sin especificar,Sin especificar,2017,10,VIERNES,18,Noche,Dias laborables
544.1,1,0,0,5397,03099,Recta,Carretera,Lateral                                            ,,A-7,Autovía,Estatal,Ascendente,Seco y limpio,"Luz del día natural, solar",Despejado,,Nivel blanco,,Sin especificar,Sin especificar,Sin especificar,Sin especificar,Sin especificar,Sin especificar,Sin especificar,2017,10,LUNES,19,Noche,Dias laborables
44.8,2,0,0,5398,03099,Curva señalizada,Carretera,Salida de la vía por la derecha con colisión       ,,N-332,Carretera Convencional de calzada única,Estatal,Ascendente,Seco y limpio,"Amanecer o atardecer, con luz artificial",Despejado,,Nivel blanco,,No,No,No,No,No,No,No,2017,10,DOMINGO,22,Noche,Fines de semana
763.0,1,0,0,5399,03099,Recta,Carretera,Por alcance                                        ,,AP-7,Autopista de peaje,Estatal,Ascendente,Seco y limpio,"Luz del día natural, solar",Despejado,,Nivel blanco,,Sin especificar,Sin especificar,Sin especificar,Sin especificar,Sin especificar,Sin especificar,Sin especificar,2017,10,MIÉRCOLES,11,Mañana,Dias laborables
52.8,1,0,0,5400,03099,Recta,Carretera,Lateral                                            ,,N-332,Carretera Convencional de doble calzada,Estatal,Descendente,Seco y limpio,"Luz del día natural, solar",Despejado,,Nivel blanco,,No,No,No,No,No,No,No,2017,10,MIÉRCOLES,14,Tarde,Dias laborables
5.4,5,0,0,5401,03099,Recta,Carretera,Por alcance                                        ,,CV-912,Carretera Convencional de calzada única,Autonómica,Ascendente,Seco y limpio,"Luz del día natural, solar",Despejado,,Nivel blanco,,Sin especificar,Sin especificar,Sin especificar,Sin especificar,Sin especificar,Sin especificar,Sin especificar,2017,10,DOMINGO,12,Tarde,Fines de semana
679.4,0,1,0,5402,03099,Recta,Carretera,Salida de la vía por la derecha otro tipo          ,,N-340,Carretera Convencional de calzada única,Estatal,Ascendente,Seco y limpio,"Luz del día natural, solar",Despejado,,Nivel blanco,,Sin especificar,Sin especificar,Sin especificar,Sin especificar,Sin especificar,Sin especificar,Sin especificar,2017,10,DOMINGO,12,Tarde,Fines de semana
10.5,1,0,0,5403,03099,Recta,Carretera,Por alcance                                        ,CV-95,CV-945,Carretera Convencional de calzada única,Autonómica,Ascendente,Seco y limpio,"Luz del día natural, solar",Despejado,,Nivel blanco,,No,No,No,No,No,No,Sí,2017,10,MIÉRCOLES,17,Tarde,Dias laborables
2.0,2,0,0,5404,03099,Curva señalizada,Carretera,Salida de la vía por la derecha con colisión       ,,CV-871,Carretera Convencional de calzada única,"Provincial, Cabildo/Consell",Ascendente,Seco y limpio,"Luz del día natural, solar",Despejado,,Nivel blanco,,No,No,No,No,No,No,Sí,2017,11,JUEVES,13,Tarde,Dias laborables
545.0,2,0,0,5405,03099,Recta,Carretera,Por alcance                                        ,CV-870,A-7,Ramal de enlace,Estatal,Ascendente,Seco y limpio,Sin luz natural ni artificial,Despejado,,Nivel blanco,,No,No,No,No,No,Sí,No,2017,11,SÁBADO,19,Noche,Fines de semana
2.7,1,0,0,5406,03099,Recta,Carretera,Salida de la vía por la derecha con colisión       ,,CV-95,Carretera Convencional de calzada única,Autonómica,Descendente,Seco y limpio,"Luz del día natural, solar",Despejado,,Nivel blanco,,Sin especificar,Sin especificar,Sin especificar,Sin especificar,Sin especificar,Sin especificar,Sin especificar,2017,11,MIÉRCOLES,17,Tarde,Dias laborables
2.0,1,0,0,5407,03099,Recta,Carretera,Múltiple o en caravana                             ,,CV-868,Carretera Convencional de calzada única,"Provincial, Cabildo/Consell",Ascendente,Seco y limpio,"Luz del día natural, solar",Despejado,,Nivel blanco,,Sin especificar,Sin especificar,Sin especificar,Sin especificar,Sin especificar,Sin especificar,Sin especificar,2017,11,MIÉRCOLES,8,Mañana,Dias laborables
14.1,2,0,0,5408,03099,Recta,Carretera,Fronto-lateral                                     ,CV-951,CV-925,Carretera Convencional de calzada única,Autonómica,Ascendente,Seco y limpio,"Luz del día natural, solar",Despejado,,Nivel blanco,,No,No,No,No,No,No,No,2017,11,MARTES,11,Mañana,Dias laborables
50.0,1,0,0,5409,03099,Curva señalizada,Carretera,Fronto-lateral                                     ,,N-332,Carretera Convencional de calzada única,Estatal,Ascendente,Seco y limpio,"Luz del día natural, solar",Despejado,,Nivel blanco,,No,No,Sí,No,No,Sí,No,2017,11,JUEVES,12,Tarde,Dias laborables
542.6,2,0,0,5410,03099,Recta,Carretera,"Salida de la vía por la izquierda, otro tipo       ",,A-7,Autovía,Estatal,Descendente,Seco y limpio,Sin luz natural y con iluminación artificial no en,Despejado,,Nivel blanco,,Sin especificar,Sin especificar,Sin especificar,Sin especificar,Sin especificar,Sin especificar,Sin especificar,2017,11,MIÉRCOLES,19,Noche,Dias laborables
0.8,2,0,0,5411,03099,Recta,Carretera,Frontal                                            ,,VILLAMARTI,Camino vecinal,Municipal,Ascendente,Seco y limpio,Sin luz natural ni artificial,Nublado,,Nivel blanco,,Sin especificar,Sin especificar,Sin especificar,Sin especificar,Sin especificar,Sin especificar,Sin especificar,2017,12,VIERNES,19,Noche,Dias laborables
546.6,2,0,0,5412,03099,Recta,Carretera,Fronto-lateral                                     ,,A-7,Autovía,Estatal,Ascendente,Seco y limpio,"Amanecer o atardecer, sin luz artificial",Nublado,,Nivel blanco,,Sin especificar,Sin especificar,Sin especificar,Sin especificar,Sin especificar,Sin especificar,Sin especificar,2017,12,VIERNES,17,Tarde,Dias laborables
688.0,1,0,0,5413,03099,Recta,Carretera,Caída                                              ,,N-340,Carretera Convencional de calzada única,Estatal,Ascendente,Seco y limpio,"Amanecer o atardecer, sin luz artificial",Despejado,,Nivel blanco,,No,No,No,No,No,Sí,No,2017,12,MARTES,17,Tarde,Dias laborables
,1,0,0,5414,03099,No aplica,Calle,Por alcance                                        ,CV-95,No inventariada,Calle,Municipal,Se desconoce,Mojado,"Amanecer o atardecer, con luz artificial",Lluvia débil,,Sin especificar,,No,No,Sí,No,No,Sí,No,2017,11,JUEVES,7,Mañana,Dias laborables
,1,0,0,5415,03099,No aplica,Calle,Por alcance                                        ,,No inventariada,Calle,Municipal,Se desconoce,Mojado,"Luz del día natural, solar",Lluvia débil,,Nivel verde,,No,No,No,Sí,No,No,No,2017,11,MIÉRCOLES,13,Tarde,Dias laborables
690.85,3,0,0,5416,03099,Recta,Carretera,Fronto-lateral                                     ,,N-340,Carretera Convencional de calzada única,Estatal,Descendente,Seco y limpio,Sin luz natural ni artificial,Despejado,,Nivel verde,,No,No,No,No,No,No,No,2017,12,MARTES,18,Noche,Dias laborables
,1,0,0,5417,03099,No aplica,Calle,Fronto-lateral                                     ,,No inventariada,Calle,Municipal,Se desconoce,Mojado,"Luz del día natural, solar",Lluvia débil,,Nivel verde,,Sin especificar,Sin especificar,Sin especificar,Sin especificar,Sin especificar,Sin especificar,Sin especificar,2017,11,MARTES,13,Tarde,Dias laborables
14.6,1,0,0,5418,03099,Curva señalizada,Carretera,Fronto-lateral                                     ,,CV-91,Carretera Convencional de calzada única,Autonómica,Ascendente,Seco y limpio,Sin luz natural ni artificial,Despejado,,Nivel blanco,,No,No,No,No,No,No,No,2017,12,MIÉRCOLES,20,Noche,Dias laborables
,1,0,0,5419,03099,No aplica,Calle,Por alcance                                        ,,No inventariada,Calle,Municipal,Se desconoce,Mojado,"Luz del día natural, solar",Lluvia débil,,Nivel verde,,No,No,No,No,No,Sí,No,2017,11,MIÉRCOLES,9,Mañana,Dias laborables
550.0,1,0,0,5420,03099,Recta,Carretera,Colisión contra obstáculo o elemento de la vía     ,,A-7,Autovía,Estatal,Ascendente,Seco y limpio,"Luz del día natural, solar",Despejado,,Nivel blanco,,Sin especificar,Sin especificar,Sin especificar,Sin especificar,Sin especificar,Sin especificar,Sin especificar,2017,12,SÁBADO,12,Tarde,Fines de semana
191.5,1,0,0,5421,03101,Recta,Carretera,Salida de la vía por la izquierda con vuelco       ,,N-332,Carretera Convencional de calzada única,Estatal,Ascendente,Seco y limpio,"Luz del día natural, solar",Despejado,,Nivel blanco,,Sin especificar,Sin especificar,Sin especificar,Sin especificar,Sin especificar,Sin especificar,Sin especificar,2017,1,JUEVES,12,Tarde,Dias laborables
196.0,1,0,0,5422,03101,Curva sin señalizar,Carretera,Por alcance                                        ,AP-7,N-332,Carretera Convencional de calzada única,Estatal,Descendente,Seco y limpio,"Luz del día natural, solar",Despejado,,Nivel verde,,No,No,No,Sí,No,No,Sí,2017,1,VIERNES,13,Tarde,Dias laborables
2.9,1,0,0,5423,03101,Recta,Carretera,Por alcance                                        ,,CV-732,Carretera Convencional de calzada única,"Provincial, Cabildo/Consell",Ascendente,Seco y limpio,"Luz del día natural, solar",Despejado,,Nivel blanco,,Sin especificar,Sin especificar,Sin especificar,Sin especificar,Sin especificar,Sin especificar,Sin especificar,2017,1,DOMINGO,9,Mañana,Fines de semana
,1,0,0,5424,03101,No aplica,Calle,Por alcance                                        ,,No inventariada,Calle,"Provincial, Cabildo/Consell",Se desconoce,Seco y limpio,"Luz del día natural, solar",Despejado,,Nivel amarillo,,No,No,No,No,No,No,No,2017,2,JUEVES,14,Tarde,Dias laborables
,2,0,0,5425,03101,No aplica,Calle,Por alcance                                        ,,No inventariada,Calle,"Provincial, Cabildo/Consell",Se desconoce,Seco y limpio,"Luz del día natural, solar",Despejado,,Nivel amarillo,,Sin especificar,Sin especificar,Sin especificar,Sin especificar,Sin especificar,Sin especificar,Sin especificar,2017,3,DOMINGO,11,Mañana,Fines de semana
,1,0,0,5426,03101,No aplica,Calle,Salida de la vía por la derecha otro tipo          ,,No inventariada,Calle,Municipal,Se desconoce,Seco y limpio,"Luz del día natural, solar",Despejado,,Nivel amarillo,,No,No,Sí,No,No,Sí,No,2017,3,DOMINGO,14,Tarde,Fines de semana
190.8,3,0,0,5427,03101,Recta,Carretera,Lateral                                            ,CV-732,N-332,Carretera Convencional de calzada única,Estatal,Ambos,Seco y limpio,"Luz del día natural, solar",Despejado,,Nivel amarillo,,No,No,No,No,No,No,No,2017,6,VIERNES,17,Tarde,Dias laborables
612.7,1,0,0,5428,03101,Recta,Carretera,Salida de la vía por la derecha con colisión       ,,AP-7,Autopista de peaje,Estatal,Descendente,Seco y limpio,"Luz del día natural, solar",Despejado,,Nivel blanco,,Sin especificar,Sin especificar,Sin especificar,Sin especificar,Sin especificar,Sin especificar,Sin especificar,2017,7,JUEVES,14,Tarde,Dias laborables
194.0,1,0,0,5429,03101,Recta,Carretera,Por alcance                                        ,,N-332,Carretera Convencional de calzada única,Estatal,Descendente,Seco y limpio,"Luz del día natural, solar",Despejado,,Nivel rojo,,Sin especificar,Sin especificar,Sin especificar,Sin especificar,Sin especificar,Sin especificar,Sin especificar,2017,7,DOMINGO,20,Noche,Fines de semana
195.15,1,1,0,5430,03101,Recta,Carretera,Múltiple o en caravana                             ,,N-332,Carretera Convencional de calzada única,Estatal,Descendente,Seco y limpio,"Luz del día natural, solar",Despejado,,Nivel verde,,Sin especificar,Sin especificar,Sin especificar,Sin especificar,Sin especificar,Sin especificar,Sin especificar,2017,10,SÁBADO,11,Mañana,Fines de semana
,2,0,0,5431,03101,No aplica,Calle,Lateral                                            ,,No inventariada,Calle,Municipal,Se desconoce,Seco y limpio,"Luz del día natural, solar",Despejado,,Nivel blanco,,No,No,No,Sí,No,No,Sí,2017,10,MIÉRCOLES,16,Tarde,Dias laborables
48.0,2,1,0,5432,03101,Curva señalizada,Carretera,Frontal                                            ,,CV-720,Carretera Convencional de calzada única,Autonómica,Ascendente,Seco y limpio,"Luz del día natural, solar",Despejado,,Nivel blanco,,Sin especificar,Sin especificar,Sin especificar,Sin especificar,Sin especificar,Sin especificar,Sin especificar,2017,9,LUNES,18,Noche,Dias laborables
193.4,1,0,0,5433,03101,Recta,Carretera,Por alcance                                        ,,N-332,Carretera Convencional de calzada única,Estatal,Descendente,Seco y limpio,"Luz del día natural, solar",Despejado,,Sin especificar,,Sin especificar,Sin especificar,Sin especificar,Sin especificar,Sin especificar,Sin especificar,Sin especificar,2017,11,DOMINGO,13,Tarde,Fines de semana
4.7,1,0,0,5434,03101,Recta,Travesía,Lateral                                            ,,CV-732,Calle,"Provincial, Cabildo/Consell",Descendente,Seco y limpio,Sin luz natural y con iluminación artificial encen,Despejado,,Nivel amarillo,,No,No,No,No,No,No,No,2017,12,LUNES,19,Noche,Dias laborables
195.7,2,0,0,5435,03101,Recta,Carretera,Múltiple o en caravana                             ,,N-332,Carretera Convencional de calzada única,Estatal,Ascendente,Seco y limpio,"Luz del día natural, solar",Despejado,,Nivel blanco,,Sin especificar,Sin especificar,Sin especificar,Sin especificar,Sin especificar,Sin especificar,Sin especificar,2017,12,DOMINGO,10,Mañana,Fines de semana
,1,0,0,5436,03101,No aplica,Calle,Caída                                              ,,No inventariada,Calle,Municipal,Se desconoce,Seco y limpio,"Amanecer o atardecer, con luz artificial",Despejado,,Nivel blanco,,Sin especificar,Sin especificar,Sin especificar,Sin especificar,Sin especificar,Sin especificar,Sin especificar,2017,12,LUNES,8,Mañana,Dias laborables
3.0,1,0,0,5437,03101,Curva señalizada,Carretera,"Salida de la vía por la izquierda, otro tipo       ",,CV-732,Carretera Convencional de calzada única,"Provincial, Cabildo/Consell",Descendente,Seco y limpio,Sin luz natural ni artificial,Despejado,,Nivel blanco,,Sin especificar,Sin especificar,Sin especificar,Sin especificar,Sin especificar,Sin especificar,Sin especificar,2017,12,SÁBADO,5,Madrugada,Fines de semana
4.0,3,0,0,5438,03102,Recta,Carretera,Fronto-lateral                                     ,,CV-678,Carretera Convencional de calzada única,"Provincial, Cabildo/Consell",Ascendente,Seco y limpio,"Luz del día natural, solar",Despejado,,Nivel blanco,,No,No,No,No,No,No,No,2017,3,DOMINGO,12,Tarde,Fines de semana
61.0,1,0,0,5439,03102,Recta,Carretera,Fronto-lateral                                     ,CV-728,CV-700,Carretera Convencional de calzada única,Autonómica,Descendente,Seco y limpio,"Luz del día natural, solar",Despejado,,Nivel blanco,,No,No,No,No,No,No,Sí,2017,3,MARTES,15,Tarde,Dias laborables
61.0,1,0,0,5440,03102,Recta,Carretera,Fronto-lateral                                     ,CV-728,CV-700,Carretera Convencional de calzada única,Autonómica,Ambos,Seco y limpio,"Luz del día natural, solar",Despejado,,Nivel blanco,,No,No,No,Sí,No,No,Sí,2017,5,SÁBADO,10,Mañana,Fines de semana
26.2,1,0,0,5441,03102,Recta,Carretera,Fronto-lateral                                     ,,CV-712,Carretera Convencional de calzada única,"Provincial, Cabildo/Consell",Descendente,Seco y limpio,"Luz del día natural, solar",Despejado,,Nivel blanco,,No,No,No,No,No,No,Sí,2017,5,DOMINGO,9,Mañana,Fines de semana
2.9,1,0,0,5442,03102,Recta,Carretera,Fronto-lateral                                     ,CV-728,CV-678,Carretera Convencional de calzada única,"Provincial, Cabildo/Consell",Ascendente,Seco y limpio,"Luz del día natural, solar",Despejado,,Nivel blanco,,No,No,No,Sí,No,No,Sí,2017,8,JUEVES,13,Tarde,Dias laborables
10.0,2,0,0,5443,03102,Curva señalizada,Carretera,Fronto-lateral                                     ,,CV-715,Carretera Convencional de calzada única,Autonómica,Descendente,Seco y limpio,"Luz del día natural, solar",Nublado,,Nivel blanco,,Sin especificar,Sin especificar,Sin especificar,Sin especificar,Sin especificar,Sin especificar,Sin especificar,2017,8,LUNES,10,Mañana,Dias laborables
25.0,1,0,0,5444,03102,Curva señalizada,Carretera,Salida de la vía por la derecha con despeñamiento  ,,CV-712,Carretera Convencional de calzada única,"Provincial, Cabildo/Consell",Descendente,Seco y limpio,"Luz del día natural, solar",Despejado,,Nivel blanco,,Sin especificar,Sin especificar,Sin especificar,Sin especificar,Sin especificar,Sin especificar,Sin especificar,2017,9,DOMINGO,9,Mañana,Fines de semana
,1,0,0,5445,03102,No aplica,Calle,Atropello a personas                               ,,No inventariada,Calle,Municipal,Se desconoce,Seco y limpio,"Luz del día natural, solar",Despejado,,Nivel blanco,,No,No,No,Sí,No,No,Sí,2017,1,VIERNES,14,Tarde,Dias laborables
,1,0,0,5446,03102,No aplica,Calle,Atropello a personas                               ,,No inventariada,Calle,Municipal,Se desconoce,Seco y limpio,"Luz del día natural, solar",Despejado,,Nivel blanco,,No,No,No,No,No,No,No,2017,4,SÁBADO,13,Tarde,Fines de semana
,2,0,0,5447,03102,No aplica,Calle,Fronto-lateral                                     ,,No inventariada,Calle,Municipal,Se desconoce,Seco y limpio,"Luz del día natural, solar",Despejado,,Nivel blanco,,No,No,No,Sí,No,No,Sí,2017,4,SÁBADO,10,Mañana,Fines de semana
,1,0,0,5448,03102,No aplica,Calle,Otro tipo de accidente                             ,,No inventariada,Calle,Municipal,Se desconoce,Seco y limpio,"Luz del día natural, solar",Nublado,,Nivel blanco,,Sin especificar,Sin especificar,Sin especificar,Sin especificar,Sin especificar,Sin especificar,Sin especificar,2017,4,MIÉRCOLES,14,Tarde,Dias laborables
,1,0,0,5449,03102,No aplica,Calle,Frontal                                            ,,No inventariada,Calle,Municipal,Se desconoce,Seco y limpio,"Luz del día natural, solar",Despejado,,Nivel blanco,,No,No,No,No,No,No,No,2017,7,MIÉRCOLES,18,Noche,Dias laborables
,1,0,0,5450,03102,No aplica,Calle,Salida de la vía por la derecha con colisión       ,,No inventariada,Calle,Municipal,Se desconoce,Seco y limpio,"Luz del día natural, solar",Despejado,,Nivel blanco,,No,No,Sí,No,No,Sí,No,2017,8,LUNES,12,Tarde,Dias laborables
,1,0,0,5451,03102,No aplica,Calle,Atropello a personas                               ,,No inventariada,Calle,Municipal,Se desconoce,Seco y limpio,Sin luz natural y con iluminación artificial encen,Despejado,,Nivel blanco,,No,No,No,Sí,No,No,Sí,2017,9,SÁBADO,0,Madrugada,Fines de semana
,2,0,0,5452,03102,No aplica,Calle,Salida de la vía por la izquierda con colisión     ,,No inventariada,Calle,Municipal,Se desconoce,Seco y limpio,"Luz del día natural, solar",Despejado,,Nivel blanco,,Sin especificar,Sin especificar,Sin especificar,Sin especificar,Sin especificar,Sin especificar,Sin especificar,2017,9,VIERNES,14,Tarde,Dias laborables
13.0,1,0,0,5453,00000,Curva señalizada,Carretera,Salida de la vía por la derecha con vuelco         ,,CV-785,Carretera Convencional de calzada única,"Provincial, Cabildo/Consell",Ascendente,Seco y limpio,"Luz del día natural, solar",Despejado,,Nivel blanco,,Sin especificar,Sin especificar,Sin especificar,Sin especificar,Sin especificar,Sin especificar,Sin especificar,2017,11,VIERNES,13,Tarde,Dias laborables