KM,TOTAL_HL24H,TOTAL_HG24H,TOTAL_MU24H,id,COD_MUNICIPIO,TRAZADO_PLANTA,ZONA,TIPO_ACCIDENTE,CARRETERA_CRUCE,CARRETERA,TIPO_VIA,TITULARIDAD_VIA,SENTIDO_1F,CONDICION_FIRME,CONDICION_ILUMINACION,CONDICION_METEO,CONDICION_NIEBLA,CONDICION_NIVEL_CIRCULA,CONDICION_VIENTO,PRIORI_AGENTE,PRIORI_CIRCUNSTANCIAL,PRIORI_HORIZ_CEDA,PRIORI_HORIZ_STOP,PRIORI_SEMAFORO,PRIORI_VERT_CEDA,PRIORI_VERT_STOP,ANYO,MES,DIA,HORA,FRANJA_HORARIA,TIPO_DIA
12.2,0,1,0,5454,00000,Curva señalizada,Carretera,Lateral                                            ,,CV-785,Carretera Convencional de calzada única,"Provincial, Cabildo/Consell",Descendente,Seco y limpio,"Luz del día natural, solar",Despejado,,Nivel blanco,,Sin especificar,Sin especificar,Sin especificar,Sin especificar,Sin especificar,Sin especificar,Sin especificar,2017,12,VIERNES,11,Mañana,Dias laborables
,3,0,0,5455,03104,No aplica,Calle,Fronto-lateral                                     ,,No inventariada,Calle,Municipal,Se desconoce,Seco y limpio,"Luz del día natural, solar",Despejado,,Nivel verde,,No,No,No,Sí,No,No,Sí,2017,1,MIÉRCOLES,10,Mañana,Dias laborables
,2,0,0,5456,03104,No aplica,Calle,Múltiple o en caravana                             ,,No inventariada,Calle,Municipal,Se desconoce,Seco y limpio,Sin luz natural y con iluminación artificial encen,Despejado,,Nivel verde,,Sin especificar,Sin especificar,Sin especificar,Sin especificar,Sin especificar,Sin especificar,Sin especificar,2017,1,DOMINGO,17,Tarde,Fines de semana
207.5,1,0,0,5457,03104,Recta,Carretera,Salida de la vía por la derecha con colisión       ,,A-31,Autovía,Estatal,Ascendente,Mojado,"Luz del día natural, solar",Lluvia débil,,Nivel blanco,,Sin especificar,Sin especificar,Sin especificar,Sin especificar,Sin especificar,Sin especificar,Sin especificar,2017,1,DOMINGO,9,Mañana,Fines de semana
206.8,2,0,0,5458,03104,Recta,Carretera,Por alcance                                        ,,A-31,Autovía,Estatal,Descendente,Seco y limpio,"Luz del día natural, solar",Despejado,,Se desconoce,,Sin especificar,Sin especificar,Sin especificar,Sin especificar,Sin especificar,Sin especificar,Sin especificar,2017,3,DOMINGO,19,Noche,Fines de semana
209.5,1,0,0,5459,03104,Recta,Carretera,Salida de la vía por la izquierda con colisión     ,,A-31,Autovía,Estatal,Descendente,Seco y limpio,"Luz del día natural, solar",Despejado,,Nivel blanco,,Sin especificar,Sin especificar,Sin especificar,Sin especificar,Sin especificar,Sin especificar,Sin especificar,2017,4,SÁBADO,9,Mañana,Fines de semana
,1,0,0,5460,03104,No aplica,Calle,Atropello a personas                               ,,No inventariada,Calle,Municipal,Se desconoce,Seco y limpio,"Luz del día natural, solar",Despejado,,Nivel verde,,Sin especificar,Sin especificar,Sin especificar,Sin especificar,Sin especificar,Sin especificar,Sin especificar,2017,4,SÁBADO,13,Tarde,Fines de semana
,1,0,0,5461,03104,No aplica,Calle,Atropello a personas                               ,,No inventariada,Calle,Municipal,Se desconoce,Seco y limpio,"Luz del día natural, solar",Despejado,,Nivel verde,,Sin especificar,Sin especificar,Sin especificar,Sin especificar,Sin especificar,Sin especificar,Sin especificar,2017,4,DOMINGO,13,Tarde,Fines de semana
201.65,1,0,0,5462,03104,Recta,Carretera,Salida de la vía por la derecha con colisión       ,,A-31,Vía de servicio,Estatal,Ascendente,Seco y limpio,"Luz del día natural, solar",Despejado,,Nivel blanco,,No,No,No,No,No,No,No,2017,5,SÁBADO,18,Noche,Fines de semana
0.0,1,0,0,5463,03104,Curva señalizada,Carretera,Lateral                                            ,,CV-837,Carretera Convencional de calzada única,"Provincial, Cabildo/Consell",Ascendente,Seco y limpio,"Luz del día natural, solar",Despejado,,Nivel blanco,,No,No,No,No,No,No,No,2017,5,VIERNES,8,Mañana,Dias laborables
5.0,1,0,0,5464,03104,Curva sin señalizar,Carretera,"Salida de la vía por la izquierda, otro tipo       ",,PALOMARET,Camino vecinal,Municipal,Descendente,Seco y limpio,"Luz del día natural, solar",Despejado,,Nivel blanco,,Sin especificar,Sin especificar,Sin especificar,Sin especificar,Sin especificar,Sin especificar,Sin especificar,2017,5,LUNES,12,Tarde,Dias laborables
208.5,2,0,0,5465,03104,Recta,Carretera,Por alcance                                        ,,A-31,Autovía,Estatal,Descendente,Seco y limpio,"Luz del día natural, solar",Despejado,,Nivel blanco,,Sin especificar,Sin especificar,Sin especificar,Sin especificar,Sin especificar,Sin especificar,Sin especificar,2017,5,MARTES,10,Mañana,Dias laborables
,1,0,0,5466,03104,No aplica,Calle,Atropello a personas                               ,,No inventariada,Calle,Municipal,Se desconoce,Seco y limpio,"Luz del día natural, solar",Despejado,,Nivel verde,,No,No,No,No,No,No,No,2017,5,LUNES,13,Tarde,Dias laborables
,1,0,0,5467,03104,No aplica,Calle,Por alcance                                        ,,No inventariada,Calle,Municipal,Se desconoce,Seco y limpio,"Luz del día natural, solar",Despejado,,Nivel verde,,Sin especificar,Sin especificar,Sin especificar,Sin especificar,Sin especificar,Sin especificar,Sin especificar,2017,6,LUNES,13,Tarde,Dias laborables
,1,0,0,5468,03104,No aplica,Calle,Atropello a personas                               ,,No inventariada,Calle,Municipal,Se desconoce,Seco y limpio,"Luz del día natural, solar",Despejado,,Nivel verde,,Sin especificar,Sin especificar,Sin especificar,Sin especificar,Sin especificar,Sin especificar,Sin especificar,2017,6,MARTES,8,Mañana,Dias laborables
206.0,1,0,0,5469,03104,Recta,Carretera,Por alcance                                        ,,A-31,Autovía,Estatal,Descendente,Seco y limpio,Sin luz natural ni artificial,Despejado,,Nivel blanco,,Sin especificar,Sin especificar,Sin especificar,Sin especificar,Sin especificar,Sin especificar,Sin especificar,2017,7,LUNES,22,Noche,Dias laborables
0.0,1,0,0,5470,03104,Curva sin señalizar,Carretera,Fronto-lateral                                     ,,PALOMARET,Camino vecinal,"Provincial, Cabildo/Consell",Ambos,Seco y limpio,"Luz del día natural, solar",Despejado,,Nivel blanco,,No,No,No,No,No,No,No,2017,7,SÁBADO,9,Mañana,Fines de semana
199.5,2,0,0,5471,03104,Recta,Carretera,Lateral                                            ,,A-31,Autovía,Estatal,Ascendente,Seco y limpio,"Luz del día natural, solar",Despejado,,Nivel blanco,,Sin especificar,Sin especificar,Sin especificar,Sin especificar,Sin especificar,Sin especificar,Sin especificar,2017,7,VIERNES,13,Tarde,Dias laborables
,1,0,0,5472,03104,No aplica,Calle,Atropello a personas                               ,,No inventariada,Calle,Municipal,Se desconoce,Seco y limpio,"Luz del día natural, solar",Despejado,,Nivel amarillo,,Sin especificar,Sin especificar,Sin especificar,Sin especificar,Sin especificar,Sin especificar,Sin especificar,2017,9,MIÉRCOLES,10,Mañana,Dias laborables
209.8,1,0,0,5473,03104,Recta,Carretera,Otro tipo de accidente                             ,,A-31,Autovía,Estatal,Ascendente,Seco y limpio,"Luz del día natural, solar",Despejado,,Nivel blanco,,Sin especificar,Sin especificar,Sin especificar,Sin especificar,Sin especificar,Sin especificar,Sin especificar,2017,9,VIERNES,19,Noche,Dias laborables
204.95,3,0,0,5474,03104,Recta,Carretera,Por alcance                                        ,,A-31,Autovía,Estatal,Ascendente,Seco y limpio,"Luz del día natural, solar",Despejado,,Nivel blanco,,Sin especificar,Sin especificar,Sin especificar,Sin especificar,Sin especificar,Sin especificar,Sin especificar,2017,9,VIERNES,10,Mañana,Dias laborables
208.1,3,0,0,5475,03104,Recta,Carretera,Múltiple o en caravana                             ,,A-31,Autovía,Estatal,Descendente,Seco y limpio,"Luz del día natural, solar",Despejado,,Nivel blanco,,Sin especificar,Sin especificar,Sin especificar,Sin especificar,Sin especificar,Sin especificar,Sin especificar,2017,10,SÁBADO,18,Noche,Fines de semana
202.5,1,0,0,5476,03104,Recta,Carretera,Por alcance                                        ,A-31,A-31,Autovía,Estatal,Ascendente,Seco y limpio,"Luz del día natural, solar",Despejado,,Nivel blanco,,No,No,Sí,No,No,Sí,No,2017,11,LUNES,7,Mañana,Dias laborables
204.5,3,0,0,5477,03104,Recta,Carretera,Por alcance                                        ,,A-31,Autovía,Estatal,Descendente,Seco y limpio,"Luz del día natural, solar",Despejado,,Nivel blanco,,Sin especificar,Sin especificar,Sin especificar,Sin especificar,Sin especificar,Sin especificar,Sin especificar,2017,11,VIERNES,15,Tarde,Dias laborables
22.6,1,0,0,5478,03105,Recta,Carretera,Salida de la vía por la derecha con colisión       ,,CV-83,Carretera Convencional de calzada única,Autonómica,Ascendente,Seco y limpio,"Luz del día natural, solar",Despejado,,Nivel blanco,,Sin especificar,Sin especificar,Sin especificar,Sin especificar,Sin especificar,Sin especificar,Sin especificar,2017,6,SÁBADO,11,Mañana,Fines de semana
21.8,4,0,0,5479,03105,Recta,Carretera,Salida de la vía por la derecha con vuelco         ,,CV-83,Carretera Convencional de calzada única,Autonómica,Ascendente,Seco y limpio,"Luz del día natural, solar",Despejado,,Nivel blanco,,Sin especificar,Sin especificar,Sin especificar,Sin especificar,Sin especificar,Sin especificar,Sin especificar,2017,7,DOMINGO,11,Mañana,Fines de semana
0.0,1,0,0,5480,03105,Curva sin señalizar,Carretera,Salida de la vía por la derecha con despeñamiento  ,,No inventariada,Camino vecinal,Municipal,Ambos,Seco y limpio,"Luz del día natural, solar",Despejado,,Nivel blanco,,Sin especificar,Sin especificar,Sin especificar,Sin especificar,Sin especificar,Sin especificar,Sin especificar,2017,11,LUNES,10,Mañana,Dias laborables
20.8,1,0,0,5481,03105,Recta,Carretera,"Salida de la vía por la izquierda, otro tipo       ",,CV-83,Carretera Convencional de calzada única,Autonómica,Ascendente,Seco y limpio,Sin luz natural y con iluminación artificial no en,Despejado,,Nivel blanco,,Sin especificar,Sin especificar,Sin especificar,Sin especificar,Sin especificar,Sin especificar,Sin especificar,2017,12,DOMINGO,19,Noche,Fines de semana
36.9,2,0,0,5482,00000,Curva señalizada,Carretera,Caída                                              ,,CV-70,Carretera Convencional de calzada única,Autonómica,Ascendente,Seco y limpio,"Luz del día natural, solar",Despejado,,Nivel blanco,,Sin especificar,Sin especificar,Sin especificar,Sin especificar,Sin especificar,Sin especificar,Sin especificar,2017,2,MARTES,15,Tarde,Dias laborables
36.9,1,0,0,5483,00000,Curva señalizada,Carretera,Salida de la vía por la derecha con vuelco         ,,CV-70,Carretera Convencional de calzada única,Autonómica,Ascendente,Seco y limpio,"Luz del día natural, solar",Despejado,,Nivel blanco,,Sin especificar,Sin especificar,Sin especificar,Sin especificar,Sin especificar,Sin especificar,Sin especificar,2017,3,MARTES,16,Tarde,Dias laborables
,1,0,0,5484,00000,No aplica,Calle,Atropello a personas                               ,,No inventariada,Calle,Municipal,Se desconoce,Mojado,"Amanecer o atardecer, con luz artificial",Lluvia fuerte,,Se desconoce,,Sin especificar,Sin especificar,Sin especificar,Sin especificar,Sin especificar,Sin especificar,Sin especificar,2017,3,LUNES,19,Noche,Dias laborables
0.2,2,0,0,5485,00000,Recta,Carretera,Por alcance                                        ,,CV-762,Carretera Convencional de calzada única,"Provincial, Cabildo/Consell",Descendente,Seco y limpio,Sin luz natural y con iluminación artificial encen,Despejado,,Se desconoce,,No,No,No,No,No,No,No,2017,2,DOMINGO,20,Noche,Fines de semana
36.9,1,0,0,5486,00000,Curva señalizada,Carretera,Salida de la vía por la derecha con vuelco         ,,CV-70,Carretera Convencional de calzada única,Autonómica,Ascendente,Seco y limpio,"Luz del día natural, solar",Despejado,,Nivel blanco,,Sin especificar,Sin especificar,Sin especificar,Sin especificar,Sin especificar,Sin especificar,Sin especificar,2017,4,DOMINGO,12,Tarde,Fines de semana
0.5,1,0,0,5487,00000,Recta,Carretera,Atropello a personas                               ,,CV-762,Carretera Convencional de calzada única,"Provincial, Cabildo/Consell",Ascendente,Seco y limpio,"Luz del día natural, solar",Despejado,,Se desconoce,,No,No,No,No,No,No,No,2017,5,JUEVES,9,Mañana,Dias laborables
,1,0,0,5488,00000,No aplica,Calle,Caída                                              ,,No inventariada,Calle,Municipal,Se desconoce,Seco y limpio,Sin luz natural y con iluminación artificial encen,Despejado,,Se desconoce,,Sin especificar,Sin especificar,Sin especificar,Sin especificar,Sin especificar,Sin especificar,Sin especificar,2017,6,VIERNES,22,Noche,Dias laborables
37.3,0,1,0,5489,00000,Curva señalizada,Carretera,Salida de la vía por la derecha con colisión       ,,CV-70,Carretera Convencional de calzada única,Autonómica,Ascendente,Seco y limpio,"Luz del día natural, solar",Despejado,,Nivel blanco,,Sin especificar,Sin especificar,Sin especificar,Sin especificar,Sin especificar,Sin especificar,Sin especificar,2017,9,DOMINGO,11,Mañana,Fines de semana
0.3,1,0,0,5490,00000,Recta,Carretera,Fronto-lateral                                     ,CV-762,CV-762,Carretera Convencional de calzada única,Municipal,Descendente,Seco y limpio,"Luz del día natural, solar",Despejado,,Se desconoce,,No,No,No,Sí,No,No,No,2017,9,SÁBADO,17,Tarde,Fines de semana
36.95,1,0,0,5491,00000,Curva señalizada,Carretera,Salida de la vía por la derecha con vuelco         ,,CV-70,Carretera Convencional de calzada única,Autonómica,Ascendente,Seco y limpio,"Luz del día natural, solar",Despejado,,Nivel blanco,,Sin especificar,Sin especificar,Sin especificar,Sin especificar,Sin especificar,Sin especificar,Sin especificar,2017,12,MIÉRCOLES,8,Mañana,Dias laborables
,1,0,0,5492,00000,No aplica,Calle,Fronto-lateral                                     ,,No inventariada,Calle,Municipal,Se desconoce,Seco y limpio,"Luz del día natural, solar",Despejado,,Se desconoce,,No,No,No,No,No,Sí,No,2017,12,LUNES,14,Tarde,Dias laborables
691.85,1,0,0,5493,03111,Recta,Carretera,Fronto-lateral                                     ,,N-340,Carretera Convencional de calzada única,Estatal,Ascendente,Seco y limpio,"Luz del día natural, solar",Despejado,,Nivel blanco,,No,No,No,No,No,No,Sí,2017,1,MIÉRCOLES,15,Tarde,Dias laborables
,2,0,0,5494,03111,No aplica,Calle,Por alcance                                        ,,No inventariada,Calle,Municipal,Se desconoce,Seco y limpio,"Luz del día natural, solar",Despejado,,Nivel blanco,,Sin especificar,Sin especificar,Sin especificar,Sin especificar,Sin especificar,Sin especificar,Sin especificar,2017,1,JUEVES,9,Mañana,Dias laborables
692.23,1,0,0,5495,03111,Recta,Carretera,Por alcance                                        ,,N-340,Carretera Convencional de calzada única,Estatal,Ascendente,Seco y limpio,"Luz del día natural, solar",Despejado,,Nivel blanco,,Sin especificar,Sin especificar,Sin especificar,Sin especificar,Sin especificar,Sin especificar,Sin especificar,2017,3,MIÉRCOLES,14,Tarde,Dias laborables
2.8,2,0,0,5496,03111,Recta,Carretera,Por alcance                                        ,,CV-900,Carretera Convencional de calzada única,Autonómica,Descendente,Mojado,"Luz del día natural, solar",Lluvia débil,,Sin especificar,,Sin especificar,Sin especificar,Sin especificar,Sin especificar,Sin especificar,Sin especificar,Sin especificar,2017,3,LUNES,9,Mañana,Dias laborables
0.0,1,0,0,5497,03111,Recta,Carretera,Fronto-lateral                                     ,,LA SIERRA,Camino vecinal,Municipal,Ambos,Seco y limpio,"Luz del día natural, solar",Despejado,,Nivel blanco,,No,No,No,No,No,No,No,2017,4,LUNES,15,Tarde,Dias laborables
2.2,1,0,0,5498,03111,Curva señalizada,Carretera,Lateral                                            ,,CV-900,Carretera Convencional de calzada única,Autonómica,Ascendente,Seco y limpio,Sin luz natural y con iluminación artificial encen,Despejado,,Nivel blanco,,No,No,No,No,No,No,No,2017,6,MIÉRCOLES,23,Noche,Dias laborables
0.3,2,0,0,5499,03111,Recta,Carretera,Por alcance                                        ,,C.LA SIERR,Camino vecinal,Municipal,Ascendente,Seco y limpio,"Luz del día natural, solar",Despejado,,Nivel blanco,,No,No,No,No,No,No,No,2017,6,MARTES,19,Noche,Dias laborables
692.2,1,0,0,5500,03111,Recta,Carretera,Por alcance                                        ,,N-340,Carretera Convencional de calzada única,Estatal,Descendente,Seco y limpio,"Luz del día natural, solar",Nublado,,Nivel blanco,,No,No,No,No,Sí,No,No,2017,10,LUNES,9,Mañana,Dias laborables
3.2,5,0,0,5501,03111,Recta,Carretera,Múltiple o en caravana                             ,,CV-900,Carretera Convencional de calzada única,Autonómica,Descendente,Seco y limpio,Sin luz natural y con iluminación artificial encen,Despejado,,Nivel blanco,,No,No,No,No,No,No,No,2017,12,MARTES,18,Noche,Dias laborables
,1,0,0,5502,03111,No aplica,Calle,Salida de la vía por la derecha otro tipo          ,,No inventariada,Otro,Municipal,Se desconoce,Con barro o gravilla suelta,"Luz del día natural, solar",Despejado,,Nivel blanco,,Sin especificar,Sin especificar,Sin especificar,Sin especificar,Sin especificar,Sin especificar,Sin especificar,2017,12,MIÉRCOLES,17,Tarde,Dias laborables
1.1,1,0,0,5503,00000,Curva señalizada,Carretera,Salida de la vía por la derecha con despeñamiento  ,,CV-782,Carretera Convencional de calzada única,"Provincial, Cabildo/Consell",Ambos,Seco y limpio,"Luz del día natural, solar",Despejado,,Nivel blanco,,Sin especificar,Sin especificar,Sin especificar,Sin especificar,Sin especificar,Sin especificar,Sin especificar,2017,1,SÁBADO,10,Mañana,Fines de semana
9.1,0,1,0,5504,00000,Curva señalizada,Carretera,"Salida de la vía por la izquierda, otro tipo       ",,CV-728,Carretera Convencional de calzada única,"Provincial, Cabildo/Consell",Descendente,Seco y limpio,"Luz del día natural, solar",Despejado,,Nivel verde,,Sin especificar,Sin especificar,Sin especificar,Sin especificar,Sin especificar,Sin especificar,Sin especificar,2017,6,SÁBADO,9,Mañana,Fines de semana
1.4,0,1,0,5505,00000,Curva sin señalizar,Carretera,Salida de la vía por la derecha con colisión       ,,CV-778,Carretera Convencional de calzada única,Autonómica,Descendente,Seco y limpio,"Luz del día natural, solar",Despejado,,Nivel blanco,,Sin especificar,Sin especificar,Sin especificar,Sin especificar,Sin especificar,Sin especificar,Sin especificar,2017,7,DOMINGO,15,Tarde,Fines de semana
743.0,2,0,0,5506,03113,Recta,Carretera,Salida de la vía por la derecha con despeñamiento  ,,AP-7,Autopista de peaje,Estatal,Descendente,Seco y limpio,"Luz del día natural, solar",Despejado,,Nivel blanco,,Sin especificar,Sin especificar,Sin especificar,Sin especificar,Sin especificar,Sin especificar,Sin especificar,2017,4,MARTES,14,Tarde,Dias laborables
3.9,1,0,0,5507,03113,Recta,Carretera,Por alcance                                        ,CV-945,CV-905,Carretera Convencional de calzada única,Autonómica,Ascendente,Seco y limpio,"Luz del día natural, solar",Despejado,,Nivel verde,,No,No,Sí,No,No,Sí,No,2017,4,JUEVES,13,Tarde,Dias laborables
1.0,1,0,0,5508,03113,Curva señalizada,Carretera,Fronto-lateral                                     ,,CV-905,Carretera Convencional de calzada única,Autonómica,Descendente,Seco y limpio,"Luz del día natural, solar",Despejado,,Nivel verde,,No,No,Sí,No,No,Sí,No,2017,6,MARTES,12,Tarde,Dias laborables
0.0,1,0,0,5509,03113,Recta,Carretera,Vuelco                                             ,,No inventariada,Camino vecinal,Otra,Ascendente,Seco y limpio,"Luz del día natural, solar",Despejado,,Nivel blanco,,Sin especificar,Sin especificar,Sin especificar,Sin especificar,Sin especificar,Sin especificar,Sin especificar,2017,6,MIÉRCOLES,14,Tarde,Dias laborables
19.7,2,0,0,5510,03113,Curva sin señalizar,Carretera,"Salida de la vía por la izquierda, otro tipo       ",,CV-91,Carretera Convencional de calzada única,Autonómica,Descendente,Seco y limpio,"Luz del día natural, solar",Despejado,,Nivel verde,,Sin especificar,Sin especificar,Sin especificar,Sin especificar,Sin especificar,Sin especificar,Sin especificar,2017,6,SÁBADO,8,Mañana,Fines de semana
1.8,1,0,0,5511,03113,Recta,Carretera,Colisión contra obstáculo o elemento de la vía     ,,CV-905,Carretera Convencional de calzada única,Autonómica,Ascendente,Seco y limpio,"Luz del día natural, solar",Despejado,,Nivel blanco,,No,No,No,No,No,No,No,2017,7,SÁBADO,11,Mañana,Fines de semana
15.0,1,0,0,5512,03113,Curva señalizada,Carretera,Fronto-lateral                                     ,,CV-920,Carretera Convencional de calzada única,Autonómica,Descendente,Seco y limpio,"Luz del día natural, solar",Despejado,,Nivel blanco,,No,No,No,No,No,Sí,No,2017,9,DOMINGO,14,Tarde,Fines de semana
0.0,1,0,0,5513,03113,Recta,Carretera,Por alcance                                        ,,CV-905,Carretera Convencional de calzada única,Autonómica,Descendente,Seco y limpio,"Luz del día natural, solar",Despejado,,Nivel blanco,,No,No,No,No,No,No,No,2017,9,VIERNES,9,Mañana,Dias laborables
1.0,1,0,0,5514,03113,Curva señalizada,Carretera,Fronto-lateral                                     ,,CV-895,Carretera Convencional de calzada única,Autonómica,Descendente,Seco y limpio,"Luz del día natural, solar",Despejado,,Nivel blanco,,No,No,No,No,No,Sí,No,2017,9,JUEVES,11,Mañana,Dias laborables
1.0,1,0,0,5515,03113,Curva señalizada,Carretera,Fronto-lateral                                     ,,CV-905,Carretera Convencional de calzada única,Autonómica,Ascendente,Seco y limpio,"Luz del día natural, solar",Despejado,,Nivel verde,,No,No,No,No,No,Sí,No,2017,10,VIERNES,9,Mañana,Dias laborables
1.8,1,0,0,5516,03113,Recta,Carretera,Por alcance                                        ,,CV-905,Carretera Convencional de calzada única,Autonómica,Descendente,Seco y limpio,"Luz del día natural, solar",Despejado,,Nivel blanco,,Sin especificar,Sin especificar,Sin especificar,Sin especificar,Sin especificar,Sin especificar,Sin especificar,2017,10,VIERNES,9,Mañana,Dias laborables
1.9,2,0,0,5517,03113,Recta,Carretera,Lateral                                            ,,CV-905,Carretera Convencional de calzada única,Autonómica,Descendente,Seco y limpio,"Luz del día natural, solar",Despejado,,Nivel blanco,,Sin especificar,Sin especificar,Sin especificar,Sin especificar,Sin especificar,Sin especificar,Sin especificar,2017,11,MIÉRCOLES,11,Mañana,Dias laborables
15.8,3,0,0,5518,00000,Recta,Carretera,Por alcance                                        ,,CV-840,Carretera Convencional de calzada única,Autonómica,Ascendente,Seco y limpio,"Luz del día natural, solar",Despejado,,Nivel blanco,,No,No,No,No,No,No,No,2017,2,JUEVES,8,Mañana,Dias laborables
10.9,2,0,0,5519,00000,Recta,Carretera,Fronto-lateral                                     ,,CV-840,Carretera Convencional de calzada única,Autonómica,Descendente,Seco y limpio,"Luz del día natural, solar",Despejado,,Nivel blanco,,No,No,No,No,No,No,No,2017,5,LUNES,9,Mañana,Dias laborables
14.0,1,0,0,5520,00000,Curva señalizada,Carretera,Salida de la vía por la derecha con colisión       ,,CV-840,Carretera Convencional de calzada única,Autonómica,Ascendente,Seco y limpio,"Amanecer o atardecer, sin luz artificial",Despejado,,Nivel blanco,,Sin especificar,Sin especificar,Sin especificar,Sin especificar,Sin especificar,Sin especificar,Sin especificar,2017,7,SÁBADO,6,Mañana,Fines de semana
3.0,2,0,0,5521,00000,Curva señalizada,Carretera,Lateral                                            ,,CV-834,Carretera Convencional de calzada única,"Provincial, Cabildo/Consell",Ascendente,Seco y limpio,"Luz del día natural, solar",Despejado,,Nivel blanco,,Sin especificar,Sin especificar,Sin especificar,Sin especificar,Sin especificar,Sin especificar,Sin especificar,2017,10,DOMINGO,13,Tarde,Fines de semana
17.2,1,0,0,5522,00000,Recta,Carretera,Fronto-lateral                                     ,CV-729,CV-715,Carretera Convencional de calzada única,Autonómica,Descendente,Seco y limpio,"Amanecer o atardecer, con luz artificial",Despejado,,Nivel blanco,,No,No,No,No,Sí,No,No,2017,7,MARTES,21,Noche,Dias laborables
16.0,1,0,0,5523,00000,Se desconoce,Carretera,Salida de la vía por la derecha otro tipo          ,,CV-715,Carretera Convencional de calzada única,"Provincial, Cabildo/Consell",Ascendente,Seco y limpio,"Luz del día natural, solar",Despejado,,Nivel blanco,,Sin especificar,Sin especificar,Sin especificar,Sin especificar,Sin especificar,Sin especificar,Sin especificar,2017,7,JUEVES,9,Mañana,Dias laborables
74.0,1,0,0,5524,03118,Recta,Carretera,Por alcance                                        ,,N-332,Carretera Convencional de calzada única,Estatal,Ascendente,Seco y limpio,"Luz del día natural, solar",Despejado,,Nivel amarillo,,Sin especificar,Sin especificar,Sin especificar,Sin especificar,Sin especificar,Sin especificar,Sin especificar,2017,3,SÁBADO,10,Mañana,Fines de semana
1.0,1,0,0,5525,03118,Recta,Carretera,Por alcance                                        ,,CV-859,Carretera Convencional de calzada única,"Provincial, Cabildo/Consell",Descendente,Seco y limpio,Sin luz natural ni artificial,Nublado,,Nivel blanco,,No,No,No,No,No,No,No,2017,5,VIERNES,22,Noche,Dias laborables
5.5,0,1,0,5526,03118,Curva sin señalizar,Carretera,Salida de la vía por la derecha con colisión       ,,CV-860,Carretera Convencional de calzada única,Autonómica,Ascendente,Seco y limpio,Sin luz natural ni artificial,Despejado,,Nivel blanco,,Sin especificar,Sin especificar,Sin especificar,Sin especificar,Sin especificar,Sin especificar,Sin especificar,2017,6,JUEVES,22,Noche,Dias laborables
73.93,3,0,0,5527,03118,Recta,Carretera,Por alcance                                        ,,N-332,Carretera Convencional de calzada única,Estatal,Descendente,Seco y limpio,"Luz del día natural, solar",Despejado,,Nivel verde,,Sin especificar,Sin especificar,Sin especificar,Sin especificar,Sin especificar,Sin especificar,Sin especificar,2017,6,MIÉRCOLES,7,Mañana,Dias laborables
4.2,1,0,0,5528,03118,Recta,Carretera,"Salida de la vía por la izquierda, otro tipo       ",,CV-860,Carretera Convencional de calzada única,Autonómica,Descendente,Seco y limpio,"Luz del día natural, solar",Despejado,,Nivel blanco,,Sin especificar,Sin especificar,Sin especificar,Sin especificar,Sin especificar,Sin especificar,Sin especificar,2017,8,SÁBADO,12,Tarde,Fines de semana
4.1,1,0,0,5529,03118,Recta,Carretera,Atropello a personas                               ,,CV-859,Carretera Convencional de calzada única,"Provincial, Cabildo/Consell",Ascendente,Seco y limpio,Sin luz natural y con iluminación artificial encen,Despejado,,Sin especificar,,Sin especificar,Sin especificar,Sin especificar,Sin especificar,Sin especificar,Sin especificar,Sin especificar,2017,10,DOMINGO,19,Noche,Fines de semana
,1,0,0,5530,03118,No aplica,Calle,Fronto-lateral                                     ,,No inventariada,Calle,Municipal,Se desconoce,Seco y limpio,"Luz del día natural, solar",Despejado,,Nivel blanco,,No,No,No,Sí,No,No,Sí,2017,10,MIÉRCOLES,17,Tarde,Dias laborables
9.8,2,0,0,5531,03118,Curva sin señalizar,Carretera,Salida de la vía por la derecha con despeñamiento  ,,GINEBRAL,Camino vecinal,Municipal,Ascendente,Con barro o gravilla suelta,Sin luz natural ni artificial,Despejado,,Nivel blanco,,No,No,No,No,No,No,Sí,2017,11,MIÉRCOLES,4,Madrugada,Dias laborables
,2,0,0,5532,03119,No aplica,Calle,Por alcance                                        ,,No inventariada,Calle,Municipal,Se desconoce,Seco y limpio,"Luz del día natural, solar",Despejado,,Nivel blanco,,No,No,No,No,No,No,No,2017,1,LUNES,14,Tarde,Dias laborables
114.2,0,1,0,5533,03119,Recta,Travesía,Colisión contra obstáculo o elemento de la vía     ,,N-332a,Carretera Convencional de calzada única,Municipal,Ascendente,Seco y limpio,Sin luz natural y con iluminación artificial encen,Despejado,,Nivel blanco,,Sin especificar,Sin especificar,Sin especificar,Sin especificar,Sin especificar,Sin especificar,Sin especificar,2017,2,SÁBADO,2,Madrugada,Fines de semana
,1,0,0,5534,03119,No aplica,Calle,Atropello a personas                               ,,No inventariada,Calle,Municipal,Se desconoce,Seco y limpio,"Luz del día natural, solar",Despejado,,Nivel verde,,No,No,No,No,No,No,No,2017,3,VIERNES,16,Tarde,Dias laborables
6.4,1,0,0,5535,03119,Recta,Carretera,Por alcance                                        ,,CV-821,Carretera Convencional de calzada única,Autonómica,Ascendente,Mojado,"Luz del día natural, solar",Lluvia débil,,Nivel blanco,,Sin especificar,Sin especificar,Sin especificar,Sin especificar,Sin especificar,Sin especificar,Sin especificar,2017,3,SÁBADO,12,Tarde,Fines de semana
,4,0,0,5536,03119,No aplica,Calle,Múltiple o en caravana                             ,,No inventariada,Calle,Municipal,Se desconoce,Seco y limpio,"Amanecer o atardecer, sin luz artificial",Se desconoce,,Se desconoce,,No,No,No,No,No,No,Sí,2017,2,VIERNES,19,Noche,Dias laborables