KM,TOTAL_HL24H,TOTAL_HG24H,TOTAL_MU24H,id,COD_MUNICIPIO,TRAZADO_PLANTA,ZONA,TIPO_ACCIDENTE,CARRETERA_CRUCE,CARRETERA,TIPO_VIA,TITULARIDAD_VIA,SENTIDO_1F,CONDICION_FIRME,CONDICION_ILUMINACION,CONDICION_METEO,CONDICION_NIEBLA,CONDICION_NIVEL_CIRCULA,CONDICION_VIENTO,PRIORI_AGENTE,PRIORI_CIRCUNSTANCIAL,PRIORI_HORIZ_CEDA,PRIORI_HORIZ_STOP,PRIORI_SEMAFORO,PRIORI_VERT_CEDA,PRIORI_VERT_STOP,ANYO,MES,DIA,HORA,FRANJA_HORARIA,TIPO_DIA
6.6,1,0,0,6219,03014,Recta,Carretera,Fronto-lateral                                     ,,CV-821,Carretera Convencional de doble calzada,Autonómica,Ascendente,Seco y limpio,"Luz del día natural, solar",Despejado,,Nivel blanco,,Sin especificar,Sin especificar,Sin especificar,Sin especificar,Sin especificar,Sin especificar,Sin especificar,2018,6,DOMINGO,13,Tarde,Fines de semana
,0,1,0,6220,03014,No aplica,Calle,Atropello a personas                               ,,No inventariada,Calle,Municipal,Se desconoce,Seco y limpio,"Luz del día natural, solar",Despejado,,Nivel verde,,Sin especificar,Sin especificar,Sin especificar,Sin especificar,Sin especificar,Sin especificar,Sin especificar,2018,5,MARTES,16,Tarde,Dias laborables
,0,1,0,6221,03014,No aplica,Calle,Fronto-lateral                                     ,,No inventariada,Calle,Municipal,Se desconoce,Seco y limpio,"Luz del día natural, solar",Despejado,,Nivel verde,,No,No,No,No,No,Sí,No,2018,6,VIERNES,12,Tarde,Dias laborables
,0,1,0,6222,03014,No aplica,Calle,Salida de la vía por la derecha otro tipo          ,,No inventariada,Calle,Municipal,Se desconoce,Seco y limpio,Sin luz natural y con iluminación artificial encen,Despejado,,Nivel verde,,Sin especificar,Sin especificar,Sin especificar,Sin especificar,Sin especificar,Sin especificar,Sin especificar,2018,6,LUNES,4,Madrugada,Dias laborables
3.9,1,0,0,6223,03014,Curva señalizada,Carretera,Salida de la vía por la derecha otro tipo          ,A-77,CV-820,Carretera Convencional de calzada única,Autonómica,Descendente,Seco y limpio,"Luz del día natural, solar",Despejado,,Nivel blanco,,No,No,No,No,No,No,No,2018,6,MIÉRCOLES,14,Tarde,Dias laborables
16.25,1,0,0,6224,03014,Recta,Carretera,Colisión contra obstáculo o elemento de la vía     ,,A-70,Autovía,Estatal,Descendente,Seco y limpio,"Luz del día natural, solar",Despejado,,Nivel blanco,,Sin especificar,Sin especificar,Sin especificar,Sin especificar,Sin especificar,Sin especificar,Sin especificar,2018,6,LUNES,16,Tarde,Dias laborables
8.1,3,0,0,6225,03014,Recta,Carretera,Por alcance                                        ,,A-70,Autovía,Estatal,Descendente,Seco y limpio,"Luz del día natural, solar",Despejado,,Nivel amarillo,,Sin especificar,Sin especificar,Sin especificar,Sin especificar,Sin especificar,Sin especificar,Sin especificar,2018,6,MIÉRCOLES,8,Mañana,Dias laborables
,0,1,0,6226,03014,No aplica,Calle,Lateral                                            ,,No inventariada,Calle,Municipal,Se desconoce,Seco y limpio,"Luz del día natural, solar",Despejado,,Nivel verde,,Sin especificar,Sin especificar,Sin especificar,Sin especificar,Sin especificar,Sin especificar,Sin especificar,2018,6,DOMINGO,15,Tarde,Fines de semana
2.0,1,0,0,6227,03014,Recta,Carretera,Salida de la vía por la derecha otro tipo          ,,CV-820,Carretera Convencional de calzada única,Autonómica,Descendente,Seco y limpio,"Luz del día natural, solar",Despejado,,Nivel blanco,,Sin especificar,Sin especificar,Sin especificar,Sin especificar,Sin especificar,Sin especificar,Sin especificar,2018,6,DOMINGO,13,Tarde,Fines de semana
,0,1,0,6228,03014,No aplica,Calle,Fronto-lateral                                     ,,No inventariada,Calle,Municipal,Se desconoce,Seco y limpio,"Luz del día natural, solar",Despejado,,Nivel verde,,No,No,No,No,Sí,No,No,2018,6,SÁBADO,16,Tarde,Fines de semana
,0,1,0,6229,03014,No aplica,Calle,Salida de la vía por la derecha otro tipo          ,,No inventariada,Calle,Municipal,Se desconoce,Seco y limpio,Sin luz natural y con iluminación artificial encen,Despejado,,Nivel verde,,Sin especificar,Sin especificar,Sin especificar,Sin especificar,Sin especificar,Sin especificar,Sin especificar,2018,6,DOMINGO,22,Noche,Fines de semana
7.5,1,0,0,6230,03014,Recta,Carretera,Caída                                              ,,A-70,Autovía,Estatal,Ascendente,Seco y limpio,"Luz del día natural, solar",Despejado,,Nivel verde,,Sin especificar,Sin especificar,Sin especificar,Sin especificar,Sin especificar,Sin especificar,Sin especificar,2018,6,DOMINGO,17,Tarde,Fines de semana
0.0,2,0,0,6231,03014,Recta,Carretera,Por alcance                                        ,,A-77a,Autovía,Estatal,Ascendente,Seco y limpio,"Luz del día natural, solar",Despejado,,Nivel blanco,,No,No,Sí,No,No,Sí,No,2018,6,VIERNES,20,Noche,Dias laborables
17.3,3,0,0,6232,03014,Recta,Carretera,"Salida de la vía por la izquierda, otro tipo       ",A-31,A-70,Autovía,Estatal,Descendente,Seco y limpio,"Luz del día natural, solar",Despejado,,Nivel blanco,,No,No,No,No,No,Sí,No,2018,7,SÁBADO,7,Mañana,Fines de semana
489.0,2,0,0,6233,03014,Recta,Carretera,Por alcance                                        ,,A-7,Autovía,Estatal,Ascendente,Seco y limpio,"Luz del día natural, solar",Despejado,,Nivel blanco,,Sin especificar,Sin especificar,Sin especificar,Sin especificar,Sin especificar,Sin especificar,Sin especificar,2018,7,SÁBADO,8,Mañana,Fines de semana
4.7,1,0,0,6234,03014,Recta,Carretera,Fronto-lateral                                     ,,CV-821,Carretera Convencional de doble calzada,Autonómica,Ascendente,Seco y limpio,"Luz del día natural, solar",Despejado,,Nivel blanco,,No,No,No,Sí,No,No,Sí,2018,7,MIÉRCOLES,17,Tarde,Dias laborables
0.1,1,0,0,6235,03014,Se desconoce,Carretera,Por alcance                                        ,A-77,A-77,Autovía,Estatal,Ambos,Seco y limpio,"Luz del día natural, solar",Despejado,,Nivel blanco,,No,No,No,No,No,Sí,No,2018,7,JUEVES,10,Mañana,Dias laborables
3.2,1,0,0,6236,03014,Recta,Carretera,Vuelco                                             ,,CV-821,Carretera Convencional de doble calzada,Autonómica,Ascendente,Seco y limpio,Sin luz natural y con iluminación artificial encen,Despejado,,Nivel blanco,,Sin especificar,Sin especificar,Sin especificar,Sin especificar,Sin especificar,Sin especificar,Sin especificar,2018,8,DOMINGO,1,Madrugada,Fines de semana
231.65,1,0,0,6237,03014,Recta,Carretera,Salida de la vía por la izquierda con colisión     ,,A-31,Autovía,Estatal,Ascendente,Seco y limpio,Sin luz natural ni artificial,Despejado,,Nivel blanco,,Sin especificar,Sin especificar,Sin especificar,Sin especificar,Sin especificar,Sin especificar,Sin especificar,2018,7,SÁBADO,5,Madrugada,Fines de semana
8.7,4,0,0,6238,03014,Recta,Carretera,Múltiple o en caravana                             ,,A-70,Autovía,Estatal,Descendente,Seco y limpio,"Luz del día natural, solar",Despejado,,Nivel blanco,,Sin especificar,Sin especificar,Sin especificar,Sin especificar,Sin especificar,Sin especificar,Sin especificar,2018,8,LUNES,12,Tarde,Dias laborables
0.0,2,0,0,6239,03014,Curva señalizada,Carretera,Fronto-lateral                                     ,,A-77a,Autovía,Estatal,Descendente,Seco y limpio,Sin luz natural y con iluminación artificial no en,Despejado,,Nivel blanco,,No,No,Sí,No,No,Sí,No,2018,8,LUNES,22,Noche,Dias laborables
14.0,1,0,0,6240,03014,Recta,Carretera,Por alcance                                        ,,A-70,Autovía,Estatal,Ascendente,Seco y limpio,Sin luz natural y con iluminación artificial no en,Despejado,,Nivel blanco,,Sin especificar,Sin especificar,Sin especificar,Sin especificar,Sin especificar,Sin especificar,Sin especificar,2018,8,SÁBADO,22,Noche,Fines de semana
9.8,1,0,0,6241,03014,Curva sin señalizar,Carretera,Por alcance                                        ,,A-70,Autovía,Estatal,Ascendente,Seco y limpio,"Amanecer o atardecer, sin luz artificial",Despejado,,Nivel blanco,,No,No,No,No,No,Sí,No,2018,8,MARTES,15,Tarde,Dias laborables
235.2,3,0,0,6242,03014,Recta,Carretera,Múltiple o en caravana                             ,,A-31,Autovía,Estatal,Descendente,Seco y limpio,"Luz del día natural, solar",Despejado,,Nivel verde,,Sin especificar,Sin especificar,Sin especificar,Sin especificar,Sin especificar,Sin especificar,Sin especificar,2018,8,MARTES,7,Mañana,Dias laborables
0.0,2,0,0,6243,03014,Curva señalizada,Carretera,Lateral                                            ,,A-77a,Autovía,Estatal,Ascendente,Seco y limpio,"Luz del día natural, solar",Despejado,,Nivel blanco,,No,No,No,No,No,No,No,2018,8,MARTES,20,Noche,Dias laborables
21.85,1,0,0,6244,03014,Recta,Carretera,Por alcance                                        ,,A-70,Autovía,Estatal,Descendente,Seco y limpio,"Luz del día natural, solar",Despejado,,Nivel blanco,,No,No,No,No,No,Sí,No,2018,8,MIÉRCOLES,19,Noche,Dias laborables
0.0,1,0,0,6245,03014,Curva señalizada,Carretera,Lateral                                            ,,A-77,Autovía,Estatal,Ascendente,Seco y limpio,"Amanecer o atardecer, sin luz artificial",Despejado,,Nivel blanco,,No,No,Sí,No,No,Sí,No,2018,9,DOMINGO,19,Noche,Fines de semana
4.65,1,0,0,6246,03014,Recta,Carretera,Por alcance                                        ,,A-79,Carretera Convencional de doble calzada,Estatal,Ascendente,Seco y limpio,"Luz del día natural, solar",Despejado,,Nivel blanco,,No,No,No,No,No,No,No,2018,9,DOMINGO,10,Mañana,Fines de semana
21.95,2,0,0,6247,03014,Recta,Carretera,Lateral                                            ,N-338,A-70,Autovía,Estatal,Descendente,Seco y limpio,"Luz del día natural, solar",Despejado,,Nivel blanco,,No,No,Sí,No,No,Sí,No,2018,9,JUEVES,15,Tarde,Dias laborables
4.3,1,0,0,6248,03014,Curva señalizada,Carretera,Caída                                              ,,CV-821,Carretera Convencional de doble calzada,Autonómica,Ascendente,Otra,"Luz del día natural, solar",Despejado,,Nivel blanco,,No,No,Sí,No,No,Sí,No,2018,9,VIERNES,11,Mañana,Dias laborables
16.0,1,0,0,6249,03014,Recta,Carretera,Lateral                                            ,,A-70,Autovía,Estatal,Ascendente,Seco y limpio,"Luz del día natural, solar",Despejado,,Nivel blanco,,Sin especificar,Sin especificar,Sin especificar,Sin especificar,Sin especificar,Sin especificar,Sin especificar,2018,9,LUNES,16,Tarde,Dias laborables
488.65,1,0,0,6250,03014,Recta,Carretera,Por alcance                                        ,,A-7,Autovía,Estatal,Descendente,Seco y limpio,"Luz del día natural, solar",Despejado,,Nivel blanco,,Sin especificar,Sin especificar,Sin especificar,Sin especificar,Sin especificar,Sin especificar,Sin especificar,2018,9,JUEVES,6,Mañana,Dias laborables
0.0,1,0,0,6251,03014,Curva señalizada,Carretera,Múltiple o en caravana                             ,,A-77a,Autovía,Estatal,Ascendente,Seco y limpio,"Luz del día natural, solar",Despejado,,Nivel blanco,,No,No,Sí,No,No,Sí,No,2018,9,MARTES,16,Tarde,Dias laborables
0.0,1,0,0,6252,03014,Recta,Carretera,Por alcance                                        ,A-70,A-77a,Autovía,Estatal,Ambos,Seco y limpio,"Luz del día natural, solar",Despejado,,Nivel blanco,,No,No,Sí,No,No,Sí,No,2018,9,JUEVES,15,Tarde,Dias laborables
13.5,2,0,0,6253,03014,Recta,Carretera,Por alcance                                        ,,A-70,Autovía,Estatal,Ascendente,Seco y limpio,"Luz del día natural, solar",Despejado,,Nivel amarillo,,Sin especificar,Sin especificar,Sin especificar,Sin especificar,Sin especificar,Sin especificar,Sin especificar,2018,9,JUEVES,8,Mañana,Dias laborables
17.5,4,0,0,6254,03014,Recta,Carretera,Múltiple o en caravana                             ,A-31,A-70,Autovía,Estatal,Ascendente,Seco y limpio,"Luz del día natural, solar",Despejado,,Nivel verde,,No,No,No,No,No,No,No,2018,9,VIERNES,17,Tarde,Dias laborables
0.1,1,0,0,6255,03014,Recta,Carretera,Múltiple o en caravana                             ,,A-77,Autovía,Estatal,Descendente,Seco y limpio,"Luz del día natural, solar",Despejado,,Nivel verde,,Sin especificar,Sin especificar,Sin especificar,Sin especificar,Sin especificar,Sin especificar,Sin especificar,2018,9,VIERNES,18,Noche,Dias laborables
16.6,3,0,0,6256,03014,Recta,Carretera,Múltiple o en caravana                             ,,A-70,Autovía,Estatal,Descendente,Seco y limpio,"Luz del día natural, solar",Despejado,,Nivel amarillo,,Sin especificar,Sin especificar,Sin especificar,Sin especificar,Sin especificar,Sin especificar,Sin especificar,2018,9,VIERNES,14,Tarde,Dias laborables
15.2,1,0,0,6257,03014,Recta,Carretera,Múltiple o en caravana                             ,,A-70,Autovía,Estatal,Ascendente,Seco y limpio,"Luz del día natural, solar",Despejado,,Nivel amarillo,,Sin especificar,Sin especificar,Sin especificar,Sin especificar,Sin especificar,Sin especificar,Sin especificar,2018,9,MARTES,8,Mañana,Dias laborables
2.4,1,0,0,6258,03014,Recta,Carretera,Por alcance                                        ,,CV-820,Carretera Convencional de calzada única,Autonómica,Ascendente,Seco y limpio,Sin luz natural ni artificial,Despejado,,Nivel blanco,,No,No,No,Sí,No,No,Sí,2018,9,LUNES,21,Noche,Dias laborables
,0,1,0,6259,03014,No aplica,Calle,Fronto-lateral                                     ,,No inventariada,Calle,Municipal,Se desconoce,Seco y limpio,Sin luz natural y con iluminación artificial encen,Despejado,,Nivel verde,,No,No,No,No,Sí,No,No,2018,9,VIERNES,6,Mañana,Dias laborables
,0,1,0,6260,03014,No aplica,Calle,Fronto-lateral                                     ,,No inventariada,Calle,Municipal,Se desconoce,Seco y limpio,"Luz del día natural, solar",Despejado,,Nivel verde,,No,No,No,No,No,No,No,2018,7,LUNES,18,Noche,Dias laborables
,0,1,0,6261,03014,No aplica,Calle,Fronto-lateral                                     ,,No inventariada,Calle,Municipal,Se desconoce,Seco y limpio,"Luz del día natural, solar",Despejado,,Nivel verde,,No,No,No,No,Sí,No,No,2018,7,VIERNES,14,Tarde,Dias laborables
,0,1,0,6262,03014,No aplica,Calle,Salida de la vía por la derecha otro tipo          ,,No inventariada,Calle,Municipal,Se desconoce,Seco y limpio,"Luz del día natural, solar",Despejado,,Nivel blanco,,Sin especificar,Sin especificar,Sin especificar,Sin especificar,Sin especificar,Sin especificar,Sin especificar,2018,7,VIERNES,14,Tarde,Dias laborables
,0,1,0,6263,03014,No aplica,Calle,Atropello a personas                               ,,No inventariada,Calle,Municipal,Se desconoce,Seco y limpio,Sin luz natural y con iluminación artificial encen,Despejado,,Nivel verde,,Sin especificar,Sin especificar,Sin especificar,Sin especificar,Sin especificar,Sin especificar,Sin especificar,2018,7,JUEVES,22,Noche,Dias laborables
,0,1,0,6264,03014,No aplica,Calle,Frontal                                            ,,No inventariada,Vía de servicio,Municipal,Se desconoce,Con barro o gravilla suelta,Sin luz natural ni artificial,Despejado,,Nivel blanco,,Sin especificar,Sin especificar,Sin especificar,Sin especificar,Sin especificar,Sin especificar,Sin especificar,2018,7,SÁBADO,5,Madrugada,Fines de semana
,0,1,0,6265,03014,No aplica,Calle,Lateral                                            ,,No inventariada,Calle,Municipal,Se desconoce,Seco y limpio,"Luz del día natural, solar",Despejado,,Nivel amarillo,,Sin especificar,Sin especificar,Sin especificar,Sin especificar,Sin especificar,Sin especificar,Sin especificar,2018,7,DOMINGO,19,Noche,Fines de semana
10.6,1,0,0,6266,03014,Recta,Carretera,Salida de la vía por la derecha con vuelco         ,,A-70,Autovía,Estatal,Descendente,Seco y limpio,"Luz del día natural, solar",Despejado,,Nivel blanco,,Sin especificar,Sin especificar,Sin especificar,Sin especificar,Sin especificar,Sin especificar,Sin especificar,2018,9,SÁBADO,16,Tarde,Fines de semana
,0,1,0,6267,03014,No aplica,Calle,Atropello a personas                               ,,No inventariada,Calle,Municipal,Se desconoce,Seco y limpio,"Luz del día natural, solar",Despejado,,Nivel verde,,Sin especificar,Sin especificar,Sin especificar,Sin especificar,Sin especificar,Sin especificar,Sin especificar,2018,9,MARTES,12,Tarde,Dias laborables
,0,1,0,6268,03014,No aplica,Calle,Salida de la vía por la derecha con colisión       ,,No inventariada,Calle,Municipal,Se desconoce,Seco y limpio,"Luz del día natural, solar",Despejado,,Nivel verde,,Sin especificar,Sin especificar,Sin especificar,Sin especificar,Sin especificar,Sin especificar,Sin especificar,2018,9,MARTES,7,Mañana,Dias laborables
236.4,3,0,0,6269,03014,Recta,Carretera,Por alcance                                        ,A-70,A-31,Autovía,Estatal,Descendente,Seco y limpio,"Luz del día natural, solar",Despejado,,Nivel amarillo,,No,No,No,No,No,No,No,2018,9,VIERNES,15,Tarde,Dias laborables
0.4,0,1,0,6270,03014,Recta,Carretera,Salida de la vía por la izquierda con colisión     ,,A-77,Autovía,Estatal,Descendente,Seco y limpio,"Luz del día natural, solar",Despejado,,Nivel blanco,,Sin especificar,Sin especificar,Sin especificar,Sin especificar,Sin especificar,Sin especificar,Sin especificar,2018,10,SÁBADO,10,Mañana,Fines de semana
232.5,0,1,0,6271,03014,Curva señalizada,Carretera,Salida de la vía por la derecha con colisión       ,,A-31,Autovía,Estatal,Descendente,Seco y limpio,"Luz del día natural, solar",Despejado,,Nivel blanco,,Sin especificar,Sin especificar,Sin especificar,Sin especificar,Sin especificar,Sin especificar,Sin especificar,2018,10,MIÉRCOLES,11,Mañana,Dias laborables
2.5,1,0,0,6272,03014,Curva sin señalizar,Carretera,Salida de la vía por la derecha otro tipo          ,,CV-773,Carretera Convencional de calzada única,Autonómica,Descendente,Otra,"Luz del día natural, solar",Nublado,,Nivel blanco,,Sin especificar,Sin especificar,Sin especificar,Sin especificar,Sin especificar,Sin especificar,Sin especificar,2018,10,SÁBADO,18,Noche,Fines de semana
12.5,1,0,0,6273,03014,Curva sin señalizar,Carretera,Salida de la vía por la izquierda con colisión     ,A-70,A-70,Autovía,Estatal,Ascendente,Mojado,"Luz del día natural, solar",Despejado,,Nivel blanco,,No,No,No,No,No,No,No,2018,10,SÁBADO,10,Mañana,Fines de semana
235.5,1,0,0,6274,03014,Recta,Carretera,Salida de la vía por la derecha otro tipo          ,,A-31,Autovía,Estatal,Descendente,Seco y limpio,Sin luz natural y con iluminación artificial encen,Despejado,,Nivel blanco,,No,No,No,No,No,No,No,2018,10,LUNES,7,Mañana,Dias laborables
15.3,1,0,0,6275,03014,Recta,Carretera,Salida de la vía por la derecha con vuelco         ,,A-70,Autovía,Estatal,Ascendente,Seco y limpio,"Luz del día natural, solar",Despejado,,Nivel amarillo,,Sin especificar,Sin especificar,Sin especificar,Sin especificar,Sin especificar,Sin especificar,Sin especificar,2018,10,MIÉRCOLES,17,Tarde,Dias laborables
0.5,1,0,0,6276,03014,Recta,Carretera,Caída                                              ,,A-77a,Autovía,Estatal,Descendente,Seco y limpio,"Amanecer o atardecer, con luz artificial",Despejado,,Nivel verde,,Sin especificar,Sin especificar,Sin especificar,Sin especificar,Sin especificar,Sin especificar,Sin especificar,2018,10,JUEVES,19,Noche,Dias laborables
0.8,1,0,0,6277,03014,Curva señalizada,Carretera,Fronto-lateral                                     ,,CV-824,Carretera Convencional de calzada única,"Provincial, Cabildo/Consell",Descendente,Seco y limpio,"Luz del día natural, solar",Despejado,,Nivel blanco,,No,No,No,No,No,No,No,2018,10,JUEVES,9,Mañana,Dias laborables
10.0,1,0,0,6278,03014,Recta,Carretera,Múltiple o en caravana                             ,,A-70,Autovía,Estatal,Descendente,Seco y limpio,"Luz del día natural, solar",Despejado,,Nivel amarillo,,Sin especificar,Sin especificar,Sin especificar,Sin especificar,Sin especificar,Sin especificar,Sin especificar,2018,11,MIÉRCOLES,8,Mañana,Dias laborables
6.5,2,0,0,6279,03014,Recta,Carretera,Por alcance                                        ,,A-70,Autovía,Estatal,Descendente,Seco y limpio,"Luz del día natural, solar",Despejado,,Nivel amarillo,,No,No,No,No,No,No,No,2018,11,MARTES,8,Mañana,Dias laborables
0.5,2,0,0,6280,03014,Curva señalizada,Carretera,Caída                                              ,,A-77a,Autovía,Estatal,Ascendente,Con aceite,"Luz del día natural, solar",Despejado,,Nivel blanco,,No,No,No,No,No,Sí,No,2018,11,LUNES,12,Tarde,Dias laborables
,0,1,0,6281,03014,No aplica,Calle,Fronto-lateral                                     ,,No inventariada,Calle,Municipal,Se desconoce,Seco y limpio,"Luz del día natural, solar",Despejado,,Nivel verde,,No,No,No,No,No,No,No,2018,10,VIERNES,11,Mañana,Dias laborables
10.3,2,0,0,6282,03014,Recta,Carretera,Múltiple o en caravana                             ,,A-70,Autovía,Estatal,Descendente,Seco y limpio,"Luz del día natural, solar",Despejado,,Nivel amarillo,,Sin especificar,Sin especificar,Sin especificar,Sin especificar,Sin especificar,Sin especificar,Sin especificar,2018,11,VIERNES,14,Tarde,Dias laborables
17.3,3,0,0,6283,03014,Curva señalizada,Carretera,Salida de la vía por la izquierda con vuelco       ,,A-70,Autovía,Estatal,Ascendente,Mojado,"Luz del día natural, solar",Lluvia débil,,Nivel blanco,,No,No,No,No,No,No,No,2018,11,LUNES,16,Tarde,Dias laborables
1.8,1,0,0,6284,03014,Recta,Carretera,Fronto-lateral                                     ,,CV-824,Carretera Convencional de calzada única,"Provincial, Cabildo/Consell",Ascendente,Seco y limpio,"Luz del día natural, solar",Despejado,,Nivel blanco,,No,No,No,Sí,No,No,Sí,2018,11,MIÉRCOLES,9,Mañana,Dias laborables
17.0,1,0,0,6285,03014,Recta,Carretera,Por alcance                                        ,,A-70,Autovía,Estatal,Ascendente,Seco y limpio,Sin luz natural ni artificial,Despejado,,Nivel amarillo,,Sin especificar,Sin especificar,Sin especificar,Sin especificar,Sin especificar,Sin especificar,Sin especificar,2018,11,VIERNES,18,Noche,Dias laborables
14.1,1,0,0,6286,03014,Recta,Carretera,Por alcance                                        ,,A-70,Autovía,Estatal,Ascendente,Seco y limpio,Sin luz natural y con iluminación artificial no en,Despejado,,Nivel verde,,No,No,No,Sí,No,No,No,2018,11,LUNES,18,Noche,Dias laborables
,1,1,0,6287,03014,No aplica,Calle,Atropello a personas                               ,,No inventariada,Calle,Municipal,Se desconoce,Seco y limpio,Sin luz natural y con iluminación artificial encen,Despejado,,Nivel verde,,Sin especificar,Sin especificar,Sin especificar,Sin especificar,Sin especificar,Sin especificar,Sin especificar,2018,11,JUEVES,19,Noche,Dias laborables
0.0,1,0,0,6288,03014,Curva señalizada,Carretera,Fronto-lateral                                     ,,A-77a,Autovía,Estatal,Ascendente,Seco y limpio,"Luz del día natural, solar",Despejado,,Nivel blanco,,No,No,Sí,No,No,Sí,No,2018,12,SÁBADO,13,Tarde,Fines de semana
13.6,2,0,0,6289,03014,Recta,Carretera,Por alcance                                        ,,A-70,Autovía,Estatal,Descendente,Seco y limpio,"Luz del día natural, solar",Despejado,,Nivel amarillo,,Sin especificar,Sin especificar,Sin especificar,Sin especificar,Sin especificar,Sin especificar,Sin especificar,2018,12,MIÉRCOLES,5,Madrugada,Dias laborables
0.7,1,0,0,6290,03014,Recta,Carretera,Por alcance                                        ,,No inventariada,Carretera Convencional de doble calzada,Autonómica,Ascendente,Seco y limpio,"Luz del día natural, solar",Despejado,,Nivel amarillo,,Sin especificar,Sin especificar,Sin especificar,Sin especificar,Sin especificar,Sin especificar,Sin especificar,2018,12,MARTES,9,Mañana,Dias laborables
13.7,1,0,0,6291,03014,Recta,Carretera,Por alcance                                        ,,A-70,Autovía,Estatal,Descendente,Seco y limpio,"Luz del día natural, solar",Despejado,,Nivel amarillo,,Sin especificar,Sin especificar,Sin especificar,Sin especificar,Sin especificar,Sin especificar,Sin especificar,2018,12,MIÉRCOLES,9,Mañana,Dias laborables
16.1,1,0,0,6292,03014,Recta,Carretera,Por alcance                                        ,,A-70,Autovía,Estatal,Descendente,Seco y limpio,"Luz del día natural, solar",Despejado,,Nivel amarillo,,Sin especificar,Sin especificar,Sin especificar,Sin especificar,Sin especificar,Sin especificar,Sin especificar,2018,11,VIERNES,15,Tarde,Dias laborables
227.75,1,0,0,6293,03014,Recta,Carretera,Salida de la vía por la izquierda con vuelco       ,,A-31,Autovía,Estatal,Descendente,Seco y limpio,"Luz del día natural, solar",Despejado,,Nivel verde,,Sin especificar,Sin especificar,Sin especificar,Sin especificar,Sin especificar,Sin especificar,Sin especificar,2018,12,MARTES,8,Mañana,Dias laborables
1.2,1,0,0,6294,03014,Recta,Carretera,Por alcance                                        ,,CV-824,Carretera Convencional de calzada única,"Provincial, Cabildo/Consell",Descendente,Seco y limpio,"Luz del día natural, solar",Despejado,,Nivel blanco,,No,No,No,No,Sí,No,No,2018,12,DOMINGO,14,Tarde,Fines de semana
17.4,1,0,0,6295,03014,Recta,Carretera,Salida de la vía por la izquierda con despeñamiento,,A-70,Autovía,Estatal,Ascendente,Seco y limpio,"Luz del día natural, solar",Despejado,,Nivel blanco,,No,No,No,No,No,No,No,2018,12,MARTES,8,Mañana,Dias laborables
16.7,1,0,0,6296,03014,Recta,Carretera,Caída                                              ,,A-70,Autovía,Estatal,Ascendente,Seco y limpio,"Luz del día natural, solar",Despejado,,Nivel blanco,,Sin especificar,Sin especificar,Sin especificar,Sin especificar,Sin especificar,Sin especificar,Sin especificar,2018,12,MARTES,19,Noche,Dias laborables
231.2,1,0,0,6297,03014,Recta,Carretera,Salida de la vía por la derecha con vuelco         ,,A-31,Autovía,Estatal,Ascendente,Seco y limpio,"Luz del día natural, solar",Despejado,,Nivel verde,,Sin especificar,Sin especificar,Sin especificar,Sin especificar,Sin especificar,Sin especificar,Sin especificar,2018,12,LUNES,14,Tarde,Dias laborables
0.5,6,0,0,6298,03014,Recta,Carretera,Múltiple o en caravana                             ,,UNIVERSIDA,Carretera Convencional de doble calzada,Otra,Descendente,Seco y limpio,Sin luz natural y con iluminación artificial encen,Despejado,,Nivel blanco,,Sin especificar,Sin especificar,Sin especificar,Sin especificar,Sin especificar,Sin especificar,Sin especificar,2018,12,SÁBADO,18,Noche,Fines de semana
742.0,1,0,0,6299,03015,Recta,Carretera,Por alcance                                        ,,AP-7,Autopista de peaje,Estatal,Ascendente,Seco y limpio,"Luz del día natural, solar",Despejado,,Nivel rojo,,Sin especificar,Sin especificar,Sin especificar,Sin especificar,Sin especificar,Sin especificar,Sin especificar,2018,1,LUNES,17,Tarde,Dias laborables
0.5,2,0,0,6300,03015,Recta,Carretera,Salida de la vía por la izquierda con colisión     ,,COSTBLANCA,Camino vecinal,Municipal,Ambos,Seco y limpio,Sin luz natural ni artificial,Despejado,,Nivel blanco,,Sin especificar,Sin especificar,Sin especificar,Sin especificar,Sin especificar,Sin especificar,Sin especificar,2018,1,DOMINGO,5,Madrugada,Fines de semana
14.2,0,1,0,6301,03015,Curva sin señalizar,Carretera,Salida de la vía por la izquierda con colisión     ,AP-7,CV-91,Carretera Convencional de calzada única,Autonómica,Ambos,Seco y limpio,"Luz del día natural, solar",Despejado,,Nivel blanco,,No,No,Sí,No,No,Sí,No,2018,2,MARTES,17,Tarde,Dias laborables
6.3,0,1,0,6302,03015,Curva señalizada,Carretera,Frontal                                            ,,CV-940,Carretera Convencional de calzada única,Autonómica,Ambos,Seco y limpio,"Luz del día natural, solar",Nublado,,Nivel blanco,,Sin especificar,Sin especificar,Sin especificar,Sin especificar,Sin especificar,Sin especificar,Sin especificar,2018,3,LUNES,13,Tarde,Dias laborables
11.8,1,0,0,6303,03015,Recta,Carretera,Frontal                                            ,,CV-920,Carretera Convencional de calzada única,Autonómica,Descendente,Seco y limpio,"Luz del día natural, solar",Despejado,,Nivel blanco,,No,No,No,No,No,No,No,2018,3,JUEVES,13,Tarde,Dias laborables
4.7,1,2,0,6304,03015,Recta,Carretera,Frontal                                            ,,CV-912,Carretera Convencional de calzada única,Autonómica,Ascendente,Seco y limpio,"Luz del día natural, solar",Despejado,,Nivel blanco,,Sin especificar,Sin especificar,Sin especificar,Sin especificar,Sin especificar,Sin especificar,Sin especificar,2018,3,MIÉRCOLES,16,Tarde,Dias laborables
10.2,1,0,0,6305,03015,Recta,Carretera,Fronto-lateral                                     ,,CV-920,Carretera Convencional de calzada única,Autonómica,Descendente,Mojado,"Luz del día natural, solar",Lluvia débil,,Nivel blanco,,No,No,No,No,No,No,Sí,2018,4,JUEVES,8,Mañana,Dias laborables
11.35,1,1,1,6306,03015,Recta,Carretera,Frontal                                            ,,CV-91,Carretera Convencional de calzada única,Autonómica,Descendente,Mojado,"Luz del día natural, solar",Lluvia fuerte,,Nivel blanco,,Sin especificar,Sin especificar,Sin especificar,Sin especificar,Sin especificar,Sin especificar,Sin especificar,2018,5,MIÉRCOLES,18,Noche,Dias laborables