KM,TOTAL_HL24H,TOTAL_HG24H,TOTAL_MU24H,id,COD_MUNICIPIO,TRAZADO_PLANTA,ZONA,TIPO_ACCIDENTE,CARRETERA_CRUCE,CARRETERA,TIPO_VIA,TITULARIDAD_VIA,SENTIDO_1F,CONDICION_FIRME,CONDICION_ILUMINACION,CONDICION_METEO,CONDICION_NIEBLA,CONDICION_NIVEL_CIRCULA,CONDICION_VIENTO,PRIORI_AGENTE,PRIORI_CIRCUNSTANCIAL,PRIORI_HORIZ_CEDA,PRIORI_HORIZ_STOP,PRIORI_SEMAFORO,PRIORI_VERT_CEDA,PRIORI_VERT_STOP,ANYO,MES,DIA,HORA,FRANJA_HORARIA,TIPO_DIA
7.8,1,0,0,6307,03015,Recta,Carretera,Por alcance                                        ,,CV-912,Carretera Convencional de calzada única,Autonómica,Ascendente,Seco y limpio,"Luz del día natural, solar",Despejado,,Nivel blanco,,Sin especificar,Sin especificar,Sin especificar,Sin especificar,Sin especificar,Sin especificar,Sin especificar,2018,5,JUEVES,18,Noche,Dias laborables
7.8,1,0,0,6308,03015,Recta,Carretera,Atropello a animales                               ,,CV-920,Carretera Convencional de calzada única,Autonómica,Ascendente,Seco y limpio,"Luz del día natural, solar",Despejado,,Nivel blanco,,Sin especificar,Sin especificar,Sin especificar,Sin especificar,Sin especificar,Sin especificar,Sin especificar,2018,6,VIERNES,9,Mañana,Dias laborables
736.95,3,0,0,6309,03015,Recta,Carretera,Salida de la vía por la derecha otro tipo          ,,AP-7,Autopista de peaje,Estatal,Ascendente,Seco y limpio,"Luz del día natural, solar",Despejado,,Nivel blanco,,Sin especificar,Sin especificar,Sin especificar,Sin especificar,Sin especificar,Sin especificar,Sin especificar,2018,7,JUEVES,14,Tarde,Dias laborables
0.5,1,0,0,6310,03015,Recta,Carretera,Salida de la vía por la derecha otro tipo          ,,CV-902,Carretera Convencional de calzada única,"Provincial, Cabildo/Consell",Descendente,Seco y limpio,"Luz del día natural, solar",Despejado,,Nivel blanco,,Sin especificar,Sin especificar,Sin especificar,Sin especificar,Sin especificar,Sin especificar,Sin especificar,2018,7,LUNES,14,Tarde,Dias laborables
14.9,1,0,0,6311,03015,Curva señalizada,Carretera,Caída                                              ,,CV-91,Carretera Convencional de calzada única,Autonómica,Ascendente,Seco y limpio,"Luz del día natural, solar",Despejado,,Nivel blanco,,No,No,Sí,No,No,Sí,No,2018,7,DOMINGO,16,Tarde,Fines de semana
2.0,1,0,0,6312,03015,Recta,Carretera,Salida de la vía por la derecha con colisión       ,,CV-914,Carretera Convencional de calzada única,Autonómica,Ascendente,Seco y limpio,"Luz del día natural, solar",Despejado,,Nivel blanco,,Sin especificar,Sin especificar,Sin especificar,Sin especificar,Sin especificar,Sin especificar,Sin especificar,2018,7,MARTES,14,Tarde,Dias laborables
0.5,0,1,0,6313,03015,Recta,Carretera,Frontal                                            ,,CV-902,Carretera Convencional de calzada única,"Provincial, Cabildo/Consell",Ambos,Seco y limpio,"Luz del día natural, solar",Despejado,,Nivel blanco,,Sin especificar,Sin especificar,Sin especificar,Sin especificar,Sin especificar,Sin especificar,Sin especificar,2018,7,MARTES,16,Tarde,Dias laborables
14.9,1,0,0,6314,03015,Recta,Carretera,Por alcance                                        ,AP-7,CV-91,Carretera Convencional de calzada única,Autonómica,Descendente,Seco y limpio,"Luz del día natural, solar",Despejado,,Nivel blanco,,No,No,Sí,No,No,Sí,No,2018,7,LUNES,9,Mañana,Dias laborables
14.2,2,0,0,6315,03015,Recta,Carretera,Por alcance                                        ,,CV-91,Carretera Convencional de calzada única,Autonómica,Ascendente,Seco y limpio,"Luz del día natural, solar",Despejado,,Nivel blanco,,Sin especificar,Sin especificar,Sin especificar,Sin especificar,Sin especificar,Sin especificar,Sin especificar,2018,8,VIERNES,16,Tarde,Dias laborables
737.0,3,0,0,6316,03015,Curva señalizada,Carretera,Frontal                                            ,,AP-7,Autopista de peaje,Estatal,Ascendente,Mojado,"Luz del día natural, solar",Lluvia fuerte,,Nivel blanco,,Sin especificar,Sin especificar,Sin especificar,Sin especificar,Sin especificar,Sin especificar,Sin especificar,2018,8,MIÉRCOLES,11,Mañana,Dias laborables
737.5,1,0,0,6317,03015,Recta,Carretera,Salida de la vía por la izquierda con colisión     ,,AP-7,Autopista de peaje,Estatal,Descendente,Seco y limpio,Sin luz natural ni artificial,Despejado,,Nivel blanco,,Sin especificar,Sin especificar,Sin especificar,Sin especificar,Sin especificar,Sin especificar,Sin especificar,2018,8,DOMINGO,6,Mañana,Fines de semana
1.5,1,0,0,6318,03015,Recta,Carretera,Fronto-lateral                                     ,,CV-914,Carretera Convencional de calzada única,Autonómica,Descendente,Seco y limpio,"Amanecer o atardecer, sin luz artificial",Despejado,,Nivel blanco,,Sin especificar,Sin especificar,Sin especificar,Sin especificar,Sin especificar,Sin especificar,Sin especificar,2018,9,MARTES,7,Mañana,Dias laborables
4.9,1,0,0,6319,03015,Recta,Carretera,Fronto-lateral                                     ,,CV-940,Carretera Convencional de calzada única,Autonómica,Descendente,Seco y limpio,"Luz del día natural, solar",Despejado,,Nivel blanco,,Sin especificar,Sin especificar,Sin especificar,Sin especificar,Sin especificar,Sin especificar,Sin especificar,2018,9,JUEVES,12,Tarde,Dias laborables
14.2,3,0,0,6320,03015,Recta,Carretera,Por alcance                                        ,CV-91,CV-91,Carretera Convencional de calzada única,Autonómica,Ascendente,Seco y limpio,"Luz del día natural, solar",Despejado,,Nivel blanco,,No,No,No,No,No,Sí,No,2018,10,MIÉRCOLES,14,Tarde,Dias laborables
7.5,1,0,0,6321,03015,Recta,Carretera,Salida de la vía por la derecha con despeñamiento  ,,CV-940,Carretera Convencional de calzada única,Autonómica,Ascendente,Seco y limpio,"Luz del día natural, solar",Despejado,,Nivel blanco,,Sin especificar,Sin especificar,Sin especificar,Sin especificar,Sin especificar,Sin especificar,Sin especificar,2018,10,JUEVES,10,Mañana,Dias laborables
748.8,0,0,1,6322,03015,Curva sin señalizar,Carretera,Salida de la vía por la derecha con despeñamiento  ,,AP-7,Autopista de peaje,Estatal,Descendente,Seco y limpio,Sin luz natural ni artificial,Despejado,,Nivel blanco,,Sin especificar,Sin especificar,Sin especificar,Sin especificar,Sin especificar,Sin especificar,Sin especificar,2018,11,SÁBADO,22,Noche,Fines de semana
2.7,3,0,0,6323,03015,Recta,Carretera,Fronto-lateral                                     ,,CV-914,Carretera Convencional de calzada única,Autonómica,Ascendente,Seco y limpio,Sin luz natural ni artificial,Despejado,,Nivel blanco,,Sin especificar,Sin especificar,Sin especificar,Sin especificar,Sin especificar,Sin especificar,Sin especificar,2018,12,DOMINGO,20,Noche,Fines de semana
13.0,2,0,0,6324,03015,Recta,Carretera,Lateral                                            ,,CV-91,Carretera Convencional de calzada única,Autonómica,Ascendente,Seco y limpio,Sin luz natural ni artificial,Despejado,Niebla ligera,Nivel blanco,,Sin especificar,Sin especificar,Sin especificar,Sin especificar,Sin especificar,Sin especificar,Sin especificar,2018,12,MARTES,21,Noche,Dias laborables
13.0,1,0,0,6325,03015,Recta,Carretera,Múltiple o en caravana                             ,,No inventariada,Carretera Convencional de calzada única,Autonómica,Descendente,Seco y limpio,"Luz del día natural, solar",Despejado,,Nivel blanco,,Sin especificar,Sin especificar,Sin especificar,Sin especificar,Sin especificar,Sin especificar,Sin especificar,2018,12,LUNES,12,Tarde,Dias laborables
1.0,1,0,0,6326,00000,Curva sin señalizar,Carretera,Vuelco                                             ,,No inventariada,Camino vecinal,Municipal,Ascendente,Mojado,Sin luz natural ni artificial,Lluvia débil,,Nivel blanco,,Sin especificar,Sin especificar,Sin especificar,Sin especificar,Sin especificar,Sin especificar,Sin especificar,2018,9,MIÉRCOLES,22,Noche,Dias laborables
161.0,1,0,0,6327,03018,Recta,Carretera,Por alcance                                        ,,N-332,Carretera Convencional de calzada única,Estatal,Ambos,Seco y limpio,"Luz del día natural, solar",Despejado,,Nivel verde,,Sin especificar,Sin especificar,Sin especificar,Sin especificar,Sin especificar,Sin especificar,Sin especificar,2018,2,MARTES,9,Mañana,Dias laborables
162.7,1,0,0,6328,03018,Curva señalizada,Carretera,Fronto-lateral                                     ,,N-332,Carretera Convencional de calzada única,Estatal,Ambos,Seco y limpio,Sin luz natural ni artificial,Despejado,,Sin especificar,,Sin especificar,Sin especificar,Sin especificar,Sin especificar,Sin especificar,Sin especificar,Sin especificar,2018,3,MARTES,22,Noche,Dias laborables
,1,0,0,6329,03018,No aplica,Calle,Atropello a personas                               ,,No inventariada,Calle,Municipal,Se desconoce,Mojado,"Luz del día natural, solar",Nublado,,Sin especificar,,Sin especificar,Sin especificar,Sin especificar,Sin especificar,Sin especificar,Sin especificar,Sin especificar,2018,3,JUEVES,7,Mañana,Dias laborables
,0,1,0,6330,03018,No aplica,Calle,Fronto-lateral                                     ,,No inventariada,Calle,Municipal,Se desconoce,Seco y limpio,"Luz del día natural, solar",Despejado,,Sin especificar,,No,No,No,No,No,No,Sí,2018,3,JUEVES,13,Tarde,Dias laborables
160.75,0,1,0,6331,03018,Recta,Carretera,Por alcance                                        ,,N-332,Carretera Convencional de calzada única,Estatal,Descendente,Seco y limpio,"Luz del día natural, solar",Despejado,,Nivel amarillo,,Sin especificar,Sin especificar,Sin especificar,Sin especificar,Sin especificar,Sin especificar,Sin especificar,2018,3,JUEVES,12,Tarde,Dias laborables
155.6,1,0,0,6332,03018,Recta,Carretera,Por alcance                                        ,,N-332,Carretera Convencional de calzada única,Estatal,Ascendente,Seco y limpio,"Luz del día natural, solar",Despejado,,Nivel verde,,No,No,No,No,Sí,No,No,2018,5,SÁBADO,10,Mañana,Fines de semana
163.35,1,0,0,6333,03018,Recta,Carretera,Salida de la vía por la derecha con vuelco         ,,N-332,Carretera Convencional de calzada única,Estatal,Descendente,Seco y limpio,"Luz del día natural, solar",Despejado,,Nivel blanco,,Sin especificar,Sin especificar,Sin especificar,Sin especificar,Sin especificar,Sin especificar,Sin especificar,2018,5,LUNES,16,Tarde,Dias laborables
164.6,3,0,0,6334,03018,Curva sin señalizar,Carretera,Lateral                                            ,,N-332,Carretera Convencional de calzada única,Estatal,Ambos,Seco y limpio,"Luz del día natural, solar",Despejado,,Nivel verde,,Sin especificar,Sin especificar,Sin especificar,Sin especificar,Sin especificar,Sin especificar,Sin especificar,2018,5,MARTES,14,Tarde,Dias laborables
634.3,1,0,0,6335,03018,Recta,Carretera,Salida de la vía por la derecha con colisión       ,,AP-7,Autopista de peaje,Estatal,Descendente,Seco y limpio,"Luz del día natural, solar",Despejado,,Nivel blanco,,Sin especificar,Sin especificar,Sin especificar,Sin especificar,Sin especificar,Sin especificar,Sin especificar,2018,6,VIERNES,19,Noche,Dias laborables
154.65,1,0,0,6336,03018,Recta,Carretera,Por alcance                                        ,,N-332,Carretera Convencional de calzada única,Estatal,Ascendente,Seco y limpio,"Luz del día natural, solar",Despejado,,Nivel verde,,Sin especificar,Sin especificar,Sin especificar,Sin especificar,Sin especificar,Sin especificar,Sin especificar,2018,6,VIERNES,16,Tarde,Dias laborables
155.5,1,0,0,6337,03018,Recta,Carretera,Múltiple o en caravana                             ,,N-332,Carretera Convencional de calzada única,Estatal,Descendente,Seco y limpio,"Luz del día natural, solar",Despejado,,Sin especificar,,Sin especificar,Sin especificar,Sin especificar,Sin especificar,Sin especificar,Sin especificar,Sin especificar,2018,6,MIÉRCOLES,9,Mañana,Dias laborables
20.4,1,0,0,6338,03018,Curva señalizada,Carretera,Atropello a personas                               ,,CV-755,Carretera Convencional de calzada única,Autonómica,Descendente,Seco y limpio,"Luz del día natural, solar",Despejado,,Nivel blanco,,Sin especificar,Sin especificar,Sin especificar,Sin especificar,Sin especificar,Sin especificar,Sin especificar,2018,6,DOMINGO,14,Tarde,Fines de semana
162.4,1,0,0,6339,03018,Curva señalizada,Carretera,Fronto-lateral                                     ,N-332,N-332,Carretera Convencional de calzada única,Estatal,Descendente,Seco y limpio,"Luz del día natural, solar",Despejado,,Nivel blanco,,No,No,No,No,No,No,Sí,2018,7,JUEVES,9,Mañana,Dias laborables
164.3,5,0,0,6340,03018,Recta,Carretera,Por alcance                                        ,,N-332,Carretera Convencional de calzada única,Estatal,Descendente,Seco y limpio,"Luz del día natural, solar",Despejado,,Nivel blanco,,Sin especificar,Sin especificar,Sin especificar,Sin especificar,Sin especificar,Sin especificar,Sin especificar,2018,7,LUNES,17,Tarde,Dias laborables
154.8,1,0,0,6341,03018,Recta,Carretera,Fronto-lateral                                     ,,N-332,Carretera Convencional de calzada única,Estatal,Descendente,Seco y limpio,"Luz del día natural, solar",Despejado,,Nivel blanco,,No,No,No,No,No,No,No,2018,7,DOMINGO,15,Tarde,Fines de semana
164.1,1,0,0,6342,03018,Curva sin señalizar,Carretera,Múltiple o en caravana                             ,,N-332,Carretera Convencional de calzada única,Estatal,Ambos,Seco y limpio,"Luz del día natural, solar",Despejado,,Nivel blanco,,Sin especificar,Sin especificar,Sin especificar,Sin especificar,Sin especificar,Sin especificar,Sin especificar,2018,8,JUEVES,20,Noche,Dias laborables
640.9,3,0,0,6343,03018,Recta,Carretera,Por alcance                                        ,,AP-7,Autopista de peaje,Estatal,Descendente,Seco y limpio,"Luz del día natural, solar",Despejado,,Nivel blanco,,Sin especificar,Sin especificar,Sin especificar,Sin especificar,Sin especificar,Sin especificar,Sin especificar,2018,8,VIERNES,9,Mañana,Dias laborables
638.0,5,0,0,6344,03018,Curva sin señalizar,Carretera,Fronto-lateral                                     ,,AP-7,Autopista de peaje,Estatal,Ambos,Mojado,"Luz del día natural, solar",Nublado,,Nivel blanco,,Sin especificar,Sin especificar,Sin especificar,Sin especificar,Sin especificar,Sin especificar,Sin especificar,2018,9,SÁBADO,9,Mañana,Fines de semana
19.0,1,0,0,6345,03018,Curva señalizada,Carretera,Salida de la vía por la izquierda con vuelco       ,,CV-755,Carretera Convencional de calzada única,Autonómica,Descendente,Seco y limpio,"Luz del día natural, solar",Despejado,,Nivel blanco,,Sin especificar,Sin especificar,Sin especificar,Sin especificar,Sin especificar,Sin especificar,Sin especificar,2018,9,VIERNES,18,Noche,Dias laborables
,2,0,0,6346,03018,No aplica,Calle,Por alcance                                        ,,No inventariada,Calle,Estatal,Se desconoce,Seco y limpio,"Luz del día natural, solar",Despejado,,Nivel rojo,,Sin especificar,Sin especificar,Sin especificar,Sin especificar,Sin especificar,Sin especificar,Sin especificar,2018,10,DOMINGO,12,Tarde,Fines de semana
155.35,2,0,0,6347,03018,Recta,Carretera,Múltiple o en caravana                             ,,N-332,Carretera Convencional de calzada única,Estatal,Descendente,Seco y limpio,Sin luz natural y con iluminación artificial encen,Despejado,,Nivel blanco,,No,No,No,No,Sí,No,No,2018,10,DOMINGO,22,Noche,Fines de semana
154.5,1,0,0,6348,03018,Recta,Carretera,Lateral                                            ,,N-332,Carretera Convencional de calzada única,Estatal,Ascendente,Seco y limpio,"Luz del día natural, solar",Despejado,,Nivel blanco,,Sin especificar,Sin especificar,Sin especificar,Sin especificar,Sin especificar,Sin especificar,Sin especificar,2018,10,JUEVES,17,Tarde,Dias laborables
155.1,1,0,0,6349,03018,Recta,Carretera,Lateral                                            ,N-332,N-332,Carretera Convencional de calzada única,Estatal,Ascendente,Seco y limpio,"Luz del día natural, solar",Despejado,,Nivel blanco,,No,No,No,No,No,No,No,2018,10,VIERNES,17,Tarde,Dias laborables
,1,0,0,6350,03018,No aplica,Calle,Por alcance                                        ,,No inventariada,Calle,Municipal,Se desconoce,Seco y limpio,"Luz del día natural, solar",Despejado,,Sin especificar,,Sin especificar,Sin especificar,Sin especificar,Sin especificar,Sin especificar,Sin especificar,Sin especificar,2018,10,DOMINGO,12,Tarde,Fines de semana
,1,1,0,6351,03018,No aplica,Calle,Atropello a personas                               ,,No inventariada,Calle,Municipal,Se desconoce,Seco y limpio,Sin luz natural y con iluminación artificial encen,Despejado,,Nivel verde,,No,No,No,No,No,No,No,2018,10,JUEVES,20,Noche,Dias laborables
,1,0,0,6352,03018,No aplica,Calle,Atropello a personas                               ,,No inventariada,Calle,Municipal,Se desconoce,Seco y limpio,"Luz del día natural, solar",Despejado,,Se desconoce,,Sin especificar,Sin especificar,Sin especificar,Sin especificar,Sin especificar,Sin especificar,Sin especificar,2018,12,LUNES,9,Mañana,Dias laborables
,1,0,0,6353,03018,No aplica,Calle,Fronto-lateral                                     ,,No inventariada,Calle,Municipal,Se desconoce,Seco y limpio,"Luz del día natural, solar",Despejado,,Se desconoce,,No,No,No,Sí,No,No,Sí,2018,12,MARTES,12,Tarde,Dias laborables
164.1,1,0,0,6354,03018,Recta,Carretera,"Salida de la vía por la izquierda, otro tipo       ",,N-332,Carretera Convencional de calzada única,Estatal,Descendente,Seco y limpio,"Luz del día natural, solar",Despejado,,Nivel blanco,,No,No,No,No,No,No,No,2018,12,DOMINGO,16,Tarde,Fines de semana
12.8,1,1,0,6355,03019,Curva señalizada,Carretera,Fronto-lateral                                     ,,N-325,Carretera Convencional de calzada única,Estatal,Ascendente,Seco y limpio,"Luz del día natural, solar",Despejado,,Nivel blanco,,Sin especificar,Sin especificar,Sin especificar,Sin especificar,Sin especificar,Sin especificar,Sin especificar,2018,1,DOMINGO,17,Tarde,Fines de semana
0.9,1,0,0,6356,03019,Recta,Carretera,Fronto-lateral                                     ,,CV-825,Carretera Convencional de doble calzada,Autonómica,Ascendente,Seco y limpio,Sin luz natural ni artificial,Despejado,,Nivel blanco,,No,No,No,No,No,No,Sí,2018,1,LUNES,12,Tarde,Dias laborables
0.0,1,0,0,6357,03019,Recta,Carretera,Frontal                                            ,,No inventariada,Camino vecinal,Municipal,Ascendente,Seco y limpio,"Luz del día natural, solar",Despejado,,Nivel blanco,,Sin especificar,Sin especificar,Sin especificar,Sin especificar,Sin especificar,Sin especificar,Sin especificar,2018,2,SÁBADO,17,Tarde,Fines de semana
4.0,1,0,0,6358,03019,Curva señalizada,Carretera,Salida de la vía por la derecha con vuelco         ,,CV-847,Carretera Convencional de calzada única,"Provincial, Cabildo/Consell",Descendente,Seco y limpio,"Luz del día natural, solar",Despejado,,Nivel blanco,,Sin especificar,Sin especificar,Sin especificar,Sin especificar,Sin especificar,Sin especificar,Sin especificar,2018,3,MIÉRCOLES,10,Mañana,Dias laborables
11.7,1,0,0,6359,03019,Curva señalizada,Carretera,Salida de la vía por la derecha otro tipo          ,,N-325,Carretera Convencional de calzada única,Estatal,Ascendente,Seco y limpio,"Luz del día natural, solar",Despejado,,Nivel blanco,,Sin especificar,Sin especificar,Sin especificar,Sin especificar,Sin especificar,Sin especificar,Sin especificar,2018,4,DOMINGO,11,Mañana,Fines de semana
2.8,1,0,0,6360,03019,Curva señalizada,Carretera,Caída                                              ,,CV-84,Carretera Convencional de doble calzada,Autonómica,Ascendente,Mojado,"Luz del día natural, solar",Nublado,,Nivel verde,,No,No,No,No,No,Sí,No,2018,4,VIERNES,20,Noche,Dias laborables
13.85,6,0,0,6361,03019,Curva señalizada,Carretera,Salida de la vía por la derecha con colisión       ,,N-325,Carretera Convencional de calzada única,Estatal,Descendente,Seco y limpio,"Luz del día natural, solar",Despejado,,Nivel blanco,,Sin especificar,Sin especificar,Sin especificar,Sin especificar,Sin especificar,Sin especificar,Sin especificar,2018,5,SÁBADO,9,Mañana,Fines de semana
6.0,2,0,0,6362,03019,Curva señalizada,Carretera,Fronto-lateral                                     ,,N-325,Carretera Convencional de calzada única,Estatal,Ascendente,Seco y limpio,"Amanecer o atardecer, sin luz artificial",Despejado,,Nivel blanco,,No,No,Sí,No,No,Sí,No,2018,8,SÁBADO,6,Mañana,Fines de semana
3.5,1,0,0,6363,03019,Recta,Carretera,"Salida de la vía por la izquierda, otro tipo       ",,CV-847,Carretera Convencional de calzada única,"Provincial, Cabildo/Consell",Descendente,Seco y limpio,"Luz del día natural, solar",Despejado,,Nivel blanco,,Sin especificar,Sin especificar,Sin especificar,Sin especificar,Sin especificar,Sin especificar,Sin especificar,2018,8,LUNES,15,Tarde,Dias laborables
2.8,1,0,0,6364,03019,Recta,Carretera,Fronto-lateral                                     ,,CV-84,Carretera Convencional de doble calzada,Autonómica,Ascendente,Seco y limpio,"Luz del día natural, solar",Despejado,,Nivel blanco,,No,No,Sí,No,No,Sí,No,2018,8,SÁBADO,12,Tarde,Fines de semana
11.1,2,0,0,6365,03019,Curva señalizada,Carretera,Salida de la vía por la derecha otro tipo          ,,N-325,Carretera Convencional de calzada única,Estatal,Descendente,Mojado,"Luz del día natural, solar",Lluvia débil,,Nivel blanco,,Sin especificar,Sin especificar,Sin especificar,Sin especificar,Sin especificar,Sin especificar,Sin especificar,2018,9,SÁBADO,13,Tarde,Fines de semana
9.6,0,1,0,6366,03019,Recta,Carretera,Atropello a personas                               ,,N-325,Carretera Convencional de calzada única,Estatal,Descendente,Seco y limpio,Sin luz natural ni artificial,Despejado,,Nivel blanco,,Sin especificar,Sin especificar,Sin especificar,Sin especificar,Sin especificar,Sin especificar,Sin especificar,2018,9,VIERNES,22,Noche,Dias laborables
4.0,1,0,0,6367,03019,Recta,Carretera,Salida de la vía por la izquierda con vuelco       ,,CV-846,Carretera Convencional de calzada única,"Provincial, Cabildo/Consell",Descendente,Seco y limpio,Sin luz natural ni artificial,Despejado,,Nivel blanco,,Sin especificar,Sin especificar,Sin especificar,Sin especificar,Sin especificar,Sin especificar,Sin especificar,2018,11,MARTES,22,Noche,Dias laborables
,1,0,0,6368,03021,No aplica,Calle,Por alcance                                        ,,No inventariada,Calle,Municipal,Se desconoce,Seco y limpio,"Amanecer o atardecer, con luz artificial",Despejado,,Nivel verde,,No,No,Sí,No,No,Sí,No,2018,3,MARTES,7,Mañana,Dias laborables
,1,0,0,6369,03021,No aplica,Calle,Atropello a personas                               ,,No inventariada,Calle,Municipal,Se desconoce,Seco y limpio,"Luz del día natural, solar",Despejado,,Nivel blanco,,No,No,No,No,No,No,No,2018,7,DOMINGO,13,Tarde,Fines de semana
9.4,1,0,0,6370,03021,Curva señalizada,Carretera,Salida de la vía por la derecha con colisión       ,,CV-803,Carretera Convencional de calzada única,"Provincial, Cabildo/Consell",Descendente,Seco y limpio,"Luz del día natural, solar",Despejado,,Nivel blanco,,Sin especificar,Sin especificar,Sin especificar,Sin especificar,Sin especificar,Sin especificar,Sin especificar,2018,9,DOMINGO,9,Mañana,Fines de semana
,1,0,0,6371,03021,No aplica,Calle,Fronto-lateral                                     ,,No inventariada,Calle,Municipal,Se desconoce,Seco y limpio,"Luz del día natural, solar",Despejado,,Nivel blanco,,No,No,No,No,No,No,Sí,2018,9,VIERNES,18,Noche,Dias laborables
24.6,1,0,0,6372,03021,Recta,Carretera,Por alcance                                        ,,CV-81,Carretera Convencional de doble calzada,Autonómica,Ascendente,Mojado,Sin luz natural y con iluminación artificial no en,Nublado,Niebla intensa,Nivel blanco,,Sin especificar,Sin especificar,Sin especificar,Sin especificar,Sin especificar,Sin especificar,Sin especificar,2018,11,LUNES,6,Mañana,Dias laborables
0.0,1,0,0,6373,00000,Curva señalizada,Carretera,Salida de la vía por la derecha con vuelco         ,CV-81,CV-7950,Carretera Convencional de calzada única,"Provincial, Cabildo/Consell",Ascendente,Mojado,"Luz del día natural, solar",Lluvia débil,,Nivel blanco,,No,No,No,No,No,Sí,No,2018,1,MIÉRCOLES,9,Mañana,Dias laborables
31.3,2,0,0,6374,00000,Recta,Carretera,Lateral                                            ,,CV-81,Carretera Convencional de doble calzada,Autonómica,Ascendente,Mojado,"Luz del día natural, solar",Nublado,,Nivel blanco,,No,No,No,No,No,Sí,No,2018,3,VIERNES,17,Tarde,Dias laborables
0.0,1,0,0,6375,00000,Curva sin señalizar,Carretera,Salida de la vía por la derecha otro tipo          ,,CV-7940,Carretera Convencional de calzada única,"Provincial, Cabildo/Consell",Ambos,Otra,"Luz del día natural, solar",Despejado,,Nivel blanco,,No,No,Sí,Sí,No,Sí,Sí,2018,7,MARTES,8,Mañana,Dias laborables
28.5,2,0,0,6376,00000,Curva señalizada,Carretera,"Salida de la vía por la izquierda, otro tipo       ",,CV-81,Carretera Convencional de calzada única,Autonómica,Descendente,Seco y limpio,Sin luz natural ni artificial,Despejado,,Nivel blanco,,Sin especificar,Sin especificar,Sin especificar,Sin especificar,Sin especificar,Sin especificar,Sin especificar,2018,8,VIERNES,16,Tarde,Dias laborables
2.6,2,0,0,6377,00000,Recta,Carretera,Frontal                                            ,,No inventariada,Camino vecinal,Municipal,Ascendente,Seco y limpio,Sin luz natural ni artificial,Despejado,,Nivel blanco,,Sin especificar,Sin especificar,Sin especificar,Sin especificar,Sin especificar,Sin especificar,Sin especificar,2018,12,SÁBADO,7,Mañana,Fines de semana
8.0,1,0,0,6378,03024,Curva señalizada,Carretera,Por alcance                                        ,CV-914,CV-91,Carretera Convencional de calzada única,Autonómica,Descendente,Seco y limpio,"Luz del día natural, solar",Despejado,,Nivel blanco,,No,No,No,No,No,Sí,No,2018,1,SÁBADO,13,Tarde,Fines de semana
8.0,2,0,0,6379,03024,Recta,Carretera,Fronto-lateral                                     ,CV-914,CV-91,Carretera Convencional de calzada única,Autonómica,Ascendente,Seco y limpio,"Luz del día natural, solar",Despejado,,Nivel blanco,,No,No,No,No,No,Sí,No,2018,4,MARTES,8,Mañana,Dias laborables
4.1,3,0,0,6380,03024,Curva señalizada,Carretera,Fronto-lateral                                     ,CV-920,CV-920,Carretera Convencional de calzada única,Autonómica,Ascendente,Seco y limpio,Sin luz natural ni artificial,Despejado,,Nivel blanco,,No,No,No,No,No,Sí,No,2018,6,MIÉRCOLES,23,Noche,Dias laborables
7.5,1,0,0,6381,03024,Recta,Carretera,Por alcance                                        ,,CV-91,Carretera Convencional de calzada única,Autonómica,Descendente,Seco y limpio,"Luz del día natural, solar",Nublado,,Nivel blanco,,Sin especificar,Sin especificar,Sin especificar,Sin especificar,Sin especificar,Sin especificar,Sin especificar,2018,11,MARTES,9,Mañana,Dias laborables
0.1,1,0,0,6382,03024,Recta,Carretera,Salida de la vía por la derecha con colisión       ,,VEREDA,Camino vecinal,Municipal,Ascendente,Seco y limpio,Sin luz natural y con iluminación artificial encen,Despejado,,Nivel blanco,,Sin especificar,Sin especificar,Sin especificar,Sin especificar,Sin especificar,Sin especificar,Sin especificar,2018,12,MARTES,22,Noche,Dias laborables
0.9,1,0,0,6383,00000,Curva sin señalizar,Carretera,Salida de la vía por la derecha con vuelco         ,,No inventariada,Camino vecinal,Municipal,Ascendente,Mojado,"Luz del día natural, solar",Lluvia fuerte,,Nivel blanco,,Sin especificar,Sin especificar,Sin especificar,Sin especificar,Sin especificar,Sin especificar,Sin especificar,2018,4,MIÉRCOLES,14,Tarde,Dias laborables
7.5,1,0,0,6384,00000,Curva señalizada,Carretera,Fronto-lateral                                     ,CV-732,CV-731,Carretera Convencional de calzada única,"Provincial, Cabildo/Consell",Descendente,Seco y limpio,"Luz del día natural, solar",Despejado,,Nivel blanco,,No,No,No,No,No,Sí,No,2018,4,MIÉRCOLES,10,Mañana,Dias laborables
8.2,2,0,0,6385,00000,Curva sin señalizar,Carretera,Salida de la vía por la derecha con vuelco         ,,CV-729,Carretera Convencional de calzada única,"Provincial, Cabildo/Consell",Descendente,Seco y limpio,"Amanecer o atardecer, sin luz artificial",Despejado,,Sin especificar,,Sin especificar,Sin especificar,Sin especificar,Sin especificar,Sin especificar,Sin especificar,Sin especificar,2018,8,SÁBADO,6,Mañana,Fines de semana
7.5,1,0,0,6386,00000,Recta,Carretera,Fronto-lateral                                     ,,CV-731,Carretera Convencional de calzada única,"Provincial, Cabildo/Consell",Ascendente,Seco y limpio,"Luz del día natural, solar",Despejado,,Nivel verde,,No,No,No,Sí,No,No,No,2018,12,VIERNES,12,Tarde,Dias laborables