KM,TOTAL_HL24H,TOTAL_HG24H,TOTAL_MU24H,id,COD_MUNICIPIO,TRAZADO_PLANTA,ZONA,TIPO_ACCIDENTE,CARRETERA_CRUCE,CARRETERA,TIPO_VIA,TITULARIDAD_VIA,SENTIDO_1F,CONDICION_FIRME,CONDICION_ILUMINACION,CONDICION_METEO,CONDICION_NIEBLA,CONDICION_NIVEL_CIRCULA,CONDICION_VIENTO,PRIORI_AGENTE,PRIORI_CIRCUNSTANCIAL,PRIORI_HORIZ_CEDA,PRIORI_HORIZ_STOP,PRIORI_SEMAFORO,PRIORI_VERT_CEDA,PRIORI_VERT_STOP,ANYO,MES,DIA,HORA,FRANJA_HORARIA,TIPO_DIA
,1,0,0,6899,03063,No aplica,Calle,Caída                                              ,,No inventariada,Calle,Municipal,Se desconoce,Mojado,"Luz del día natural, solar",Lluvia débil,,Nivel verde,,Sin especificar,Sin especificar,Sin especificar,Sin especificar,Sin especificar,Sin especificar,Sin especificar,2018,8,VIERNES,10,Mañana,Dias laborables
,1,0,0,6900,03063,No aplica,Calle,Por alcance                                        ,,No inventariada,Calle,Municipal,Se desconoce,Seco y limpio,"Luz del día natural, solar",Despejado,,Nivel amarillo,,No,No,No,No,No,No,No,2018,8,LUNES,9,Mañana,Dias laborables
1.0,2,0,0,6901,03063,Recta,Carretera,Atropello a personas                               ,,CV-736,Carretera Convencional de calzada única,Municipal,Descendente,Seco y limpio,"Luz del día natural, solar",Despejado,,Nivel verde,,Sin especificar,Sin especificar,Sin especificar,Sin especificar,Sin especificar,Sin especificar,Sin especificar,2018,9,MIÉRCOLES,14,Tarde,Dias laborables
,1,0,0,6902,03063,No aplica,Calle,Lateral                                            ,,No inventariada,Calle,Municipal,Se desconoce,Con barro o gravilla suelta,"Luz del día natural, solar",Despejado,,Nivel blanco,,No,No,No,No,No,No,No,2018,9,JUEVES,11,Mañana,Dias laborables
,1,0,1,6903,03063,No aplica,Calle,Atropello a personas                               ,,No inventariada,Calle,Municipal,Se desconoce,Seco y limpio,"Luz del día natural, solar",Nublado,,Nivel blanco,,Sin especificar,Sin especificar,Sin especificar,Sin especificar,Sin especificar,Sin especificar,Sin especificar,2018,9,MIÉRCOLES,14,Tarde,Dias laborables
,1,0,0,6904,03063,No aplica,Calle,Caída                                              ,,No inventariada,Calle,Municipal,Se desconoce,Seco y limpio,"Luz del día natural, solar",Despejado,,Nivel blanco,,No,No,No,No,No,No,No,2018,3,VIERNES,16,Tarde,Dias laborables
6.7,1,0,0,6905,03063,Curva sin señalizar,Carretera,Por alcance                                        ,,CV-730,Carretera Convencional de calzada única,"Provincial, Cabildo/Consell",Ascendente,Seco y limpio,"Luz del día natural, solar",Despejado,,Nivel verde,,Sin especificar,Sin especificar,Sin especificar,Sin especificar,Sin especificar,Sin especificar,Sin especificar,2018,10,MIÉRCOLES,8,Mañana,Dias laborables
4.0,1,0,0,6906,03063,Recta,Carretera,Salida de la vía por la derecha otro tipo          ,,CV-730,Carretera Convencional de calzada única,"Provincial, Cabildo/Consell",Ascendente,Seco y limpio,Sin luz natural y con iluminación artificial encen,Despejado,,Nivel blanco,,No,No,No,No,No,No,No,2018,10,JUEVES,23,Noche,Dias laborables
,1,0,0,6907,03063,No aplica,Calle,Fronto-lateral                                     ,,No inventariada,Calle,Municipal,Se desconoce,Seco y limpio,"Luz del día natural, solar",Despejado,,Nivel blanco,,No,No,No,Sí,No,No,Sí,2018,10,LUNES,11,Mañana,Dias laborables
,0,1,0,6908,03063,No aplica,Calle,Atropello a personas                               ,,No inventariada,Calle,Municipal,Se desconoce,Seco y limpio,Sin luz natural y con iluminación artificial encen,Despejado,,Nivel blanco,,No,No,No,No,No,No,No,2018,3,MARTES,22,Noche,Dias laborables
,1,0,0,6909,03063,No aplica,Calle,Fronto-lateral                                     ,,No inventariada,Calle,Municipal,Se desconoce,Seco y limpio,"Luz del día natural, solar",Despejado,,Nivel amarillo,,No,No,No,No,No,No,Sí,2018,11,JUEVES,13,Tarde,Dias laborables
5.5,1,0,0,6910,03063,Curva señalizada,Carretera,Salida de la vía por la izquierda con colisión     ,,CV-723,Carretera Convencional de calzada única,"Provincial, Cabildo/Consell",Descendente,Seco y limpio,Sin luz natural ni artificial,Despejado,,Nivel blanco,,No,No,No,No,No,No,No,2018,11,MIÉRCOLES,4,Madrugada,Dias laborables
6.9,1,0,0,6911,03063,Recta,Carretera,Por alcance                                        ,,CV-725,Carretera Convencional de calzada única,Autonómica,Ascendente,Mojado,Sin luz natural y con iluminación artificial encen,Lluvia fuerte,,Nivel blanco,,No,No,Sí,No,No,Sí,No,2018,11,DOMINGO,23,Noche,Fines de semana
6.8,1,0,0,6912,03063,Recta,Carretera,Salida de la vía por la derecha con vuelco         ,,CV-735,Carretera Convencional de calzada única,"Provincial, Cabildo/Consell",Descendente,Seco y limpio,"Luz del día natural, solar",Despejado,,Nivel blanco,,Sin especificar,Sin especificar,Sin especificar,Sin especificar,Sin especificar,Sin especificar,Sin especificar,2018,11,VIERNES,11,Mañana,Dias laborables
,1,0,0,6913,03063,No aplica,Calle,Fronto-lateral                                     ,,No inventariada,Calle,Municipal,Se desconoce,Seco y limpio,"Luz del día natural, solar",Despejado,,Nivel blanco,,No,No,No,No,No,Sí,No,2018,10,DOMINGO,13,Tarde,Fines de semana
1.1,1,0,0,6914,03063,Recta,Carretera,Por alcance                                        ,,CV-678,Carretera Convencional de calzada única,"Provincial, Cabildo/Consell",Descendente,Seco y limpio,"Luz del día natural, solar",Despejado,,Nivel blanco,,Sin especificar,Sin especificar,Sin especificar,Sin especificar,Sin especificar,Sin especificar,Sin especificar,2018,12,MARTES,15,Tarde,Dias laborables
,2,0,0,6915,03063,No aplica,Calle,Lateral                                            ,,No inventariada,Calle,Municipal,Se desconoce,Seco y limpio,"Luz del día natural, solar",Despejado,,Nivel blanco,,Sin especificar,Sin especificar,Sin especificar,Sin especificar,Sin especificar,Sin especificar,Sin especificar,2018,12,MARTES,9,Mañana,Dias laborables
2.51,1,0,0,6916,03063,Curva señalizada,Carretera,Salida de la vía por la derecha con colisión       ,,CV-736,Carretera Convencional de calzada única,Municipal,Ascendente,Mojado,"Luz del día natural, solar",Despejado,,Nivel blanco,,Sin especificar,Sin especificar,Sin especificar,Sin especificar,Sin especificar,Sin especificar,Sin especificar,2018,12,JUEVES,9,Mañana,Dias laborables
,1,0,0,6917,03063,No aplica,Calle,Caída                                              ,,No inventariada,Calle,Municipal,Se desconoce,Con barro o gravilla suelta,"Luz del día natural, solar",Despejado,,Nivel amarillo,,Sin especificar,Sin especificar,Sin especificar,Sin especificar,Sin especificar,Sin especificar,Sin especificar,2018,11,MIÉRCOLES,14,Tarde,Dias laborables
4.9,2,0,0,6918,03063,Curva sin señalizar,Carretera,Salida de la vía por la derecha otro tipo          ,,CV-725,Carretera Convencional de calzada única,Autonómica,Ascendente,Seco y limpio,"Luz del día natural, solar",Despejado,,Nivel blanco,,Sin especificar,Sin especificar,Sin especificar,Sin especificar,Sin especificar,Sin especificar,Sin especificar,2018,12,MARTES,10,Mañana,Dias laborables
,0,1,0,6919,03063,No aplica,Calle,Fronto-lateral                                     ,,No inventariada,Calle,Municipal,Se desconoce,Seco y limpio,"Luz del día natural, solar",Despejado,,Nivel amarillo,,No,No,No,No,Sí,No,No,2018,11,DOMINGO,16,Tarde,Fines de semana
1.0,1,0,0,6920,03064,Recta,Carretera,Por alcance                                        ,,CV9206,Carretera Convencional de calzada única,Autonómica,Descendente,Seco y limpio,"Luz del día natural, solar",Despejado,,Nivel amarillo,,Sin especificar,Sin especificar,Sin especificar,Sin especificar,Sin especificar,Sin especificar,Sin especificar,2018,1,LUNES,16,Tarde,Dias laborables
1.7,1,0,0,6921,03064,Recta,Carretera,Salida de la vía por la derecha con colisión       ,,CV-9206,Carretera Convencional de calzada única,Autonómica,Ambos,Seco y limpio,"Luz del día natural, solar",Despejado,,Nivel blanco,,Sin especificar,Sin especificar,Sin especificar,Sin especificar,Sin especificar,Sin especificar,Sin especificar,2018,5,VIERNES,14,Tarde,Dias laborables
15.45,1,0,0,6922,03064,Recta,Carretera,Fronto-lateral                                     ,CV-858,CV-855,Carretera Convencional de calzada única,Autonómica,Ascendente,Seco y limpio,"Luz del día natural, solar",Despejado,,Nivel verde,,No,No,No,No,No,No,No,2018,7,JUEVES,9,Mañana,Dias laborables
16.7,1,0,0,6923,03064,Curva señalizada,Carretera,Por alcance                                        ,,CV-855,Carretera Convencional de calzada única,Autonómica,Ascendente,Seco y limpio,Sin luz natural y con iluminación artificial encen,Despejado,,Nivel blanco,,No,No,No,No,No,No,No,2018,7,DOMINGO,2,Madrugada,Fines de semana
0.5,1,0,0,6924,03064,Recta,Carretera,Por alcance                                        ,,CV-9206,Carretera Convencional de calzada única,Autonómica,Ascendente,Seco y limpio,"Luz del día natural, solar",Despejado,,Nivel blanco,,Sí,No,No,No,No,No,No,2018,10,MIÉRCOLES,8,Mañana,Dias laborables
,1,0,0,6925,03065,No aplica,Calle,Salida de la vía por la derecha con colisión       ,,No inventariada,Otro,Municipal,Se desconoce,Seco y limpio,"Amanecer o atardecer, sin luz artificial",Despejado,,Nivel blanco,,No,No,No,Sí,No,No,Sí,2018,1,LUNES,8,Mañana,Dias laborables
,1,0,0,6926,03065,No aplica,Calle,Atropello a personas                               ,,No inventariada,Calle,Municipal,Se desconoce,Seco y limpio,"Luz del día natural, solar",Despejado,,Sin especificar,,Sin especificar,Sin especificar,Sin especificar,Sin especificar,Sin especificar,Sin especificar,Sin especificar,2018,1,MIÉRCOLES,18,Noche,Dias laborables
,1,0,0,6927,03065,No aplica,Calle,Por alcance                                        ,,No inventariada,Calle,Municipal,Se desconoce,Seco y limpio,Sin luz natural y con iluminación artificial encen,Despejado,,Sin especificar,,Sin especificar,Sin especificar,Sin especificar,Sin especificar,Sin especificar,Sin especificar,Sin especificar,2018,1,JUEVES,18,Noche,Dias laborables
8.8,2,0,0,6928,03065,Recta,Carretera,Salida de la vía por la derecha con vuelco         ,,CV-853,Carretera Convencional de calzada única,"Provincial, Cabildo/Consell",Ascendente,Seco y limpio,"Luz del día natural, solar",Despejado,,Nivel blanco,,Sin especificar,Sin especificar,Sin especificar,Sin especificar,Sin especificar,Sin especificar,Sin especificar,2018,1,LUNES,10,Mañana,Dias laborables
,2,0,0,6929,03065,No aplica,Calle,Salida de la vía por la izquierda con vuelco       ,,No inventariada,Calle,Municipal,Se desconoce,Seco y limpio,Sin luz natural ni artificial,Despejado,,Sin especificar,,Sin especificar,Sin especificar,Sin especificar,Sin especificar,Sin especificar,Sin especificar,Sin especificar,2018,1,SÁBADO,18,Noche,Fines de semana
,1,0,0,6930,03065,No aplica,Calle,Caída                                              ,,No inventariada,Calle,Municipal,Se desconoce,Otra,"Luz del día natural, solar",Despejado,,Sin especificar,,Sin especificar,Sin especificar,Sin especificar,Sin especificar,Sin especificar,Sin especificar,Sin especificar,2018,1,VIERNES,10,Mañana,Dias laborables
518.8,1,0,0,6931,03065,Recta,Carretera,Salida de la vía por la derecha otro tipo          ,,A-7,Autovía,Estatal,Ascendente,Seco y limpio,"Luz del día natural, solar",Despejado,,Nivel blanco,,Sin especificar,Sin especificar,Sin especificar,Sin especificar,Sin especificar,Sin especificar,Sin especificar,2018,1,SÁBADO,14,Tarde,Fines de semana
,1,0,0,6932,03065,No aplica,Calle,Atropello a personas                               ,,No inventariada,Calle,Municipal,Se desconoce,Seco y limpio,"Luz del día natural, solar",Despejado,,Sin especificar,,No,No,No,No,No,No,No,2018,1,MARTES,9,Mañana,Dias laborables
0.7,5,0,0,6933,03065,Recta,Carretera,Fronto-lateral                                     ,,CV-865,Carretera Convencional de doble calzada,Autonómica,Ascendente,Seco y limpio,Sin luz natural ni artificial,Despejado,,Nivel blanco,,No,No,No,Sí,No,No,No,2018,1,SÁBADO,1,Madrugada,Fines de semana
,1,0,0,6934,03065,No aplica,Calle,Por alcance                                        ,,No inventariada,Calle,Municipal,Se desconoce,Seco y limpio,"Luz del día natural, solar",Despejado,,Sin especificar,,No,No,No,No,Sí,No,No,2018,1,VIERNES,12,Tarde,Dias laborables
729.5,1,0,0,6935,03065,Recta,Carretera,Atropello a personas                               ,,N-340,Carretera Convencional de calzada única,Estatal,Ascendente,Seco y limpio,"Luz del día natural, solar",Despejado,,Nivel blanco,,Sin especificar,Sin especificar,Sin especificar,Sin especificar,Sin especificar,Sin especificar,Sin especificar,2018,1,VIERNES,9,Mañana,Dias laborables
,1,0,0,6936,03065,No aplica,Calle,Fronto-lateral                                     ,,No inventariada,Calle,Municipal,Se desconoce,Seco y limpio,"Luz del día natural, solar",Despejado,,Nivel blanco,,No,No,No,No,Sí,No,No,2018,1,MIÉRCOLES,11,Mañana,Dias laborables
,1,0,0,6937,03065,No aplica,Calle,Fronto-lateral                                     ,,No inventariada,Calle,Municipal,Se desconoce,Seco y limpio,"Luz del día natural, solar",Despejado,,Sin especificar,,No,No,Sí,No,No,Sí,No,2018,1,MIÉRCOLES,17,Tarde,Dias laborables
,2,0,0,6938,03065,No aplica,Calle,Fronto-lateral                                     ,,No inventariada,Calle,Municipal,Se desconoce,Seco y limpio,"Luz del día natural, solar",Despejado,,Sin especificar,,No,No,Sí,No,No,Sí,No,2018,1,MIÉRCOLES,15,Tarde,Dias laborables
6.4,1,0,0,6939,03065,Recta,Carretera,Lateral                                            ,N-340,CV-849,Carretera Convencional de calzada única,"Provincial, Cabildo/Consell",Descendente,Seco y limpio,"Luz del día natural, solar",Despejado,,Nivel blanco,,No,No,No,No,No,No,Sí,2018,1,LUNES,9,Mañana,Dias laborables
,0,1,0,6940,03065,No aplica,Calle,Fronto-lateral                                     ,,No inventariada,Calle,Municipal,Se desconoce,Seco y limpio,"Luz del día natural, solar",Despejado,,Nivel blanco,,No,No,Sí,No,No,Sí,No,2018,1,JUEVES,12,Tarde,Dias laborables
,0,1,0,6941,03065,No aplica,Calle,Lateral                                            ,,No inventariada,Calle,Municipal,Se desconoce,Seco y limpio,Sin luz natural y con iluminación artificial encen,Despejado,,Nivel blanco,,No,No,No,No,Sí,No,No,2018,1,VIERNES,22,Noche,Dias laborables
,1,0,0,6942,03065,No aplica,Calle,Atropello a personas                               ,,No inventariada,Calle,Municipal,Se desconoce,Mojado,Sin luz natural y con iluminación artificial encen,Lluvia débil,,Sin especificar,,Sin especificar,Sin especificar,Sin especificar,Sin especificar,Sin especificar,Sin especificar,Sin especificar,2018,1,LUNES,7,Mañana,Dias laborables
,3,0,0,6943,03065,No aplica,Calle,Fronto-lateral                                     ,,No inventariada,Calle,Municipal,Se desconoce,Seco y limpio,Sin luz natural y con iluminación artificial encen,Despejado,,Sin especificar,,No,No,No,No,Sí,No,No,2018,1,DOMINGO,18,Noche,Fines de semana
,1,0,0,6944,03065,No aplica,Calle,Caída                                              ,,No inventariada,Calle,Municipal,Se desconoce,Seco y limpio,Sin luz natural y con iluminación artificial encen,Despejado,,Sin especificar,,Sin especificar,Sin especificar,Sin especificar,Sin especificar,Sin especificar,Sin especificar,Sin especificar,2018,1,JUEVES,21,Noche,Dias laborables
,1,0,0,6945,03065,No aplica,Calle,Atropello a personas                               ,,No inventariada,Calle,Municipal,Se desconoce,Seco y limpio,"Luz del día natural, solar",Despejado,,Sin especificar,,Sin especificar,Sin especificar,Sin especificar,Sin especificar,Sin especificar,Sin especificar,Sin especificar,2018,1,LUNES,14,Tarde,Dias laborables
,1,0,0,6946,03065,No aplica,Calle,Caída                                              ,,No inventariada,Calle,Municipal,Se desconoce,Mojado,"Luz del día natural, solar",Lluvia débil,,Nivel blanco,,No,No,No,Sí,No,No,Sí,2018,1,LUNES,9,Mañana,Dias laborables
,1,0,0,6947,03065,No aplica,Calle,Por alcance                                        ,,No inventariada,Calle,Municipal,Se desconoce,Seco y limpio,"Amanecer o atardecer, con luz artificial",Despejado,,Sin especificar,,Sin especificar,Sin especificar,Sin especificar,Sin especificar,Sin especificar,Sin especificar,Sin especificar,2018,1,MIÉRCOLES,17,Tarde,Dias laborables
18.0,1,0,0,6948,03065,Curva señalizada,Carretera,Por alcance                                        ,A-70,EL-20,Carretera Convencional de doble calzada,Otra,Ascendente,Seco y limpio,"Luz del día natural, solar",Despejado,,Nivel blanco,,No,No,Sí,No,No,Sí,No,2018,1,MIÉRCOLES,10,Mañana,Dias laborables
,1,0,0,6949,03065,No aplica,Calle,Fronto-lateral                                     ,,No inventariada,Calle,Municipal,Se desconoce,Seco y limpio,"Luz del día natural, solar",Despejado,,Sin especificar,,No,No,Sí,No,No,Sí,No,2018,1,JUEVES,15,Tarde,Dias laborables
,1,0,0,6950,03065,No aplica,Calle,Fronto-lateral                                     ,,No inventariada,Calle,Municipal,Se desconoce,Seco y limpio,Sin luz natural y con iluminación artificial encen,Despejado,,Sin especificar,,No,No,Sí,No,No,Sí,No,2018,1,MIÉRCOLES,7,Mañana,Dias laborables
,1,0,0,6951,03065,No aplica,Calle,Fronto-lateral                                     ,,No inventariada,Calle,Municipal,Se desconoce,Seco y limpio,"Luz del día natural, solar",Despejado,,Sin especificar,,No,No,No,No,No,Sí,No,2018,1,MARTES,14,Tarde,Dias laborables
,1,0,0,6952,03065,No aplica,Calle,Atropello a personas                               ,,No inventariada,Calle,Municipal,Se desconoce,Seco y limpio,Sin luz natural y con iluminación artificial encen,Despejado,,Nivel blanco,,No,No,No,No,No,Sí,No,2018,1,MIÉRCOLES,20,Noche,Dias laborables
,1,0,0,6953,03065,No aplica,Calle,Lateral                                            ,,No inventariada,Calle,Municipal,Se desconoce,Seco y limpio,Sin luz natural y con iluminación artificial encen,Despejado,,Nivel blanco,,No,No,Sí,No,No,Sí,No,2018,1,LUNES,22,Noche,Dias laborables
,1,0,0,6954,03065,No aplica,Calle,Caída                                              ,,No inventariada,Calle,Municipal,Se desconoce,Seco y limpio,"Luz del día natural, solar",Despejado,,Sin especificar,,Sin especificar,Sin especificar,Sin especificar,Sin especificar,Sin especificar,Sin especificar,Sin especificar,2018,1,SÁBADO,10,Mañana,Fines de semana
,1,0,0,6955,03065,No aplica,Calle,Frontal                                            ,,No inventariada,Vía de servicio,Municipal,Se desconoce,Seco y limpio,Sin luz natural y con iluminación artificial encen,Despejado,,Nivel blanco,,Sin especificar,Sin especificar,Sin especificar,Sin especificar,Sin especificar,Sin especificar,Sin especificar,2018,1,MIÉRCOLES,18,Noche,Dias laborables
,1,0,0,6956,03065,No aplica,Calle,Atropello a personas                               ,,No inventariada,Calle,Municipal,Se desconoce,Seco y limpio,Sin luz natural y con iluminación artificial encen,Despejado,,Nivel blanco,,No,No,Sí,No,No,No,No,2018,1,VIERNES,21,Noche,Dias laborables
726.7,1,0,0,6957,03065,Recta,Carretera,"Salida de la vía por la izquierda, otro tipo       ",,N-340,Carretera Convencional de doble calzada,Estatal,Descendente,Seco y limpio,Sin luz natural y con iluminación artificial encen,Despejado,,Nivel blanco,,Sin especificar,Sin especificar,Sin especificar,Sin especificar,Sin especificar,Sin especificar,Sin especificar,2018,1,VIERNES,19,Noche,Dias laborables
,1,0,0,6958,03065,No aplica,Calle,Fronto-lateral                                     ,,No inventariada,Calle,Municipal,Se desconoce,Seco y limpio,Sin luz natural y con iluminación artificial encen,Despejado,,Nivel blanco,,No,No,Sí,No,No,Sí,No,2018,1,MIÉRCOLES,19,Noche,Dias laborables
,1,1,0,6959,03065,No aplica,Calle,Por alcance                                        ,,No inventariada,Calle,Municipal,Se desconoce,Seco y limpio,"Luz del día natural, solar",Despejado,,Sin especificar,,No,No,No,No,No,No,No,2018,1,MIÉRCOLES,11,Mañana,Dias laborables
,1,0,0,6960,03065,No aplica,Calle,Atropello a personas                               ,,No inventariada,Calle,Municipal,Se desconoce,Seco y limpio,"Luz del día natural, solar",Despejado,,Sin especificar,,Sin especificar,Sin especificar,Sin especificar,Sin especificar,Sin especificar,Sin especificar,Sin especificar,2018,1,MIÉRCOLES,9,Mañana,Dias laborables
,1,0,0,6961,03065,No aplica,Calle,Lateral                                            ,,No inventariada,Calle,Municipal,Se desconoce,Seco y limpio,Sin luz natural y con iluminación artificial encen,Despejado,,Sin especificar,,No,No,No,No,No,No,No,2018,1,VIERNES,21,Noche,Dias laborables
,1,0,0,6962,03065,No aplica,Calle,Atropello a personas                               ,,No inventariada,Calle,Municipal,Se desconoce,Seco y limpio,"Luz del día natural, solar",Despejado,,Nivel blanco,,No,No,No,No,No,No,No,2018,1,DOMINGO,14,Tarde,Fines de semana
,1,0,0,6963,03065,No aplica,Calle,Caída                                              ,,No inventariada,Calle,Municipal,Se desconoce,Seco y limpio,"Luz del día natural, solar",Despejado,,Nivel blanco,,No,No,Sí,No,No,Sí,No,2018,1,VIERNES,9,Mañana,Dias laborables
,1,0,0,6964,03065,No aplica,Calle,Fronto-lateral                                     ,,No inventariada,Calle,Municipal,Se desconoce,Seco y limpio,"Luz del día natural, solar",Despejado,,Nivel blanco,,No,No,Sí,No,No,Sí,No,2018,1,VIERNES,8,Mañana,Dias laborables
,2,0,0,6965,03065,No aplica,Calle,Fronto-lateral                                     ,,No inventariada,Calle,Municipal,Se desconoce,Seco y limpio,"Luz del día natural, solar",Despejado,,Nivel blanco,,No,No,No,Sí,No,No,No,2018,1,SÁBADO,9,Mañana,Fines de semana
3.7,1,0,0,6966,03065,Recta,Carretera,Por alcance                                        ,,N-338,Carretera Convencional de calzada única,Estatal,Descendente,Seco y limpio,"Luz del día natural, solar",Despejado,,Nivel blanco,,Sin especificar,Sin especificar,Sin especificar,Sin especificar,Sin especificar,Sin especificar,Sin especificar,2018,1,MIÉRCOLES,9,Mañana,Dias laborables
523.5,1,0,0,6967,03065,Recta,Carretera,Lateral                                            ,,A-7,Autovía,Estatal,Descendente,Seco y limpio,"Luz del día natural, solar",Despejado,,Nivel blanco,,Sin especificar,Sin especificar,Sin especificar,Sin especificar,Sin especificar,Sin especificar,Sin especificar,2018,1,VIERNES,9,Mañana,Dias laborables
,1,0,0,6968,03065,No aplica,Calle,Salida de la vía por la derecha con colisión       ,,No inventariada,Calle,Municipal,Se desconoce,Seco y limpio,Sin luz natural y con iluminación artificial encen,Despejado,,Nivel blanco,,No,No,Sí,No,No,Sí,No,2018,1,LUNES,22,Noche,Dias laborables
24.2,4,0,0,6969,03065,Recta,Carretera,Por alcance                                        ,,A-70,Autovía,Estatal,Ascendente,Seco y limpio,Sin luz natural ni artificial,Despejado,,Nivel blanco,,Sin especificar,Sin especificar,Sin especificar,Sin especificar,Sin especificar,Sin especificar,Sin especificar,2018,1,JUEVES,19,Noche,Dias laborables
,1,0,0,6970,03065,No aplica,Calle,Fronto-lateral                                     ,,No inventariada,Calle,Municipal,Se desconoce,Seco y limpio,"Luz del día natural, solar",Despejado,,Nivel blanco,,No,No,No,No,No,No,No,2018,1,VIERNES,15,Tarde,Dias laborables
,1,0,0,6971,03065,No aplica,Calle,Fronto-lateral                                     ,,No inventariada,Calle,Municipal,Se desconoce,Seco y limpio,"Luz del día natural, solar",Despejado,,Sin especificar,,No,No,No,No,No,Sí,No,2018,1,SÁBADO,13,Tarde,Fines de semana
,0,1,0,6972,03065,No aplica,Calle,Atropello a personas                               ,,No inventariada,Calle,Municipal,Se desconoce,Seco y limpio,"Luz del día natural, solar",Despejado,,Sin especificar,,No,No,No,No,Sí,No,No,2018,2,JUEVES,8,Mañana,Dias laborables
,2,0,0,6973,03065,No aplica,Calle,Salida de la vía por la izquierda con colisión     ,,No inventariada,Calle,Municipal,Se desconoce,Mojado,"Luz del día natural, solar",Nublado,,Sin especificar,,No,No,No,No,Sí,No,No,2018,2,JUEVES,8,Mañana,Dias laborables
,2,0,0,6974,03065,No aplica,Calle,Por alcance                                        ,,No inventariada,Calle,Municipal,Se desconoce,Seco y limpio,"Luz del día natural, solar",Despejado,,Sin especificar,,No,No,No,No,No,No,No,2018,1,MIÉRCOLES,13,Tarde,Dias laborables
,2,0,0,6975,03065,No aplica,Calle,Fronto-lateral                                     ,,No inventariada,Calle,Municipal,Se desconoce,Seco y limpio,"Luz del día natural, solar",Nublado,,Sin especificar,,Sin especificar,Sin especificar,Sin especificar,Sin especificar,Sin especificar,Sin especificar,Sin especificar,2018,2,JUEVES,9,Mañana,Dias laborables
2.4,2,0,0,6976,03065,Recta,Carretera,Fronto-lateral                                     ,,CV-851,Carretera Convencional de calzada única,"Provincial, Cabildo/Consell",Ascendente,Seco y limpio,"Luz del día natural, solar",Despejado,,Nivel blanco,,No,No,No,No,No,No,Sí,2018,1,MIÉRCOLES,14,Tarde,Dias laborables
,1,0,0,6977,03065,No aplica,Calle,Atropello a personas                               ,,No inventariada,Calle,Municipal,Se desconoce,Seco y limpio,Sin luz natural y con iluminación artificial encen,Despejado,,Nivel blanco,,Sin especificar,Sin especificar,Sin especificar,Sin especificar,Sin especificar,Sin especificar,Sin especificar,2018,2,VIERNES,23,Noche,Dias laborables
,1,0,0,6978,03065,No aplica,Calle,Atropello a personas                               ,,No inventariada,Calle,Municipal,Se desconoce,Seco y limpio,Sin luz natural y con iluminación artificial encen,Despejado,,Nivel blanco,,No,No,No,No,No,Sí,No,2018,1,MIÉRCOLES,23,Noche,Dias laborables
,0,1,0,6979,03065,No aplica,Calle,Frontal                                            ,CV-849,No inventariada,Calle,Municipal,Se desconoce,Seco y limpio,"Luz del día natural, solar",Despejado,,Sin especificar,,No,No,No,No,No,No,No,2018,1,MARTES,8,Mañana,Dias laborables
,1,0,0,6980,03065,No aplica,Calle,Caída                                              ,,No inventariada,Calle,Municipal,Se desconoce,Mojado,Sin luz natural y con iluminación artificial encen,Lluvia fuerte,,Nivel blanco,,Sin especificar,Sin especificar,Sin especificar,Sin especificar,Sin especificar,Sin especificar,Sin especificar,2018,1,DOMINGO,4,Madrugada,Fines de semana
,1,0,0,6981,03065,No aplica,Calle,Por alcance                                        ,,No inventariada,Calle,Municipal,Se desconoce,Mojado,"Luz del día natural, solar",Nublado,,Sin especificar,,Sin especificar,Sin especificar,Sin especificar,Sin especificar,Sin especificar,Sin especificar,Sin especificar,2018,2,LUNES,9,Mañana,Dias laborables
,1,0,0,6982,03065,No aplica,Calle,Fronto-lateral                                     ,,No inventariada,Calle,Municipal,Se desconoce,Seco y limpio,"Luz del día natural, solar",Despejado,,Sin especificar,,No,No,No,No,Sí,No,No,2018,1,LUNES,12,Tarde,Dias laborables
,1,0,0,6983,03065,No aplica,Calle,Lateral                                            ,,No inventariada,Calle,Municipal,Se desconoce,Seco y limpio,"Luz del día natural, solar",Despejado,,Sin especificar,,No,No,No,No,No,No,No,2018,2,DOMINGO,11,Mañana,Fines de semana
,1,0,0,6984,03065,No aplica,Calle,Atropello a personas                               ,,No inventariada,Calle,Municipal,Se desconoce,Seco y limpio,"Luz del día natural, solar",Despejado,,Sin especificar,,No,No,No,No,No,Sí,No,2018,2,JUEVES,11,Mañana,Dias laborables
,4,0,0,6985,03065,No aplica,Calle,Fronto-lateral                                     ,,No inventariada,Calle,Municipal,Se desconoce,Seco y limpio,"Amanecer o atardecer, con luz artificial",Despejado,,Sin especificar,,No,No,Sí,No,No,Sí,No,2018,2,MIÉRCOLES,18,Noche,Dias laborables
8.0,1,0,0,6986,03065,Recta,Carretera,Salida de la vía por la izquierda con colisión     ,,CV-851,Carretera Convencional de calzada única,"Provincial, Cabildo/Consell",Ascendente,Seco y limpio,"Luz del día natural, solar",Despejado,,Nivel blanco,,Sin especificar,Sin especificar,Sin especificar,Sin especificar,Sin especificar,Sin especificar,Sin especificar,2018,2,SÁBADO,11,Mañana,Fines de semana
,2,0,0,6987,03065,No aplica,Calle,Por alcance                                        ,,No inventariada,Calle,Municipal,Se desconoce,Seco y limpio,"Luz del día natural, solar",Despejado,,Sin especificar,,Sin especificar,Sin especificar,Sin especificar,Sin especificar,Sin especificar,Sin especificar,Sin especificar,2018,2,SÁBADO,14,Tarde,Fines de semana
,3,0,0,6988,03065,No aplica,Calle,Fronto-lateral                                     ,,No inventariada,Calle,Municipal,Se desconoce,Seco y limpio,Sin luz natural y con iluminación artificial encen,Despejado,,Sin especificar,,No,No,Sí,No,No,Sí,No,2018,2,SÁBADO,22,Noche,Fines de semana