KM,TOTAL_HL24H,TOTAL_HG24H,TOTAL_MU24H,id,COD_MUNICIPIO,TRAZADO_PLANTA,ZONA,TIPO_ACCIDENTE,CARRETERA_CRUCE,CARRETERA,TIPO_VIA,TITULARIDAD_VIA,SENTIDO_1F,CONDICION_FIRME,CONDICION_ILUMINACION,CONDICION_METEO,CONDICION_NIEBLA,CONDICION_NIVEL_CIRCULA,CONDICION_VIENTO,PRIORI_AGENTE,PRIORI_CIRCUNSTANCIAL,PRIORI_HORIZ_CEDA,PRIORI_HORIZ_STOP,PRIORI_SEMAFORO,PRIORI_VERT_CEDA,PRIORI_VERT_STOP,ANYO,MES,DIA,HORA,FRANJA_HORARIA,TIPO_DIA
,2,0,0,7527,03065,No aplica,Calle,Por alcance                                        ,,No inventariada,Calle,Municipal,Se desconoce,Seco y limpio,Sin luz natural y con iluminación artificial encen,Despejado,,Sin especificar,,Sin especificar,Sin especificar,Sin especificar,Sin especificar,Sin especificar,Sin especificar,Sin especificar,2018,10,SÁBADO,21,Noche,Fines de semana
,1,0,0,7528,03065,No aplica,Calle,Atropello a personas                               ,,No inventariada,Calle,Municipal,Se desconoce,Seco y limpio,"Luz del día natural, solar",Despejado,,Sin especificar,,No,No,Sí,No,No,No,No,2018,8,MARTES,11,Mañana,Dias laborables
,1,0,0,7529,03065,No aplica,Calle,Fronto-lateral                                     ,,No inventariada,Calle,Municipal,Se desconoce,Mojado,"Luz del día natural, solar",Lluvia débil,,Nivel blanco,,No,No,Sí,No,No,Sí,No,2018,10,LUNES,12,Tarde,Dias laborables
,1,0,0,7530,03065,No aplica,Calle,Fronto-lateral                                     ,,No inventariada,Calle,Municipal,Se desconoce,Seco y limpio,"Luz del día natural, solar",Despejado,,Sin especificar,,No,No,No,No,No,No,Sí,2018,10,MIÉRCOLES,14,Tarde,Dias laborables
8.0,1,0,0,7531,03065,Recta,Carretera,Lateral                                            ,,CV-865,Carretera Convencional de calzada única,Autonómica,Ascendente,Seco y limpio,"Luz del día natural, solar",Despejado,,Nivel blanco,,No,No,No,No,No,No,No,2018,10,SÁBADO,10,Mañana,Fines de semana
5.68,1,0,0,7532,03065,Recta,Carretera,Atropello a personas                               ,,CV-853,Carretera Convencional de calzada única,"Provincial, Cabildo/Consell",Ascendente,Seco y limpio,Sin luz natural y con iluminación artificial encen,Despejado,,Nivel blanco,,Sin especificar,Sin especificar,Sin especificar,Sin especificar,Sin especificar,Sin especificar,Sin especificar,2018,10,DOMINGO,0,Madrugada,Fines de semana
,1,0,0,7533,03065,No aplica,Calle,Fronto-lateral                                     ,,No inventariada,Calle,Municipal,Se desconoce,Seco y limpio,"Luz del día natural, solar",Despejado,,Sin especificar,,No,No,Sí,No,No,Sí,No,2018,9,MARTES,11,Mañana,Dias laborables
,1,0,0,7534,03065,No aplica,Calle,Atropello a personas                               ,,No inventariada,Calle,Municipal,Se desconoce,Seco y limpio,"Luz del día natural, solar",Despejado,,Sin especificar,,No,No,No,No,Sí,No,No,2018,9,MIÉRCOLES,11,Mañana,Dias laborables
,1,0,0,7535,03065,No aplica,Calle,Frontal                                            ,,No inventariada,Calle,Municipal,Se desconoce,Seco y limpio,"Luz del día natural, solar",Despejado,,Sin especificar,,No,No,No,Sí,No,No,Sí,2018,9,JUEVES,13,Tarde,Dias laborables
,2,0,0,7536,03065,No aplica,Calle,Fronto-lateral                                     ,,No inventariada,Calle,Municipal,Se desconoce,Seco y limpio,"Luz del día natural, solar",Despejado,,Sin especificar,,No,No,No,No,Sí,No,No,2018,9,JUEVES,12,Tarde,Dias laborables
731.1,1,0,0,7537,03065,Curva señalizada,Carretera,Lateral                                            ,,N-340,Carretera Convencional de calzada única,Estatal,Ascendente,Seco y limpio,"Luz del día natural, solar",Despejado,,Nivel blanco,,No,No,Sí,No,No,Sí,No,2018,10,VIERNES,9,Mañana,Dias laborables
,1,0,0,7538,03065,No aplica,Calle,Atropello a personas                               ,,No inventariada,Calle,Municipal,Se desconoce,Seco y limpio,"Luz del día natural, solar",Despejado,,Sin especificar,,Sin especificar,Sin especificar,Sin especificar,Sin especificar,Sin especificar,Sin especificar,Sin especificar,2018,9,SÁBADO,12,Tarde,Fines de semana
8.6,0,1,0,7539,03065,Curva señalizada,Carretera,Fronto-lateral                                     ,CV-851,CV-865,Carretera Convencional de calzada única,Autonómica,Ascendente,Seco y limpio,"Luz del día natural, solar",Despejado,,Nivel blanco,,No,No,No,No,No,Sí,No,2018,10,VIERNES,9,Mañana,Dias laborables
,1,0,0,7540,03065,No aplica,Calle,Fronto-lateral                                     ,,No inventariada,Otro,Municipal,Se desconoce,Seco y limpio,"Luz del día natural, solar",Despejado,,Nivel blanco,,Sin especificar,Sin especificar,Sin especificar,Sin especificar,Sin especificar,Sin especificar,Sin especificar,2018,8,JUEVES,15,Tarde,Dias laborables
,1,0,0,7541,03065,No aplica,Calle,Por alcance                                        ,,No inventariada,Recinto delimitado,Municipal,Se desconoce,Seco y limpio,"Luz del día natural, solar",Despejado,,Sin especificar,,Sin especificar,Sin especificar,Sin especificar,Sin especificar,Sin especificar,Sin especificar,Sin especificar,2018,9,SÁBADO,9,Mañana,Fines de semana
,1,0,0,7542,03065,No aplica,Calle,Atropello a personas                               ,,No inventariada,Calle,Municipal,Se desconoce,Seco y limpio,"Luz del día natural, solar",Despejado,,Sin especificar,,No,No,No,No,No,No,No,2018,10,JUEVES,13,Tarde,Dias laborables
,1,0,0,7543,03065,No aplica,Calle,Por alcance                                        ,,No inventariada,Calle,Municipal,Se desconoce,Seco y limpio,"Luz del día natural, solar",Despejado,,Sin especificar,,Sin especificar,Sin especificar,Sin especificar,Sin especificar,Sin especificar,Sin especificar,Sin especificar,2018,9,MIÉRCOLES,11,Mañana,Dias laborables
,1,0,0,7544,03065,No aplica,Calle,Fronto-lateral                                     ,,No inventariada,Calle,Municipal,Se desconoce,Seco y limpio,Sin luz natural y con iluminación artificial encen,Despejado,,Sin especificar,,No,No,Sí,No,No,No,No,2018,10,JUEVES,7,Mañana,Dias laborables
,1,0,0,7545,03065,No aplica,Calle,Otro tipo de accidente                             ,,No inventariada,Calle,Municipal,Se desconoce,Seco y limpio,"Luz del día natural, solar",Despejado,,Nivel blanco,,Sin especificar,Sin especificar,Sin especificar,Sin especificar,Sin especificar,Sin especificar,Sin especificar,2018,9,MIÉRCOLES,16,Tarde,Dias laborables
,1,0,0,7546,03065,No aplica,Calle,Fronto-lateral                                     ,,No inventariada,Calle,Municipal,Se desconoce,Seco y limpio,"Amanecer o atardecer, con luz artificial",Despejado,,Sin especificar,,No,No,No,No,No,Sí,No,2018,10,SÁBADO,19,Noche,Fines de semana
1.2,2,2,0,7547,03065,Recta,Carretera,Por alcance                                        ,,CV-851,Carretera Convencional de calzada única,"Provincial, Cabildo/Consell",Descendente,Seco y limpio,"Luz del día natural, solar",Nublado,,Nivel blanco,,Sin especificar,Sin especificar,Sin especificar,Sin especificar,Sin especificar,Sin especificar,Sin especificar,2018,10,DOMINGO,12,Tarde,Fines de semana
,1,0,0,7548,03065,No aplica,Calle,Lateral                                            ,,No inventariada,Calle,Municipal,Se desconoce,Seco y limpio,Sin luz natural y con iluminación artificial encen,Despejado,,Nivel blanco,,Sin especificar,Sin especificar,Sin especificar,Sin especificar,Sin especificar,Sin especificar,Sin especificar,2018,9,SÁBADO,22,Noche,Fines de semana
,1,0,0,7549,03065,No aplica,Calle,Salida de la vía por la derecha con vuelco         ,,No inventariada,Otro,"Provincial, Cabildo/Consell",Se desconoce,Seco y limpio,Sin luz natural ni artificial,Despejado,,Nivel blanco,,Sin especificar,Sin especificar,Sin especificar,Sin especificar,Sin especificar,Sin especificar,Sin especificar,2018,10,VIERNES,1,Madrugada,Dias laborables
,1,0,0,7550,03065,No aplica,Calle,Fronto-lateral                                     ,,No inventariada,Calle,Municipal,Se desconoce,Seco y limpio,"Luz del día natural, solar",Despejado,,Sin especificar,,No,No,No,No,No,No,No,2018,10,VIERNES,13,Tarde,Dias laborables
14.5,1,0,0,7551,03065,Curva señalizada,Carretera,Por alcance                                        ,CV-86,CV-86,Carretera Convencional de doble calzada,Autonómica,Ascendente,Seco y limpio,"Luz del día natural, solar",Despejado,,Nivel blanco,,No,No,No,No,No,Sí,No,2018,10,MIÉRCOLES,18,Noche,Dias laborables
,1,0,0,7552,03065,No aplica,Calle,Fronto-lateral                                     ,,No inventariada,Calle,Municipal,Se desconoce,Seco y limpio,"Amanecer o atardecer, con luz artificial",Despejado,,Sin especificar,,No,No,No,No,No,Sí,No,2018,10,MARTES,6,Mañana,Dias laborables
,1,0,0,7553,03065,No aplica,Calle,Por alcance                                        ,,No inventariada,Vía de servicio,Municipal,Se desconoce,Mojado,"Luz del día natural, solar",Nublado,,Sin especificar,,Sin especificar,Sin especificar,Sin especificar,Sin especificar,Sin especificar,Sin especificar,Sin especificar,2018,10,MARTES,10,Mañana,Dias laborables
,1,0,0,7554,03065,No aplica,Calle,Lateral                                            ,,No inventariada,Calle,Municipal,Se desconoce,Mojado,"Luz del día natural, solar",Lluvia débil,,Sin especificar,,Sin especificar,Sin especificar,Sin especificar,Sin especificar,Sin especificar,Sin especificar,Sin especificar,2018,10,MARTES,11,Mañana,Dias laborables
,2,0,0,7555,03065,No aplica,Calle,Por alcance                                        ,,No inventariada,Calle,Municipal,Se desconoce,Seco y limpio,"Luz del día natural, solar",Despejado,,Sin especificar,,No,No,No,No,No,Sí,No,2018,9,MIÉRCOLES,13,Tarde,Dias laborables
,1,0,0,7556,03065,No aplica,Calle,Atropello a personas                               ,,No inventariada,Calle,Municipal,Se desconoce,Seco y limpio,"Luz del día natural, solar",Despejado,,Sin especificar,,Sin especificar,Sin especificar,Sin especificar,Sin especificar,Sin especificar,Sin especificar,Sin especificar,2018,10,MIÉRCOLES,19,Noche,Dias laborables
,1,0,0,7557,03065,No aplica,Calle,Fronto-lateral                                     ,,No inventariada,Otro,Municipal,Se desconoce,Seco y limpio,"Luz del día natural, solar",Despejado,,Sin especificar,,No,No,No,No,No,No,Sí,2018,10,MARTES,9,Mañana,Dias laborables
,1,0,0,7558,03065,No aplica,Calle,Caída                                              ,,No inventariada,Calle,Municipal,Se desconoce,Seco y limpio,"Luz del día natural, solar",Despejado,,Sin especificar,,Sin especificar,Sin especificar,Sin especificar,Sin especificar,Sin especificar,Sin especificar,Sin especificar,2018,10,JUEVES,14,Tarde,Dias laborables
,1,0,0,7559,03065,No aplica,Calle,Fronto-lateral                                     ,,No inventariada,Calle,Municipal,Se desconoce,Seco y limpio,"Luz del día natural, solar",Despejado,,Sin especificar,,No,No,Sí,No,No,Sí,No,2018,10,MIÉRCOLES,15,Tarde,Dias laborables
97.8,1,0,0,7560,03065,Recta,Carretera,Lateral                                            ,,N-332,Carretera Convencional de calzada única,Estatal,Descendente,Mojado,"Luz del día natural, solar",Lluvia débil,,Nivel blanco,,No,No,No,No,No,No,No,2018,10,DOMINGO,13,Tarde,Fines de semana
,1,0,0,7561,03065,No aplica,Calle,Atropello a personas                               ,,No inventariada,Calle,Municipal,Se desconoce,Seco y limpio,"Luz del día natural, solar",Nublado,,Nivel blanco,,Sin especificar,Sin especificar,Sin especificar,Sin especificar,Sin especificar,Sin especificar,Sin especificar,2018,10,JUEVES,9,Mañana,Dias laborables
,1,0,0,7562,03065,No aplica,Calle,Por alcance                                        ,,No inventariada,Calle,Municipal,Se desconoce,Seco y limpio,"Luz del día natural, solar",Nublado,,Sin especificar,,Sin especificar,Sin especificar,Sin especificar,Sin especificar,Sin especificar,Sin especificar,Sin especificar,2018,10,JUEVES,14,Tarde,Dias laborables
,1,0,0,7563,03065,No aplica,Calle,Por alcance                                        ,,No inventariada,Calle,Municipal,Se desconoce,Seco y limpio,Sin luz natural y con iluminación artificial encen,Nublado,,Sin especificar,,Sin especificar,Sin especificar,Sin especificar,Sin especificar,Sin especificar,Sin especificar,Sin especificar,2018,10,SÁBADO,20,Noche,Fines de semana
,1,0,0,7564,03065,No aplica,Calle,Frontal                                            ,,No inventariada,Calle,Municipal,Se desconoce,Seco y limpio,Sin luz natural y con iluminación artificial encen,Despejado,,Nivel blanco,,Sin especificar,Sin especificar,Sin especificar,Sin especificar,Sin especificar,Sin especificar,Sin especificar,2018,10,DOMINGO,22,Noche,Fines de semana
,1,0,0,7565,03065,No aplica,Calle,Fronto-lateral                                     ,,No inventariada,Calle,Municipal,Se desconoce,Seco y limpio,"Luz del día natural, solar",Despejado,,Sin especificar,,No,No,Sí,No,No,Sí,No,2018,10,LUNES,16,Tarde,Dias laborables
,1,0,0,7566,03065,No aplica,Calle,Fronto-lateral                                     ,,No inventariada,Calle,Municipal,Se desconoce,Seco y limpio,"Luz del día natural, solar",Despejado,,Sin especificar,,Sin especificar,Sin especificar,Sin especificar,Sin especificar,Sin especificar,Sin especificar,Sin especificar,2018,10,MARTES,10,Mañana,Dias laborables
,1,0,0,7567,03065,No aplica,Calle,Fronto-lateral                                     ,,No inventariada,Recinto delimitado,Otra,Se desconoce,Seco y limpio,"Luz del día natural, solar",Despejado,,Sin especificar,,Sin especificar,Sin especificar,Sin especificar,Sin especificar,Sin especificar,Sin especificar,Sin especificar,2018,10,SÁBADO,14,Tarde,Fines de semana
726.0,0,1,0,7568,03065,Recta,Carretera,Por alcance                                        ,,N-340,Carretera Convencional de calzada única,Estatal,Descendente,Seco y limpio,"Luz del día natural, solar",Despejado,,Nivel amarillo,,Sin especificar,Sin especificar,Sin especificar,Sin especificar,Sin especificar,Sin especificar,Sin especificar,2018,10,MIÉRCOLES,18,Noche,Dias laborables
18.95,1,0,0,7569,03065,Recta,Carretera,"Salida de la vía por la izquierda, otro tipo       ",,CV-851,Carretera Convencional de calzada única,"Provincial, Cabildo/Consell",Ascendente,Seco y limpio,Sin luz natural ni artificial,Despejado,,Nivel blanco,,No,No,No,No,No,No,No,2018,10,JUEVES,22,Noche,Dias laborables
,1,0,0,7570,03065,No aplica,Calle,Por alcance                                        ,,No inventariada,Calle,Municipal,Se desconoce,Seco y limpio,"Luz del día natural, solar",Despejado,,Sin especificar,,Sin especificar,Sin especificar,Sin especificar,Sin especificar,Sin especificar,Sin especificar,Sin especificar,2018,10,MIÉRCOLES,14,Tarde,Dias laborables
,1,0,0,7571,03065,No aplica,Calle,Lateral                                            ,,No inventariada,Calle,Municipal,Se desconoce,Seco y limpio,Sin luz natural y con iluminación artificial encen,Despejado,,Nivel blanco,,No,No,No,No,No,No,No,2018,10,MARTES,22,Noche,Dias laborables
,3,0,0,7572,03065,No aplica,Calle,Fronto-lateral                                     ,,No inventariada,Calle,Municipal,Se desconoce,Seco y limpio,Sin luz natural y con iluminación artificial encen,Despejado,,Nivel blanco,,No,No,No,No,No,Sí,No,2018,10,LUNES,23,Noche,Dias laborables
,1,0,0,7573,03065,No aplica,Calle,Fronto-lateral                                     ,,No inventariada,Calle,Municipal,Se desconoce,Seco y limpio,"Luz del día natural, solar",Despejado,,Sin especificar,,No,No,No,No,No,No,No,2018,10,MIÉRCOLES,13,Tarde,Dias laborables
10.6,3,0,0,7574,03065,Curva señalizada,Carretera,"Salida de la vía por la izquierda, otro tipo       ",,CV-853,Carretera Convencional de calzada única,"Provincial, Cabildo/Consell",Descendente,Mojado,"Luz del día natural, solar",Lluvia débil,,Nivel blanco,,Sin especificar,Sin especificar,Sin especificar,Sin especificar,Sin especificar,Sin especificar,Sin especificar,2018,10,DOMINGO,17,Tarde,Fines de semana
,1,0,0,7575,03065,No aplica,Calle,Salida de la vía por la derecha otro tipo          ,,No inventariada,Calle,Municipal,Se desconoce,Mojado,"Luz del día natural, solar",Lluvia débil,,Sin especificar,,Sin especificar,Sin especificar,Sin especificar,Sin especificar,Sin especificar,Sin especificar,Sin especificar,2018,10,DOMINGO,14,Tarde,Fines de semana
,1,0,0,7576,03065,No aplica,Calle,Salida de la vía por la derecha con colisión       ,,No inventariada,Calle,Municipal,Se desconoce,Seco y limpio,"Luz del día natural, solar",Nublado,,Sin especificar,,No,No,No,No,No,No,No,2018,10,SÁBADO,8,Mañana,Fines de semana
,1,0,0,7577,03065,No aplica,Calle,Fronto-lateral                                     ,,No inventariada,Calle,Municipal,Se desconoce,Seco y limpio,"Luz del día natural, solar",Despejado,,Sin especificar,,No,No,No,No,No,No,No,2018,10,JUEVES,12,Tarde,Dias laborables
,2,0,0,7578,03065,No aplica,Calle,Por alcance                                        ,,No inventariada,Calle,Municipal,Se desconoce,Seco y limpio,"Luz del día natural, solar",Se desconoce,,Nivel rojo,,No,No,No,No,No,No,No,2018,7,VIERNES,18,Noche,Dias laborables
,1,0,0,7579,03065,No aplica,Calle,Fronto-lateral                                     ,,No inventariada,Calle,Municipal,Se desconoce,Seco y limpio,"Luz del día natural, solar",Despejado,,Sin especificar,,No,No,No,No,No,No,Sí,2018,10,VIERNES,15,Tarde,Dias laborables
,1,0,0,7580,03065,No aplica,Calle,Lateral                                            ,,No inventariada,Calle,Municipal,Se desconoce,Seco y limpio,"Luz del día natural, solar",Despejado,,Nivel blanco,,Sin especificar,Sin especificar,Sin especificar,Sin especificar,Sin especificar,Sin especificar,Sin especificar,2018,10,LUNES,18,Noche,Dias laborables
,1,0,0,7581,03065,No aplica,Calle,Atropello a personas                               ,,No inventariada,Calle,Municipal,Se desconoce,Seco y limpio,Sin luz natural y con iluminación artificial encen,Despejado,,Sin especificar,,No,No,No,No,Sí,No,No,2018,10,MIÉRCOLES,20,Noche,Dias laborables
,2,0,0,7582,03065,No aplica,Calle,Caída                                              ,,No inventariada,Calle,Municipal,Se desconoce,Con aceite,Sin luz natural y con iluminación artificial encen,Despejado,,Sin especificar,,Sin especificar,Sin especificar,Sin especificar,Sin especificar,Sin especificar,Sin especificar,Sin especificar,2018,10,VIERNES,21,Noche,Dias laborables
724.2,1,0,0,7583,03065,Recta,Carretera,Fronto-lateral                                     ,,N-340,Carretera Convencional de calzada única,Estatal,Ascendente,Seco y limpio,"Luz del día natural, solar",Despejado,,Nivel blanco,,No,No,No,No,No,No,Sí,2018,10,LUNES,9,Mañana,Dias laborables
,1,0,0,7584,03065,No aplica,Calle,Otro tipo de accidente                             ,,No inventariada,Calle,Municipal,Se desconoce,Seco y limpio,"Luz del día natural, solar",Despejado,,Sin especificar,,Sin especificar,Sin especificar,Sin especificar,Sin especificar,Sin especificar,Sin especificar,Sin especificar,2018,7,DOMINGO,17,Tarde,Fines de semana
715.0,1,0,0,7585,03065,Curva señalizada,Carretera,Lateral                                            ,,N-340,Carretera Convencional de doble calzada,Estatal,Descendente,Seco y limpio,Sin luz natural y con iluminación artificial encen,Despejado,,Nivel blanco,,No,No,No,No,No,No,No,2018,10,JUEVES,20,Noche,Dias laborables
,1,0,0,7586,03065,No aplica,Calle,Atropello a personas                               ,,No inventariada,Calle,Municipal,Se desconoce,Seco y limpio,"Luz del día natural, solar",Despejado,,Sin especificar,,No,No,No,No,No,No,No,2018,10,LUNES,14,Tarde,Dias laborables
8.0,1,0,0,7587,03065,Curva señalizada,Carretera,Fronto-lateral                                     ,EL-20,EL-20,Carretera Convencional de doble calzada,Estatal,Ascendente,Seco y limpio,Sin luz natural ni artificial,Despejado,,Nivel blanco,,No,No,Sí,No,No,Sí,No,2018,10,MIÉRCOLES,21,Noche,Dias laborables
,1,0,0,7588,03065,No aplica,Calle,Salida de la vía por la derecha con vuelco         ,,No inventariada,Calle,Municipal,Se desconoce,Seco y limpio,"Luz del día natural, solar",Despejado,,Nivel blanco,,Sin especificar,Sin especificar,Sin especificar,Sin especificar,Sin especificar,Sin especificar,Sin especificar,2018,10,MIÉRCOLES,16,Tarde,Dias laborables
,1,0,0,7589,03065,No aplica,Calle,Fronto-lateral                                     ,,No inventariada,Vía de servicio,Municipal,Se desconoce,Seco y limpio,"Luz del día natural, solar",Despejado,,Sin especificar,,Sin especificar,Sin especificar,Sin especificar,Sin especificar,Sin especificar,Sin especificar,Sin especificar,2018,7,SÁBADO,19,Noche,Fines de semana
,1,0,0,7590,03065,No aplica,Calle,Fronto-lateral                                     ,,No inventariada,Calle,Municipal,Se desconoce,Seco y limpio,"Luz del día natural, solar",Despejado,,Nivel blanco,,No,No,No,No,No,Sí,No,2018,10,MARTES,18,Noche,Dias laborables
,1,0,0,7591,03065,No aplica,Calle,Por alcance                                        ,,No inventariada,Calle,Municipal,Se desconoce,Seco y limpio,"Amanecer o atardecer, sin luz artificial",Despejado,,Nivel blanco,,Sin especificar,Sin especificar,Sin especificar,Sin especificar,Sin especificar,Sin especificar,Sin especificar,2018,10,VIERNES,18,Noche,Dias laborables
,1,0,0,7592,03065,No aplica,Calle,Fronto-lateral                                     ,,No inventariada,Calle,Municipal,Se desconoce,Seco y limpio,"Luz del día natural, solar",Nublado,,Nivel blanco,,No,No,Sí,No,No,Sí,No,2018,10,DOMINGO,15,Tarde,Fines de semana
,1,0,0,7593,03065,No aplica,Calle,Otro tipo de accidente                             ,,No inventariada,Calle,Municipal,Se desconoce,Seco y limpio,"Luz del día natural, solar",Despejado,,Nivel blanco,,Sin especificar,Sin especificar,Sin especificar,Sin especificar,Sin especificar,Sin especificar,Sin especificar,2018,8,MIÉRCOLES,14,Tarde,Dias laborables
,1,0,0,7594,03065,No aplica,Calle,Otro tipo de accidente                             ,,No inventariada,Calle,Municipal,Se desconoce,Seco y limpio,"Luz del día natural, solar",Despejado,,Sin especificar,,No,No,No,No,No,No,Sí,2018,10,MARTES,14,Tarde,Dias laborables
,1,0,0,7595,03065,No aplica,Calle,Atropello a personas                               ,,No inventariada,Calle,Municipal,Se desconoce,Seco y limpio,Sin luz natural y con iluminación artificial encen,Despejado,,Sin especificar,,No,No,Sí,No,No,No,No,2018,1,DOMINGO,6,Mañana,Fines de semana
12.5,3,0,0,7596,03065,Curva señalizada,Carretera,Salida de la vía por la derecha con vuelco         ,,CV-86,Carretera Convencional de doble calzada,Autonómica,Ascendente,Mojado,Sin luz natural ni artificial,Nublado,,Nivel blanco,,Sin especificar,Sin especificar,Sin especificar,Sin especificar,Sin especificar,Sin especificar,Sin especificar,2018,10,DOMINGO,1,Madrugada,Fines de semana
,1,0,0,7597,03065,No aplica,Calle,Salida de la vía por la derecha con colisión       ,,No inventariada,Calle,Municipal,Se desconoce,Seco y limpio,Sin luz natural y con iluminación artificial encen,Despejado,,Sin especificar,,No,No,No,No,No,No,No,2018,9,SÁBADO,20,Noche,Fines de semana
,2,0,0,7598,03065,No aplica,Calle,Caída                                              ,,No inventariada,Calle,Otra,Se desconoce,Mojado,Sin luz natural y con iluminación artificial encen,Lluvia débil,,Sin especificar,,Sin especificar,Sin especificar,Sin especificar,Sin especificar,Sin especificar,Sin especificar,Sin especificar,2018,10,SÁBADO,22,Noche,Fines de semana
,2,0,0,7599,03065,No aplica,Calle,Lateral                                            ,,No inventariada,Calle,Municipal,Se desconoce,Seco y limpio,"Luz del día natural, solar",Despejado,,Nivel blanco,,No,No,No,No,Sí,Sí,No,2018,10,JUEVES,9,Mañana,Dias laborables
,2,0,0,7600,03065,No aplica,Calle,Fronto-lateral                                     ,,No inventariada,Calle,Municipal,Se desconoce,Seco y limpio,"Luz del día natural, solar",Despejado,,Sin especificar,,No,No,Sí,No,No,Sí,No,2018,10,LUNES,9,Mañana,Dias laborables
,1,0,0,7601,03065,No aplica,Calle,Otro tipo de accidente                             ,,No inventariada,Calle,Municipal,Se desconoce,Seco y limpio,"Luz del día natural, solar",Despejado,,Sin especificar,,Sin especificar,Sin especificar,Sin especificar,Sin especificar,Sin especificar,Sin especificar,Sin especificar,2018,9,JUEVES,15,Tarde,Dias laborables
7.0,1,0,0,7602,03065,Recta,Carretera,Salida de la vía por la izquierda con colisión     ,,CV-84,Vía de servicio,Autonómica,Ascendente,Muy encharcado o inundado,"Luz del día natural, solar",Lluvia fuerte,,Nivel verde,,Sin especificar,Sin especificar,Sin especificar,Sin especificar,Sin especificar,Sin especificar,Sin especificar,2018,10,MARTES,14,Tarde,Dias laborables
1.0,3,0,0,7603,03065,Curva señalizada,Carretera,Salida de la vía por la izquierda con colisión     ,,CV-84,Carretera Convencional de doble calzada,Autonómica,Descendente,Mojado,"Luz del día natural, solar",Lluvia débil,,Nivel verde,,No,No,No,No,No,No,No,2018,10,MARTES,14,Tarde,Dias laborables
,1,0,0,7604,03065,No aplica,Calle,Por alcance                                        ,,No inventariada,Calle,Municipal,Se desconoce,Seco y limpio,"Luz del día natural, solar",Despejado,,Nivel blanco,,Sin especificar,Sin especificar,Sin especificar,Sin especificar,Sin especificar,Sin especificar,Sin especificar,2018,10,MARTES,11,Mañana,Dias laborables
,1,0,0,7605,03065,No aplica,Calle,Atropello a personas                               ,,No inventariada,Calle,Municipal,Se desconoce,Seco y limpio,Sin luz natural y con iluminación artificial encen,Despejado,,Nivel blanco,,No,No,No,No,No,No,No,2018,9,SÁBADO,0,Madrugada,Fines de semana
,1,0,0,7606,03065,No aplica,Calle,Fronto-lateral                                     ,,No inventariada,Calle,Municipal,Se desconoce,Seco y limpio,Sin luz natural y con iluminación artificial encen,Despejado,,Sin especificar,,No,No,No,No,No,Sí,No,2018,11,SÁBADO,22,Noche,Fines de semana
,1,0,0,7607,03065,No aplica,Calle,Fronto-lateral                                     ,,No inventariada,Calle,Municipal,Se desconoce,Seco y limpio,"Luz del día natural, solar",Despejado,,Nivel blanco,,No,No,Sí,No,No,Sí,No,2018,11,SÁBADO,13,Tarde,Fines de semana
14.2,1,0,0,7608,03065,Curva señalizada,Carretera,Por alcance                                        ,CV-86,CV-86,Carretera Convencional de doble calzada,Autonómica,Ascendente,Seco y limpio,"Luz del día natural, solar",Despejado,,Nivel blanco,,No,No,No,No,No,Sí,No,2018,10,VIERNES,9,Mañana,Dias laborables
,1,0,0,7609,03065,No aplica,Calle,Por alcance                                        ,,No inventariada,Calle,Municipal,Se desconoce,Seco y limpio,Sin luz natural y con iluminación artificial encen,Despejado,,Sin especificar,,Sin especificar,Sin especificar,Sin especificar,Sin especificar,Sin especificar,Sin especificar,Sin especificar,2018,11,MARTES,18,Noche,Dias laborables
728.7,2,0,0,7610,03065,Recta,Carretera,Por alcance                                        ,,N-340,Carretera Convencional de calzada única,Estatal,Descendente,Seco y limpio,"Luz del día natural, solar",Despejado,,Nivel blanco,,No,No,No,No,No,No,No,2018,10,MIÉRCOLES,17,Tarde,Dias laborables
722.5,2,0,0,7611,03065,Recta,Carretera,Por alcance                                        ,,N-340,Carretera Convencional de calzada única,Estatal,Ascendente,Seco y limpio,"Luz del día natural, solar",Despejado,,Nivel blanco,,No,No,No,No,No,Sí,No,2018,10,DOMINGO,12,Tarde,Fines de semana
3.1,1,0,0,7612,03065,Recta,Carretera,Salida de la vía por la derecha con colisión       ,,EL-20,Autovía,Estatal,Descendente,Seco y limpio,"Luz del día natural, solar",Despejado,,Nivel blanco,,Sin especificar,Sin especificar,Sin especificar,Sin especificar,Sin especificar,Sin especificar,Sin especificar,2018,10,VIERNES,16,Tarde,Dias laborables
,1,0,0,7613,03065,No aplica,Calle,Fronto-lateral                                     ,,No inventariada,Calle,Municipal,Se desconoce,Seco y limpio,Sin luz natural y con iluminación artificial encen,Despejado,,Sin especificar,,Sin especificar,Sin especificar,Sin especificar,Sin especificar,Sin especificar,Sin especificar,Sin especificar,2018,10,VIERNES,19,Noche,Dias laborables
,1,0,0,7614,03065,No aplica,Calle,Por alcance                                        ,,No inventariada,Calle,Municipal,Se desconoce,Seco y limpio,"Luz del día natural, solar",Despejado,,Sin especificar,,Sin especificar,Sin especificar,Sin especificar,Sin especificar,Sin especificar,Sin especificar,Sin especificar,2018,11,MARTES,17,Tarde,Dias laborables