KM,TOTAL_HL24H,TOTAL_HG24H,TOTAL_MU24H,id,COD_MUNICIPIO,TRAZADO_PLANTA,ZONA,TIPO_ACCIDENTE,CARRETERA_CRUCE,CARRETERA,TIPO_VIA,TITULARIDAD_VIA,SENTIDO_1F,CONDICION_FIRME,CONDICION_ILUMINACION,CONDICION_METEO,CONDICION_NIEBLA,CONDICION_NIVEL_CIRCULA,CONDICION_VIENTO,PRIORI_AGENTE,PRIORI_CIRCUNSTANCIAL,PRIORI_HORIZ_CEDA,PRIORI_HORIZ_STOP,PRIORI_SEMAFORO,PRIORI_VERT_CEDA,PRIORI_VERT_STOP,ANYO,MES,DIA,HORA,FRANJA_HORARIA,TIPO_DIA
4.8,0,1,0,7962,00000,Curva señalizada,Carretera,Salida de la vía por la derecha otro tipo          ,,CV-701,Carretera Convencional de calzada única,"Provincial, Cabildo/Consell",Ascendente,Seco y limpio,Sin luz natural ni artificial,Despejado,,Nivel blanco,,Sin especificar,Sin especificar,Sin especificar,Sin especificar,Sin especificar,Sin especificar,Sin especificar,2018,5,MARTES,23,Noche,Dias laborables
225.9,0,1,0,7963,03088,Curva señalizada,Carretera,Salida de la vía por la izquierda con colisión     ,,A-31,Autovía,Estatal,Descendente,Seco y limpio,Sin luz natural ni artificial,Despejado,,Nivel blanco,,Sin especificar,Sin especificar,Sin especificar,Sin especificar,Sin especificar,Sin especificar,Sin especificar,2018,2,VIERNES,18,Noche,Dias laborables
216.4,1,0,0,7964,03088,Recta,Carretera,Salida de la vía por la izquierda con colisión     ,,A-31,Autovía,Estatal,Descendente,Seco y limpio,"Amanecer o atardecer, sin luz artificial",Despejado,,Nivel blanco,,Sin especificar,Sin especificar,Sin especificar,Sin especificar,Sin especificar,Sin especificar,Sin especificar,2018,3,SÁBADO,7,Mañana,Fines de semana
216.6,1,0,0,7965,03088,Curva señalizada,Carretera,Múltiple o en caravana                             ,,A-31,Autovía,Estatal,Ascendente,Mojado,"Luz del día natural, solar",Lluvia débil,,Nivel verde,,Sin especificar,Sin especificar,Sin especificar,Sin especificar,Sin especificar,Sin especificar,Sin especificar,2018,3,JUEVES,8,Mañana,Dias laborables
216.7,1,0,0,7966,03088,Curva sin señalizar,Carretera,Salida de la vía por la derecha con colisión       ,,A-31,Autovía,Estatal,Ascendente,Mojado,"Luz del día natural, solar",Lluvia fuerte,,Nivel blanco,,Sin especificar,Sin especificar,Sin especificar,Sin especificar,Sin especificar,Sin especificar,Sin especificar,2018,3,JUEVES,8,Mañana,Dias laborables
9.7,1,0,0,7967,03088,Recta,Carretera,Por alcance                                        ,,CV-1734,Carretera Convencional de calzada única,Municipal,Ascendente,Seco y limpio,"Luz del día natural, solar",Despejado,,Nivel verde,,No,No,No,No,No,No,No,2018,3,JUEVES,15,Tarde,Dias laborables
3.8,1,0,0,7968,03088,Recta,Carretera,Caída                                              ,,CV-825,Carretera Convencional de calzada única,Autonómica,Descendente,Seco y limpio,"Amanecer o atardecer, sin luz artificial",Despejado,,Nivel blanco,,Sin especificar,Sin especificar,Sin especificar,Sin especificar,Sin especificar,Sin especificar,Sin especificar,2018,3,JUEVES,19,Noche,Dias laborables
220.5,1,0,0,7969,03088,Recta,Carretera,Salida de la vía por la derecha con colisión       ,,A-31,Autovía,Estatal,Ascendente,Seco y limpio,Sin luz natural ni artificial,Despejado,,Nivel blanco,,Sin especificar,Sin especificar,Sin especificar,Sin especificar,Sin especificar,Sin especificar,Sin especificar,2018,3,MIÉRCOLES,23,Noche,Dias laborables
226.4,1,0,0,7970,03088,Curva señalizada,Carretera,Salida de la vía por la derecha con vuelco         ,,A-31,Autovía,Estatal,Ascendente,Mojado,"Luz del día natural, solar",Lluvia débil,,Nivel blanco,,Sin especificar,Sin especificar,Sin especificar,Sin especificar,Sin especificar,Sin especificar,Sin especificar,2018,3,VIERNES,16,Tarde,Dias laborables
221.9,2,0,0,7971,03088,Recta,Carretera,Múltiple o en caravana                             ,,A-31,Autovía,Estatal,Descendente,Seco y limpio,"Luz del día natural, solar",Despejado,,Nivel blanco,,Sin especificar,Sin especificar,Sin especificar,Sin especificar,Sin especificar,Sin especificar,Sin especificar,2018,4,MIÉRCOLES,19,Noche,Dias laborables
506.8,1,0,0,7972,03088,Recta,Carretera,Por alcance                                        ,,A-7,Autovía,Estatal,Ascendente,Mojado,Sin luz natural ni artificial,Lluvia débil,,Nivel blanco,,Sin especificar,Sin especificar,Sin especificar,Sin especificar,Sin especificar,Sin especificar,Sin especificar,2018,4,MIÉRCOLES,23,Noche,Dias laborables
220.6,3,0,0,7973,03088,Recta,Carretera,Múltiple o en caravana                             ,,A-31,Autovía,Estatal,Ascendente,Seco y limpio,"Luz del día natural, solar",Despejado,,Nivel amarillo,,Sin especificar,Sin especificar,Sin especificar,Sin especificar,Sin especificar,Sin especificar,Sin especificar,2018,6,JUEVES,7,Mañana,Dias laborables
705.7,1,0,0,7974,03088,Curva señalizada,Carretera,Salida de la vía por la izquierda con vuelco       ,,A-7,Autovía,Otra,Ascendente,Seco y limpio,"Luz del día natural, solar",Despejado,,Nivel blanco,,Sin especificar,Sin especificar,Sin especificar,Sin especificar,Sin especificar,Sin especificar,Sin especificar,2018,6,JUEVES,18,Noche,Dias laborables
217.0,3,0,0,7975,03088,Curva señalizada,Carretera,Salida de la vía por la derecha con vuelco         ,,A-31,Autovía,Estatal,Ascendente,Seco y limpio,"Luz del día natural, solar",Despejado,,Nivel blanco,,Sin especificar,Sin especificar,Sin especificar,Sin especificar,Sin especificar,Sin especificar,Sin especificar,2018,7,LUNES,14,Tarde,Dias laborables
226.4,1,0,0,7976,03088,Curva señalizada,Carretera,Salida de la vía por la izquierda con colisión     ,,A-31,Autovía,Estatal,Descendente,Seco y limpio,"Luz del día natural, solar",Despejado,,Nivel blanco,,Sin especificar,Sin especificar,Sin especificar,Sin especificar,Sin especificar,Sin especificar,Sin especificar,2018,7,DOMINGO,8,Mañana,Fines de semana
217.6,10,0,0,7977,03088,Recta,Carretera,Por alcance                                        ,,A-31,Autovía,Estatal,Descendente,Seco y limpio,"Luz del día natural, solar",Despejado,,Nivel amarillo,,Sin especificar,Sin especificar,Sin especificar,Sin especificar,Sin especificar,Sin especificar,Sin especificar,2018,7,DOMINGO,20,Noche,Fines de semana
217.0,2,0,1,7978,03088,Recta,Carretera,Por alcance                                        ,,A-31,Autovía,Estatal,Descendente,Seco y limpio,"Luz del día natural, solar",Despejado,,Nivel blanco,,Sin especificar,Sin especificar,Sin especificar,Sin especificar,Sin especificar,Sin especificar,Sin especificar,2018,8,SÁBADO,16,Tarde,Fines de semana
223.1,0,0,1,7979,03088,Recta,Carretera,Salida de la vía por la izquierda con vuelco       ,,A-31,Autovía,Estatal,Ascendente,Seco y limpio,"Luz del día natural, solar",Despejado,,Nivel blanco,,Sin especificar,Sin especificar,Sin especificar,Sin especificar,Sin especificar,Sin especificar,Sin especificar,2018,8,SÁBADO,9,Mañana,Fines de semana
223.55,1,0,0,7980,03088,Curva sin señalizar,Carretera,Lateral                                            ,,A-31,Autovía,Estatal,Descendente,Seco y limpio,"Luz del día natural, solar",Despejado,,Nivel blanco,,Sin especificar,Sin especificar,Sin especificar,Sin especificar,Sin especificar,Sin especificar,Sin especificar,2018,8,DOMINGO,16,Tarde,Fines de semana
3.7,1,0,0,7981,03088,Recta,Carretera,Salida de la vía por la derecha con vuelco         ,,CV-825,Carretera Convencional de calzada única,Autonómica,Ambos,Seco y limpio,"Luz del día natural, solar",Despejado,,Nivel blanco,,Sin especificar,Sin especificar,Sin especificar,Sin especificar,Sin especificar,Sin especificar,Sin especificar,2018,9,MARTES,14,Tarde,Dias laborables
219.3,2,0,0,7982,03088,Recta,Carretera,Por alcance                                        ,,A-31,Autovía,Estatal,Ascendente,Seco y limpio,"Luz del día natural, solar",Despejado,,Nivel blanco,,Sin especificar,Sin especificar,Sin especificar,Sin especificar,Sin especificar,Sin especificar,Sin especificar,2018,10,MIÉRCOLES,7,Mañana,Dias laborables
221.2,2,0,0,7983,03088,Recta,Carretera,Por alcance                                        ,,A-31,Autovía,Estatal,Descendente,Seco y limpio,"Luz del día natural, solar",Despejado,,Nivel amarillo,,Sin especificar,Sin especificar,Sin especificar,Sin especificar,Sin especificar,Sin especificar,Sin especificar,2018,11,MIÉRCOLES,8,Mañana,Dias laborables
221.2,4,0,0,7984,03088,Recta,Carretera,Por alcance                                        ,,A-31,Autovía,Estatal,Descendente,Seco y limpio,"Luz del día natural, solar",Despejado,,Nivel amarillo,,Sin especificar,Sin especificar,Sin especificar,Sin especificar,Sin especificar,Sin especificar,Sin especificar,2018,11,MIÉRCOLES,8,Mañana,Dias laborables
216.8,3,0,0,7985,03088,Curva señalizada,Carretera,Por alcance                                        ,,A-31,Autovía,Estatal,Ascendente,Seco y limpio,"Luz del día natural, solar",Despejado,,Nivel blanco,,Sin especificar,Sin especificar,Sin especificar,Sin especificar,Sin especificar,Sin especificar,Sin especificar,2018,11,JUEVES,13,Tarde,Dias laborables
216.9,5,0,0,7986,03088,Recta,Carretera,Múltiple o en caravana                             ,,A-31,Autovía,Estatal,Ascendente,Seco y limpio,"Luz del día natural, solar",Despejado,,Nivel blanco,,Sin especificar,Sin especificar,Sin especificar,Sin especificar,Sin especificar,Sin especificar,Sin especificar,2018,11,MIÉRCOLES,8,Mañana,Dias laborables
222.8,3,0,0,7987,03088,Curva señalizada,Carretera,Lateral                                            ,,A-31,Autovía,Estatal,Descendente,Seco y limpio,"Luz del día natural, solar",Despejado,,Nivel blanco,,No,No,No,No,No,No,No,2018,11,JUEVES,12,Tarde,Dias laborables
8.1,1,0,0,7988,03088,Recta,Carretera,Fronto-lateral                                     ,,CV-825,Carretera Convencional de calzada única,Autonómica,Descendente,Seco y limpio,"Amanecer o atardecer, sin luz artificial",Nublado,,Nivel blanco,,No,No,No,Sí,No,No,Sí,2018,11,JUEVES,17,Tarde,Dias laborables
219.2,5,0,0,7989,03088,Recta,Carretera,Múltiple o en caravana                             ,,A-31,Autovía,Estatal,Ascendente,Seco y limpio,"Luz del día natural, solar",Despejado,,Nivel blanco,,Sin especificar,Sin especificar,Sin especificar,Sin especificar,Sin especificar,Sin especificar,Sin especificar,2018,11,MIÉRCOLES,8,Mañana,Dias laborables
222.5,1,0,0,7990,03088,Curva señalizada,Carretera,Salida de la vía por la izquierda con colisión     ,,A-31,Autovía,Estatal,Ascendente,Seco y limpio,"Luz del día natural, solar",Despejado,,Nivel blanco,,Sin especificar,Sin especificar,Sin especificar,Sin especificar,Sin especificar,Sin especificar,Sin especificar,2018,12,SÁBADO,8,Mañana,Fines de semana
222.7,2,0,0,7991,03088,Recta,Carretera,Por alcance                                        ,,A-31,Autovía,Estatal,Ascendente,Seco y limpio,"Luz del día natural, solar",Despejado,,Nivel amarillo,,Sin especificar,Sin especificar,Sin especificar,Sin especificar,Sin especificar,Sin especificar,Sin especificar,2018,12,SÁBADO,8,Mañana,Fines de semana
15.25,0,1,0,7992,03088,Recta,Carretera,Fronto-lateral                                     ,,CV-820,Carretera Convencional de calzada única,Autonómica,Descendente,Seco y limpio,"Luz del día natural, solar",Despejado,,Nivel blanco,,No,No,No,No,No,No,No,2018,12,MIÉRCOLES,10,Mañana,Dias laborables
3.4,1,0,0,7993,03089,Recta,Carretera,Por alcance                                        ,,CV-834,Carretera Convencional de calzada única,"Provincial, Cabildo/Consell",Descendente,Seco y limpio,"Luz del día natural, solar",Despejado,,Nivel blanco,,No,No,No,No,No,No,No,2018,4,VIERNES,13,Tarde,Dias laborables
,2,0,0,7994,03089,No aplica,Calle,Fronto-lateral                                     ,,No inventariada,Calle,Municipal,Se desconoce,Seco y limpio,"Amanecer o atardecer, con luz artificial",Despejado,,Nivel verde,,No,No,Sí,No,No,No,No,2018,3,VIERNES,7,Mañana,Dias laborables
4.5,2,0,0,7995,03089,Recta,Carretera,Frontal                                            ,,CV-83,Carretera Convencional de calzada única,Autonómica,Ambos,Seco y limpio,"Luz del día natural, solar",Despejado,,Nivel blanco,,Sin especificar,Sin especificar,Sin especificar,Sin especificar,Sin especificar,Sin especificar,Sin especificar,2018,6,DOMINGO,15,Tarde,Fines de semana
14.85,1,0,0,7996,03089,Recta,Carretera,Fronto-lateral                                     ,,CV-83,Carretera Convencional de calzada única,Autonómica,Ascendente,Seco y limpio,"Luz del día natural, solar",Despejado,,Nivel blanco,,No,No,No,No,No,No,Sí,2018,6,VIERNES,8,Mañana,Dias laborables
4.0,1,0,0,7997,03089,Recta,Carretera,Salida de la vía por la derecha con vuelco         ,,CV-83,Carretera Convencional de calzada única,Autonómica,Ascendente,Seco y limpio,"Luz del día natural, solar",Despejado,,Nivel blanco,,Sin especificar,Sin especificar,Sin especificar,Sin especificar,Sin especificar,Sin especificar,Sin especificar,2018,6,MARTES,9,Mañana,Dias laborables
6.0,1,0,0,7998,03089,Curva señalizada,Carretera,Salida de la vía por la derecha con vuelco         ,,CV-834,Carretera Convencional de calzada única,"Provincial, Cabildo/Consell",Descendente,Seco y limpio,"Luz del día natural, solar",Nublado,,Nivel blanco,,Sin especificar,Sin especificar,Sin especificar,Sin especificar,Sin especificar,Sin especificar,Sin especificar,2018,6,JUEVES,20,Noche,Dias laborables
11.7,1,0,0,7999,03089,Recta,Carretera,Salida de la vía por la derecha otro tipo          ,,CV-83,Carretera Convencional de calzada única,Autonómica,Descendente,Seco y limpio,"Luz del día natural, solar",Despejado,,Nivel blanco,,Sin especificar,Sin especificar,Sin especificar,Sin especificar,Sin especificar,Sin especificar,Sin especificar,2018,7,LUNES,13,Tarde,Dias laborables
9.7,2,0,0,8000,03089,Recta,Carretera,Por alcance                                        ,,CV-83,Carretera Convencional de calzada única,Autonómica,Ascendente,Seco y limpio,"Luz del día natural, solar",Despejado,,Nivel blanco,,No,No,No,No,No,No,No,2018,7,VIERNES,9,Mañana,Dias laborables
16.6,1,0,0,8001,03089,Recta,Carretera,Salida de la vía por la derecha con colisión       ,,CV-83,Carretera Convencional de calzada única,Autonómica,Descendente,Seco y limpio,"Luz del día natural, solar",Despejado,,Nivel blanco,,Sin especificar,Sin especificar,Sin especificar,Sin especificar,Sin especificar,Sin especificar,Sin especificar,2018,8,SÁBADO,14,Tarde,Fines de semana
3.2,1,0,0,8002,03090,Recta,Carretera,Fronto-lateral                                     ,,CV-819,Carretera Convencional de calzada única,"Provincial, Cabildo/Consell",Ascendente,Seco y limpio,"Luz del día natural, solar",Despejado,,Nivel blanco,,No,No,No,Sí,No,No,Sí,2018,1,DOMINGO,14,Tarde,Fines de semana
1.9,0,1,0,8003,03090,Recta,Carretera,Atropello a personas                               ,,A-70,Autovía,Estatal,Ascendente,Seco y limpio,Sin luz natural y con iluminación artificial no en,Despejado,,Nivel blanco,,Sin especificar,Sin especificar,Sin especificar,Sin especificar,Sin especificar,Sin especificar,Sin especificar,2018,1,LUNES,23,Noche,Dias laborables
8.6,0,0,1,8004,03090,Curva señalizada,Carretera,Salida de la vía por la derecha con colisión       ,,CV-800,Carretera Convencional de calzada única,Autonómica,Ascendente,Seco y limpio,"Luz del día natural, solar",Despejado,,Nivel blanco,,Sin especificar,Sin especificar,Sin especificar,Sin especificar,Sin especificar,Sin especificar,Sin especificar,2018,1,SÁBADO,10,Mañana,Fines de semana
1.1,1,0,0,8005,03090,Curva señalizada,Carretera,Fronto-lateral                                     ,,No inventariada,Camino vecinal,Municipal,Ascendente,Seco y limpio,Sin luz natural ni artificial,Despejado,,Nivel blanco,,No,No,No,No,No,No,No,2018,2,JUEVES,19,Noche,Dias laborables
5.9,1,0,0,8006,03090,Curva señalizada,Carretera,Lateral                                            ,,CV-821,Carretera Convencional de doble calzada,Autonómica,Descendente,Seco y limpio,"Luz del día natural, solar",Despejado,,Nivel blanco,,No,No,No,No,No,No,No,2018,2,LUNES,8,Mañana,Dias laborables
3.5,1,0,0,8007,03090,Recta,Carretera,Fronto-lateral                                     ,,CV-819,Carretera Convencional de calzada única,"Provincial, Cabildo/Consell",Descendente,Seco y limpio,"Luz del día natural, solar",Despejado,,Nivel blanco,,No,No,No,Sí,No,No,No,2018,2,JUEVES,17,Tarde,Dias laborables
0.0,1,0,0,8008,03090,Curva sin señalizar,Carretera,Salida de la vía por la derecha otro tipo          ,,No inventariada,Camino vecinal,Municipal,Ambos,Mojado,"Luz del día natural, solar",Lluvia débil,,Nivel blanco,,Sin especificar,Sin especificar,Sin especificar,Sin especificar,Sin especificar,Sin especificar,Sin especificar,2018,3,VIERNES,14,Tarde,Dias laborables
6.0,1,0,0,8009,03090,Curva señalizada,Carretera,Salida de la vía por la derecha otro tipo          ,CV-819,CV-821,Carretera Convencional de doble calzada,Autonómica,Ascendente,Seco y limpio,Sin luz natural ni artificial,Despejado,,Nivel blanco,,No,No,No,No,No,Sí,No,2018,3,MARTES,3,Madrugada,Dias laborables
0.3,1,0,0,8010,03090,Recta,Carretera,Salida de la vía por la derecha con colisión       ,,No inventariada,Camino vecinal,Municipal,Descendente,Seco y limpio,Sin luz natural ni artificial,Despejado,,Nivel blanco,,Sin especificar,Sin especificar,Sin especificar,Sin especificar,Sin especificar,Sin especificar,Sin especificar,2018,3,SÁBADO,1,Madrugada,Fines de semana
4.6,1,0,0,8011,03090,Recta,Carretera,Fronto-lateral                                     ,,No inventariada,Carretera Convencional de calzada única,Municipal,Descendente,Seco y limpio,"Luz del día natural, solar",Despejado,,Nivel blanco,,Sin especificar,Sin especificar,Sin especificar,Sin especificar,Sin especificar,Sin especificar,Sin especificar,2018,3,MARTES,15,Tarde,Dias laborables
0.4,1,0,0,8012,03090,Recta,Carretera,Fronto-lateral                                     ,,CV-773,Carretera Convencional de calzada única,Autonómica,Descendente,Seco y limpio,"Luz del día natural, solar",Despejado,,Nivel blanco,,No,No,No,No,No,Sí,No,2018,5,MIÉRCOLES,13,Tarde,Dias laborables
,1,0,0,8013,03090,No aplica,Calle,Caída                                              ,,No inventariada,Calle,Municipal,Se desconoce,Seco y limpio,"Luz del día natural, solar",Despejado,,Nivel blanco,,No,No,No,No,No,Sí,No,2018,5,MIÉRCOLES,17,Tarde,Dias laborables
,1,0,0,8014,03090,No aplica,Calle,Fronto-lateral                                     ,,No inventariada,Calle,Municipal,Se desconoce,Seco y limpio,"Luz del día natural, solar",Despejado,,Nivel blanco,,No,No,No,No,No,No,No,2018,5,JUEVES,16,Tarde,Dias laborables
,1,0,0,8015,03090,No aplica,Calle,Caída                                              ,,No inventariada,Calle,Municipal,Se desconoce,Seco y limpio,"Luz del día natural, solar",Despejado,,Nivel blanco,,Sin especificar,Sin especificar,Sin especificar,Sin especificar,Sin especificar,Sin especificar,Sin especificar,2018,5,MARTES,7,Mañana,Dias laborables
,1,0,0,8016,03090,No aplica,Calle,Fronto-lateral                                     ,,No inventariada,Calle,Municipal,Se desconoce,Seco y limpio,"Amanecer o atardecer, con luz artificial",Despejado,,Nivel blanco,,No,No,No,No,No,Sí,No,2018,5,LUNES,19,Noche,Dias laborables
2.2,2,0,0,8017,03090,Curva señalizada,Carretera,Salida de la vía por la derecha con colisión       ,,CV-800,Carretera Convencional de calzada única,Autonómica,Descendente,Seco y limpio,Sin luz natural y con iluminación artificial no en,Despejado,,Nivel blanco,,Sin especificar,Sin especificar,Sin especificar,Sin especificar,Sin especificar,Sin especificar,Sin especificar,2018,6,VIERNES,23,Noche,Dias laborables
,1,0,0,8018,03090,No aplica,Calle,Caída                                              ,,No inventariada,Calle,Municipal,Se desconoce,Seco y limpio,"Luz del día natural, solar",Despejado,,Nivel blanco,,Sin especificar,Sin especificar,Sin especificar,Sin especificar,Sin especificar,Sin especificar,Sin especificar,2018,6,VIERNES,14,Tarde,Dias laborables
678.2,1,0,0,8019,03050,Curva sin señalizar,Carretera,Salida de la vía por la derecha con vuelco         ,,AP-7,Autopista de peaje,Estatal,Ascendente,Seco y limpio,"Luz del día natural, solar",Despejado,,Nivel blanco,,Sin especificar,Sin especificar,Sin especificar,Sin especificar,Sin especificar,Sin especificar,Sin especificar,2018,6,VIERNES,17,Tarde,Dias laborables
1.5,1,0,0,8020,03090,Curva sin señalizar,Carretera,Frontal                                            ,,No inventariada,Camino vecinal,Municipal,Ascendente,Seco y limpio,"Luz del día natural, solar",Despejado,,Nivel blanco,,Sin especificar,Sin especificar,Sin especificar,Sin especificar,Sin especificar,Sin especificar,Sin especificar,2018,6,VIERNES,10,Mañana,Dias laborables
1.7,4,2,0,8021,03090,Recta,Carretera,Fronto-lateral                                     ,,CV-819,Carretera Convencional de calzada única,"Provincial, Cabildo/Consell",Descendente,Seco y limpio,"Luz del día natural, solar",Despejado,,Nivel blanco,,No,No,No,No,No,No,Sí,2018,7,DOMINGO,20,Noche,Fines de semana
0.1,2,0,0,8022,03090,Curva sin señalizar,Carretera,Fronto-lateral                                     ,,No inventariada,Camino vecinal,Municipal,Ascendente,Seco y limpio,"Luz del día natural, solar",Despejado,,Nivel blanco,,No,No,No,No,No,No,Sí,2018,7,LUNES,11,Mañana,Dias laborables
,1,0,0,8023,03090,No aplica,Calle,Caída                                              ,,No inventariada,Calle,Municipal,Se desconoce,Seco y limpio,"Luz del día natural, solar",Despejado,,Nivel blanco,,No,No,No,No,No,No,Sí,2018,6,MIÉRCOLES,14,Tarde,Dias laborables
0.0,1,0,0,8024,03090,Recta,Carretera,Por alcance                                        ,A-70,CV-800,Carretera Convencional de calzada única,Autonómica,Ascendente,Seco y limpio,"Luz del día natural, solar",Despejado,,Nivel blanco,,No,No,Sí,No,No,Sí,No,2018,7,JUEVES,16,Tarde,Dias laborables
,1,0,0,8025,03090,No aplica,Calle,Atropello a personas                               ,,No inventariada,Calle,Municipal,Se desconoce,Seco y limpio,"Luz del día natural, solar",Despejado,,Nivel blanco,,No,No,No,No,No,No,No,2018,6,SÁBADO,20,Noche,Fines de semana
,1,0,0,8026,03090,No aplica,Calle,Atropello a personas                               ,,No inventariada,Calle,Municipal,Se desconoce,Seco y limpio,"Luz del día natural, solar",Despejado,,Nivel blanco,,No,No,No,No,No,No,No,2018,6,MIÉRCOLES,11,Mañana,Dias laborables
,0,3,0,8027,03090,No aplica,Calle,Atropello a personas                               ,,No inventariada,Recinto delimitado,Municipal,Se desconoce,Seco y limpio,"Amanecer o atardecer, sin luz artificial",Despejado,,Nivel blanco,,Sin especificar,Sin especificar,Sin especificar,Sin especificar,Sin especificar,Sin especificar,Sin especificar,2018,7,MIÉRCOLES,21,Noche,Dias laborables
6.0,1,0,0,8028,03090,Curva señalizada,Carretera,Lateral                                            ,,CV-821,Carretera Convencional de doble calzada,Autonómica,Ascendente,Seco y limpio,"Luz del día natural, solar",Despejado,,Nivel blanco,,No,No,Sí,No,No,Sí,No,2018,7,MIÉRCOLES,10,Mañana,Dias laborables
0.3,1,0,0,8029,03090,Recta,Carretera,Fronto-lateral                                     ,,CV-800,Carretera Convencional de calzada única,Autonómica,Ascendente,Seco y limpio,"Luz del día natural, solar",Despejado,,Nivel blanco,,No,No,No,No,No,No,Sí,2018,8,MARTES,9,Mañana,Dias laborables
,2,0,0,8030,03090,No aplica,Calle,Caída                                              ,,No inventariada,Calle,Municipal,Se desconoce,Seco y limpio,"Luz del día natural, solar",Despejado,,Nivel blanco,,No,No,No,No,No,No,No,2018,7,DOMINGO,17,Tarde,Fines de semana
,1,0,0,8031,03090,No aplica,Calle,Atropello a personas                               ,,No inventariada,Calle,Municipal,Se desconoce,Seco y limpio,"Luz del día natural, solar",Despejado,,Nivel blanco,,No,No,No,No,No,No,No,2018,7,VIERNES,11,Mañana,Dias laborables
,1,0,0,8032,03090,No aplica,Calle,Lateral                                            ,,No inventariada,Calle,Municipal,Se desconoce,Seco y limpio,"Luz del día natural, solar",Despejado,,Nivel blanco,,Sin especificar,Sin especificar,Sin especificar,Sin especificar,Sin especificar,Sin especificar,Sin especificar,2018,7,VIERNES,18,Noche,Dias laborables
,1,0,0,8033,03090,No aplica,Calle,Salida de la vía por la derecha con colisión       ,,No inventariada,Calle,Municipal,Se desconoce,Mojado,Sin luz natural y con iluminación artificial encen,Despejado,,Nivel blanco,,Sin especificar,Sin especificar,Sin especificar,Sin especificar,Sin especificar,Sin especificar,Sin especificar,2018,7,SÁBADO,1,Madrugada,Fines de semana
1.5,2,0,0,8034,03090,Recta,Carretera,Fronto-lateral                                     ,,No inventariada,Camino vecinal,"Provincial, Cabildo/Consell",Ascendente,Seco y limpio,Sin luz natural ni artificial,Despejado,,Nivel blanco,,No,No,No,Sí,No,No,No,2018,8,DOMINGO,2,Madrugada,Fines de semana
6.0,1,0,0,8035,03090,Curva señalizada,Carretera,Fronto-lateral                                     ,,CV-821,Carretera Convencional de doble calzada,Autonómica,Descendente,Seco y limpio,"Luz del día natural, solar",Despejado,,Nivel blanco,,No,No,Sí,No,No,Sí,No,2018,8,MARTES,8,Mañana,Dias laborables
0.8,0,1,0,8036,03090,Recta,Carretera,Frontal                                            ,,CV-819,Carretera Convencional de calzada única,"Provincial, Cabildo/Consell",Ascendente,Seco y limpio,Sin luz natural y con iluminación artificial encen,Despejado,,Nivel blanco,,No,No,No,No,Sí,No,No,2018,9,MARTES,22,Noche,Dias laborables
2.1,1,0,0,8037,03090,Curva sin señalizar,Carretera,Salida de la vía por la derecha otro tipo          ,,CV-819,Carretera Convencional de doble calzada,"Provincial, Cabildo/Consell",Ascendente,Seco y limpio,Sin luz natural ni artificial,Despejado,,Nivel blanco,,Sin especificar,Sin especificar,Sin especificar,Sin especificar,Sin especificar,Sin especificar,Sin especificar,2018,9,JUEVES,22,Noche,Dias laborables
7.5,2,0,0,8038,03090,Recta,Carretera,Salida de la vía por la derecha con vuelco         ,,CV-821,Carretera Convencional de doble calzada,Autonómica,Descendente,Seco y limpio,Sin luz natural y con iluminación artificial encen,Despejado,,Nivel blanco,,Sin especificar,Sin especificar,Sin especificar,Sin especificar,Sin especificar,Sin especificar,Sin especificar,2018,9,SÁBADO,23,Noche,Fines de semana
,1,0,0,8039,03090,No aplica,Calle,Fronto-lateral                                     ,,No inventariada,Calle,Municipal,Se desconoce,Seco y limpio,"Luz del día natural, solar",Despejado,,Nivel blanco,,No,No,No,Sí,No,No,Sí,2018,7,VIERNES,11,Mañana,Dias laborables
,1,0,0,8040,03090,No aplica,Calle,Fronto-lateral                                     ,,No inventariada,Calle,Municipal,Se desconoce,Seco y limpio,"Luz del día natural, solar",Despejado,,Nivel blanco,,No,No,No,No,No,No,Sí,2018,7,VIERNES,11,Mañana,Dias laborables
8.5,1,0,0,8041,03090,Recta,Carretera,Salida de la vía por la derecha con vuelco         ,,CV-800,Carretera Convencional de calzada única,Autonómica,Descendente,Seco y limpio,"Luz del día natural, solar",Despejado,,Nivel blanco,,Sin especificar,Sin especificar,Sin especificar,Sin especificar,Sin especificar,Sin especificar,Sin especificar,2018,9,JUEVES,9,Mañana,Dias laborables
680.1,1,1,0,8042,03090,Recta,Carretera,Salida de la vía por la derecha otro tipo          ,,AP-7,Autopista de peaje,Estatal,Descendente,Seco y limpio,"Luz del día natural, solar",Despejado,,Nivel blanco,,Sin especificar,Sin especificar,Sin especificar,Sin especificar,Sin especificar,Sin especificar,Sin especificar,2018,9,DOMINGO,11,Mañana,Fines de semana
,1,0,0,8043,03090,No aplica,Calle,Por alcance                                        ,,No inventariada,Calle,Municipal,Se desconoce,Seco y limpio,"Luz del día natural, solar",Despejado,,Nivel blanco,,Sin especificar,Sin especificar,Sin especificar,Sin especificar,Sin especificar,Sin especificar,Sin especificar,2018,7,LUNES,16,Tarde,Dias laborables
,1,0,0,8044,03090,No aplica,Calle,Fronto-lateral                                     ,,No inventariada,Calle,Municipal,Se desconoce,Seco y limpio,"Luz del día natural, solar",Despejado,,Nivel blanco,,No,No,No,No,No,Sí,No,2018,8,LUNES,10,Mañana,Dias laborables
,1,0,0,8045,03090,No aplica,Calle,Fronto-lateral                                     ,,No inventariada,Calle,Municipal,Se desconoce,Seco y limpio,"Luz del día natural, solar",Despejado,,Nivel blanco,,No,No,No,No,No,Sí,No,2018,8,MARTES,8,Mañana,Dias laborables
,1,0,0,8046,03090,No aplica,Calle,Fronto-lateral                                     ,,No inventariada,Calle,Municipal,Se desconoce,Seco y limpio,"Luz del día natural, solar",Despejado,,Nivel blanco,,No,No,No,No,No,Sí,No,2018,8,SÁBADO,14,Tarde,Fines de semana