KM,TOTAL_HL24H,TOTAL_HG24H,TOTAL_MU24H,id,COD_MUNICIPIO,TRAZADO_PLANTA,ZONA,TIPO_ACCIDENTE,CARRETERA_CRUCE,CARRETERA,TIPO_VIA,TITULARIDAD_VIA,SENTIDO_1F,CONDICION_FIRME,CONDICION_ILUMINACION,CONDICION_METEO,CONDICION_NIEBLA,CONDICION_NIVEL_CIRCULA,CONDICION_VIENTO,PRIORI_AGENTE,PRIORI_CIRCUNSTANCIAL,PRIORI_HORIZ_CEDA,PRIORI_HORIZ_STOP,PRIORI_SEMAFORO,PRIORI_VERT_CEDA,PRIORI_VERT_STOP,ANYO,MES,DIA,HORA,FRANJA_HORARIA,TIPO_DIA
0.45,3,0,0,8297,03099,Recta,Carretera,Frontal                                            ,,CV-954,Carretera Convencional de calzada única,"Provincial, Cabildo/Consell",Ambos,Seco y limpio,"Luz del día natural, solar",Despejado,,Nivel blanco,,Sin especificar,Sin especificar,Sin especificar,Sin especificar,Sin especificar,Sin especificar,Sin especificar,2018,12,VIERNES,13,Tarde,Dias laborables
2.3,1,0,0,8298,03099,Curva señalizada,Travesía,Por alcance                                        ,CV-920,CV-921,Carretera Convencional de calzada única,"Provincial, Cabildo/Consell",Descendente,Seco y limpio,"Luz del día natural, solar",Nublado,,Nivel verde,,No,No,No,No,Sí,No,No,2018,12,MIÉRCOLES,8,Mañana,Dias laborables
50.0,2,0,0,8299,03099,Curva señalizada,Carretera,Por alcance                                        ,,N-332,Carretera Convencional de doble calzada,Estatal,Descendente,Seco y limpio,"Luz del día natural, solar",Despejado,,Nivel blanco,,No,No,No,No,No,Sí,No,2018,12,SÁBADO,16,Tarde,Fines de semana
547.6,0,1,0,8300,03099,Recta,Carretera,Por alcance                                        ,,A-7,Autovía,Estatal,Ascendente,Seco y limpio,"Luz del día natural, solar",Despejado,,Nivel blanco,,Sin especificar,Sin especificar,Sin especificar,Sin especificar,Sin especificar,Sin especificar,Sin especificar,2018,12,LUNES,9,Mañana,Dias laborables
2.2,1,0,0,8301,03099,Curva señalizada,Carretera,Salida de la vía por la derecha con vuelco         ,,CV-941,Carretera Convencional de calzada única,Autonómica,Ascendente,Mojado,"Luz del día natural, solar",Nublado,,Nivel blanco,,Sin especificar,Sin especificar,Sin especificar,Sin especificar,Sin especificar,Sin especificar,Sin especificar,2018,12,JUEVES,11,Mañana,Dias laborables
3.2,1,0,0,8302,03099,Recta,Carretera,Por alcance                                        ,,CV-91,Carretera Convencional de calzada única,Autonómica,Descendente,Seco y limpio,"Luz del día natural, solar",Despejado,,Nivel blanco,,Sin especificar,Sin especificar,Sin especificar,Sin especificar,Sin especificar,Sin especificar,Sin especificar,2018,12,JUEVES,14,Tarde,Dias laborables
7.6,6,0,0,8303,03099,Recta,Carretera,Múltiple o en caravana                             ,,CV-91,Carretera Convencional de calzada única,Autonómica,Ascendente,Seco y limpio,"Luz del día natural, solar",Despejado,,Nivel verde,,Sin especificar,Sin especificar,Sin especificar,Sin especificar,Sin especificar,Sin especificar,Sin especificar,2018,12,VIERNES,13,Tarde,Dias laborables
688.0,1,0,0,8304,03099,Recta,Carretera,Fronto-lateral                                     ,,N-340,Carretera Convencional de calzada única,Estatal,Ambos,Seco y limpio,Sin luz natural y con iluminación artificial encen,Despejado,,Nivel blanco,,No,No,No,No,No,Sí,No,2018,12,SÁBADO,22,Noche,Fines de semana
26.5,1,0,0,8305,00000,Recta,Carretera,Fronto-lateral                                     ,,CV-715,Carretera Convencional de calzada única,Autonómica,Ascendente,Seco y limpio,"Luz del día natural, solar",Despejado,,Nivel blanco,,No,No,No,No,No,No,No,2018,1,LUNES,14,Tarde,Dias laborables
7.7,1,0,0,8306,00000,Curva señalizada,Carretera,Salida de la vía por la izquierda con vuelco       ,,CV-732,Carretera Convencional de calzada única,"Provincial, Cabildo/Consell",Ascendente,Mojado,"Luz del día natural, solar",Despejado,,Nivel verde,,Sin especificar,Sin especificar,Sin especificar,Sin especificar,Sin especificar,Sin especificar,Sin especificar,2018,12,LUNES,9,Mañana,Dias laborables
45.5,2,0,0,8307,03101,Curva señalizada,Carretera,Salida de la vía por la derecha otro tipo          ,,CV-720,Carretera Convencional de calzada única,Autonómica,Ascendente,Seco y limpio,"Luz del día natural, solar",Despejado,,Nivel blanco,,Sin especificar,Sin especificar,Sin especificar,Sin especificar,Sin especificar,Sin especificar,Sin especificar,2018,4,MARTES,19,Noche,Dias laborables
45.0,1,0,0,8308,03101,Curva señalizada,Carretera,Salida de la vía por la derecha otro tipo          ,,CV-720,Carretera Convencional de calzada única,Autonómica,Ascendente,Con barro o gravilla suelta,"Luz del día natural, solar",Despejado,,Nivel verde,,Sin especificar,Sin especificar,Sin especificar,Sin especificar,Sin especificar,Sin especificar,Sin especificar,2018,5,DOMINGO,12,Tarde,Fines de semana
194.7,1,0,0,8309,03101,Recta,Carretera,Por alcance                                        ,,N-332,Carretera Convencional de calzada única,Estatal,Descendente,Seco y limpio,"Luz del día natural, solar",Despejado,,Nivel blanco,,Sin especificar,Sin especificar,Sin especificar,Sin especificar,Sin especificar,Sin especificar,Sin especificar,2018,5,DOMINGO,14,Tarde,Fines de semana
614.2,3,0,0,8310,03101,Curva señalizada,Carretera,Lateral                                            ,,AP-7,Autopista de peaje,Estatal,Descendente,Seco y limpio,"Luz del día natural, solar",Despejado,,Nivel verde,,Sin especificar,Sin especificar,Sin especificar,Sin especificar,Sin especificar,Sin especificar,Sin especificar,2018,7,DOMINGO,11,Mañana,Fines de semana
191.2,1,0,0,8311,03101,Recta,Carretera,Fronto-lateral                                     ,,N-332,Carretera Convencional de calzada única,Estatal,Ambos,Seco y limpio,Sin luz natural ni artificial,Despejado,,Nivel blanco,,Sin especificar,Sin especificar,Sin especificar,Sin especificar,Sin especificar,Sin especificar,Sin especificar,2018,8,JUEVES,20,Noche,Dias laborables
6.1,1,0,0,8312,03101,Recta,Carretera,Caída                                              ,,CV-732,Carretera Convencional de calzada única,"Provincial, Cabildo/Consell",Descendente,Seco y limpio,"Amanecer o atardecer, sin luz artificial",Despejado,,Sin especificar,,Sin especificar,Sin especificar,Sin especificar,Sin especificar,Sin especificar,Sin especificar,Sin especificar,2018,8,DOMINGO,20,Noche,Fines de semana
1.5,1,0,0,8313,03101,Recta,Carretera,Colisión contra obstáculo o elemento de la vía     ,,CV-733,Carretera Convencional de calzada única,"Provincial, Cabildo/Consell",Ascendente,Seco y limpio,"Luz del día natural, solar",Despejado,,Nivel blanco,,Sin especificar,Sin especificar,Sin especificar,Sin especificar,Sin especificar,Sin especificar,Sin especificar,2018,9,JUEVES,16,Tarde,Dias laborables
195.7,0,1,1,8314,03101,Recta,Carretera,Por alcance                                        ,N-332,N-332,Carretera Convencional de calzada única,Estatal,Descendente,Seco y limpio,Sin luz natural ni artificial,Despejado,,Nivel blanco,,No,No,No,No,No,No,Sí,2018,10,MIÉRCOLES,23,Noche,Dias laborables
,1,0,0,8315,03101,No aplica,Calle,Atropello a personas                               ,,No inventariada,Calle,"Provincial, Cabildo/Consell",Se desconoce,Mojado,"Luz del día natural, solar",Despejado,,Nivel verde,,No,No,No,Sí,No,No,Sí,2018,10,LUNES,10,Mañana,Dias laborables
48.5,1,0,0,8316,03101,Recta,Carretera,Caída                                              ,,CV-720,Carretera Convencional de calzada única,Autonómica,Descendente,Seco y limpio,"Luz del día natural, solar",Despejado,,Nivel blanco,,Sin especificar,Sin especificar,Sin especificar,Sin especificar,Sin especificar,Sin especificar,Sin especificar,2018,11,DOMINGO,9,Mañana,Fines de semana
,1,0,0,8317,03101,No aplica,Calle,Fronto-lateral                                     ,,No inventariada,Calle,"Provincial, Cabildo/Consell",Se desconoce,Seco y limpio,Sin luz natural y con iluminación artificial encen,Despejado,,Nivel blanco,,No,No,No,Sí,No,No,Sí,2018,11,LUNES,19,Noche,Dias laborables
1.2,1,0,0,8318,03101,Recta,Carretera,Caída                                              ,,CV-724,Carretera Convencional de calzada única,Autonómica,Ascendente,Seco y limpio,"Luz del día natural, solar",Despejado,,Nivel blanco,,Sin especificar,Sin especificar,Sin especificar,Sin especificar,Sin especificar,Sin especificar,Sin especificar,2018,12,MIÉRCOLES,15,Tarde,Dias laborables
61.8,2,0,0,8319,03102,Recta,Carretera,Salida de la vía por la derecha otro tipo          ,,CV-700,Carretera Convencional de calzada única,Autonómica,Descendente,Seco y limpio,"Luz del día natural, solar",Despejado,,Nivel blanco,,Sin especificar,Sin especificar,Sin especificar,Sin especificar,Sin especificar,Sin especificar,Sin especificar,2018,1,JUEVES,10,Mañana,Dias laborables
59.7,1,0,0,8320,03102,Recta,Carretera,Caída                                              ,,CV-700,Carretera Convencional de calzada única,Autonómica,Ascendente,Seco y limpio,"Luz del día natural, solar",Despejado,,Nivel blanco,,Sin especificar,Sin especificar,Sin especificar,Sin especificar,Sin especificar,Sin especificar,Sin especificar,2018,2,DOMINGO,12,Tarde,Fines de semana
2.9,1,0,0,8321,03102,Curva señalizada,Carretera,Salida de la vía por la izquierda con vuelco       ,CV-728,CV-678,Carretera Convencional de calzada única,"Provincial, Cabildo/Consell",Ascendente,Seco y limpio,"Luz del día natural, solar",Despejado,,Nivel blanco,,No,No,No,Sí,No,No,Sí,2018,2,DOMINGO,14,Tarde,Fines de semana
12.1,1,0,0,8322,03102,Curva señalizada,Carretera,Fronto-lateral                                     ,,CV-715,Carretera Convencional de calzada única,Autonómica,Ambos,Seco y limpio,"Luz del día natural, solar",Despejado,,Nivel blanco,,No,No,No,No,No,No,No,2018,6,SÁBADO,9,Mañana,Fines de semana
2.1,0,0,1,8323,03102,Curva señalizada,Carretera,Salida de la vía por la izquierda con colisión     ,,CV-678,Carretera Convencional de calzada única,"Provincial, Cabildo/Consell",Descendente,Seco y limpio,"Luz del día natural, solar",Despejado,,Nivel blanco,,Sin especificar,Sin especificar,Sin especificar,Sin especificar,Sin especificar,Sin especificar,Sin especificar,2018,7,VIERNES,18,Noche,Dias laborables
4.9,1,0,0,8324,03102,Curva sin señalizar,Carretera,Salida de la vía por la izquierda con vuelco       ,,CV-678,Carretera Convencional de calzada única,"Provincial, Cabildo/Consell",Descendente,Seco y limpio,"Luz del día natural, solar",Despejado,,Nivel blanco,,Sin especificar,Sin especificar,Sin especificar,Sin especificar,Sin especificar,Sin especificar,Sin especificar,2018,8,DOMINGO,15,Tarde,Fines de semana
6.0,2,0,0,8325,03102,Curva señalizada,Carretera,Fronto-lateral                                     ,,CV-715,Carretera Convencional de calzada única,Autonómica,Ambos,Mojado,"Luz del día natural, solar",Lluvia fuerte,,Sin especificar,,Sin especificar,Sin especificar,Sin especificar,Sin especificar,Sin especificar,Sin especificar,Sin especificar,2018,9,SÁBADO,10,Mañana,Fines de semana
59.8,1,0,0,8326,03102,Recta,Carretera,Por alcance                                        ,,CV-700,Carretera Convencional de calzada única,Autonómica,Descendente,Seco y limpio,"Luz del día natural, solar",Despejado,,Nivel blanco,,Sin especificar,Sin especificar,Sin especificar,Sin especificar,Sin especificar,Sin especificar,Sin especificar,2018,10,VIERNES,16,Tarde,Dias laborables
6.1,1,0,0,8327,03102,Recta,Carretera,Por alcance                                        ,CV-728,CV-715,Carretera Convencional de calzada única,Autonómica,Ascendente,Seco y limpio,"Luz del día natural, solar",Despejado,,Nivel blanco,,No,No,Sí,No,No,No,No,2018,11,JUEVES,8,Mañana,Dias laborables
64.4,2,0,0,8328,03102,Curva señalizada,Carretera,Frontal                                            ,,CV-700,Carretera Convencional de calzada única,Autonómica,Ascendente,Seco y limpio,"Luz del día natural, solar",Despejado,,Nivel blanco,,Sin especificar,Sin especificar,Sin especificar,Sin especificar,Sin especificar,Sin especificar,Sin especificar,2018,12,MARTES,14,Tarde,Dias laborables
0.5,1,0,0,8329,03102,Recta,Carretera,Atropello a animales                               ,,CV-678,Carretera Convencional de calzada única,"Provincial, Cabildo/Consell",Descendente,Seco y limpio,Sin luz natural ni artificial,Despejado,,Nivel blanco,,Sin especificar,Sin especificar,Sin especificar,Sin especificar,Sin especificar,Sin especificar,Sin especificar,2018,12,DOMINGO,19,Noche,Fines de semana
,2,0,0,8330,03102,No aplica,Calle,Lateral                                            ,,No inventariada,Calle,Municipal,Se desconoce,Seco y limpio,"Luz del día natural, solar",Despejado,,Nivel blanco,,No,No,No,No,No,Sí,No,2018,8,MARTES,13,Tarde,Dias laborables
205.0,2,0,0,8331,03104,Recta,Carretera,Fronto-lateral                                     ,,A-31,Autovía,Estatal,Ascendente,Seco y limpio,Sin luz natural ni artificial,Despejado,,Nivel blanco,,Sin especificar,Sin especificar,Sin especificar,Sin especificar,Sin especificar,Sin especificar,Sin especificar,2018,1,DOMINGO,20,Noche,Fines de semana
203.3,3,0,0,8332,03104,Curva sin señalizar,Carretera,Salida de la vía por la derecha con colisión       ,,A-31,Autovía,Estatal,Ascendente,Con hielo,Sin luz natural y con iluminación artificial encen,Granizando,,Nivel blanco,,Sin especificar,Sin especificar,Sin especificar,Sin especificar,Sin especificar,Sin especificar,Sin especificar,2018,1,SÁBADO,17,Tarde,Fines de semana
203.2,0,0,1,8333,03104,Curva señalizada,Carretera,Atropello a personas                               ,,A-31,Autovía,Estatal,Descendente,Seco y limpio,Sin luz natural ni artificial,Despejado,,Nivel blanco,,Sin especificar,Sin especificar,Sin especificar,Sin especificar,Sin especificar,Sin especificar,Sin especificar,2018,4,SÁBADO,0,Madrugada,Fines de semana
207.8,2,0,0,8334,03104,Recta,Carretera,Múltiple o en caravana                             ,,A-31,Autovía,Estatal,Ascendente,Seco y limpio,"Luz del día natural, solar",Despejado,,Nivel verde,,No,No,No,No,No,Sí,No,2018,4,MIÉRCOLES,8,Mañana,Dias laborables
1.5,2,0,0,8335,03104,Recta,Carretera,Salida de la vía por la izquierda con despeñamiento,,CV-837,Carretera Convencional de calzada única,"Provincial, Cabildo/Consell",Descendente,Seco y limpio,Sin luz natural ni artificial,Despejado,,Nivel blanco,,Sin especificar,Sin especificar,Sin especificar,Sin especificar,Sin especificar,Sin especificar,Sin especificar,2018,4,JUEVES,23,Noche,Dias laborables
,2,0,0,8336,03104,No aplica,Calle,Lateral                                            ,,No inventariada,Calle,Municipal,Se desconoce,Seco y limpio,"Luz del día natural, solar",Despejado,,Nivel blanco,,No,No,No,No,No,Sí,No,2018,5,VIERNES,16,Tarde,Dias laborables
208.8,1,0,0,8337,03104,Recta,Carretera,Por alcance                                        ,,A-31,Autovía,Estatal,Ascendente,Seco y limpio,Sin luz natural ni artificial,Despejado,,Nivel blanco,,Sin especificar,Sin especificar,Sin especificar,Sin especificar,Sin especificar,Sin especificar,Sin especificar,2018,5,DOMINGO,3,Madrugada,Fines de semana
,2,0,0,8338,03104,No aplica,Calle,Lateral                                            ,,No inventariada,Calle,Municipal,Se desconoce,Seco y limpio,"Luz del día natural, solar",Despejado,,Nivel blanco,,No,No,No,No,No,Sí,No,2018,6,LUNES,7,Mañana,Dias laborables
,1,0,0,8339,03104,No aplica,Calle,Lateral                                            ,,No inventariada,Calle,Municipal,Se desconoce,Seco y limpio,"Luz del día natural, solar",Despejado,,Nivel blanco,,No,No,No,Sí,No,No,Sí,2018,7,VIERNES,19,Noche,Dias laborables
,1,0,0,8340,03104,No aplica,Calle,Atropello a personas                               ,,No inventariada,Calle,Municipal,Se desconoce,Seco y limpio,"Luz del día natural, solar",Despejado,,Nivel blanco,,Sin especificar,Sin especificar,Sin especificar,Sin especificar,Sin especificar,Sin especificar,Sin especificar,2018,7,LUNES,6,Mañana,Dias laborables
,3,0,0,8341,03104,No aplica,Calle,Lateral                                            ,,No inventariada,Calle,Municipal,Se desconoce,Seco y limpio,Sin luz natural y con iluminación artificial encen,Despejado,,Nivel blanco,,No,No,No,No,No,Sí,No,2018,10,MARTES,21,Noche,Dias laborables
,1,0,0,8342,03104,No aplica,Calle,Lateral                                            ,,No inventariada,Calle,Municipal,Se desconoce,Seco y limpio,"Luz del día natural, solar",Nublado,,Nivel blanco,,No,No,No,No,No,No,No,2018,10,DOMINGO,8,Mañana,Fines de semana
,1,0,0,8343,03104,No aplica,Calle,Atropello a personas                               ,,No inventariada,Calle,Municipal,Se desconoce,Mojado,"Amanecer o atardecer, con luz artificial",Lluvia débil,,Nivel amarillo,,Sin especificar,Sin especificar,Sin especificar,Sin especificar,Sin especificar,Sin especificar,Sin especificar,2018,10,VIERNES,7,Mañana,Dias laborables
198.8,4,0,1,8344,03104,Curva sin señalizar,Carretera,Salida de la vía por la derecha con vuelco         ,,A-31,Autovía,Estatal,Ascendente,Mojado,"Luz del día natural, solar",Lluvia débil,,Nivel blanco,,Sin especificar,Sin especificar,Sin especificar,Sin especificar,Sin especificar,Sin especificar,Sin especificar,2018,11,LUNES,15,Tarde,Dias laborables
,1,0,0,8345,03104,No aplica,Calle,Lateral                                            ,,No inventariada,Calle,Municipal,Se desconoce,Seco y limpio,Sin luz natural y con iluminación artificial encen,Nublado,,Nivel blanco,,No,No,No,No,No,Sí,No,2018,11,DOMINGO,22,Noche,Fines de semana
208.0,1,0,0,8346,03104,Curva señalizada,Carretera,Salida de la vía por la izquierda con colisión     ,,A-31,Autovía,Estatal,Descendente,Seco y limpio,Sin luz natural y con iluminación artificial no en,Despejado,,Nivel blanco,,No,No,No,No,No,No,No,2018,11,MIÉRCOLES,21,Noche,Dias laborables
0.0,1,0,0,8347,03105,Curva sin señalizar,Carretera,Caída                                              ,,No inventariada,Camino vecinal,Municipal,Ascendente,Con barro o gravilla suelta,"Luz del día natural, solar",Despejado,,Nivel blanco,,Sin especificar,Sin especificar,Sin especificar,Sin especificar,Sin especificar,Sin especificar,Sin especificar,2018,1,SÁBADO,13,Tarde,Fines de semana
25.3,1,0,0,8348,03105,Curva señalizada,Carretera,Salida de la vía por la izquierda con despeñamiento,,CV-840,Carretera Convencional de calzada única,Autonómica,Descendente,Mojado,"Amanecer o atardecer, sin luz artificial",Lluvia débil,,Nivel blanco,,Sin especificar,Sin especificar,Sin especificar,Sin especificar,Sin especificar,Sin especificar,Sin especificar,2018,2,VIERNES,7,Mañana,Dias laborables
23.2,2,0,0,8349,03105,Recta,Carretera,Salida de la vía por la derecha otro tipo          ,,CV-83,Carretera Convencional de calzada única,Autonómica,Ascendente,Seco y limpio,"Luz del día natural, solar",Despejado,,Nivel blanco,,Sin especificar,Sin especificar,Sin especificar,Sin especificar,Sin especificar,Sin especificar,Sin especificar,2018,2,MIÉRCOLES,12,Tarde,Dias laborables
22.2,2,0,0,8350,03105,Recta,Carretera,Múltiple o en caravana                             ,,CV-83,Carretera Convencional de calzada única,Autonómica,Ambos,Seco y limpio,"Luz del día natural, solar",Despejado,,Nivel blanco,,No,No,No,No,No,No,Sí,2018,3,MARTES,17,Tarde,Dias laborables
0.9,1,0,0,8351,03105,Curva señalizada,Carretera,Salida de la vía por la derecha con vuelco         ,,CV-836,Carretera Convencional de calzada única,Autonómica,Ascendente,Mojado,"Amanecer o atardecer, sin luz artificial",Lluvia débil,,Nivel blanco,,Sin especificar,Sin especificar,Sin especificar,Sin especificar,Sin especificar,Sin especificar,Sin especificar,2018,4,LUNES,7,Mañana,Dias laborables
22.6,1,0,0,8352,03105,Recta,Carretera,Salida de la vía por la derecha otro tipo          ,,CV-83,Carretera Convencional de calzada única,Autonómica,Descendente,Seco y limpio,Sin luz natural y con iluminación artificial no en,Despejado,,Nivel blanco,,No,No,No,No,No,No,Sí,2018,4,LUNES,3,Madrugada,Dias laborables
22.3,2,0,0,8353,03105,Curva señalizada,Carretera,Frontal                                            ,,CV-83,Carretera Convencional de calzada única,Autonómica,Ambos,Seco y limpio,"Luz del día natural, solar",Despejado,,Nivel blanco,,Sin especificar,Sin especificar,Sin especificar,Sin especificar,Sin especificar,Sin especificar,Sin especificar,2018,4,SÁBADO,21,Noche,Fines de semana
20.3,1,0,0,8354,03105,Recta,Carretera,Fronto-lateral                                     ,,CV-83,Carretera Convencional de calzada única,Autonómica,Ascendente,Seco y limpio,"Luz del día natural, solar",Despejado,,Nivel blanco,,No,No,No,No,No,No,No,2018,8,JUEVES,18,Noche,Dias laborables
0.6,1,0,0,8355,03105,Curva señalizada,Carretera,Salida de la vía por la derecha con colisión       ,,CV-836,Carretera Convencional de calzada única,Autonómica,Ascendente,Seco y limpio,"Luz del día natural, solar",Despejado,,Nivel blanco,,Sin especificar,Sin especificar,Sin especificar,Sin especificar,Sin especificar,Sin especificar,Sin especificar,2018,10,JUEVES,17,Tarde,Dias laborables
,1,0,0,8356,03105,No aplica,Calle,Atropello a personas                               ,,No inventariada,Calle,Municipal,Se desconoce,Seco y limpio,"Amanecer o atardecer, con luz artificial",Despejado,,Se desconoce,,Sin especificar,Sin especificar,Sin especificar,Sin especificar,Sin especificar,Sin especificar,Sin especificar,2018,10,VIERNES,20,Noche,Dias laborables
,1,0,0,8357,03105,No aplica,Calle,Atropello a personas                               ,,No inventariada,Calle,Municipal,Se desconoce,Seco y limpio,"Luz del día natural, solar",Despejado,,Se desconoce,,Sin especificar,Sin especificar,Sin especificar,Sin especificar,Sin especificar,Sin especificar,Sin especificar,2018,10,VIERNES,17,Tarde,Dias laborables
,0,0,1,8358,03105,No aplica,Calle,Salida de la vía por la izquierda con colisión     ,,No inventariada,Calle,Municipal,Se desconoce,Seco y limpio,"Luz del día natural, solar",Despejado,,Se desconoce,,Sin especificar,Sin especificar,Sin especificar,Sin especificar,Sin especificar,Sin especificar,Sin especificar,2018,10,MARTES,9,Mañana,Dias laborables
2.0,1,0,0,8359,00000,Curva señalizada,Carretera,Salida de la vía por la izquierda con colisión     ,,CV-712,Carretera Convencional de calzada única,"Provincial, Cabildo/Consell",Descendente,Seco y limpio,"Luz del día natural, solar",Nublado,,Nivel blanco,,Sin especificar,Sin especificar,Sin especificar,Sin especificar,Sin especificar,Sin especificar,Sin especificar,2018,2,DOMINGO,12,Tarde,Fines de semana
1.0,0,0,1,8360,00000,Recta,Carretera,Salida de la vía por la izquierda con vuelco       ,,No inventariada,Camino vecinal,Municipal,Descendente,Seco y limpio,"Luz del día natural, solar",Nublado,,Nivel blanco,,Sin especificar,Sin especificar,Sin especificar,Sin especificar,Sin especificar,Sin especificar,Sin especificar,2018,2,LUNES,8,Mañana,Dias laborables
53.8,1,0,0,8361,00000,Curva señalizada,Carretera,Por alcance                                        ,,CV-715,Carretera Convencional de calzada única,Autonómica,Descendente,Seco y limpio,"Luz del día natural, solar",Despejado,,Nivel blanco,,No,No,No,No,No,No,No,2018,1,VIERNES,14,Tarde,Dias laborables
54.4,0,1,0,8362,00000,Recta,Carretera,Frontal                                            ,,CV-715,Carretera Convencional de calzada única,Autonómica,Ambos,Seco y limpio,Sin luz natural ni artificial,Despejado,,Nivel blanco,,Sin especificar,Sin especificar,Sin especificar,Sin especificar,Sin especificar,Sin especificar,Sin especificar,2018,8,JUEVES,1,Madrugada,Dias laborables
,1,0,0,8363,00000,No aplica,Calle,Salida de la vía por la izquierda con colisión     ,,No inventariada,Calle,Municipal,Se desconoce,Seco y limpio,"Luz del día natural, solar",Despejado,,Se desconoce,,Sin especificar,Sin especificar,Sin especificar,Sin especificar,Sin especificar,Sin especificar,Sin especificar,2018,3,MIÉRCOLES,15,Tarde,Dias laborables
56.0,1,0,0,8364,00000,Recta,Carretera,Fronto-lateral                                     ,,CV-715,Carretera Convencional de calzada única,Municipal,Ambos,Mojado,"Luz del día natural, solar",Lluvia débil,,Se desconoce,,No,No,No,Sí,No,No,Sí,2018,11,JUEVES,17,Tarde,Dias laborables
0.1,1,0,0,8365,03111,Curva sin señalizar,Carretera,Salida de la vía por la derecha con vuelco         ,,No inventariada,Camino vecinal,Municipal,Ambos,Seco y limpio,"Luz del día natural, solar",Despejado,,Nivel blanco,,Sin especificar,Sin especificar,Sin especificar,Sin especificar,Sin especificar,Sin especificar,Sin especificar,2018,1,MIÉRCOLES,14,Tarde,Dias laborables
0.2,3,0,0,8366,03111,Curva sin señalizar,Carretera,Salida de la vía por la derecha con vuelco         ,,No inventariada,Camino vecinal,Municipal,Descendente,Seco y limpio,"Luz del día natural, solar",Despejado,,Nivel blanco,,Sin especificar,Sin especificar,Sin especificar,Sin especificar,Sin especificar,Sin especificar,Sin especificar,2018,2,VIERNES,12,Tarde,Dias laborables
2.5,2,0,0,8367,03111,Recta,Carretera,Múltiple o en caravana                             ,,CV-900,Carretera Convencional de calzada única,Autonómica,Descendente,Seco y limpio,Sin luz natural y con iluminación artificial encen,Despejado,,Nivel blanco,,No,No,No,No,No,Sí,No,2018,3,JUEVES,19,Noche,Dias laborables
691.8,1,0,0,8368,03111,Recta,Carretera,Fronto-lateral                                     ,,N-340,Carretera Convencional de calzada única,Estatal,Ascendente,Seco y limpio,"Luz del día natural, solar",Despejado,,Nivel blanco,,No,No,No,No,No,No,Sí,2018,4,SÁBADO,10,Mañana,Fines de semana
692.0,1,0,0,8369,03111,Recta,Carretera,Por alcance                                        ,,N-340,Carretera Convencional de calzada única,Estatal,Ascendente,Mojado,"Luz del día natural, solar",Nublado,,Nivel verde,,No,No,No,No,Sí,No,No,2018,9,VIERNES,11,Mañana,Dias laborables
27.5,1,0,0,8370,00000,Curva señalizada,Carretera,"Salida de la vía por la izquierda, otro tipo       ",,CV-775,Carretera Convencional de calzada única,Autonómica,Ascendente,Seco y limpio,"Luz del día natural, solar",Despejado,,Nivel blanco,,Sin especificar,Sin especificar,Sin especificar,Sin especificar,Sin especificar,Sin especificar,Sin especificar,2018,4,SÁBADO,12,Tarde,Fines de semana
1.3,1,0,0,8371,00000,Curva sin señalizar,Carretera,Salida de la vía por la derecha otro tipo          ,,CV-782,Carretera Convencional de calzada única,"Provincial, Cabildo/Consell",Descendente,Otra,"Luz del día natural, solar",Despejado,,Nivel blanco,,Sin especificar,Sin especificar,Sin especificar,Sin especificar,Sin especificar,Sin especificar,Sin especificar,2018,6,VIERNES,18,Noche,Dias laborables
26.0,1,0,0,8372,00000,Curva señalizada,Carretera,Salida de la vía por la derecha con colisión       ,,CV-770,Carretera Convencional de calzada única,"Provincial, Cabildo/Consell",Descendente,Seco y limpio,"Luz del día natural, solar",Despejado,,Nivel blanco,,Sin especificar,Sin especificar,Sin especificar,Sin especificar,Sin especificar,Sin especificar,Sin especificar,2018,11,DOMINGO,13,Tarde,Fines de semana
4.0,1,0,0,8373,03113,Curva sin señalizar,Carretera,Colisión contra obstáculo o elemento de la vía     ,,CV-905,Carretera Convencional de doble calzada,Autonómica,Ambos,Seco y limpio,"Luz del día natural, solar",Despejado,,Nivel blanco,,Sin especificar,Sin especificar,Sin especificar,Sin especificar,Sin especificar,Sin especificar,Sin especificar,2018,2,JUEVES,12,Tarde,Dias laborables
1.5,1,0,0,8374,03113,Curva señalizada,Carretera,"Salida de la vía por la izquierda, otro tipo       ",,CV-905,Carretera Convencional de doble calzada,Autonómica,Ascendente,Seco y limpio,Sin luz natural ni artificial,Despejado,,Nivel blanco,,Sin especificar,Sin especificar,Sin especificar,Sin especificar,Sin especificar,Sin especificar,Sin especificar,2018,4,DOMINGO,4,Madrugada,Fines de semana
1.1,1,0,0,8375,03113,Curva señalizada,Carretera,Lateral                                            ,,CV-905,Carretera Convencional de doble calzada,Autonómica,Ascendente,Seco y limpio,"Luz del día natural, solar",Despejado,,Nivel blanco,,No,No,Sí,No,No,Sí,No,2018,4,JUEVES,8,Mañana,Dias laborables
1.0,1,0,0,8376,03113,Curva señalizada,Carretera,Fronto-lateral                                     ,,CV-905,Carretera Convencional de doble calzada,Autonómica,Descendente,Seco y limpio,"Luz del día natural, solar",Despejado,,Nivel blanco,,No,No,No,No,No,Sí,No,2018,5,VIERNES,20,Noche,Dias laborables
1.0,1,0,0,8377,03113,Curva señalizada,Carretera,Por alcance                                        ,CV-905,CV-905,Carretera Convencional de doble calzada,Autonómica,Descendente,Seco y limpio,"Luz del día natural, solar",Despejado,,Nivel verde,,No,No,No,No,No,Sí,No,2018,7,SÁBADO,11,Mañana,Fines de semana