KM,TOTAL_HL24H,TOTAL_HG24H,TOTAL_MU24H,id,COD_MUNICIPIO,TRAZADO_PLANTA,ZONA,TIPO_ACCIDENTE,CARRETERA_CRUCE,CARRETERA,TIPO_VIA,TITULARIDAD_VIA,SENTIDO_1F,CONDICION_FIRME,CONDICION_ILUMINACION,CONDICION_METEO,CONDICION_NIEBLA,CONDICION_NIVEL_CIRCULA,CONDICION_VIENTO,PRIORI_AGENTE,PRIORI_CIRCUNSTANCIAL,PRIORI_HORIZ_CEDA,PRIORI_HORIZ_STOP,PRIORI_SEMAFORO,PRIORI_VERT_CEDA,PRIORI_VERT_STOP,ANYO,MES,DIA,HORA,FRANJA_HORARIA,TIPO_DIA
,1,0,0,8378,03113,No aplica,Calle,Fronto-lateral                                     ,,No inventariada,Calle,Municipal,Se desconoce,Seco y limpio,Sin luz natural y con iluminación artificial encen,Despejado,,Nivel blanco,,No,No,No,No,No,Sí,No,2018,2,MARTES,20,Noche,Dias laborables
,0,1,0,8379,03113,No aplica,Calle,Fronto-lateral                                     ,,No inventariada,Otro,Municipal,Se desconoce,Seco y limpio,"Luz del día natural, solar",Despejado,,Nivel blanco,,No,No,No,No,No,Sí,No,2018,4,JUEVES,14,Tarde,Dias laborables
19.5,1,0,0,8380,03113,Curva señalizada,Carretera,"Salida de la vía por la izquierda, otro tipo       ",,CV-920,Carretera Convencional de calzada única,Autonómica,Descendente,Seco y limpio,"Luz del día natural, solar",Despejado,,Nivel blanco,,Sin especificar,Sin especificar,Sin especificar,Sin especificar,Sin especificar,Sin especificar,Sin especificar,2018,9,SÁBADO,19,Noche,Fines de semana
1.0,1,0,0,8381,03113,Curva señalizada,Carretera,Fronto-lateral                                     ,,CV-905,Carretera Convencional de doble calzada,Autonómica,Descendente,Seco y limpio,"Luz del día natural, solar",Despejado,,Nivel blanco,,No,No,No,No,No,Sí,No,2018,10,JUEVES,17,Tarde,Dias laborables
1.0,1,0,0,8382,03113,Curva señalizada,Carretera,Fronto-lateral                                     ,,CV-905,Carretera Convencional de doble calzada,Autonómica,Descendente,Seco y limpio,"Amanecer o atardecer, sin luz artificial",Nublado,,Nivel blanco,,No,No,No,No,No,Sí,No,2018,10,SÁBADO,7,Mañana,Fines de semana
745.0,1,0,0,8383,03113,Recta,Carretera,Por alcance                                        ,,AP-7,Autopista de peaje,Estatal,Ascendente,Mojado,"Luz del día natural, solar",Nublado,,Nivel verde,,No,No,No,No,No,Sí,No,2018,10,MARTES,13,Tarde,Dias laborables
1.6,1,0,0,8384,03113,Recta,Carretera,Colisión contra obstáculo o elemento de la vía     ,,CV-905,Carretera Convencional de doble calzada,Autonómica,Ascendente,Seco y limpio,"Luz del día natural, solar",Despejado,,Nivel blanco,,Sin especificar,Sin especificar,Sin especificar,Sin especificar,Sin especificar,Sin especificar,Sin especificar,2018,10,VIERNES,10,Mañana,Dias laborables
15.8,1,0,0,8385,03113,Recta,Carretera,Por alcance                                        ,,CV-920,Carretera Convencional de calzada única,Autonómica,Descendente,Seco y limpio,Sin luz natural y con iluminación artificial encen,Nublado,,Nivel amarillo,,No,No,Sí,No,No,Sí,No,2018,11,VIERNES,17,Tarde,Dias laborables
19.4,0,1,0,8386,03113,Curva señalizada,Carretera,Otro tipo de accidente                             ,,CV-920,Carretera Convencional de calzada única,Autonómica,Descendente,Seco y limpio,"Luz del día natural, solar",Despejado,,Nivel blanco,,Sin especificar,Sin especificar,Sin especificar,Sin especificar,Sin especificar,Sin especificar,Sin especificar,2018,12,MIÉRCOLES,13,Tarde,Dias laborables
7.5,1,0,0,8387,03113,Curva señalizada,Carretera,Fronto-lateral                                     ,,CV-860,Carretera Convencional de calzada única,Autonómica,Descendente,Seco y limpio,"Luz del día natural, solar",Nublado,,Nivel blanco,,No,No,No,No,No,No,Sí,2018,12,MIÉRCOLES,12,Tarde,Dias laborables
14.5,1,0,0,8388,00000,Recta,Carretera,Salida de la vía por la derecha con vuelco         ,,CV-840,Carretera Convencional de calzada única,Autonómica,Ascendente,Seco y limpio,"Luz del día natural, solar",Despejado,,Nivel blanco,,Sin especificar,Sin especificar,Sin especificar,Sin especificar,Sin especificar,Sin especificar,Sin especificar,2018,3,DOMINGO,19,Noche,Fines de semana
7.0,1,0,0,8389,00000,Recta,Carretera,Lateral                                            ,,CV-840,Carretera Convencional de calzada única,Autonómica,Descendente,Seco y limpio,"Luz del día natural, solar",Despejado,,Nivel blanco,,No,No,Sí,No,No,Sí,No,2018,6,MIÉRCOLES,6,Mañana,Dias laborables
7.0,1,0,0,8390,00000,Recta,Carretera,Salida de la vía por la derecha con vuelco         ,,CV-846,Carretera Convencional de calzada única,"Provincial, Cabildo/Consell",Ascendente,Seco y limpio,"Luz del día natural, solar",Despejado,,Nivel blanco,,Sin especificar,Sin especificar,Sin especificar,Sin especificar,Sin especificar,Sin especificar,Sin especificar,2018,8,SÁBADO,18,Noche,Fines de semana
7.1,1,0,0,8391,00000,Curva sin señalizar,Carretera,Frontal                                            ,,CV-840,Carretera Convencional de calzada única,Autonómica,Ascendente,Seco y limpio,"Luz del día natural, solar",Despejado,,Nivel blanco,,Sin especificar,Sin especificar,Sin especificar,Sin especificar,Sin especificar,Sin especificar,Sin especificar,2018,12,MARTES,7,Mañana,Dias laborables
14.6,1,0,0,8392,00000,Curva señalizada,Carretera,Salida de la vía por la derecha con vuelco         ,,CV-715,Carretera Convencional de calzada única,Autonómica,Descendente,Seco y limpio,Sin luz natural ni artificial,Despejado,,Nivel blanco,,Sin especificar,Sin especificar,Sin especificar,Sin especificar,Sin especificar,Sin especificar,Sin especificar,2018,3,VIERNES,20,Noche,Dias laborables
6.0,1,0,0,8393,03118,Curva señalizada,Carretera,Atropello a personas                               ,CV-859,CV-860,Carretera Convencional de calzada única,Autonómica,Ascendente,Seco y limpio,"Luz del día natural, solar",Despejado,,Nivel blanco,,No,No,No,No,No,No,No,2018,1,MIÉRCOLES,10,Mañana,Dias laborables
74.8,1,0,0,8394,03118,Curva señalizada,Carretera,Fronto-lateral                                     ,,N-332,Carretera Convencional de calzada única,Estatal,Descendente,Seco y limpio,"Luz del día natural, solar",Despejado,,Nivel verde,,No,No,Sí,No,No,Sí,No,2018,2,JUEVES,9,Mañana,Dias laborables
6.2,1,0,0,8395,03118,Curva sin señalizar,Carretera,"Salida de la vía por la izquierda, otro tipo       ",,CV-860,Carretera Convencional de calzada única,Autonómica,Descendente,Seco y limpio,"Luz del día natural, solar",Despejado,,Nivel blanco,,Sin especificar,Sin especificar,Sin especificar,Sin especificar,Sin especificar,Sin especificar,Sin especificar,2018,4,DOMINGO,12,Tarde,Fines de semana
6.7,1,0,0,8396,03118,Curva señalizada,Carretera,Fronto-lateral                                     ,CV-860,CV-859,Carretera Convencional de calzada única,"Provincial, Cabildo/Consell",Ambos,Seco y limpio,"Luz del día natural, solar",Despejado,,Nivel verde,,No,No,Sí,No,No,No,No,2018,6,MARTES,11,Mañana,Dias laborables
74.4,1,0,0,8397,03118,Recta,Carretera,Lateral                                            ,CV-91,N-332,Carretera Convencional de calzada única,Estatal,Ambos,Se desconoce,"Luz del día natural, solar",Se desconoce,,Se desconoce,,No,No,No,No,No,No,No,2018,5,SÁBADO,11,Mañana,Fines de semana
,2,0,0,8398,03118,No aplica,Calle,Colisión contra obstáculo o elemento de la vía     ,,No inventariada,Calle,Municipal,Se desconoce,Seco y limpio,"Amanecer o atardecer, con luz artificial",Despejado,,Nivel blanco,,Sin especificar,Sin especificar,Sin especificar,Sin especificar,Sin especificar,Sin especificar,Sin especificar,2018,5,SÁBADO,4,Madrugada,Fines de semana
,1,0,0,8399,03119,No aplica,Calle,Atropello a personas                               ,,No inventariada,Calle,Municipal,Se desconoce,Seco y limpio,"Luz del día natural, solar",Despejado,,Nivel blanco,,No,No,No,No,No,No,No,2018,1,LUNES,12,Tarde,Dias laborables
,2,0,0,8400,03119,No aplica,Calle,Fronto-lateral                                     ,,No inventariada,Calle,Municipal,Se desconoce,Seco y limpio,"Luz del día natural, solar",Despejado,,Nivel blanco,,Sin especificar,Sin especificar,Sin especificar,Sin especificar,Sin especificar,Sin especificar,Sin especificar,2018,1,DOMINGO,10,Mañana,Fines de semana
,1,0,0,8401,03119,No aplica,Calle,Caída                                              ,,No inventariada,Calle,Autonómica,Se desconoce,Seco y limpio,"Luz del día natural, solar",Despejado,,Nivel amarillo,,Sin especificar,Sin especificar,Sin especificar,Sin especificar,Sin especificar,Sin especificar,Sin especificar,2018,1,VIERNES,14,Tarde,Dias laborables
,1,0,0,8402,03119,No aplica,Calle,Atropello a personas                               ,,No inventariada,Calle,Municipal,Se desconoce,Seco y limpio,Sin luz natural y con iluminación artificial encen,Despejado,,Nivel amarillo,,No,No,No,No,No,No,No,2018,1,MIÉRCOLES,19,Noche,Dias laborables
,1,0,0,8403,03119,No aplica,Calle,Frontal                                            ,,No inventariada,Calle,Municipal,Se desconoce,Seco y limpio,"Luz del día natural, solar",Despejado,,Sin especificar,,No,No,Sí,No,No,Sí,No,2018,1,MARTES,13,Tarde,Dias laborables
7.3,1,0,0,8404,03119,Curva señalizada,Carretera,Salida de la vía por la derecha otro tipo          ,,CV-821,Carretera Convencional de doble calzada,Autonómica,Ascendente,Mojado,"Amanecer o atardecer, sin luz artificial",Nublado,,Nivel blanco,,No,No,Sí,No,No,No,No,2018,4,LUNES,7,Mañana,Dias laborables
,1,0,0,8405,03119,No aplica,Calle,Otro tipo de accidente                             ,,No inventariada,Calle,Municipal,Se desconoce,Seco y limpio,Sin luz natural y con iluminación artificial encen,Se desconoce,,Se desconoce,,No,No,No,No,No,No,No,2018,3,JUEVES,22,Noche,Dias laborables
8.4,1,0,0,8406,03119,Recta,Carretera,Por alcance                                        ,,CV-821,Carretera Convencional de doble calzada,Autonómica,Descendente,Seco y limpio,"Luz del día natural, solar",Despejado,,Nivel blanco,,Sin especificar,Sin especificar,Sin especificar,Sin especificar,Sin especificar,Sin especificar,Sin especificar,2018,4,DOMINGO,10,Mañana,Fines de semana
117.3,0,1,0,8407,03119,Se desconoce,Travesía,Lateral                                            ,,N-332,Carretera Convencional de doble calzada,Municipal,Ascendente,Seco y limpio,"Luz del día natural, solar",Despejado,,Se desconoce,,No,No,No,No,No,Sí,No,2018,9,JUEVES,9,Mañana,Dias laborables
10.9,2,0,0,8408,03120,Recta,Carretera,Fronto-lateral                                     ,,CV-941,Carretera Convencional de calzada única,Autonómica,Descendente,Seco y limpio,"Luz del día natural, solar",Nublado,,Nivel blanco,,No,No,No,No,No,Sí,No,2018,2,MIÉRCOLES,9,Mañana,Dias laborables
1.0,2,0,0,8409,03120,Curva señalizada,Carretera,Caída                                              ,,CV-940,Carretera Convencional de calzada única,Autonómica,Descendente,Con barro o gravilla suelta,"Luz del día natural, solar",Despejado,,Nivel blanco,,No,No,Sí,No,No,Sí,No,2018,3,VIERNES,10,Mañana,Dias laborables
16.0,1,0,0,8410,03120,Recta,Carretera,Fronto-lateral                                     ,CV-951,CV-95,Carretera Convencional de calzada única,Autonómica,Ambos,Seco y limpio,"Luz del día natural, solar",Despejado,,Nivel blanco,,No,No,No,Sí,No,No,No,2018,3,VIERNES,10,Mañana,Dias laborables
13.1,1,0,0,8411,03120,Curva señalizada,Carretera,Salida de la vía por la derecha otro tipo          ,,CV-95,Carretera Convencional de calzada única,Autonómica,Ascendente,Seco y limpio,"Luz del día natural, solar",Despejado,,Nivel blanco,,Sin especificar,Sin especificar,Sin especificar,Sin especificar,Sin especificar,Sin especificar,Sin especificar,2018,4,VIERNES,9,Mañana,Dias laborables
15.6,0,1,0,8412,03120,Curva señalizada,Carretera,Frontal                                            ,,CV-95,Carretera Convencional de calzada única,Autonómica,Descendente,Seco y limpio,"Luz del día natural, solar",Despejado,,Nivel blanco,,Sin especificar,Sin especificar,Sin especificar,Sin especificar,Sin especificar,Sin especificar,Sin especificar,2018,5,MIÉRCOLES,14,Tarde,Dias laborables
3.0,1,0,0,8413,03120,Recta,Carretera,Caída                                              ,,CV-952,Carretera Convencional de calzada única,"Provincial, Cabildo/Consell",Descendente,Seco y limpio,"Luz del día natural, solar",Despejado,,Nivel blanco,,Sin especificar,Sin especificar,Sin especificar,Sin especificar,Sin especificar,Sin especificar,Sin especificar,2018,5,SÁBADO,12,Tarde,Fines de semana
15.5,1,0,0,8414,03120,Curva señalizada,Carretera,Salida de la vía por la derecha con colisión       ,,CARRETERA,Carretera Convencional de calzada única,Municipal,Ambos,Mojado,"Luz del día natural, solar",Nublado,,Nivel blanco,,Sin especificar,Sin especificar,Sin especificar,Sin especificar,Sin especificar,Sin especificar,Sin especificar,2018,5,JUEVES,1,Madrugada,Dias laborables
9.0,1,0,0,8415,03120,Curva señalizada,Carretera,Salida de la vía por la derecha con vuelco         ,,TIRO PICHO,Carretera Convencional de calzada única,"Provincial, Cabildo/Consell",Ascendente,Mojado,Sin luz natural ni artificial,Lluvia débil,,Nivel blanco,,Sin especificar,Sin especificar,Sin especificar,Sin especificar,Sin especificar,Sin especificar,Sin especificar,2018,6,SÁBADO,23,Noche,Fines de semana
10.9,1,0,0,8416,03120,Recta,Carretera,Por alcance                                        ,,CV-941,Carretera Convencional de calzada única,Autonómica,Ascendente,Seco y limpio,"Luz del día natural, solar",Despejado,,Nivel verde,,No,No,No,No,No,No,Sí,2018,8,LUNES,18,Noche,Dias laborables
0.0,1,0,0,8417,03120,Recta,Carretera,Salida de la vía por la derecha otro tipo          ,,No inventariada,Otro,Municipal,Ascendente,Otra,"Luz del día natural, solar",Despejado,,Nivel blanco,,Sin especificar,Sin especificar,Sin especificar,Sin especificar,Sin especificar,Sin especificar,Sin especificar,2018,8,JUEVES,13,Tarde,Dias laborables
18.0,1,0,0,8418,03120,Recta,Carretera,Por alcance                                        ,,CV-95,Carretera Convencional de calzada única,Autonómica,Ascendente,Seco y limpio,"Luz del día natural, solar",Despejado,,Nivel blanco,,Sin especificar,Sin especificar,Sin especificar,Sin especificar,Sin especificar,Sin especificar,Sin especificar,2018,10,MARTES,15,Tarde,Dias laborables
10.6,1,0,0,8419,03120,Recta,Carretera,Fronto-lateral                                     ,,CV-941,Carretera Convencional de calzada única,Autonómica,Descendente,Seco y limpio,"Luz del día natural, solar",Despejado,,Nivel blanco,,No,No,No,No,No,No,No,2018,10,LUNES,9,Mañana,Dias laborables
19.9,2,0,0,8420,03120,Recta,Travesía,Fronto-lateral                                     ,CV-95,CV-95,Carretera Convencional de calzada única,Autonómica,Descendente,Seco y limpio,"Luz del día natural, solar",Despejado,,Nivel blanco,,No,No,No,No,No,No,Sí,2018,11,VIERNES,15,Tarde,Dias laborables
,1,1,0,8421,03120,No aplica,Calle,Otro tipo de accidente                             ,,No inventariada,Calle,Municipal,Se desconoce,Seco y limpio,Sin luz natural y con iluminación artificial encen,Nublado,,Nivel verde,,No,No,No,Sí,No,No,Sí,2018,11,DOMINGO,20,Noche,Fines de semana
80.0,1,1,0,8422,03121,Recta,Carretera,Frontal                                            ,,N-332,Carretera Convencional de calzada única,Estatal,Descendente,Seco y limpio,Sin luz natural ni artificial,Despejado,,Nivel blanco,,Sin especificar,Sin especificar,Sin especificar,Sin especificar,Sin especificar,Sin especificar,Sin especificar,2018,1,JUEVES,19,Noche,Dias laborables
11.0,0,2,0,8423,03121,Recta,Carretera,Por alcance                                        ,,CV-865,Carretera Convencional de doble calzada,Autonómica,Descendente,Seco y limpio,"Luz del día natural, solar",Despejado,,Nivel blanco,,Sin especificar,Sin especificar,Sin especificar,Sin especificar,Sin especificar,Sin especificar,Sin especificar,2018,1,DOMINGO,13,Tarde,Fines de semana
87.6,1,1,0,8424,03121,Recta,Carretera,Frontal                                            ,,N-332,Carretera Convencional de calzada única,Estatal,Ambos,Seco y limpio,Sin luz natural ni artificial,Despejado,,Nivel blanco,,Sin especificar,Sin especificar,Sin especificar,Sin especificar,Sin especificar,Sin especificar,Sin especificar,2018,2,SÁBADO,23,Noche,Fines de semana
89.1,0,0,1,8425,03121,Recta,Carretera,Caída                                              ,,N-332,Carretera Convencional de calzada única,Estatal,Ambos,Seco y limpio,"Amanecer o atardecer, sin luz artificial",Despejado,,Nivel blanco,,Sin especificar,Sin especificar,Sin especificar,Sin especificar,Sin especificar,Sin especificar,Sin especificar,2018,2,VIERNES,17,Tarde,Dias laborables
80.9,1,1,0,8426,03121,Curva sin señalizar,Carretera,Frontal                                            ,,N-332,Carretera Convencional de calzada única,Estatal,Ascendente,Seco y limpio,Sin luz natural ni artificial,Nublado,,Nivel blanco,,Sin especificar,Sin especificar,Sin especificar,Sin especificar,Sin especificar,Sin especificar,Sin especificar,2018,3,JUEVES,20,Noche,Dias laborables
89.7,1,0,0,8427,03121,Recta,Carretera,Múltiple o en caravana                             ,,N-332,Carretera Convencional de calzada única,Estatal,Descendente,Seco y limpio,"Luz del día natural, solar",Despejado,,Nivel blanco,,Sin especificar,Sin especificar,Sin especificar,Sin especificar,Sin especificar,Sin especificar,Sin especificar,2018,3,MIÉRCOLES,14,Tarde,Dias laborables
11.8,4,0,0,8428,03121,Curva señalizada,Carretera,Por alcance                                        ,,CV-865,Carretera Convencional de doble calzada,Autonómica,Descendente,Seco y limpio,"Luz del día natural, solar",Despejado,,Nivel verde,,No,No,Sí,No,No,Sí,No,2018,3,SÁBADO,12,Tarde,Fines de semana
84.5,0,1,0,8429,03121,Recta,Carretera,Frontal                                            ,,N-332,Carretera Convencional de calzada única,Estatal,Descendente,Seco y limpio,"Luz del día natural, solar",Despejado,,Nivel blanco,,Sin especificar,Sin especificar,Sin especificar,Sin especificar,Sin especificar,Sin especificar,Sin especificar,2018,4,MARTES,13,Tarde,Dias laborables
91.5,1,0,0,8430,03121,Recta,Carretera,Por alcance                                        ,,N-332,Carretera Convencional de calzada única,Estatal,Descendente,Seco y limpio,"Luz del día natural, solar",Despejado,,Nivel amarillo,,Sin especificar,Sin especificar,Sin especificar,Sin especificar,Sin especificar,Sin especificar,Sin especificar,2018,3,VIERNES,13,Tarde,Dias laborables
88.2,1,0,0,8431,03121,Curva señalizada,Carretera,Por alcance                                        ,,N-325,Carretera Convencional de calzada única,Otra,Ascendente,Seco y limpio,"Luz del día natural, solar",Nublado,,Nivel blanco,,No,No,Sí,No,No,Sí,No,2018,4,VIERNES,9,Mañana,Dias laborables
,1,0,0,8432,03121,No aplica,Calle,Atropello a personas                               ,,No inventariada,Otro,Municipal,Se desconoce,Seco y limpio,"Luz del día natural, solar",Despejado,,Nivel blanco,,Sin especificar,Sin especificar,Sin especificar,Sin especificar,Sin especificar,Sin especificar,Sin especificar,2018,3,SÁBADO,10,Mañana,Fines de semana
88.1,2,0,0,8433,03121,Curva señalizada,Carretera,Fronto-lateral                                     ,,N-332,Carretera Convencional de calzada única,Estatal,Ascendente,Seco y limpio,"Luz del día natural, solar",Despejado,,Nivel blanco,,No,No,No,Sí,No,No,No,2018,4,DOMINGO,12,Tarde,Fines de semana
,1,0,0,8434,03121,No aplica,Calle,Caída                                              ,,No inventariada,Calle,Municipal,Se desconoce,Seco y limpio,"Luz del día natural, solar",Despejado,,Nivel blanco,,Sin especificar,Sin especificar,Sin especificar,Sin especificar,Sin especificar,Sin especificar,Sin especificar,2018,5,MARTES,12,Tarde,Dias laborables
11.8,1,0,0,8435,03121,Curva señalizada,Carretera,Fronto-lateral                                     ,,CV-86,Carretera Convencional de doble calzada,Autonómica,Ascendente,Seco y limpio,"Luz del día natural, solar",Despejado,,Nivel blanco,,No,No,Sí,No,No,Sí,No,2018,5,LUNES,9,Mañana,Dias laborables
90.8,4,0,0,8436,03121,Curva señalizada,Carretera,Por alcance                                        ,,N-332,Carretera Convencional de calzada única,Estatal,Descendente,Seco y limpio,"Luz del día natural, solar",Despejado,,Nivel amarillo,,Sin especificar,Sin especificar,Sin especificar,Sin especificar,Sin especificar,Sin especificar,Sin especificar,2018,5,SÁBADO,20,Noche,Fines de semana
0.0,1,0,0,8437,03121,Recta,Carretera,Fronto-lateral                                     ,,No inventariada,Otro,Otra,Ascendente,Seco y limpio,"Luz del día natural, solar",Despejado,,Nivel blanco,,No,No,No,No,No,Sí,No,2018,5,MIÉRCOLES,16,Tarde,Dias laborables
88.1,2,0,0,8438,03121,Recta,Carretera,Múltiple o en caravana                             ,,N-332,Carretera Convencional de calzada única,Estatal,Ascendente,Seco y limpio,"Luz del día natural, solar",Despejado,,Nivel amarillo,,Sin especificar,Sin especificar,Sin especificar,Sin especificar,Sin especificar,Sin especificar,Sin especificar,2018,6,VIERNES,8,Mañana,Dias laborables
11.7,1,0,0,8439,03121,Curva señalizada,Carretera,Lateral                                            ,,CV-865,Carretera Convencional de doble calzada,Autonómica,Descendente,Seco y limpio,"Luz del día natural, solar",Despejado,,Nivel blanco,,No,No,No,No,No,Sí,No,2018,5,MIÉRCOLES,18,Noche,Dias laborables
,1,0,0,8440,03121,No aplica,Calle,Lateral                                            ,,No inventariada,Calle,Municipal,Se desconoce,Seco y limpio,"Luz del día natural, solar",Despejado,,Nivel blanco,,No,No,No,No,No,No,No,2018,5,MIÉRCOLES,11,Mañana,Dias laborables
,1,0,0,8441,03121,No aplica,Calle,Caída                                              ,,No inventariada,Calle,Municipal,Se desconoce,Seco y limpio,Sin luz natural y con iluminación artificial encen,Despejado,,Sin especificar,,Sin especificar,Sin especificar,Sin especificar,Sin especificar,Sin especificar,Sin especificar,Sin especificar,2018,6,DOMINGO,23,Noche,Fines de semana
88.32,2,0,0,8442,03121,Recta,Carretera,Frontal                                            ,,N-332,Carretera Convencional de calzada única,Estatal,Descendente,Seco y limpio,"Luz del día natural, solar",Despejado,,Nivel verde,,Sin especificar,Sin especificar,Sin especificar,Sin especificar,Sin especificar,Sin especificar,Sin especificar,2018,6,VIERNES,14,Tarde,Dias laborables
,1,0,0,8443,03121,No aplica,Calle,Atropello a personas                               ,,No inventariada,Calle,Municipal,Se desconoce,Seco y limpio,"Luz del día natural, solar",Despejado,,Nivel blanco,,No,No,Sí,No,No,Sí,No,2018,5,VIERNES,13,Tarde,Dias laborables
11.5,1,0,0,8444,03121,Recta,Carretera,Fronto-lateral                                     ,,CV-865,Carretera Convencional de doble calzada,Autonómica,Descendente,Seco y limpio,"Amanecer o atardecer, sin luz artificial",Despejado,,Nivel blanco,,No,No,No,No,No,Sí,No,2018,6,MIÉRCOLES,19,Noche,Dias laborables
9.2,1,0,0,8445,03121,Recta,Carretera,Salida de la vía por la derecha otro tipo          ,,CV-865,Carretera Convencional de doble calzada,Autonómica,Descendente,Seco y limpio,"Luz del día natural, solar",Despejado,,Nivel verde,,Sin especificar,Sin especificar,Sin especificar,Sin especificar,Sin especificar,Sin especificar,Sin especificar,2018,6,SÁBADO,18,Noche,Fines de semana
,1,0,0,8446,03121,No aplica,Calle,Atropello a personas                               ,,No inventariada,Calle,Municipal,Se desconoce,Seco y limpio,"Luz del día natural, solar",Despejado,,Nivel blanco,,No,No,No,No,No,No,No,2018,5,VIERNES,13,Tarde,Dias laborables
86.3,5,0,0,8447,03121,Recta,Carretera,Múltiple o en caravana                             ,,N-332,Carretera Convencional de calzada única,Estatal,Descendente,Seco y limpio,"Amanecer o atardecer, sin luz artificial",Despejado,,Nivel verde,,No,No,No,Sí,No,No,No,2018,7,MARTES,21,Noche,Dias laborables
,1,0,0,8448,03121,No aplica,Calle,Caída                                              ,,No inventariada,Calle,Municipal,Se desconoce,Muy encharcado o inundado,"Amanecer o atardecer, sin luz artificial",Despejado,,Nivel blanco,,No,No,No,No,No,No,No,2018,7,MIÉRCOLES,7,Mañana,Dias laborables
88.6,3,0,0,8449,03121,Recta,Carretera,Por alcance                                        ,,N-332,Carretera Convencional de calzada única,Estatal,Descendente,Seco y limpio,"Luz del día natural, solar",Despejado,,Nivel verde,,Sin especificar,Sin especificar,Sin especificar,Sin especificar,Sin especificar,Sin especificar,Sin especificar,2018,7,MARTES,18,Noche,Dias laborables
88.0,1,0,0,8450,03121,Recta,Carretera,Por alcance                                        ,,N-332,Carretera Convencional de calzada única,Estatal,Ascendente,Seco y limpio,"Luz del día natural, solar",Despejado,,Nivel blanco,,No,No,No,Sí,No,No,Sí,2018,7,MIÉRCOLES,16,Tarde,Dias laborables
90.4,3,0,0,8451,03121,Recta,Carretera,Por alcance                                        ,,N-332,Carretera Convencional de calzada única,Estatal,Ambos,Seco y limpio,"Luz del día natural, solar",Despejado,,Nivel verde,,Sin especificar,Sin especificar,Sin especificar,Sin especificar,Sin especificar,Sin especificar,Sin especificar,2018,8,DOMINGO,17,Tarde,Fines de semana
94.0,4,0,0,8452,03121,Recta,Carretera,Múltiple o en caravana                             ,,N-332,Carretera Convencional de calzada única,Estatal,Ascendente,Seco y limpio,"Luz del día natural, solar",Despejado,,Nivel amarillo,,Sin especificar,Sin especificar,Sin especificar,Sin especificar,Sin especificar,Sin especificar,Sin especificar,2018,8,VIERNES,9,Mañana,Dias laborables
,1,0,0,8453,03121,No aplica,Calle,Frontal                                            ,,No inventariada,Calle,Municipal,Se desconoce,Seco y limpio,Sin luz natural y con iluminación artificial encen,Despejado,,Nivel blanco,,No,No,No,No,No,Sí,No,2018,8,MIÉRCOLES,23,Noche,Dias laborables
,1,0,0,8454,03121,No aplica,Calle,Salida de la vía por la derecha con colisión       ,,No inventariada,Calle,Municipal,Se desconoce,Seco y limpio,"Luz del día natural, solar",Despejado,,Nivel blanco,,Sin especificar,Sin especificar,Sin especificar,Sin especificar,Sin especificar,Sin especificar,Sin especificar,2018,1,MIÉRCOLES,18,Noche,Dias laborables
,1,0,0,8455,03121,No aplica,Calle,Salida de la vía por la derecha otro tipo          ,,No inventariada,Calle,Municipal,Se desconoce,Seco y limpio,"Luz del día natural, solar",Despejado,,Sin especificar,,Sin especificar,Sin especificar,Sin especificar,Sin especificar,Sin especificar,Sin especificar,Sin especificar,2018,3,LUNES,14,Tarde,Dias laborables
,1,0,0,8456,03121,No aplica,Calle,Salida de la vía por la derecha otro tipo          ,,No inventariada,Calle,Municipal,Se desconoce,Seco y limpio,"Luz del día natural, solar",Despejado,,Se desconoce,,Sin especificar,Sin especificar,Sin especificar,Sin especificar,Sin especificar,Sin especificar,Sin especificar,2018,4,DOMINGO,19,Noche,Fines de semana
,1,0,0,8457,03121,No aplica,Calle,Salida de la vía por la derecha otro tipo          ,,No inventariada,Calle,Municipal,Se desconoce,Seco y limpio,"Luz del día natural, solar",Despejado,,Sin especificar,,Sin especificar,Sin especificar,Sin especificar,Sin especificar,Sin especificar,Sin especificar,Sin especificar,2018,4,DOMINGO,19,Noche,Fines de semana
,1,0,0,8458,03121,No aplica,Calle,Salida de la vía por la derecha otro tipo          ,,No inventariada,Calle,Municipal,Se desconoce,Seco y limpio,"Luz del día natural, solar",Despejado,,Se desconoce,,Sin especificar,Sin especificar,Sin especificar,Sin especificar,Sin especificar,Sin especificar,Sin especificar,2018,4,MARTES,14,Tarde,Dias laborables
,1,0,0,8459,03121,No aplica,Calle,Fronto-lateral                                     ,,No inventariada,Calle,Municipal,Se desconoce,Seco y limpio,"Luz del día natural, solar",Despejado,,Se desconoce,,No,No,No,Sí,No,No,Sí,2018,4,MIÉRCOLES,19,Noche,Dias laborables
,1,0,0,8460,03121,No aplica,Calle,Salida de la vía por la derecha otro tipo          ,,No inventariada,Calle,Municipal,Se desconoce,Seco y limpio,"Luz del día natural, solar",Despejado,,Nivel blanco,,Sin especificar,Sin especificar,Sin especificar,Sin especificar,Sin especificar,Sin especificar,Sin especificar,2018,5,LUNES,17,Tarde,Dias laborables
,1,0,0,8461,03121,No aplica,Calle,Atropello a personas                               ,,No inventariada,Calle,Municipal,Se desconoce,Seco y limpio,"Amanecer o atardecer, sin luz artificial",Despejado,,Nivel amarillo,,Sin especificar,Sin especificar,Sin especificar,Sin especificar,Sin especificar,Sin especificar,Sin especificar,2018,7,VIERNES,20,Noche,Dias laborables