KM,TOTAL_HL24H,TOTAL_HG24H,TOTAL_MU24H,id,COD_MUNICIPIO,TRAZADO_PLANTA,ZONA,TIPO_ACCIDENTE,CARRETERA_CRUCE,CARRETERA,TIPO_VIA,TITULARIDAD_VIA,SENTIDO_1F,CONDICION_FIRME,CONDICION_ILUMINACION,CONDICION_METEO,CONDICION_NIEBLA,CONDICION_NIVEL_CIRCULA,CONDICION_VIENTO,PRIORI_AGENTE,PRIORI_CIRCUNSTANCIAL,PRIORI_HORIZ_CEDA,PRIORI_HORIZ_STOP,PRIORI_SEMAFORO,PRIORI_VERT_CEDA,PRIORI_VERT_STOP,ANYO,MES,DIA,HORA,FRANJA_HORARIA,TIPO_DIA
,1,0,0,8551,03122,No aplica,Calle,Fronto-lateral                                     ,,No inventariada,Calle,Municipal,Se desconoce,Seco y limpio,"Luz del día natural, solar",Despejado,,Se desconoce,,No,No,No,Sí,No,No,No,2018,8,LUNES,11,Mañana,Dias laborables
,1,0,0,8552,03122,No aplica,Calle,Atropello a personas                               ,,No inventariada,Calle,Municipal,Se desconoce,Seco y limpio,"Luz del día natural, solar",Despejado,,Se desconoce,,Sin especificar,Sin especificar,Sin especificar,Sin especificar,Sin especificar,Sin especificar,Sin especificar,2018,10,SÁBADO,12,Tarde,Fines de semana
,1,0,0,8553,03122,No aplica,Calle,Otro tipo de accidente                             ,,No inventariada,Calle,Municipal,Se desconoce,Mojado,"Luz del día natural, solar",Lluvia débil,,Sin especificar,,No,No,No,No,No,No,No,2018,10,LUNES,9,Mañana,Dias laborables
,0,1,0,8554,03122,No aplica,Calle,Atropello a personas                               ,,No inventariada,Calle,Municipal,Se desconoce,Seco y limpio,"Luz del día natural, solar",Despejado,,Se desconoce,,No,No,Sí,No,No,No,No,2018,10,LUNES,16,Tarde,Dias laborables
,1,0,0,8555,03122,No aplica,Calle,Caída                                              ,,No inventariada,Recinto delimitado,Otra,Se desconoce,Seco y limpio,"Luz del día natural, solar",Despejado,,Se desconoce,,No,No,No,Sí,No,No,Sí,2018,10,VIERNES,15,Tarde,Dias laborables
,1,0,0,8556,03122,No aplica,Calle,Atropello a personas                               ,,No inventariada,Calle,Municipal,Se desconoce,Seco y limpio,"Luz del día natural, solar",Despejado,,Nivel verde,,No,No,No,No,Sí,No,No,2018,10,MARTES,18,Noche,Dias laborables
,1,0,0,8557,03122,No aplica,Calle,Por alcance                                        ,,No inventariada,Calle,Municipal,Se desconoce,Seco y limpio,"Luz del día natural, solar",Despejado,,Nivel verde,,No,No,No,No,No,Sí,No,2018,7,LUNES,18,Noche,Dias laborables
,1,0,0,8558,03122,No aplica,Calle,Fronto-lateral                                     ,,No inventariada,Calle,Municipal,Se desconoce,Seco y limpio,Sin luz natural y con iluminación artificial encen,Despejado,,Nivel blanco,,No,No,No,No,No,No,No,2018,7,JUEVES,22,Noche,Dias laborables
0.5,1,0,0,8559,03122,Recta,Carretera,Salida de la vía por la derecha con colisión       ,,CV-820,Carretera Convencional de calzada única,Autonómica,Descendente,Seco y limpio,Sin luz natural ni artificial,Despejado,,Nivel blanco,,Sin especificar,Sin especificar,Sin especificar,Sin especificar,Sin especificar,Sin especificar,Sin especificar,2018,10,MIÉRCOLES,7,Mañana,Dias laborables
,2,0,0,8560,03122,No aplica,Calle,Lateral                                            ,,No inventariada,Calle,Municipal,Se desconoce,Seco y limpio,Sin luz natural y con iluminación artificial encen,Despejado,,Sin especificar,,No,No,No,Sí,No,No,Sí,2018,11,VIERNES,22,Noche,Dias laborables
,1,0,0,8561,03122,No aplica,Calle,Salida de la vía por la derecha otro tipo          ,,No inventariada,Recinto delimitado,Municipal,Se desconoce,Mojado,"Luz del día natural, solar",Lluvia débil,,Sin especificar,,Sin especificar,Sin especificar,Sin especificar,Sin especificar,Sin especificar,Sin especificar,Sin especificar,2018,11,LUNES,9,Mañana,Dias laborables
,0,1,0,8562,03122,No aplica,Calle,Fronto-lateral                                     ,,No inventariada,Calle,Municipal,Se desconoce,Seco y limpio,"Luz del día natural, solar",Despejado,,Nivel blanco,,Sin especificar,Sin especificar,Sin especificar,Sin especificar,Sin especificar,Sin especificar,Sin especificar,2018,11,MARTES,8,Mañana,Dias laborables
0.5,1,0,0,8563,03122,Recta,Carretera,Por alcance                                        ,,A-77a,Autovía,Estatal,Ascendente,Seco y limpio,"Luz del día natural, solar",Despejado,,Nivel verde,,No,No,No,No,No,Sí,No,2018,11,MARTES,11,Mañana,Dias laborables
0.6,3,0,0,8564,03122,Recta,Carretera,Múltiple o en caravana                             ,,A-77,Autovía,Estatal,Descendente,Seco y limpio,Sin luz natural y con iluminación artificial no en,Despejado,,Nivel amarillo,,Sin especificar,Sin especificar,Sin especificar,Sin especificar,Sin especificar,Sin especificar,Sin especificar,2018,11,DOMINGO,18,Noche,Fines de semana
0.0,1,0,0,8565,03122,Curva señalizada,Carretera,Por alcance                                        ,,A-77a,Autovía,Estatal,Ascendente,Seco y limpio,"Luz del día natural, solar",Despejado,,Nivel blanco,,No,No,No,No,No,Sí,No,2018,11,DOMINGO,17,Tarde,Fines de semana
,2,0,0,8566,03122,No aplica,Calle,Por alcance                                        ,,No inventariada,Calle,Municipal,Se desconoce,Mojado,"Luz del día natural, solar",Lluvia débil,,Nivel verde,,Sin especificar,Sin especificar,Sin especificar,Sin especificar,Sin especificar,Sin especificar,Sin especificar,2018,11,LUNES,12,Tarde,Dias laborables
491.0,2,0,0,8567,03122,Curva sin señalizar,Carretera,Caída                                              ,,A-7,Autovía,Estatal,Ascendente,Seco y limpio,Sin luz natural ni artificial,Despejado,,Nivel blanco,,Sin especificar,Sin especificar,Sin especificar,Sin especificar,Sin especificar,Sin especificar,Sin especificar,2018,12,MARTES,17,Tarde,Dias laborables
4.5,1,0,0,8568,03122,Recta,Carretera,Por alcance                                        ,,A-77,Autovía,Estatal,Ascendente,Seco y limpio,"Luz del día natural, solar",Despejado,,Nivel blanco,,No,No,Sí,No,No,Sí,No,2018,11,VIERNES,14,Tarde,Dias laborables
,1,0,0,8569,03122,No aplica,Calle,Por alcance                                        ,,No inventariada,Calle,Municipal,Se desconoce,Seco y limpio,"Luz del día natural, solar",Despejado,,Sin especificar,,Sin especificar,Sin especificar,Sin especificar,Sin especificar,Sin especificar,Sin especificar,Sin especificar,2018,12,MARTES,10,Mañana,Dias laborables
0.5,2,0,0,8570,03122,Curva señalizada,Carretera,Fronto-lateral                                     ,,A-77a,Autovía,Estatal,Ambos,Seco y limpio,Sin luz natural y con iluminación artificial encen,Despejado,,Nivel blanco,,No,No,Sí,No,No,Sí,No,2018,12,DOMINGO,21,Noche,Fines de semana
0.0,1,0,0,8571,03122,Curva señalizada,Carretera,Por alcance                                        ,,A-77a,Autovía,Estatal,Descendente,Seco y limpio,"Luz del día natural, solar",Despejado,,Nivel blanco,,No,No,No,Sí,No,Sí,No,2018,12,JUEVES,16,Tarde,Dias laborables
0.0,1,0,0,8572,03014,Curva señalizada,Carretera,Fronto-lateral                                     ,,A-77a,Autovía,Estatal,Descendente,Seco y limpio,"Luz del día natural, solar",Despejado,,Nivel blanco,,No,No,Sí,No,No,Sí,No,2018,12,MARTES,11,Mañana,Dias laborables
,1,0,0,8573,03122,No aplica,Calle,Por alcance                                        ,,No inventariada,Calle,Municipal,Se desconoce,Seco y limpio,"Luz del día natural, solar",Despejado,,Sin especificar,,Sin especificar,Sin especificar,Sin especificar,Sin especificar,Sin especificar,Sin especificar,Sin especificar,2018,12,LUNES,10,Mañana,Dias laborables
,1,0,0,8574,03122,No aplica,Calle,Atropello a personas                               ,,No inventariada,Calle,Municipal,Se desconoce,Seco y limpio,"Luz del día natural, solar",Despejado,,Sin especificar,,No,No,No,No,No,Sí,No,2018,12,MIÉRCOLES,11,Mañana,Dias laborables
,2,0,0,8575,03122,No aplica,Calle,Por alcance                                        ,,No inventariada,Calle,Municipal,Se desconoce,Seco y limpio,"Luz del día natural, solar",Despejado,,Sin especificar,,Sin especificar,Sin especificar,Sin especificar,Sin especificar,Sin especificar,Sin especificar,Sin especificar,2018,12,VIERNES,13,Tarde,Dias laborables
0.0,2,0,0,8576,03123,Recta,Carretera,Fronto-lateral                                     ,,No inventariada,Camino vecinal,Municipal,Ambos,Seco y limpio,"Amanecer o atardecer, sin luz artificial",Despejado,,Nivel blanco,,No,No,No,No,No,No,Sí,2018,1,MARTES,18,Noche,Dias laborables
195.5,1,0,0,8577,03123,Recta,Carretera,Salida de la vía por la izquierda con vuelco       ,,A-31,Autovía,Estatal,Ascendente,Seco y limpio,Sin luz natural ni artificial,Despejado,,Nivel blanco,,Sin especificar,Sin especificar,Sin especificar,Sin especificar,Sin especificar,Sin especificar,Sin especificar,2018,3,VIERNES,3,Madrugada,Dias laborables
3.5,1,0,0,8578,03123,Recta,Carretera,Caída                                              ,,CV-80,Autovía,Otra,Descendente,Seco y limpio,"Luz del día natural, solar",Despejado,,Nivel blanco,,Sin especificar,Sin especificar,Sin especificar,Sin especificar,Sin especificar,Sin especificar,Sin especificar,2018,5,MARTES,10,Mañana,Dias laborables
,1,0,0,8579,03123,No aplica,Calle,Atropello a personas                               ,,No inventariada,Calle,Municipal,Se desconoce,Seco y limpio,Sin luz natural y con iluminación artificial encen,Despejado,,Nivel blanco,,Sin especificar,Sin especificar,Sin especificar,Sin especificar,Sin especificar,Sin especificar,Sin especificar,2018,1,MIÉRCOLES,18,Noche,Dias laborables
,1,0,0,8580,03123,No aplica,Calle,Atropello a personas                               ,,No inventariada,Calle,Municipal,Se desconoce,Se desconoce,"Luz del día natural, solar",Se desconoce,,Sin especificar,,Sin especificar,Sin especificar,Sin especificar,Sin especificar,Sin especificar,Sin especificar,Sin especificar,2018,4,JUEVES,13,Tarde,Dias laborables
,1,0,0,8581,03123,No aplica,Calle,Otro tipo de accidente                             ,,No inventariada,Calle,Municipal,Se desconoce,Se desconoce,"Amanecer o atardecer, con luz artificial",Se desconoce,,Nivel blanco,,Sin especificar,Sin especificar,Sin especificar,Sin especificar,Sin especificar,Sin especificar,Sin especificar,2018,5,MARTES,6,Mañana,Dias laborables
,2,0,0,8582,03123,No aplica,Calle,Atropello a personas                               ,,No inventariada,Calle,Municipal,Se desconoce,Seco y limpio,"Luz del día natural, solar",Despejado,,Nivel blanco,,Sin especificar,Sin especificar,Sin especificar,Sin especificar,Sin especificar,Sin especificar,Sin especificar,2018,6,VIERNES,12,Tarde,Dias laborables
,2,0,0,8583,03123,No aplica,Calle,Colisión contra obstáculo o elemento de la vía     ,,No inventariada,Calle,Municipal,Se desconoce,Seco y limpio,"Luz del día natural, solar",Despejado,,Nivel blanco,,No,No,No,No,No,No,No,2018,7,VIERNES,19,Noche,Dias laborables
0.1,1,0,0,8584,03123,Recta,Carretera,Caída                                              ,,C-71,Camino vecinal,Municipal,Ambos,Con barro o gravilla suelta,"Luz del día natural, solar",Despejado,,Nivel blanco,,Sin especificar,Sin especificar,Sin especificar,Sin especificar,Sin especificar,Sin especificar,Sin especificar,2018,8,SÁBADO,8,Mañana,Fines de semana
195.5,5,0,0,8585,03123,Recta,Carretera,Salida de la vía por la derecha con vuelco         ,,A-31,Autovía,Estatal,Descendente,Seco y limpio,"Amanecer o atardecer, sin luz artificial",Nublado,,Nivel blanco,,Sin especificar,Sin especificar,Sin especificar,Sin especificar,Sin especificar,Sin especificar,Sin especificar,2018,8,JUEVES,21,Noche,Dias laborables
0.5,2,0,0,8586,03123,Curva señalizada,Carretera,Salida de la vía por la derecha con vuelco         ,,CV-80,Autovía,Otra,Descendente,Mojado,Sin luz natural ni artificial,Lluvia débil,,Nivel blanco,,Sin especificar,Sin especificar,Sin especificar,Sin especificar,Sin especificar,Sin especificar,Sin especificar,2018,10,SÁBADO,20,Noche,Fines de semana
197.0,1,0,0,8587,03123,Curva señalizada,Carretera,Salida de la vía por la derecha con vuelco         ,,A-31,Autovía,Estatal,Descendente,Mojado,Sin luz natural ni artificial,Nublado,,Nivel blanco,,Sin especificar,Sin especificar,Sin especificar,Sin especificar,Sin especificar,Sin especificar,Sin especificar,2018,10,MIÉRCOLES,6,Mañana,Dias laborables
0.3,2,0,0,8588,03123,Curva sin señalizar,Carretera,Salida de la vía por la izquierda con despeñamiento,,No inventariada,Camino vecinal,Municipal,Ascendente,Seco y limpio,Sin luz natural ni artificial,Despejado,,Nivel blanco,,Sin especificar,Sin especificar,Sin especificar,Sin especificar,Sin especificar,Sin especificar,Sin especificar,2018,12,SÁBADO,20,Noche,Fines de semana
15.3,1,0,0,8589,00000,Curva señalizada,Carretera,Fronto-lateral                                     ,,CV-770,Carretera Convencional de calzada única,"Provincial, Cabildo/Consell",Ascendente,Seco y limpio,"Luz del día natural, solar",Despejado,,Nivel blanco,,Sin especificar,Sin especificar,Sin especificar,Sin especificar,Sin especificar,Sin especificar,Sin especificar,2018,7,LUNES,13,Tarde,Dias laborables
620.0,0,0,1,8590,00000,Recta,Carretera,Salida de la vía por la izquierda con colisión     ,,AP-7,Autopista de peaje,Estatal,Descendente,Seco y limpio,"Luz del día natural, solar",Despejado,,Nivel blanco,,Sin especificar,Sin especificar,Sin especificar,Sin especificar,Sin especificar,Sin especificar,Sin especificar,2018,5,SÁBADO,18,Noche,Fines de semana
33.7,1,0,0,8591,00000,Curva señalizada,Carretera,Fronto-lateral                                     ,,CV-715,Carretera Convencional de calzada única,Autonómica,Ambos,Seco y limpio,"Luz del día natural, solar",Despejado,,Nivel blanco,,Sin especificar,Sin especificar,Sin especificar,Sin especificar,Sin especificar,Sin especificar,Sin especificar,2018,3,JUEVES,13,Tarde,Dias laborables
43.9,1,0,0,8592,00000,Curva sin señalizar,Carretera,Caída                                              ,,CV-715,Carretera Convencional de calzada única,Autonómica,Ascendente,Seco y limpio,"Luz del día natural, solar",Despejado,,Nivel blanco,,Sin especificar,Sin especificar,Sin especificar,Sin especificar,Sin especificar,Sin especificar,Sin especificar,2018,8,DOMINGO,12,Tarde,Fines de semana
2.3,1,0,0,8593,00000,Curva señalizada,Carretera,Salida de la vía por la derecha con vuelco         ,,CV-752,Carretera Convencional de calzada única,"Provincial, Cabildo/Consell",Ascendente,Seco y limpio,"Luz del día natural, solar",Despejado,,Nivel blanco,,Sin especificar,Sin especificar,Sin especificar,Sin especificar,Sin especificar,Sin especificar,Sin especificar,2018,9,DOMINGO,12,Tarde,Fines de semana
1.5,1,0,0,8594,03128,Curva señalizada,Carretera,Salida de la vía por la derecha con colisión       ,,CV-743,Carretera Convencional de calzada única,"Provincial, Cabildo/Consell",Ambos,Seco y limpio,"Amanecer o atardecer, sin luz artificial",Despejado,,Nivel blanco,,Sin especificar,Sin especificar,Sin especificar,Sin especificar,Sin especificar,Sin especificar,Sin especificar,2018,4,VIERNES,20,Noche,Dias laborables
9.4,1,0,0,8595,03128,Curva sin señalizar,Carretera,Salida de la vía por la derecha otro tipo          ,,CV-746,Carretera Convencional de calzada única,"Provincial, Cabildo/Consell",Descendente,Mojado,Sin luz natural ni artificial,Lluvia débil,,Nivel blanco,,Sin especificar,Sin especificar,Sin especificar,Sin especificar,Sin especificar,Sin especificar,Sin especificar,2018,6,SÁBADO,21,Noche,Fines de semana
2.5,2,0,0,8596,03128,Recta,Carretera,Salida de la vía por la derecha con vuelco         ,,CV-740,Carretera Convencional de calzada única,"Provincial, Cabildo/Consell",Descendente,Seco y limpio,"Luz del día natural, solar",Despejado,,Nivel blanco,,Sin especificar,Sin especificar,Sin especificar,Sin especificar,Sin especificar,Sin especificar,Sin especificar,2018,6,MIÉRCOLES,16,Tarde,Dias laborables
2.7,1,0,0,8597,03128,Curva señalizada,Carretera,Caída                                              ,CV-743,CV-743,Carretera Convencional de calzada única,"Provincial, Cabildo/Consell",Ascendente,Otra,"Luz del día natural, solar",Despejado,,Sin especificar,,No,No,No,No,No,Sí,No,2018,7,LUNES,16,Tarde,Dias laborables
1.8,1,0,0,8598,03128,Curva señalizada,Carretera,Frontal                                            ,,CV-743,Carretera Convencional de calzada única,"Provincial, Cabildo/Consell",Descendente,Seco y limpio,"Luz del día natural, solar",Despejado,,Nivel verde,,Sin especificar,Sin especificar,Sin especificar,Sin especificar,Sin especificar,Sin especificar,Sin especificar,2018,8,JUEVES,15,Tarde,Dias laborables
1.4,1,0,0,8599,03128,Curva señalizada,Carretera,Fronto-lateral                                     ,,CV-741,Carretera Convencional de calzada única,"Provincial, Cabildo/Consell",Ascendente,Seco y limpio,"Luz del día natural, solar",Despejado,,Nivel blanco,,No,No,No,No,No,No,No,2018,9,JUEVES,12,Tarde,Dias laborables
4.9,1,0,0,8600,03128,Recta,Carretera,Por alcance                                        ,,CV-743,Carretera Convencional de calzada única,"Provincial, Cabildo/Consell",Ascendente,Seco y limpio,"Luz del día natural, solar",Despejado,,Nivel blanco,,Sin especificar,Sin especificar,Sin especificar,Sin especificar,Sin especificar,Sin especificar,Sin especificar,2018,10,LUNES,11,Mañana,Dias laborables
2.1,0,2,0,8601,03128,Curva sin señalizar,Carretera,Fronto-lateral                                     ,,CV-741,Carretera Convencional de calzada única,"Provincial, Cabildo/Consell",Ascendente,Seco y limpio,"Luz del día natural, solar",Despejado,,Nivel blanco,,No,No,No,No,No,No,Sí,2018,11,SÁBADO,12,Tarde,Fines de semana
12.0,1,0,0,8602,00000,Curva señalizada,Carretera,Salida de la vía por la izquierda con colisión     ,,CV-805,Carretera Convencional de calzada única,Autonómica,Descendente,Mojado,"Luz del día natural, solar",Lluvia fuerte,,Nivel blanco,,Sin especificar,Sin especificar,Sin especificar,Sin especificar,Sin especificar,Sin especificar,Sin especificar,2018,3,DOMINGO,16,Tarde,Fines de semana
13.3,1,0,0,8603,00000,Curva señalizada,Carretera,Salida de la vía por la derecha con colisión       ,,No inventariada,Carretera Convencional de calzada única,Municipal,Descendente,Otra,"Luz del día natural, solar",Despejado,,Nivel blanco,,Sin especificar,Sin especificar,Sin especificar,Sin especificar,Sin especificar,Sin especificar,Sin especificar,2018,4,DOMINGO,18,Noche,Fines de semana
7.4,2,0,0,8604,00000,Curva señalizada,Carretera,Salida de la vía por la izquierda con colisión     ,,CV-798,Carretera Convencional de calzada única,"Provincial, Cabildo/Consell",Descendente,Seco y limpio,"Luz del día natural, solar",Despejado,,Nivel blanco,,Sin especificar,Sin especificar,Sin especificar,Sin especificar,Sin especificar,Sin especificar,Sin especificar,2018,4,JUEVES,18,Noche,Dias laborables
483.7,2,0,0,8605,00000,Curva señalizada,Carretera,Salida de la vía por la derecha otro tipo          ,,A-7,Autovía,Estatal,Ascendente,Seco y limpio,"Luz del día natural, solar",Despejado,,Nivel blanco,,Sin especificar,Sin especificar,Sin especificar,Sin especificar,Sin especificar,Sin especificar,Sin especificar,2018,5,DOMINGO,16,Tarde,Fines de semana
480.5,2,0,0,8606,00000,Curva señalizada,Carretera,Por alcance                                        ,,A-7,Autovía,Estatal,Ascendente,Seco y limpio,"Luz del día natural, solar",Despejado,,Nivel blanco,,Sin especificar,Sin especificar,Sin especificar,Sin especificar,Sin especificar,Sin especificar,Sin especificar,2018,8,MIÉRCOLES,8,Mañana,Dias laborables
12.0,1,0,0,8607,00000,Curva sin señalizar,Carretera,Salida de la vía por la izquierda con colisión     ,,CV-805,Carretera Convencional de calzada única,Autonómica,Descendente,Seco y limpio,"Luz del día natural, solar",Despejado,,Nivel blanco,,No,No,No,No,No,No,Sí,2018,9,SÁBADO,7,Mañana,Fines de semana
477.4,1,0,0,8608,00000,Recta,Carretera,Fronto-lateral                                     ,,A-7,Autovía,Estatal,Descendente,Seco y limpio,Sin luz natural ni artificial,Nublado,,Nivel blanco,,Sin especificar,Sin especificar,Sin especificar,Sin especificar,Sin especificar,Sin especificar,Sin especificar,2018,9,VIERNES,21,Noche,Dias laborables
11.2,1,0,0,8609,00000,Curva señalizada,Carretera,Salida de la vía por la derecha otro tipo          ,,CV-8151,Carretera Convencional de calzada única,"Provincial, Cabildo/Consell",Ascendente,Seco y limpio,"Luz del día natural, solar",Despejado,,Nivel blanco,,Sin especificar,Sin especificar,Sin especificar,Sin especificar,Sin especificar,Sin especificar,Sin especificar,2018,9,VIERNES,15,Tarde,Dias laborables
479.9,0,1,0,8610,00000,Recta,Carretera,Otro tipo de accidente                             ,,A-7,Autovía,Estatal,Ascendente,Seco y limpio,"Luz del día natural, solar",Despejado,,Nivel blanco,,Sin especificar,Sin especificar,Sin especificar,Sin especificar,Sin especificar,Sin especificar,Sin especificar,2018,10,MARTES,18,Noche,Dias laborables
482.1,1,0,0,8611,00000,Recta,Carretera,Por alcance                                        ,,A-7,Vía de servicio,Estatal,Ascendente,Seco y limpio,"Amanecer o atardecer, sin luz artificial",Nublado,,Nivel blanco,,Sin especificar,Sin especificar,Sin especificar,Sin especificar,Sin especificar,Sin especificar,Sin especificar,2018,11,SÁBADO,11,Mañana,Fines de semana
12.2,1,0,0,8612,00000,Curva sin señalizar,Carretera,Caída                                              ,,CV-780,Carretera Convencional de calzada única,"Provincial, Cabildo/Consell",Descendente,Seco y limpio,"Luz del día natural, solar",Despejado,,Nivel blanco,,Sin especificar,Sin especificar,Sin especificar,Sin especificar,Sin especificar,Sin especificar,Sin especificar,2018,4,LUNES,19,Noche,Dias laborables
15.8,1,0,0,8613,00000,Recta,Carretera,Frontal                                            ,,CV-780,Carretera Convencional de calzada única,"Provincial, Cabildo/Consell",Ascendente,Seco y limpio,"Luz del día natural, solar",Despejado,,Nivel blanco,,No,No,No,No,No,No,No,2018,8,JUEVES,10,Mañana,Dias laborables
55.9,1,0,0,8614,03133,Recta,Carretera,Por alcance                                        ,,N-332,Carretera Convencional de calzada única,Estatal,Descendente,Seco y limpio,"Luz del día natural, solar",Despejado,,Nivel verde,,Sin especificar,Sin especificar,Sin especificar,Sin especificar,Sin especificar,Sin especificar,Sin especificar,2018,1,MARTES,12,Tarde,Dias laborables
8.5,3,0,0,8615,03133,Curva señalizada,Carretera,Frontal                                            ,,CV-905,Carretera Convencional de doble calzada,Autonómica,Ambos,Mojado,Sin luz natural y con iluminación artificial encen,Despejado,,Nivel blanco,,No,No,No,No,No,No,No,2018,1,LUNES,22,Noche,Dias laborables
64.7,1,0,0,8616,03133,Recta,Carretera,Por alcance                                        ,,N-332,Carretera Convencional de doble calzada,Estatal,Ascendente,Seco y limpio,"Luz del día natural, solar",Despejado,,Nivel blanco,,Sin especificar,Sin especificar,Sin especificar,Sin especificar,Sin especificar,Sin especificar,Sin especificar,2018,1,LUNES,14,Tarde,Dias laborables
5.5,1,0,0,8617,03133,Recta,Carretera,Colisión contra obstáculo o elemento de la vía     ,,CV-905,Carretera Convencional de doble calzada,Autonómica,Ascendente,Seco y limpio,"Luz del día natural, solar",Despejado,,Nivel blanco,,Sin especificar,Sin especificar,Sin especificar,Sin especificar,Sin especificar,Sin especificar,Sin especificar,2018,1,DOMINGO,11,Mañana,Fines de semana
6.7,0,1,0,8618,03133,Curva señalizada,Carretera,Salida de la vía por la derecha con colisión       ,,CV-905,Carretera Convencional de doble calzada,Autonómica,Descendente,Seco y limpio,"Luz del día natural, solar",Despejado,,Nivel blanco,,Sin especificar,Sin especificar,Sin especificar,Sin especificar,Sin especificar,Sin especificar,Sin especificar,2018,2,JUEVES,16,Tarde,Dias laborables
4.8,1,0,0,8619,03133,Recta,Carretera,Fronto-lateral                                     ,,CV-905,Carretera Convencional de doble calzada,Autonómica,Ascendente,Seco y limpio,"Luz del día natural, solar",Despejado,,Nivel blanco,,No,No,Sí,No,No,Sí,No,2018,1,MIÉRCOLES,9,Mañana,Dias laborables
56.0,1,0,0,8620,03133,Recta,Carretera,Múltiple o en caravana                             ,,N-332,Carretera Convencional de calzada única,Estatal,Descendente,Mojado,"Luz del día natural, solar",Lluvia débil,,Nivel verde,,No,No,No,No,No,No,No,2018,2,VIERNES,12,Tarde,Dias laborables
58.6,1,0,0,8621,03133,Curva sin señalizar,Carretera,Salida de la vía por la izquierda con vuelco       ,,N-332,Carretera Convencional de calzada única,Estatal,Descendente,Mojado,Sin luz natural y con iluminación artificial encen,Nublado,,Nivel blanco,,No,No,Sí,No,No,Sí,No,2018,2,VIERNES,21,Noche,Dias laborables
58.0,1,0,0,8622,03133,Recta,Carretera,Por alcance                                        ,,N-332,Carretera Convencional de calzada única,Estatal,Descendente,Seco y limpio,"Luz del día natural, solar",Despejado,,Nivel blanco,,No,No,No,No,No,Sí,No,2018,2,MARTES,9,Mañana,Dias laborables
53.0,1,0,0,8623,03133,Curva señalizada,Carretera,Fronto-lateral                                     ,,N-332,Carretera Convencional de doble calzada,Estatal,Descendente,Seco y limpio,"Luz del día natural, solar",Despejado,,Nivel amarillo,,No,No,No,No,No,Sí,No,2018,2,DOMINGO,16,Tarde,Fines de semana
9.0,1,0,0,8624,03133,Curva señalizada,Carretera,Atropello a personas                               ,,CV-905,Carretera Convencional de doble calzada,Autonómica,Descendente,Seco y limpio,"Luz del día natural, solar",Despejado,,Nivel blanco,,No,No,No,No,No,Sí,No,2018,2,MARTES,15,Tarde,Dias laborables
57.0,1,0,0,8625,03133,Recta,Carretera,Múltiple o en caravana                             ,,N-332,Carretera Convencional de calzada única,Estatal,Descendente,Seco y limpio,"Luz del día natural, solar",Despejado,,Nivel verde,,Sin especificar,Sin especificar,Sin especificar,Sin especificar,Sin especificar,Sin especificar,Sin especificar,2018,2,JUEVES,12,Tarde,Dias laborables
4.8,1,0,0,8626,03133,Curva señalizada,Carretera,Salida de la vía por la derecha con colisión       ,CV-945,CV-905,Carretera Convencional de doble calzada,Autonómica,Ascendente,Seco y limpio,Sin luz natural ni artificial,Despejado,,Nivel blanco,,No,No,No,No,No,Sí,No,2018,2,SÁBADO,5,Madrugada,Fines de semana
54.5,2,0,0,8627,03133,Recta,Carretera,Por alcance                                        ,,N-332,Carretera Convencional de calzada única,Estatal,Ascendente,Seco y limpio,"Luz del día natural, solar",Nublado,,Nivel amarillo,,Sin especificar,Sin especificar,Sin especificar,Sin especificar,Sin especificar,Sin especificar,Sin especificar,2018,2,MARTES,18,Noche,Dias laborables
58.55,0,1,0,8628,03133,Recta,Carretera,Frontal                                            ,N-332,N-332,Carretera Convencional de calzada única,Estatal,Ascendente,Seco y limpio,Sin luz natural y con iluminación artificial encen,Despejado,,Nivel blanco,,No,No,No,No,No,No,No,2018,3,MARTES,6,Mañana,Dias laborables
22.5,1,0,0,8629,03133,Recta,Carretera,Fronto-lateral                                     ,CV-943,CV-95,Carretera Convencional de calzada única,Autonómica,Ascendente,Seco y limpio,"Luz del día natural, solar",Despejado,,Nivel blanco,,No,No,No,No,No,No,Sí,2018,3,LUNES,13,Tarde,Dias laborables
20.5,1,1,0,8630,03133,Curva sin señalizar,Carretera,Salida de la vía por la derecha con colisión       ,,CV-95,Carretera Convencional de calzada única,Autonómica,Ascendente,Seco y limpio,"Luz del día natural, solar",Despejado,,Nivel blanco,,Sin especificar,Sin especificar,Sin especificar,Sin especificar,Sin especificar,Sin especificar,Sin especificar,2018,3,MARTES,10,Mañana,Dias laborables
54.4,2,0,0,8631,03133,Recta,Carretera,Múltiple o en caravana                             ,,N-332,Carretera Convencional de calzada única,Estatal,Ascendente,Seco y limpio,"Luz del día natural, solar",Despejado,,Nivel amarillo,,Sin especificar,Sin especificar,Sin especificar,Sin especificar,Sin especificar,Sin especificar,Sin especificar,2018,3,MIÉRCOLES,13,Tarde,Dias laborables
6.5,1,0,0,8632,03133,Curva señalizada,Carretera,"Salida de la vía por la izquierda, otro tipo       ",,CV-905,Carretera Convencional de doble calzada,Autonómica,Descendente,Seco y limpio,"Luz del día natural, solar",Despejado,,Nivel blanco,,No,No,Sí,No,No,Sí,No,2018,4,MIÉRCOLES,19,Noche,Dias laborables
57.8,2,0,0,8633,03133,Curva señalizada,Carretera,Por alcance                                        ,N-332,N-332,Carretera Convencional de calzada única,Estatal,Descendente,Seco y limpio,"Luz del día natural, solar",Despejado,,Nivel verde,,No,No,No,No,No,Sí,No,2018,4,LUNES,18,Noche,Dias laborables