KM,TOTAL_HL24H,TOTAL_HG24H,TOTAL_MU24H,id,COD_MUNICIPIO,TRAZADO_PLANTA,ZONA,TIPO_ACCIDENTE,CARRETERA_CRUCE,CARRETERA,TIPO_VIA,TITULARIDAD_VIA,SENTIDO_1F,CONDICION_FIRME,CONDICION_ILUMINACION,CONDICION_METEO,CONDICION_NIEBLA,CONDICION_NIVEL_CIRCULA,CONDICION_VIENTO,PRIORI_AGENTE,PRIORI_CIRCUNSTANCIAL,PRIORI_HORIZ_CEDA,PRIORI_HORIZ_STOP,PRIORI_SEMAFORO,PRIORI_VERT_CEDA,PRIORI_VERT_STOP,ANYO,MES,DIA,HORA,FRANJA_HORARIA,TIPO_DIA
0.1,1,0,0,9323,03014,Recta,Carretera,Otro tipo de accidente                             ,,A-77a,Autovía,Estatal,Descendente,Seco y limpio,"Amanecer o atardecer, sin luz artificial",Despejado,,Nivel blanco,,No,No,Sí,No,No,Sí,No,2019,11,VIERNES,7,Mañana,Dias laborables
17.3,2,0,0,9324,03014,Recta,Carretera,Por alcance                                        ,,A-7,Autovía,Otra,Ascendente,Seco y limpio,"Amanecer o atardecer, sin luz artificial",Despejado,,Nivel verde,,No,No,No,No,No,No,No,2019,10,LUNES,7,Mañana,Dias laborables
0.0,1,0,0,9325,03014,Recta,Carretera,Por alcance                                        ,,A-77a,Autovía,Estatal,Descendente,Seco y limpio,"Luz del día natural, solar",Despejado,,Nivel amarillo,,No,No,No,Sí,No,No,No,2019,10,MIÉRCOLES,14,Tarde,Dias laborables
,1,0,0,9326,03014,No aplica,Calle,Atropello a personas                               ,,No inventariada,Calle,Municipal,Se desconoce,Seco y limpio,"Amanecer o atardecer, sin luz artificial",Despejado,,Sin especificar,,Sin especificar,Sin especificar,Sin especificar,Sin especificar,Sin especificar,Sin especificar,Sin especificar,2019,10,SÁBADO,13,Tarde,Fines de semana
234.2,1,0,0,9327,03014,Recta,Carretera,Múltiple o en caravana                             ,,A-31,Autovía,Estatal,Descendente,Seco y limpio,"Luz del día natural, solar",Despejado,,Nivel amarillo,,Sin especificar,Sin especificar,Sin especificar,Sin especificar,Sin especificar,Sin especificar,Sin especificar,2019,11,MARTES,7,Mañana,Dias laborables
,1,0,0,9328,03014,No aplica,Calle,Caída                                              ,,No inventariada,Calle,Municipal,Se desconoce,Seco y limpio,Sin especificar,Sin especificar,,Sin especificar,,Sin especificar,Sin especificar,Sin especificar,Sin especificar,Sin especificar,Sin especificar,Sin especificar,2019,11,SÁBADO,15,Tarde,Fines de semana
12.2,5,0,0,9329,03014,Recta,Carretera,Por alcance                                        ,,A-70,Autovía,Estatal,Ascendente,Seco y limpio,"Luz del día natural, solar",Despejado,,Nivel amarillo,,Sin especificar,Sin especificar,Sin especificar,Sin especificar,Sin especificar,Sin especificar,Sin especificar,2019,11,SÁBADO,15,Tarde,Fines de semana
14.6,2,0,0,9330,03014,Recta,Carretera,Por alcance                                        ,,A-70,Autovía,Estatal,Ascendente,Seco y limpio,"Luz del día natural, solar",Despejado,,Nivel amarillo,,Sin especificar,Sin especificar,Sin especificar,Sin especificar,Sin especificar,Sin especificar,Sin especificar,2019,11,VIERNES,14,Tarde,Dias laborables
12.3,1,0,0,9331,03014,Recta,Carretera,Por alcance                                        ,,A-70,Autovía,Estatal,Ascendente,Seco y limpio,"Luz del día natural, solar",Despejado,,Nivel amarillo,,Sin especificar,Sin especificar,Sin especificar,Sin especificar,Sin especificar,Sin especificar,Sin especificar,2019,11,SÁBADO,9,Mañana,Fines de semana
15.3,2,0,0,9332,03014,Recta,Carretera,Por alcance                                        ,,A-70,Autovía,Estatal,Ascendente,Seco y limpio,"Luz del día natural, solar",Despejado,,Nivel amarillo,,Sin especificar,Sin especificar,Sin especificar,Sin especificar,Sin especificar,Sin especificar,Sin especificar,2019,11,VIERNES,9,Mañana,Dias laborables
6.5,3,0,0,9333,03014,Recta,Carretera,Múltiple o en caravana                             ,,A-70,Ramal de enlace,Estatal,Ascendente,Seco y limpio,Sin luz natural ni artificial,Despejado,,Nivel verde,,No,No,No,No,No,No,No,2019,12,SÁBADO,19,Noche,Fines de semana
,1,0,0,9334,03014,No aplica,Calle,Atropello a personas                               ,,No inventariada,Calle,Municipal,Se desconoce,Seco y limpio,Sin especificar,Sin especificar,,Sin especificar,,Sin especificar,Sin especificar,Sin especificar,Sin especificar,Sin especificar,Sin especificar,Sin especificar,2019,12,JUEVES,17,Tarde,Dias laborables
737.7,1,0,0,9335,03015,Curva señalizada,Carretera,Salida de la vía por la izquierda con colisión     ,,AP-7,Autopista de peaje,Estatal,Ascendente,Seco y limpio,Sin luz natural ni artificial,Despejado,,Nivel blanco,,Sin especificar,Sin especificar,Sin especificar,Sin especificar,Sin especificar,Sin especificar,Sin especificar,2019,1,SÁBADO,23,Noche,Fines de semana
0.1,1,0,0,9336,03015,Curva señalizada,Carretera,Fronto-lateral                                     ,,CV-935,Carretera Convencional de calzada única,Autonómica,Ambos,Seco y limpio,"Luz del día natural, solar",Despejado,,Nivel blanco,,No,No,Sí,No,No,Sí,No,2019,2,MIÉRCOLES,13,Tarde,Dias laborables
2.8,4,0,0,9337,03015,Recta,Carretera,Frontal                                            ,,CV9231,Carretera Convencional de calzada única,"Provincial, Cabildo/Consell",Ambos,Seco y limpio,"Luz del día natural, solar",Despejado,,Nivel blanco,,No,No,No,No,Sí,No,No,2019,2,LUNES,15,Tarde,Dias laborables
6.9,2,0,0,9338,03015,Recta,Carretera,Por alcance                                        ,,CV-912,Carretera Convencional de calzada única,Autonómica,Descendente,Seco y limpio,"Luz del día natural, solar",Despejado,,Nivel blanco,,Sin especificar,Sin especificar,Sin especificar,Sin especificar,Sin especificar,Sin especificar,Sin especificar,2019,3,SÁBADO,12,Tarde,Fines de semana
0.5,1,0,0,9339,03015,Curva señalizada,Carretera,"Salida de la vía por la izquierda, otro tipo       ",,CV-9231,Carretera Convencional de calzada única,"Provincial, Cabildo/Consell",Descendente,Seco y limpio,Sin luz natural y con iluminación artificial encen,Despejado,,Nivel blanco,,No,No,Sí,No,No,Sí,No,2019,4,MARTES,22,Noche,Dias laborables
737.5,2,0,0,9340,03015,Curva sin señalizar,Carretera,Múltiple o en caravana                             ,,AP-7,Autopista libre,Estatal,Ascendente,Seco y limpio,Sin luz natural ni artificial,Despejado,,Nivel blanco,,No,No,No,No,No,No,No,2019,4,LUNES,20,Noche,Dias laborables
738.2,1,0,0,9341,03015,Recta,Carretera,Por alcance                                        ,,AP-7,Autopista de peaje,Estatal,Ascendente,Otra,"Luz del día natural, solar",Despejado,,Nivel blanco,,No,No,No,No,No,No,No,2019,5,JUEVES,9,Mañana,Dias laborables
739.0,1,0,0,9342,03015,Recta,Carretera,Múltiple o en caravana                             ,,AP-7,Autopista libre,Estatal,Descendente,Seco y limpio,"Luz del día natural, solar",Despejado,,Nivel amarillo,,Sin especificar,Sin especificar,Sin especificar,Sin especificar,Sin especificar,Sin especificar,Sin especificar,2019,5,JUEVES,15,Tarde,Dias laborables
0.7,1,0,0,9343,03015,Curva señalizada,Carretera,Lateral                                            ,,CV-901,Carretera Convencional de calzada única,"Provincial, Cabildo/Consell",Ascendente,Seco y limpio,"Luz del día natural, solar",Despejado,,Nivel blanco,,No,No,No,No,No,Sí,No,2019,6,JUEVES,14,Tarde,Dias laborables
2.5,1,0,0,9344,03015,Recta,Carretera,Fronto-lateral                                     ,,CV-901,Carretera Convencional de calzada única,"Provincial, Cabildo/Consell",Descendente,Seco y limpio,"Luz del día natural, solar",Despejado,,Nivel blanco,,No,No,No,Sí,No,No,Sí,2019,7,MIÉRCOLES,17,Tarde,Dias laborables
1.2,2,0,0,9345,03015,Recta,Carretera,Frontal                                            ,,CV-9231,Carretera Convencional de calzada única,Municipal,Ascendente,Seco y limpio,"Luz del día natural, solar",Despejado,,Nivel blanco,,Sin especificar,Sin especificar,Sin especificar,Sin especificar,Sin especificar,Sin especificar,Sin especificar,2019,7,VIERNES,19,Noche,Dias laborables
12.8,1,0,0,9346,03015,Recta,Carretera,Atropello a animales                               ,,CV-91,Carretera Convencional de calzada única,Autonómica,Ascendente,Seco y limpio,Sin luz natural y con iluminación artificial no en,Despejado,,Nivel blanco,,Sin especificar,Sin especificar,Sin especificar,Sin especificar,Sin especificar,Sin especificar,Sin especificar,2019,7,SÁBADO,23,Noche,Fines de semana
13.2,1,0,0,9347,03015,Recta,Carretera,Por alcance                                        ,,CV-91,Carretera Convencional de calzada única,Autonómica,Descendente,Seco y limpio,"Luz del día natural, solar",Nublado,,Nivel blanco,,Sin especificar,Sin especificar,Sin especificar,Sin especificar,Sin especificar,Sin especificar,Sin especificar,2019,9,MARTES,15,Tarde,Dias laborables
737.7,1,0,0,9348,03015,Curva señalizada,Carretera,Salida de la vía por la derecha con colisión       ,,AP-7,Carretera Convencional de doble calzada,Estatal,Ascendente,Seco y limpio,Sin luz natural y con iluminación artificial no en,Despejado,,Nivel verde,,Sin especificar,Sin especificar,Sin especificar,Sin especificar,Sin especificar,Sin especificar,Sin especificar,2019,10,LUNES,21,Noche,Dias laborables
6.2,0,1,0,9349,03015,Recta,Carretera,Salida de la vía por la derecha otro tipo          ,,CV-940,Carretera Convencional de calzada única,Autonómica,Ascendente,Seco y limpio,"Luz del día natural, solar",Despejado,,Nivel blanco,,Sin especificar,Sin especificar,Sin especificar,Sin especificar,Sin especificar,Sin especificar,Sin especificar,2019,11,LUNES,9,Mañana,Dias laborables
5.3,1,1,0,9350,03015,Recta,Carretera,Por alcance                                        ,,CV-912,Carretera Convencional de calzada única,Autonómica,Ascendente,Seco y limpio,Sin luz natural ni artificial,Despejado,,Nivel blanco,,Sin especificar,Sin especificar,Sin especificar,Sin especificar,Sin especificar,Sin especificar,Sin especificar,2019,11,SÁBADO,19,Noche,Fines de semana
14.6,5,0,0,9351,03015,Curva señalizada,Carretera,Fronto-lateral                                     ,CV-905,CV-91,Carretera Convencional de calzada única,Autonómica,Ascendente,Seco y limpio,"Luz del día natural, solar",Despejado,,Nivel blanco,,No,No,No,No,No,Sí,No,2019,12,JUEVES,13,Tarde,Dias laborables
156.5,1,0,0,9352,03018,Recta,Travesía,Lateral                                            ,,N-332,Calle,Estatal,Ascendente,Seco y limpio,"Luz del día natural, solar",Despejado,,Sin especificar,,Sin especificar,Sin especificar,Sin especificar,Sin especificar,Sin especificar,Sin especificar,Sin especificar,2019,1,MARTES,9,Mañana,Dias laborables
,1,0,0,9353,03018,No aplica,Calle,Otro tipo de accidente                             ,,No inventariada,Calle,Municipal,Se desconoce,Seco y limpio,"Luz del día natural, solar",Despejado,,Nivel blanco,,Sin especificar,Sin especificar,Sin especificar,Sin especificar,Sin especificar,Sin especificar,Sin especificar,2019,1,MARTES,15,Tarde,Dias laborables
,1,0,0,9354,03018,No aplica,Calle,Atropello a personas                               ,,No inventariada,Calle,Municipal,Se desconoce,Seco y limpio,"Amanecer o atardecer, con luz artificial",Despejado,,Nivel blanco,,No,No,No,No,No,No,No,2019,1,MARTES,21,Noche,Dias laborables
,1,0,0,9355,03018,No aplica,Calle,Atropello a personas                               ,,No inventariada,Calle,Municipal,Se desconoce,Seco y limpio,"Luz del día natural, solar",Despejado,,Se desconoce,,No,No,Sí,No,No,Sí,No,2019,2,JUEVES,18,Noche,Dias laborables
,1,0,0,9356,03018,No aplica,Calle,Otro tipo de accidente                             ,,No inventariada,Calle,Municipal,Se desconoce,Seco y limpio,"Luz del día natural, solar",Despejado,,Sin especificar,,No,No,No,No,No,No,No,2019,2,JUEVES,14,Tarde,Dias laborables
164.2,1,0,0,9357,03018,Recta,Carretera,Fronto-lateral                                     ,,N-332,Carretera Convencional de calzada única,Estatal,Ascendente,Seco y limpio,"Luz del día natural, solar",Despejado,,Nivel blanco,,Sin especificar,Sin especificar,Sin especificar,Sin especificar,Sin especificar,Sin especificar,Sin especificar,2019,3,VIERNES,12,Tarde,Dias laborables
156.0,1,0,0,9358,03018,Recta,Carretera,Lateral                                            ,,N-332,Carretera Convencional de calzada única,Estatal,Ascendente,Seco y limpio,"Luz del día natural, solar",Despejado,,Nivel blanco,,No,No,Sí,No,No,Sí,No,2019,3,LUNES,13,Tarde,Dias laborables
,1,0,0,9359,03018,No aplica,Calle,Otro tipo de accidente                             ,,No inventariada,Otro,Municipal,Se desconoce,Seco y limpio,"Luz del día natural, solar",Despejado,,Sin especificar,,Sin especificar,Sin especificar,Sin especificar,Sin especificar,Sin especificar,Sin especificar,Sin especificar,2019,3,DOMINGO,10,Mañana,Fines de semana
,1,0,0,9360,03018,No aplica,Calle,Fronto-lateral                                     ,,No inventariada,Vía de servicio,Municipal,Se desconoce,Seco y limpio,"Amanecer o atardecer, con luz artificial",Despejado,,Sin especificar,,No,No,No,No,No,No,Sí,2019,3,MARTES,6,Mañana,Dias laborables
161.0,1,0,0,9361,03018,Recta,Carretera,Frontal                                            ,,N-332,Carretera Convencional de calzada única,Estatal,Descendente,Seco y limpio,Sin luz natural ni artificial,Despejado,,Nivel blanco,,No,No,No,Sí,No,No,Sí,2019,3,VIERNES,20,Noche,Dias laborables
,2,0,0,9362,03018,No aplica,Calle,Por alcance                                        ,,No inventariada,Calle,Municipal,Se desconoce,Seco y limpio,"Luz del día natural, solar",Despejado,,Nivel verde,,No,No,No,No,No,No,No,2019,3,LUNES,18,Noche,Dias laborables
155.8,0,1,0,9363,03018,Recta,Carretera,Fronto-lateral                                     ,,N-332,Carretera Convencional de calzada única,Estatal,Ascendente,Mojado,"Luz del día natural, solar",Nublado,,Nivel verde,,No,No,No,No,Sí,No,No,2019,4,SÁBADO,16,Tarde,Fines de semana
,1,0,0,9364,03018,No aplica,Calle,Lateral                                            ,,No inventariada,Calle,Municipal,Se desconoce,Seco y limpio,"Luz del día natural, solar",Despejado,,Nivel amarillo,,Sin especificar,Sin especificar,Sin especificar,Sin especificar,Sin especificar,Sin especificar,Sin especificar,2019,4,VIERNES,10,Mañana,Dias laborables
,1,0,0,9365,03018,No aplica,Calle,Lateral                                            ,,No inventariada,Calle,Municipal,Se desconoce,Seco y limpio,"Amanecer o atardecer, con luz artificial",Despejado,,Nivel verde,,No,No,Sí,No,No,Sí,No,2019,4,VIERNES,21,Noche,Dias laborables
,1,0,0,9366,03018,No aplica,Calle,Fronto-lateral                                     ,,No inventariada,Calle,Municipal,Se desconoce,Seco y limpio,"Luz del día natural, solar",Despejado,,Sin especificar,,Sin especificar,Sin especificar,Sin especificar,Sin especificar,Sin especificar,Sin especificar,Sin especificar,2019,4,MARTES,18,Noche,Dias laborables
,1,0,0,9367,03018,No aplica,Calle,Fronto-lateral                                     ,,No inventariada,Calle,Municipal,Se desconoce,Seco y limpio,"Luz del día natural, solar",Despejado,,Sin especificar,,Sin especificar,Sin especificar,Sin especificar,Sin especificar,Sin especificar,Sin especificar,Sin especificar,2019,5,JUEVES,13,Tarde,Dias laborables
154.95,1,0,0,9368,03018,Recta,Carretera,Fronto-lateral                                     ,,N-332,Carretera Convencional de calzada única,Estatal,Ascendente,Seco y limpio,"Luz del día natural, solar",Despejado,,Nivel verde,,No,No,No,No,No,No,No,2019,5,MARTES,14,Tarde,Dias laborables
155.3,2,0,0,9369,03018,Recta,Carretera,Por alcance                                        ,,N-332,Carretera Convencional de calzada única,Estatal,Descendente,Seco y limpio,"Luz del día natural, solar",Despejado,,Nivel blanco,,No,No,No,No,Sí,No,No,2019,5,JUEVES,9,Mañana,Dias laborables
,0,1,0,9370,03018,No aplica,Calle,Salida de la vía por la derecha con colisión       ,,No inventariada,Calle,Municipal,Se desconoce,Seco y limpio,Sin luz natural y con iluminación artificial encen,Despejado,,Sin especificar,,Sin especificar,Sin especificar,Sin especificar,Sin especificar,Sin especificar,Sin especificar,Sin especificar,2019,5,MARTES,21,Noche,Dias laborables
,1,0,0,9371,03018,No aplica,Calle,Colisión contra obstáculo o elemento de la vía     ,,No inventariada,Calle,Municipal,Se desconoce,Seco y limpio,"Luz del día natural, solar",Se desconoce,,Sin especificar,,Sin especificar,Sin especificar,Sin especificar,Sin especificar,Sin especificar,Sin especificar,Sin especificar,2019,6,LUNES,11,Mañana,Dias laborables
,1,0,0,9372,03018,No aplica,Calle,Salida de la vía por la derecha con colisión       ,,No inventariada,Calle,Municipal,Se desconoce,Seco y limpio,"Luz del día natural, solar",Se desconoce,,Se desconoce,,Sin especificar,Sin especificar,Sin especificar,Sin especificar,Sin especificar,Sin especificar,Sin especificar,2019,6,MARTES,12,Tarde,Dias laborables
,1,0,0,9373,03018,No aplica,Calle,Lateral                                            ,,No inventariada,Calle,Municipal,Se desconoce,Seco y limpio,"Luz del día natural, solar",Despejado,,Sin especificar,,Sin especificar,Sin especificar,Sin especificar,Sin especificar,Sin especificar,Sin especificar,Sin especificar,2019,5,MIÉRCOLES,12,Tarde,Dias laborables
,1,0,0,9374,03018,No aplica,Calle,Fronto-lateral                                     ,,No inventariada,Calle,Municipal,Se desconoce,Seco y limpio,"Luz del día natural, solar",Despejado,,Se desconoce,,No,No,No,No,No,Sí,Sí,2019,7,MARTES,11,Mañana,Dias laborables
,0,1,0,9375,03018,No aplica,Calle,Fronto-lateral                                     ,,No inventariada,Calle,Municipal,Se desconoce,Seco y limpio,"Luz del día natural, solar",Despejado,,Se desconoce,,No,No,No,Sí,No,No,Sí,2019,7,VIERNES,9,Mañana,Dias laborables
164.3,1,0,0,9376,03018,Recta,Carretera,Caída                                              ,,N-332,Carretera Convencional de calzada única,Estatal,Descendente,Seco y limpio,"Amanecer o atardecer, sin luz artificial",Despejado,,Nivel amarillo,,Sin especificar,Sin especificar,Sin especificar,Sin especificar,Sin especificar,Sin especificar,Sin especificar,2019,8,MIÉRCOLES,6,Mañana,Dias laborables
638.2,3,0,0,9377,03018,Recta,Carretera,Fronto-lateral                                     ,,AP-7,Autopista de peaje,Estatal,Ambos,Seco y limpio,"Luz del día natural, solar",Despejado,,Nivel blanco,,No,No,No,No,No,Sí,No,2019,8,VIERNES,19,Noche,Dias laborables
,1,0,0,9378,03018,No aplica,Calle,Fronto-lateral                                     ,,No inventariada,Otro,Municipal,Se desconoce,Seco y limpio,"Luz del día natural, solar",Despejado,,Nivel amarillo,,Sin especificar,Sin especificar,Sin especificar,Sin especificar,Sin especificar,Sin especificar,Sin especificar,2019,8,MARTES,18,Noche,Dias laborables
,1,0,0,9379,03018,No aplica,Calle,Fronto-lateral                                     ,N-332,No inventariada,Calle,Municipal,Se desconoce,Seco y limpio,"Luz del día natural, solar",Despejado,,Nivel verde,,No,No,No,No,No,No,No,2019,9,MIÉRCOLES,12,Tarde,Dias laborables
,1,0,0,9380,03018,No aplica,Calle,Fronto-lateral                                     ,,No inventariada,Calle,Municipal,Se desconoce,Seco y limpio,"Amanecer o atardecer, sin luz artificial",Se desconoce,,Se desconoce,,No,No,No,Sí,No,No,Sí,2019,9,MIÉRCOLES,7,Mañana,Dias laborables
,0,1,0,9381,03018,No aplica,Calle,Atropello a personas                               ,,No inventariada,Calle,Municipal,Se desconoce,Seco y limpio,"Amanecer o atardecer, con luz artificial",Se desconoce,,Se desconoce,,Sin especificar,Sin especificar,Sin especificar,Sin especificar,Sin especificar,Sin especificar,Sin especificar,2019,9,MARTES,21,Noche,Dias laborables
,1,0,0,9382,03018,No aplica,Calle,Atropello a personas                               ,,No inventariada,Calle,Municipal,Se desconoce,Seco y limpio,"Luz del día natural, solar",Se desconoce,,Se desconoce,,Sin especificar,Sin especificar,Sin especificar,Sin especificar,Sin especificar,Sin especificar,Sin especificar,2019,9,MIÉRCOLES,14,Tarde,Dias laborables
,4,0,0,9383,03018,No aplica,Calle,Otro tipo de accidente                             ,,No inventariada,Otro,Municipal,Se desconoce,Se desconoce,Sin luz natural y con iluminación artificial encen,Se desconoce,,Se desconoce,,Sin especificar,Sin especificar,Sin especificar,Sin especificar,Sin especificar,Sin especificar,Sin especificar,2019,9,VIERNES,22,Noche,Dias laborables
,2,0,0,9384,03018,No aplica,Calle,Fronto-lateral                                     ,,No inventariada,Calle,Municipal,Se desconoce,Seco y limpio,Sin luz natural y con iluminación artificial encen,Se desconoce,,Se desconoce,,No,No,No,No,No,No,No,2019,6,DOMINGO,0,Madrugada,Fines de semana
,1,0,0,9385,03018,No aplica,Calle,Por alcance                                        ,,No inventariada,Calle,Municipal,Se desconoce,Seco y limpio,"Luz del día natural, solar",Se desconoce,,Se desconoce,,Sin especificar,Sin especificar,Sin especificar,Sin especificar,Sin especificar,Sin especificar,Sin especificar,2019,7,VIERNES,14,Tarde,Dias laborables
,2,0,0,9386,03018,No aplica,Calle,Por alcance                                        ,,No inventariada,Calle,Municipal,Se desconoce,Seco y limpio,"Luz del día natural, solar",Se desconoce,,Se desconoce,,Sin especificar,Sin especificar,Sin especificar,Sin especificar,Sin especificar,Sin especificar,Sin especificar,2019,8,SÁBADO,12,Tarde,Fines de semana
,1,0,0,9387,03018,No aplica,Calle,Fronto-lateral                                     ,,No inventariada,Calle,Municipal,Se desconoce,Seco y limpio,"Luz del día natural, solar",Se desconoce,,Se desconoce,,Sin especificar,Sin especificar,Sin especificar,Sin especificar,Sin especificar,Sin especificar,Sin especificar,2019,8,VIERNES,16,Tarde,Dias laborables
,1,0,0,9388,03018,No aplica,Calle,Por alcance                                        ,,No inventariada,Calle,Municipal,Se desconoce,Seco y limpio,"Luz del día natural, solar",Se desconoce,,Se desconoce,,Sin especificar,Sin especificar,Sin especificar,Sin especificar,Sin especificar,Sin especificar,Sin especificar,2019,8,JUEVES,17,Tarde,Dias laborables
,1,0,0,9389,03018,No aplica,Calle,Colisión contra obstáculo o elemento de la vía     ,,No inventariada,Calle,Municipal,Se desconoce,Seco y limpio,"Luz del día natural, solar",Se desconoce,,Se desconoce,,Sin especificar,Sin especificar,Sin especificar,Sin especificar,Sin especificar,Sin especificar,Sin especificar,2019,8,MARTES,17,Tarde,Dias laborables
,1,0,0,9390,03018,No aplica,Calle,Fronto-lateral                                     ,,No inventariada,Calle,Municipal,Se desconoce,Seco y limpio,Sin luz natural y con iluminación artificial encen,Despejado,,Se desconoce,,No,No,No,No,No,No,No,2019,7,MIÉRCOLES,23,Noche,Dias laborables
,1,0,0,9391,03018,No aplica,Calle,Atropello a personas                               ,,No inventariada,Recinto delimitado,Otra,Se desconoce,Seco y limpio,"Luz del día natural, solar",Se desconoce,,Se desconoce,,Sin especificar,Sin especificar,Sin especificar,Sin especificar,Sin especificar,Sin especificar,Sin especificar,2019,9,MARTES,9,Mañana,Dias laborables
163.9,1,0,0,9392,03018,Curva señalizada,Carretera,Fronto-lateral                                     ,,N-332,Carretera Convencional de calzada única,Estatal,Descendente,Seco y limpio,Sin luz natural ni artificial,Despejado,,Nivel blanco,,Sin especificar,Sin especificar,Sin especificar,Sin especificar,Sin especificar,Sin especificar,Sin especificar,2019,9,LUNES,0,Madrugada,Dias laborables
21.7,1,0,0,9393,03018,Recta,Carretera,Por alcance                                        ,,CV-755,Carretera Convencional de calzada única,Autonómica,Ascendente,Seco y limpio,"Luz del día natural, solar",Despejado,,Nivel blanco,,Sin especificar,Sin especificar,Sin especificar,Sin especificar,Sin especificar,Sin especificar,Sin especificar,2019,11,JUEVES,13,Tarde,Dias laborables
2.5,2,0,0,9394,03018,Recta,Carretera,Fronto-lateral                                     ,,CV-760,Carretera Convencional de calzada única,"Provincial, Cabildo/Consell",Ascendente,Seco y limpio,"Luz del día natural, solar",Despejado,,Nivel blanco,,No,No,No,No,No,No,No,2019,12,LUNES,9,Mañana,Dias laborables
154.9,1,0,0,9395,03018,Recta,Carretera,Múltiple o en caravana                             ,,N-332,Carretera Convencional de calzada única,Estatal,Ascendente,Mojado,Sin luz natural y con iluminación artificial encen,Nublado,,Nivel verde,,No,No,No,No,Sí,No,No,2019,12,VIERNES,20,Noche,Dias laborables
1.5,1,0,0,9396,03019,Recta,Carretera,Salida de la vía por la derecha con vuelco         ,,CV-845,Carretera Convencional de calzada única,Autonómica,Descendente,Seco y limpio,"Luz del día natural, solar",Despejado,,Nivel blanco,,Sin especificar,Sin especificar,Sin especificar,Sin especificar,Sin especificar,Sin especificar,Sin especificar,2019,1,SÁBADO,11,Mañana,Fines de semana
13.2,1,0,0,9397,03019,Recta,Carretera,Por alcance                                        ,,N-325,Carretera Convencional de calzada única,Estatal,Descendente,Seco y limpio,"Luz del día natural, solar",Despejado,,Nivel blanco,,No,No,No,No,No,No,No,2019,1,SÁBADO,15,Tarde,Fines de semana
3.6,1,0,0,9398,03019,Recta,Carretera,Salida de la vía por la derecha con colisión       ,,CV-846,Carretera Convencional de calzada única,"Provincial, Cabildo/Consell",Ascendente,Seco y limpio,"Amanecer o atardecer, sin luz artificial",Despejado,,Nivel blanco,,No,No,No,No,No,No,Sí,2019,2,MIÉRCOLES,19,Noche,Dias laborables
0.0,4,0,0,9399,03019,Recta,Carretera,Fronto-lateral                                     ,,CV-846,Carretera Convencional de calzada única,"Provincial, Cabildo/Consell",Ascendente,Seco y limpio,"Amanecer o atardecer, sin luz artificial",Despejado,,Nivel blanco,,No,No,No,No,No,No,No,2019,2,SÁBADO,19,Noche,Fines de semana
12.95,1,0,0,9400,03019,Recta,Carretera,Atropello a animales                               ,,N-325,Carretera Convencional de calzada única,Estatal,Descendente,Seco y limpio,Sin luz natural ni artificial,Despejado,,Nivel blanco,,Sin especificar,Sin especificar,Sin especificar,Sin especificar,Sin especificar,Sin especificar,Sin especificar,2019,5,MARTES,22,Noche,Dias laborables
7.0,1,0,0,9401,03019,Recta,Carretera,Caída                                              ,,CV-840,Carretera Convencional de calzada única,Autonómica,Descendente,Otra,"Luz del día natural, solar",Despejado,,Nivel blanco,,No,No,No,No,No,No,No,2019,5,MIÉRCOLES,9,Mañana,Dias laborables
8.0,1,0,0,9402,03019,Recta,Carretera,Por alcance                                        ,,N-325,Carretera Convencional de calzada única,Estatal,Descendente,Seco y limpio,"Amanecer o atardecer, sin luz artificial",Despejado,,Nivel blanco,,Sin especificar,Sin especificar,Sin especificar,Sin especificar,Sin especificar,Sin especificar,Sin especificar,2019,6,MIÉRCOLES,20,Noche,Dias laborables
2.4,3,0,0,9403,03019,Curva sin señalizar,Carretera,Salida de la vía por la derecha con despeñamiento  ,,CV-847,Carretera Convencional de calzada única,"Provincial, Cabildo/Consell",Descendente,Seco y limpio,"Luz del día natural, solar",Despejado,,Nivel verde,,Sin especificar,Sin especificar,Sin especificar,Sin especificar,Sin especificar,Sin especificar,Sin especificar,2019,7,DOMINGO,16,Tarde,Fines de semana
4.5,1,0,0,9404,03019,Curva sin señalizar,Carretera,Caída                                              ,,CV-84,Carretera Convencional de doble calzada,Autonómica,Descendente,Seco y limpio,"Luz del día natural, solar",Despejado,,Nivel blanco,,Sin especificar,Sin especificar,Sin especificar,Sin especificar,Sin especificar,Sin especificar,Sin especificar,2019,8,MARTES,13,Tarde,Dias laborables
6.3,1,0,0,9405,03019,Recta,Carretera,Salida de la vía por la izquierda con despeñamiento,,CV-846,Carretera Convencional de calzada única,"Provincial, Cabildo/Consell",Ascendente,Seco y limpio,"Luz del día natural, solar",Despejado,,Nivel blanco,,Sin especificar,Sin especificar,Sin especificar,Sin especificar,Sin especificar,Sin especificar,Sin especificar,2019,8,SÁBADO,13,Tarde,Fines de semana
8.3,1,0,0,9406,03019,Recta,Carretera,Por alcance                                        ,N-325,N-325,Carretera Convencional de calzada única,Estatal,Ascendente,Seco y limpio,Sin luz natural y con iluminación artificial encen,Despejado,,Nivel blanco,,No,No,No,No,No,Sí,No,2019,10,MIÉRCOLES,7,Mañana,Dias laborables
12.8,0,1,0,9407,03019,Curva señalizada,Carretera,Caída                                              ,,N-325,Carretera Convencional de calzada única,Estatal,Descendente,Seco y limpio,"Luz del día natural, solar",Despejado,,Nivel blanco,,Sin especificar,Sin especificar,Sin especificar,Sin especificar,Sin especificar,Sin especificar,Sin especificar,2019,10,SÁBADO,18,Noche,Fines de semana