KM,TOTAL_HL24H,TOTAL_HG24H,TOTAL_MU24H,id,COD_MUNICIPIO,TRAZADO_PLANTA,ZONA,TIPO_ACCIDENTE,CARRETERA_CRUCE,CARRETERA,TIPO_VIA,TITULARIDAD_VIA,SENTIDO_1F,CONDICION_FIRME,CONDICION_ILUMINACION,CONDICION_METEO,CONDICION_NIEBLA,CONDICION_NIVEL_CIRCULA,CONDICION_VIENTO,PRIORI_AGENTE,PRIORI_CIRCUNSTANCIAL,PRIORI_HORIZ_CEDA,PRIORI_HORIZ_STOP,PRIORI_SEMAFORO,PRIORI_VERT_CEDA,PRIORI_VERT_STOP,ANYO,MES,DIA,HORA,FRANJA_HORARIA,TIPO_DIA
,1,0,0,9917,03063,No aplica,Calle,Atropello a personas                               ,,No inventariada,Calle,Municipal,Se desconoce,Seco y limpio,"Luz del día natural, solar",Despejado,,Nivel blanco,,No,No,No,No,No,No,No,2019,1,SÁBADO,15,Tarde,Fines de semana
,2,0,0,9918,03063,No aplica,Calle,Fronto-lateral                                     ,,No inventariada,Otro,Municipal,Se desconoce,Seco y limpio,"Luz del día natural, solar",Despejado,,Nivel blanco,,No,No,No,No,No,No,Sí,2019,1,DOMINGO,15,Tarde,Fines de semana
,1,0,0,9919,03063,No aplica,Calle,Atropello a personas                               ,,No inventariada,Calle,Municipal,Se desconoce,Seco y limpio,"Luz del día natural, solar",Despejado,,Nivel verde,,No,No,No,Sí,No,No,Sí,2019,1,MARTES,9,Mañana,Dias laborables
,3,0,0,9920,03063,No aplica,Calle,Frontal                                            ,,No inventariada,Calle,Municipal,Se desconoce,Mojado,"Luz del día natural, solar",Lluvia débil,,Nivel blanco,,Sin especificar,Sin especificar,Sin especificar,Sin especificar,Sin especificar,Sin especificar,Sin especificar,2019,1,DOMINGO,13,Tarde,Fines de semana
,0,1,0,9921,03063,No aplica,Calle,Caída                                              ,,No inventariada,Calle,Municipal,Se desconoce,Seco y limpio,Sin luz natural y con iluminación artificial encen,Despejado,,Nivel blanco,,No,No,No,No,No,No,No,2019,1,JUEVES,19,Noche,Dias laborables
,1,0,0,9922,03063,No aplica,Calle,Fronto-lateral                                     ,,No inventariada,Calle,Municipal,Se desconoce,Seco y limpio,Sin luz natural y con iluminación artificial encen,Despejado,,Nivel verde,,Sin especificar,Sin especificar,Sin especificar,Sin especificar,Sin especificar,Sin especificar,Sin especificar,2019,1,LUNES,20,Noche,Dias laborables
,1,0,0,9923,03063,No aplica,Calle,Fronto-lateral                                     ,,No inventariada,Calle,Municipal,Se desconoce,Seco y limpio,"Luz del día natural, solar",Despejado,,Nivel amarillo,,No,No,No,Sí,No,No,No,2019,1,MIÉRCOLES,8,Mañana,Dias laborables
6.5,2,0,0,9924,03063,Curva sin señalizar,Carretera,Fronto-lateral                                     ,,CV-735,Carretera Convencional de calzada única,"Provincial, Cabildo/Consell",Descendente,Seco y limpio,"Luz del día natural, solar",Despejado,,Nivel blanco,,No,No,No,No,No,No,Sí,2019,3,DOMINGO,18,Noche,Fines de semana
,0,1,0,9925,03063,No aplica,Calle,Fronto-lateral                                     ,,No inventariada,Calle,"Provincial, Cabildo/Consell",Se desconoce,Seco y limpio,"Luz del día natural, solar",Despejado,,Nivel blanco,,Sin especificar,Sin especificar,Sin especificar,Sin especificar,Sin especificar,Sin especificar,Sin especificar,2019,3,JUEVES,10,Mañana,Dias laborables
,1,0,0,9926,03063,No aplica,Calle,Fronto-lateral                                     ,,No inventariada,Calle,Municipal,Se desconoce,Seco y limpio,"Luz del día natural, solar",Despejado,,Nivel blanco,,No,No,Sí,No,No,Sí,No,2019,3,VIERNES,8,Mañana,Dias laborables
,1,0,0,9927,03063,No aplica,Calle,Fronto-lateral                                     ,,No inventariada,Calle,Municipal,Se desconoce,Seco y limpio,Sin luz natural y con iluminación artificial encen,Despejado,,Nivel blanco,,No,No,No,Sí,No,No,Sí,2019,3,MIÉRCOLES,0,Madrugada,Dias laborables
7.0,1,0,0,9928,03063,Recta,Carretera,Fronto-lateral                                     ,,CV-730,Carretera Convencional de calzada única,"Provincial, Cabildo/Consell",Ascendente,Seco y limpio,"Luz del día natural, solar",Despejado,,Nivel blanco,,No,No,No,No,No,No,No,2019,3,MARTES,11,Mañana,Dias laborables
,1,0,0,9929,03063,No aplica,Calle,Por alcance                                        ,,No inventariada,Calle,Municipal,Se desconoce,Seco y limpio,"Luz del día natural, solar",Despejado,,Nivel blanco,,No,No,No,Sí,No,No,Sí,2019,4,MARTES,9,Mañana,Dias laborables
,1,0,0,9930,03063,No aplica,Calle,Fronto-lateral                                     ,,No inventariada,Calle,Municipal,Se desconoce,Seco y limpio,"Luz del día natural, solar",Despejado,,Nivel blanco,,No,No,No,No,No,No,No,2019,4,MIÉRCOLES,10,Mañana,Dias laborables
,1,0,0,9931,03063,No aplica,Calle,Atropello a personas                               ,,No inventariada,Vía de servicio,Municipal,Se desconoce,Seco y limpio,"Luz del día natural, solar",Despejado,,Nivel blanco,,No,No,No,No,No,No,No,2019,4,JUEVES,10,Mañana,Dias laborables
5.5,2,0,0,9932,03063,Curva sin señalizar,Carretera,Frontal                                            ,,CV-735,Carretera Convencional de calzada única,"Provincial, Cabildo/Consell",Ambos,Seco y limpio,"Luz del día natural, solar",Despejado,,Nivel verde,,No,No,No,No,No,No,Sí,2019,4,MIÉRCOLES,11,Mañana,Dias laborables
9.5,1,0,0,9933,03063,Recta,Carretera,Por alcance                                        ,,CV-735,Carretera Convencional de calzada única,"Provincial, Cabildo/Consell",Ascendente,Seco y limpio,"Luz del día natural, solar",Despejado,,Nivel blanco,,Sin especificar,Sin especificar,Sin especificar,Sin especificar,Sin especificar,Sin especificar,Sin especificar,2019,4,MIÉRCOLES,16,Tarde,Dias laborables
,1,0,0,9934,03063,No aplica,Calle,Por alcance                                        ,,No inventariada,Calle,Municipal,Se desconoce,Seco y limpio,"Luz del día natural, solar",Despejado,,Nivel verde,,Sin especificar,Sin especificar,Sin especificar,Sin especificar,Sin especificar,Sin especificar,Sin especificar,2019,2,LUNES,14,Tarde,Dias laborables
,0,1,0,9935,03063,No aplica,Calle,Fronto-lateral                                     ,,No inventariada,Calle,Municipal,Se desconoce,Seco y limpio,"Luz del día natural, solar",Despejado,,Nivel blanco,,No,No,No,No,No,No,No,2019,3,MIÉRCOLES,8,Mañana,Dias laborables
,0,1,0,9936,03063,No aplica,Calle,Atropello a personas                               ,,No inventariada,Calle,Municipal,Se desconoce,Seco y limpio,"Amanecer o atardecer, sin luz artificial",Despejado,,Nivel amarillo,,Sin especificar,Sin especificar,Sin especificar,Sin especificar,Sin especificar,Sin especificar,Sin especificar,2019,4,MARTES,7,Mañana,Dias laborables
7.5,1,0,0,9937,03063,Recta,Carretera,Salida de la vía por la derecha otro tipo          ,,CV-735,Carretera Convencional de calzada única,"Provincial, Cabildo/Consell",Descendente,Seco y limpio,"Luz del día natural, solar",Nublado,,Nivel blanco,,Sin especificar,Sin especificar,Sin especificar,Sin especificar,Sin especificar,Sin especificar,Sin especificar,2019,5,LUNES,13,Tarde,Dias laborables
3.5,1,0,0,9938,03063,Recta,Carretera,Por alcance                                        ,,CV-723,Carretera Convencional de calzada única,"Provincial, Cabildo/Consell",Descendente,Seco y limpio,"Luz del día natural, solar",Despejado,,Nivel blanco,,Sin especificar,Sin especificar,Sin especificar,Sin especificar,Sin especificar,Sin especificar,Sin especificar,2019,6,MARTES,7,Mañana,Dias laborables
12.5,1,0,0,9939,03063,Recta,Carretera,Fronto-lateral                                     ,,CV-730,Carretera Convencional de calzada única,"Provincial, Cabildo/Consell",Ascendente,Seco y limpio,"Luz del día natural, solar",Despejado,,Nivel blanco,,Sin especificar,Sin especificar,Sin especificar,Sin especificar,Sin especificar,Sin especificar,Sin especificar,2019,7,DOMINGO,18,Noche,Fines de semana
5.0,1,0,0,9940,03063,Curva señalizada,Carretera,Salida de la vía por la derecha otro tipo          ,,CV-723,Carretera Convencional de calzada única,"Provincial, Cabildo/Consell",Ascendente,Seco y limpio,"Luz del día natural, solar",Despejado,,Nivel blanco,,No,No,No,No,No,No,Sí,2019,7,LUNES,12,Tarde,Dias laborables
8.9,2,0,0,9941,03063,Recta,Carretera,Múltiple o en caravana                             ,,CV-730,Carretera Convencional de calzada única,"Provincial, Cabildo/Consell",Descendente,Seco y limpio,"Luz del día natural, solar",Despejado,,Nivel verde,,Sin especificar,Sin especificar,Sin especificar,Sin especificar,Sin especificar,Sin especificar,Sin especificar,2019,7,JUEVES,9,Mañana,Dias laborables
,1,0,0,9942,03063,No aplica,Calle,Fronto-lateral                                     ,,No inventariada,Calle,Municipal,Se desconoce,Seco y limpio,"Luz del día natural, solar",Despejado,,Nivel blanco,,Sin especificar,Sin especificar,Sin especificar,Sin especificar,Sin especificar,Sin especificar,Sin especificar,2019,5,VIERNES,14,Tarde,Dias laborables
2.5,5,3,0,9943,03063,Curva sin señalizar,Carretera,Múltiple o en caravana                             ,CV-724,CV-725,Carretera Convencional de calzada única,Autonómica,Descendente,Seco y limpio,"Luz del día natural, solar",Despejado,,Nivel amarillo,,No,No,No,No,No,No,No,2019,8,LUNES,12,Tarde,Dias laborables
,1,1,0,9944,03063,No aplica,Calle,Frontal                                            ,,No inventariada,Calle,Municipal,Se desconoce,Seco y limpio,"Luz del día natural, solar",Despejado,,Nivel blanco,,No,No,No,No,Sí,No,No,2019,8,DOMINGO,17,Tarde,Fines de semana
4.9,0,2,1,9945,03063,Recta,Carretera,Salida de la vía por la izquierda con vuelco       ,,CV-723,Carretera Convencional de calzada única,"Provincial, Cabildo/Consell",Descendente,Seco y limpio,Sin luz natural ni artificial,Despejado,,Nivel blanco,,Sin especificar,Sin especificar,Sin especificar,Sin especificar,Sin especificar,Sin especificar,Sin especificar,2019,10,MARTES,4,Madrugada,Dias laborables
3.9,3,0,0,9946,03063,Recta,Carretera,Por alcance                                        ,,CV-724,Carretera Convencional de calzada única,Autonómica,Ascendente,Seco y limpio,"Luz del día natural, solar",Despejado,,Nivel blanco,,Sin especificar,Sin especificar,Sin especificar,Sin especificar,Sin especificar,Sin especificar,Sin especificar,2019,11,MARTES,9,Mañana,Dias laborables
3.5,1,0,0,9947,03063,Curva señalizada,Carretera,Salida de la vía por la derecha otro tipo          ,,CV-738,Carretera Convencional de calzada única,"Provincial, Cabildo/Consell",Ascendente,Con barro o gravilla suelta,"Luz del día natural, solar",Despejado,,Nivel blanco,,Sin especificar,Sin especificar,Sin especificar,Sin especificar,Sin especificar,Sin especificar,Sin especificar,2019,12,LUNES,10,Mañana,Dias laborables
10.9,1,0,0,9948,03063,Recta,Carretera,Colisión contra obstáculo o elemento de la vía     ,,CV-730,Carretera Convencional de calzada única,"Provincial, Cabildo/Consell",Ascendente,Seco y limpio,"Luz del día natural, solar",Despejado,,Nivel blanco,,Sin especificar,Sin especificar,Sin especificar,Sin especificar,Sin especificar,Sin especificar,Sin especificar,2019,12,JUEVES,8,Mañana,Dias laborables
1.7,1,0,0,9949,03063,Curva señalizada,Carretera,Salida de la vía por la derecha con colisión       ,,CV-738,Carretera Convencional de calzada única,"Provincial, Cabildo/Consell",Descendente,Seco y limpio,"Luz del día natural, solar",Despejado,,Nivel blanco,,Sin especificar,Sin especificar,Sin especificar,Sin especificar,Sin especificar,Sin especificar,Sin especificar,2019,12,MARTES,15,Tarde,Dias laborables
0.5,1,0,0,9950,03064,Recta,Carretera,Salida de la vía por la derecha con vuelco         ,,VEREDA QUI,Camino vecinal,Municipal,Descendente,Con barro o gravilla suelta,"Amanecer o atardecer, sin luz artificial",Despejado,,Nivel blanco,,Sin especificar,Sin especificar,Sin especificar,Sin especificar,Sin especificar,Sin especificar,Sin especificar,2019,1,SÁBADO,17,Tarde,Fines de semana
,1,0,0,9951,03064,No aplica,Calle,Múltiple o en caravana                             ,,No inventariada,Calle,Municipal,Se desconoce,Seco y limpio,"Amanecer o atardecer, con luz artificial",Despejado,,Nivel blanco,,No,No,No,No,No,No,No,2019,1,DOMINGO,19,Noche,Fines de semana
,7,0,0,9952,03064,No aplica,Calle,Múltiple o en caravana                             ,,No inventariada,Calle,Municipal,Se desconoce,Seco y limpio,Sin luz natural y con iluminación artificial encen,Despejado,,Nivel verde,,No,No,No,No,No,No,Sí,2019,1,DOMINGO,19,Noche,Fines de semana
0.2,1,0,0,9953,03064,Recta,Carretera,Salida de la vía por la izquierda con vuelco       ,,No inventariada,Carretera Convencional de calzada única,Autonómica,Ascendente,Mojado,Sin luz natural y con iluminación artificial encen,Lluvia débil,,Nivel verde,,Sin especificar,Sin especificar,Sin especificar,Sin especificar,Sin especificar,Sin especificar,Sin especificar,2019,3,DOMINGO,5,Madrugada,Fines de semana
2.0,1,0,0,9954,03064,Curva señalizada,Carretera,Caída                                              ,,No inventariada,Carretera Convencional de calzada única,"Provincial, Cabildo/Consell",Ascendente,Seco y limpio,Sin luz natural y con iluminación artificial encen,Despejado,,Nivel blanco,,No,No,No,No,No,No,No,2019,7,VIERNES,22,Noche,Dias laborables
737.9,1,0,0,9955,03064,Recta,Carretera,Por alcance                                        ,,AP-7,Autopista libre,Estatal,Descendente,Seco y limpio,"Luz del día natural, solar",Despejado,,Nivel blanco,,Sin especificar,Sin especificar,Sin especificar,Sin especificar,Sin especificar,Sin especificar,Sin especificar,2019,11,MARTES,17,Tarde,Dias laborables
10.5,1,0,0,9956,03064,Recta,Carretera,Por alcance                                        ,,CV-912,Carretera Convencional de doble calzada,Autonómica,Descendente,Seco y limpio,"Luz del día natural, solar",Despejado,,Nivel blanco,,Sin especificar,Sin especificar,Sin especificar,Sin especificar,Sin especificar,Sin especificar,Sin especificar,2019,12,MARTES,14,Tarde,Dias laborables
,2,0,0,9957,03065,No aplica,Calle,Por alcance                                        ,,No inventariada,Otro,Municipal,Se desconoce,Seco y limpio,Sin luz natural ni artificial,Despejado,,Sin especificar,,Sin especificar,Sin especificar,Sin especificar,Sin especificar,Sin especificar,Sin especificar,Sin especificar,2019,1,MARTES,18,Noche,Dias laborables
,1,0,0,9958,03065,No aplica,Calle,Atropello a personas                               ,,No inventariada,Calle,Municipal,Se desconoce,Seco y limpio,Sin luz natural y con iluminación artificial encen,Despejado,,Sin especificar,,Sin especificar,Sin especificar,Sin especificar,Sin especificar,Sin especificar,Sin especificar,Sin especificar,2019,1,JUEVES,18,Noche,Dias laborables
,1,0,0,9959,03065,No aplica,Calle,Caída                                              ,,No inventariada,Calle,Municipal,Se desconoce,Seco y limpio,"Luz del día natural, solar",Despejado,,Nivel blanco,,No,No,Sí,No,No,Sí,No,2019,1,JUEVES,17,Tarde,Dias laborables
2.5,3,0,0,9960,03065,Recta,Carretera,Múltiple o en caravana                             ,,N-338,Carretera Convencional de doble calzada,Estatal,Ascendente,Seco y limpio,Sin luz natural ni artificial,Despejado,,Nivel blanco,,No,No,No,No,No,No,No,2019,1,MARTES,19,Noche,Dias laborables
,1,0,0,9961,03065,No aplica,Calle,Caída                                              ,,No inventariada,Calle,Municipal,Se desconoce,Seco y limpio,Sin luz natural ni artificial,Despejado,,Sin especificar,,No,No,No,Sí,No,No,Sí,2019,1,VIERNES,7,Mañana,Dias laborables
98.0,5,0,0,9962,03065,Curva señalizada,Carretera,Fronto-lateral                                     ,,N-332,Carretera Convencional de calzada única,Estatal,Ambos,Seco y limpio,Sin luz natural y con iluminación artificial no en,Despejado,,Nivel blanco,,Sin especificar,Sin especificar,Sin especificar,Sin especificar,Sin especificar,Sin especificar,Sin especificar,2019,1,JUEVES,7,Mañana,Dias laborables
,2,0,0,9963,03065,No aplica,Calle,Fronto-lateral                                     ,,No inventariada,Calle,Municipal,Se desconoce,Seco y limpio,"Luz del día natural, solar",Despejado,,Sin especificar,,No,No,Sí,No,No,No,No,2019,1,LUNES,15,Tarde,Dias laborables
1.1,1,0,0,9964,03065,Curva señalizada,Carretera,Salida de la vía por la izquierda con colisión     ,,CV-856,Carretera Convencional de calzada única,"Provincial, Cabildo/Consell",Ascendente,Seco y limpio,Sin luz natural ni artificial,Despejado,,Nivel blanco,,Sin especificar,Sin especificar,Sin especificar,Sin especificar,Sin especificar,Sin especificar,Sin especificar,2019,1,VIERNES,20,Noche,Dias laborables
,1,0,0,9965,03065,No aplica,Calle,Fronto-lateral                                     ,,No inventariada,Calle,Municipal,Se desconoce,Seco y limpio,"Luz del día natural, solar",Despejado,,Sin especificar,,No,No,Sí,No,No,Sí,No,2019,1,SÁBADO,12,Tarde,Fines de semana
14.5,1,0,0,9966,03065,Curva señalizada,Carretera,Fronto-lateral                                     ,EL-20,CV-86,Carretera Convencional de doble calzada,Autonómica,Ascendente,Seco y limpio,"Luz del día natural, solar",Despejado,,Nivel blanco,,No,No,Sí,No,No,Sí,No,2019,1,JUEVES,16,Tarde,Dias laborables
6.8,1,0,0,9967,03065,Recta,Carretera,Por alcance                                        ,,EL-20,Autovía,Estatal,Descendente,Seco y limpio,"Luz del día natural, solar",Despejado,,Nivel blanco,,No,No,Sí,No,No,Sí,No,2019,1,LUNES,7,Mañana,Dias laborables
,1,0,0,9968,03065,No aplica,Calle,Fronto-lateral                                     ,,No inventariada,Calle,Municipal,Se desconoce,Seco y limpio,"Luz del día natural, solar",Despejado,,Nivel blanco,,No,No,Sí,No,No,Sí,No,2019,1,JUEVES,13,Tarde,Dias laborables
,2,0,0,9969,03065,No aplica,Calle,Fronto-lateral                                     ,,No inventariada,Calle,Municipal,Se desconoce,Seco y limpio,Sin luz natural y con iluminación artificial encen,Despejado,,Sin especificar,,No,No,No,No,No,Sí,No,2019,1,SÁBADO,22,Noche,Fines de semana
,1,0,0,9970,03065,No aplica,Calle,Atropello a personas                               ,,No inventariada,Calle,Municipal,Se desconoce,Seco y limpio,Sin luz natural y con iluminación artificial encen,Despejado,,Nivel blanco,,Sin especificar,Sin especificar,Sin especificar,Sin especificar,Sin especificar,Sin especificar,Sin especificar,2019,1,SÁBADO,22,Noche,Fines de semana
0.1,1,0,0,9971,03065,Curva señalizada,Carretera,Por alcance                                        ,,CV-853,Carretera Convencional de doble calzada,"Provincial, Cabildo/Consell",Ascendente,Seco y limpio,"Amanecer o atardecer, sin luz artificial",Despejado,,Nivel verde,,Sin especificar,Sin especificar,Sin especificar,Sin especificar,Sin especificar,Sin especificar,Sin especificar,2019,1,MARTES,7,Mañana,Dias laborables
,0,0,1,9972,03065,No aplica,Calle,Fronto-lateral                                     ,,No inventariada,Otro,Municipal,Se desconoce,Seco y limpio,"Luz del día natural, solar",Despejado,,Sin especificar,,Sin especificar,Sin especificar,Sin especificar,Sin especificar,Sin especificar,Sin especificar,Sin especificar,2019,1,SÁBADO,11,Mañana,Fines de semana
30.3,3,0,0,9973,03065,Recta,Carretera,Por alcance                                        ,,A-70,Autovía,Estatal,Descendente,Seco y limpio,"Luz del día natural, solar",Despejado,,Nivel verde,,Sin especificar,Sin especificar,Sin especificar,Sin especificar,Sin especificar,Sin especificar,Sin especificar,2019,1,LUNES,7,Mañana,Dias laborables
724.1,0,1,0,9974,03065,Recta,Carretera,Por alcance                                        ,,N-340,Carretera Convencional de calzada única,Estatal,Ascendente,Seco y limpio,"Luz del día natural, solar",Despejado,,Nivel blanco,,No,No,No,No,No,No,No,2019,1,LUNES,17,Tarde,Dias laborables
,1,0,0,9975,03065,No aplica,Calle,Fronto-lateral                                     ,,No inventariada,Calle,Municipal,Se desconoce,Seco y limpio,Sin luz natural y con iluminación artificial encen,Despejado,,Sin especificar,,No,No,No,No,No,Sí,No,2019,1,VIERNES,21,Noche,Dias laborables
,1,0,0,9976,03065,No aplica,Calle,Fronto-lateral                                     ,,No inventariada,Calle,Municipal,Se desconoce,Seco y limpio,"Luz del día natural, solar",Despejado,,Nivel blanco,,No,No,Sí,No,No,Sí,No,2019,1,LUNES,13,Tarde,Dias laborables
30.0,1,0,0,9977,03065,Curva señalizada,Carretera,Por alcance                                        ,,A-70,Autovía,Estatal,Ascendente,Seco y limpio,"Luz del día natural, solar",Despejado,,Nivel amarillo,,No,No,Sí,No,No,No,No,2019,1,LUNES,9,Mañana,Dias laborables
,1,0,0,9978,03065,No aplica,Calle,Atropello a personas                               ,,No inventariada,Otro,Municipal,Se desconoce,Seco y limpio,"Luz del día natural, solar",Despejado,,Sin especificar,,Sin especificar,Sin especificar,Sin especificar,Sin especificar,Sin especificar,Sin especificar,Sin especificar,2019,1,VIERNES,8,Mañana,Dias laborables
511.0,1,0,0,9979,03065,Curva señalizada,Carretera,Colisión contra obstáculo o elemento de la vía     ,,A-7,Autovía,Estatal,Descendente,Seco y limpio,"Luz del día natural, solar",Despejado,,Nivel blanco,,Sin especificar,Sin especificar,Sin especificar,Sin especificar,Sin especificar,Sin especificar,Sin especificar,2019,1,JUEVES,13,Tarde,Dias laborables
,1,0,0,9980,03065,No aplica,Calle,Lateral                                            ,,No inventariada,Calle,Municipal,Se desconoce,Seco y limpio,Sin luz natural y con iluminación artificial encen,Despejado,,Sin especificar,,No,No,Sí,No,No,Sí,No,2019,1,MARTES,6,Mañana,Dias laborables
,1,0,0,9981,03065,No aplica,Calle,Caída                                              ,,No inventariada,Calle,Municipal,Se desconoce,Otra,"Luz del día natural, solar",Despejado,,Sin especificar,,Sin especificar,Sin especificar,Sin especificar,Sin especificar,Sin especificar,Sin especificar,Sin especificar,2019,1,VIERNES,12,Tarde,Dias laborables
,1,0,0,9982,03065,No aplica,Calle,Por alcance                                        ,,No inventariada,Calle,Municipal,Se desconoce,Seco y limpio,Sin luz natural y con iluminación artificial encen,Despejado,,Sin especificar,,No,No,No,No,Sí,No,No,2019,1,VIERNES,18,Noche,Dias laborables
,1,0,0,9983,03065,No aplica,Calle,Atropello a personas                               ,,No inventariada,Calle,Municipal,Se desconoce,Seco y limpio,"Luz del día natural, solar",Despejado,,Nivel blanco,,Sin especificar,Sin especificar,Sin especificar,Sin especificar,Sin especificar,Sin especificar,Sin especificar,2019,1,VIERNES,17,Tarde,Dias laborables
,1,0,0,9984,03065,No aplica,Calle,Salida de la vía por la derecha con colisión       ,,No inventariada,Calle,Municipal,Se desconoce,Seco y limpio,"Luz del día natural, solar",Despejado,,Sin especificar,,No,No,No,No,No,No,No,2019,1,VIERNES,15,Tarde,Dias laborables
,1,0,0,9985,03065,No aplica,Calle,Por alcance                                        ,,No inventariada,Calle,Municipal,Se desconoce,Seco y limpio,Sin luz natural y con iluminación artificial encen,Despejado,,Sin especificar,,Sin especificar,Sin especificar,Sin especificar,Sin especificar,Sin especificar,Sin especificar,Sin especificar,2019,1,DOMINGO,19,Noche,Fines de semana
,1,0,0,9986,03065,No aplica,Calle,Atropello a personas                               ,,No inventariada,Calle,Municipal,Se desconoce,Seco y limpio,"Luz del día natural, solar",Despejado,,Sin especificar,,No,No,No,No,Sí,No,No,2019,1,JUEVES,8,Mañana,Dias laborables
,1,0,0,9987,03065,No aplica,Calle,Lateral                                            ,,No inventariada,Calle,Municipal,Se desconoce,Seco y limpio,"Luz del día natural, solar",Despejado,,Sin especificar,,No,No,No,No,Sí,No,No,2019,1,JUEVES,13,Tarde,Dias laborables
,2,0,0,9988,03065,No aplica,Calle,Por alcance                                        ,,No inventariada,Calle,Autonómica,Se desconoce,Seco y limpio,"Luz del día natural, solar",Nublado,,Sin especificar,,No,No,No,No,No,No,No,2019,1,JUEVES,9,Mañana,Dias laborables
,1,0,0,9989,03065,No aplica,Calle,Atropello a personas                               ,,No inventariada,Calle,Municipal,Se desconoce,Seco y limpio,Sin luz natural y con iluminación artificial encen,Despejado,,Sin especificar,,No,No,Sí,No,No,Sí,No,2019,1,SÁBADO,20,Noche,Fines de semana
,0,1,0,9990,03065,No aplica,Calle,Fronto-lateral                                     ,,No inventariada,Calle,Municipal,Se desconoce,Seco y limpio,Sin luz natural y con iluminación artificial encen,Despejado,,Nivel blanco,,No,No,Sí,No,No,Sí,No,2019,1,LUNES,7,Mañana,Dias laborables
,1,0,0,9991,03065,No aplica,Calle,Caída                                              ,,No inventariada,Calle,Municipal,Se desconoce,Seco y limpio,"Luz del día natural, solar",Despejado,,Sin especificar,,No,No,Sí,No,No,Sí,No,2019,1,MIÉRCOLES,13,Tarde,Dias laborables
518.5,2,0,1,9992,03065,Recta,Carretera,Atropello a personas                               ,,A-7,Autovía,Estatal,Descendente,Seco y limpio,Sin luz natural ni artificial,Despejado,,Nivel blanco,,Sin especificar,Sin especificar,Sin especificar,Sin especificar,Sin especificar,Sin especificar,Sin especificar,2019,1,DOMINGO,19,Noche,Fines de semana
730.5,3,0,0,9993,03065,Recta,Carretera,Por alcance                                        ,,N-340,Carretera Convencional de doble calzada,Estatal,Descendente,Seco y limpio,"Luz del día natural, solar",Nublado,,Nivel blanco,,No,No,No,No,No,Sí,No,2019,1,JUEVES,9,Mañana,Dias laborables
7.4,1,0,0,9994,03065,Curva señalizada,Carretera,Fronto-lateral                                     ,,EL-20,Autovía,Estatal,Ascendente,Seco y limpio,"Luz del día natural, solar",Despejado,,Nivel blanco,,No,No,Sí,No,No,Sí,No,2019,1,MIÉRCOLES,15,Tarde,Dias laborables
,1,0,0,9995,03065,No aplica,Calle,Lateral                                            ,,No inventariada,Calle,Municipal,Se desconoce,Seco y limpio,"Luz del día natural, solar",Despejado,,Sin especificar,,Sin especificar,Sin especificar,Sin especificar,Sin especificar,Sin especificar,Sin especificar,Sin especificar,2019,1,MARTES,8,Mañana,Dias laborables
,1,0,0,9996,03065,No aplica,Calle,Por alcance                                        ,,No inventariada,Calle,Municipal,Se desconoce,Seco y limpio,Sin luz natural y con iluminación artificial encen,Despejado,,Sin especificar,,Sin especificar,Sin especificar,Sin especificar,Sin especificar,Sin especificar,Sin especificar,Sin especificar,2019,1,JUEVES,19,Noche,Dias laborables
,2,0,0,9997,03065,No aplica,Calle,Atropello a personas                               ,,No inventariada,Calle,Municipal,Se desconoce,Seco y limpio,Sin luz natural y con iluminación artificial encen,Despejado,,Sin especificar,,No,No,No,No,No,Sí,No,2019,1,LUNES,19,Noche,Dias laborables
14.2,1,0,0,9998,03065,Recta,Carretera,Salida de la vía por la derecha otro tipo          ,,CV-86,Carretera Convencional de doble calzada,Autonómica,Ascendente,Seco y limpio,"Luz del día natural, solar",Despejado,,Nivel blanco,,Sin especificar,Sin especificar,Sin especificar,Sin especificar,Sin especificar,Sin especificar,Sin especificar,2019,1,MIÉRCOLES,17,Tarde,Dias laborables
,1,0,0,9999,03065,No aplica,Calle,Fronto-lateral                                     ,,No inventariada,Calle,Municipal,Se desconoce,Seco y limpio,Sin luz natural ni artificial,Despejado,,Sin especificar,,No,No,No,No,No,No,Sí,2019,1,JUEVES,19,Noche,Dias laborables
,1,0,0,10000,03065,No aplica,Calle,Fronto-lateral                                     ,,No inventariada,Otro,Municipal,Se desconoce,Seco y limpio,"Luz del día natural, solar",Despejado,,Sin especificar,,Sin especificar,Sin especificar,Sin especificar,Sin especificar,Sin especificar,Sin especificar,Sin especificar,2019,1,VIERNES,12,Tarde,Dias laborables
,1,0,0,10001,03065,No aplica,Calle,Múltiple o en caravana                             ,,No inventariada,Calle,Municipal,Se desconoce,Seco y limpio,"Luz del día natural, solar",Despejado,,Sin especificar,,Sin especificar,Sin especificar,Sin especificar,Sin especificar,Sin especificar,Sin especificar,Sin especificar,2019,1,JUEVES,16,Tarde,Dias laborables
,2,0,0,10002,03065,No aplica,Calle,Fronto-lateral                                     ,,No inventariada,Calle,Municipal,Se desconoce,Seco y limpio,"Luz del día natural, solar",Despejado,,Nivel blanco,,No,No,Sí,No,No,Sí,No,2019,1,MIÉRCOLES,16,Tarde,Dias laborables
,1,0,0,10003,03065,No aplica,Calle,Salida de la vía por la izquierda con colisión     ,,No inventariada,Calle,Municipal,Se desconoce,Seco y limpio,"Luz del día natural, solar",Despejado,,Sin especificar,,Sin especificar,Sin especificar,Sin especificar,Sin especificar,Sin especificar,Sin especificar,Sin especificar,2019,1,MARTES,14,Tarde,Dias laborables