KM,TOTAL_HL24H,TOTAL_HG24H,TOTAL_MU24H,id,COD_MUNICIPIO,TRAZADO_PLANTA,ZONA,TIPO_ACCIDENTE,CARRETERA_CRUCE,CARRETERA,TIPO_VIA,TITULARIDAD_VIA,SENTIDO_1F,CONDICION_FIRME,CONDICION_ILUMINACION,CONDICION_METEO,CONDICION_NIEBLA,CONDICION_NIVEL_CIRCULA,CONDICION_VIENTO,PRIORI_AGENTE,PRIORI_CIRCUNSTANCIAL,PRIORI_HORIZ_CEDA,PRIORI_HORIZ_STOP,PRIORI_SEMAFORO,PRIORI_VERT_CEDA,PRIORI_VERT_STOP,ANYO,MES,DIA,HORA,FRANJA_HORARIA,TIPO_DIA
,0,1,0,10093,03065,No aplica,Calle,Atropello a personas                               ,,No inventariada,Calle,Municipal,Se desconoce,Seco y limpio,"Luz del día natural, solar",Despejado,,Sin especificar,,No,No,Sí,No,No,Sí,No,2019,2,MIÉRCOLES,14,Tarde,Dias laborables
,3,0,0,10094,03065,No aplica,Calle,Múltiple o en caravana                             ,,No inventariada,Calle,Municipal,Se desconoce,Seco y limpio,"Amanecer o atardecer, sin luz artificial",Despejado,,Nivel verde,,Sin especificar,Sin especificar,Sin especificar,Sin especificar,Sin especificar,Sin especificar,Sin especificar,2019,3,MIÉRCOLES,7,Mañana,Dias laborables
0.6,1,0,0,10095,03065,Curva señalizada,Carretera,Atropello a personas                               ,,CV-865,Carretera Convencional de doble calzada,Autonómica,Descendente,Seco y limpio,Sin luz natural y con iluminación artificial encen,Despejado,,Nivel blanco,,No,No,No,No,No,No,No,2019,3,MARTES,21,Noche,Dias laborables
,3,0,0,10096,03065,No aplica,Calle,Por alcance                                        ,,No inventariada,Calle,Municipal,Se desconoce,Seco y limpio,"Luz del día natural, solar",Despejado,,Sin especificar,,Sin especificar,Sin especificar,Sin especificar,Sin especificar,Sin especificar,Sin especificar,Sin especificar,2019,3,MIÉRCOLES,14,Tarde,Dias laborables
,1,0,0,10097,03065,No aplica,Calle,Colisión contra obstáculo o elemento de la vía     ,,No inventariada,Calle,Municipal,Se desconoce,Seco y limpio,"Luz del día natural, solar",Despejado,,Sin especificar,,Sin especificar,Sin especificar,Sin especificar,Sin especificar,Sin especificar,Sin especificar,Sin especificar,2019,3,VIERNES,10,Mañana,Dias laborables
,0,1,0,10098,03065,No aplica,Calle,Atropello a personas                               ,,No inventariada,Calle,Municipal,Se desconoce,Seco y limpio,"Luz del día natural, solar",Despejado,,Sin especificar,,No,No,No,No,No,No,No,2019,3,VIERNES,11,Mañana,Dias laborables
713.9,2,0,0,10099,03065,Curva sin señalizar,Carretera,Lateral                                            ,,N-340,Carretera Convencional de doble calzada,Estatal,Ascendente,Seco y limpio,Sin luz natural y con iluminación artificial encen,Despejado,,Nivel blanco,,No,No,No,No,No,No,No,2019,3,MIÉRCOLES,21,Noche,Dias laborables
,1,0,0,10100,03065,No aplica,Calle,Atropello a personas                               ,,No inventariada,Calle,Municipal,Se desconoce,Otra,"Luz del día natural, solar",Despejado,,Sin especificar,,Sin especificar,Sin especificar,Sin especificar,Sin especificar,Sin especificar,Sin especificar,Sin especificar,2019,3,MARTES,8,Mañana,Dias laborables
,1,0,0,10101,03065,No aplica,Calle,Atropello a personas                               ,,No inventariada,Calle,Municipal,Se desconoce,Mojado,Sin luz natural y con iluminación artificial encen,Despejado,,Nivel verde,,No,No,No,No,No,No,No,2019,2,LUNES,20,Noche,Dias laborables
74.7,1,0,0,10102,03065,Curva señalizada,Carretera,Fronto-lateral                                     ,,N-332,Carretera Convencional de calzada única,Estatal,Ascendente,Seco y limpio,"Luz del día natural, solar",Despejado,,Nivel blanco,,No,No,No,No,No,No,No,2019,3,MARTES,14,Tarde,Dias laborables
,2,0,0,10103,03065,No aplica,Calle,Fronto-lateral                                     ,,No inventariada,Calle,Municipal,Se desconoce,Seco y limpio,"Luz del día natural, solar",Despejado,,Sin especificar,,No,No,Sí,No,No,No,No,2019,3,VIERNES,13,Tarde,Dias laborables
,1,0,0,10104,03065,No aplica,Calle,Múltiple o en caravana                             ,,No inventariada,Calle,Municipal,Se desconoce,Seco y limpio,"Luz del día natural, solar",Despejado,,Sin especificar,,No,No,No,No,Sí,No,No,2019,3,MIÉRCOLES,13,Tarde,Dias laborables
9.55,1,0,0,10105,03065,Recta,Carretera,Fronto-lateral                                     ,,CV-855,Carretera Convencional de calzada única,Autonómica,Ascendente,Seco y limpio,"Luz del día natural, solar",Despejado,,Nivel blanco,,No,No,No,Sí,No,No,Sí,2019,3,MIÉRCOLES,9,Mañana,Dias laborables
6.2,1,0,0,10106,03065,Curva señalizada,Carretera,Salida de la vía por la derecha con colisión       ,,CV-851,Carretera Convencional de calzada única,"Provincial, Cabildo/Consell",Ascendente,Seco y limpio,"Luz del día natural, solar",Despejado,,Nivel blanco,,Sin especificar,Sin especificar,Sin especificar,Sin especificar,Sin especificar,Sin especificar,Sin especificar,2019,3,JUEVES,16,Tarde,Dias laborables
,1,0,0,10107,03065,No aplica,Calle,Atropello a personas                               ,,No inventariada,Calle,Municipal,Se desconoce,Seco y limpio,"Luz del día natural, solar",Despejado,,Sin especificar,,Sin especificar,Sin especificar,Sin especificar,Sin especificar,Sin especificar,Sin especificar,Sin especificar,2019,3,DOMINGO,13,Tarde,Fines de semana
,4,0,0,10108,03065,No aplica,Calle,Por alcance                                        ,,No inventariada,Calle,Municipal,Se desconoce,Seco y limpio,"Luz del día natural, solar",Despejado,,Sin especificar,,Sin especificar,Sin especificar,Sin especificar,Sin especificar,Sin especificar,Sin especificar,Sin especificar,2019,3,JUEVES,11,Mañana,Dias laborables
729.4,1,0,0,10109,03065,Recta,Carretera,Fronto-lateral                                     ,,N-340,Carretera Convencional de calzada única,Estatal,Ascendente,Seco y limpio,"Luz del día natural, solar",Despejado,,Nivel blanco,,Sin especificar,Sin especificar,Sin especificar,Sin especificar,Sin especificar,Sin especificar,Sin especificar,2019,3,JUEVES,17,Tarde,Dias laborables
,1,0,0,10110,03065,No aplica,Calle,Caída                                              ,,No inventariada,Calle,Municipal,Se desconoce,Mojado,Sin luz natural y con iluminación artificial encen,Lluvia débil,,Nivel blanco,,Sin especificar,Sin especificar,Sin especificar,Sin especificar,Sin especificar,Sin especificar,Sin especificar,2019,3,DOMINGO,21,Noche,Fines de semana
14.3,1,0,0,10111,03065,Recta,Carretera,Por alcance                                        ,,CV-86,Carretera Convencional de doble calzada,Autonómica,Descendente,Seco y limpio,"Luz del día natural, solar",Despejado,,Nivel blanco,,No,No,Sí,No,No,Sí,No,2019,3,MARTES,14,Tarde,Dias laborables
,1,0,0,10112,03065,No aplica,Calle,Salida de la vía por la izquierda con colisión     ,,No inventariada,Calle,Municipal,Se desconoce,Mojado,"Luz del día natural, solar",Lluvia débil,,Sin especificar,,Sin especificar,Sin especificar,Sin especificar,Sin especificar,Sin especificar,Sin especificar,Sin especificar,2019,3,LUNES,9,Mañana,Dias laborables
,1,0,0,10113,03065,No aplica,Calle,Fronto-lateral                                     ,,No inventariada,Calle,Municipal,Se desconoce,Seco y limpio,Sin luz natural y con iluminación artificial encen,Despejado,,Nivel blanco,,No,No,No,No,No,No,No,2019,2,SÁBADO,3,Madrugada,Fines de semana
,1,0,0,10114,03065,No aplica,Calle,Atropello a personas                               ,,No inventariada,Calle,Municipal,Se desconoce,Seco y limpio,Sin luz natural y con iluminación artificial encen,Despejado,,Nivel negro,,Sin especificar,Sin especificar,Sin especificar,Sin especificar,Sin especificar,Sin especificar,Sin especificar,2019,3,SÁBADO,2,Madrugada,Fines de semana
,1,0,0,10115,03065,No aplica,Calle,Por alcance                                        ,,No inventariada,Calle,Municipal,Se desconoce,Seco y limpio,Sin luz natural y con iluminación artificial encen,Despejado,,Nivel blanco,,No,No,No,No,Sí,No,No,2019,3,VIERNES,22,Noche,Dias laborables
,2,0,0,10116,03065,No aplica,Calle,Por alcance                                        ,,No inventariada,Calle,Municipal,Se desconoce,Seco y limpio,"Luz del día natural, solar",Despejado,,Sin especificar,,Sin especificar,Sin especificar,Sin especificar,Sin especificar,Sin especificar,Sin especificar,Sin especificar,2019,3,MARTES,11,Mañana,Dias laborables
,1,0,0,10117,03065,No aplica,Calle,Lateral                                            ,,No inventariada,Calle,Municipal,Se desconoce,Seco y limpio,"Luz del día natural, solar",Despejado,,Sin especificar,,Sin especificar,Sin especificar,Sin especificar,Sin especificar,Sin especificar,Sin especificar,Sin especificar,2019,3,MARTES,13,Tarde,Dias laborables
3.0,0,2,0,10118,03065,Curva señalizada,Carretera,Fronto-lateral                                     ,,No inventariada,Camino vecinal,"Provincial, Cabildo/Consell",Descendente,Mojado,"Amanecer o atardecer, sin luz artificial",Lluvia débil,,Nivel blanco,,Sin especificar,Sin especificar,Sin especificar,Sin especificar,Sin especificar,Sin especificar,Sin especificar,2019,3,DOMINGO,20,Noche,Fines de semana
,1,0,0,10119,03065,No aplica,Calle,Por alcance                                        ,,No inventariada,Calle,Municipal,Se desconoce,Mojado,Sin luz natural y con iluminación artificial encen,Nublado,,Nivel blanco,,No,No,No,No,Sí,No,No,2019,4,MARTES,22,Noche,Dias laborables
,1,0,0,10120,03065,No aplica,Calle,Salida de la vía por la izquierda con colisión     ,,No inventariada,Calle,Municipal,Se desconoce,Seco y limpio,"Luz del día natural, solar",Despejado,,Sin especificar,,Sin especificar,Sin especificar,Sin especificar,Sin especificar,Sin especificar,Sin especificar,Sin especificar,2019,3,VIERNES,9,Mañana,Dias laborables
731.2,1,0,0,10121,03065,Curva señalizada,Carretera,Por alcance                                        ,,N-340,Carretera Convencional de doble calzada,Estatal,Ascendente,Mojado,"Luz del día natural, solar",Despejado,,Nivel blanco,,No,No,Sí,No,No,Sí,No,2019,4,MIÉRCOLES,8,Mañana,Dias laborables
7.5,1,0,0,10122,03065,Recta,Carretera,Fronto-lateral                                     ,,EL-20,Carretera Convencional de calzada única,Estatal,Descendente,Seco y limpio,"Luz del día natural, solar",Despejado,,Nivel blanco,,No,No,No,No,No,Sí,No,2019,4,JUEVES,8,Mañana,Dias laborables
8.8,1,0,0,10123,03065,Recta,Carretera,Caída                                              ,,CV-851,Carretera Convencional de calzada única,"Provincial, Cabildo/Consell",Descendente,Seco y limpio,"Luz del día natural, solar",Despejado,,Nivel blanco,,Sin especificar,Sin especificar,Sin especificar,Sin especificar,Sin especificar,Sin especificar,Sin especificar,2019,4,JUEVES,9,Mañana,Dias laborables
,1,0,0,10124,03065,No aplica,Calle,Fronto-lateral                                     ,,No inventariada,Calle,Municipal,Se desconoce,Seco y limpio,"Luz del día natural, solar",Despejado,,Nivel blanco,,No,No,No,No,No,Sí,No,2019,4,JUEVES,16,Tarde,Dias laborables
,1,0,0,10125,03065,No aplica,Calle,Fronto-lateral                                     ,,No inventariada,Calle,Municipal,Se desconoce,Seco y limpio,"Luz del día natural, solar",Despejado,,Sin especificar,,No,No,No,No,No,Sí,No,2019,4,VIERNES,14,Tarde,Dias laborables
,1,0,0,10126,03065,No aplica,Calle,Atropello a personas                               ,,No inventariada,Calle,Municipal,Se desconoce,Seco y limpio,"Luz del día natural, solar",Despejado,,Nivel verde,,Sin especificar,Sin especificar,Sin especificar,Sin especificar,Sin especificar,Sin especificar,Sin especificar,2019,4,JUEVES,18,Noche,Dias laborables
,1,0,0,10127,03065,No aplica,Calle,Fronto-lateral                                     ,,No inventariada,Calle,Municipal,Se desconoce,Seco y limpio,"Luz del día natural, solar",Despejado,,Sin especificar,,No,No,No,No,No,Sí,No,2019,3,MIÉRCOLES,14,Tarde,Dias laborables
,1,0,0,10128,03065,No aplica,Calle,Salida de la vía por la izquierda con colisión     ,,No inventariada,Calle,Municipal,Se desconoce,Mojado,"Luz del día natural, solar",Lluvia débil,,Sin especificar,,Sin especificar,Sin especificar,Sin especificar,Sin especificar,Sin especificar,Sin especificar,Sin especificar,2019,4,SÁBADO,15,Tarde,Fines de semana
31.0,2,0,0,10129,03065,Recta,Carretera,Salida de la vía por la derecha con colisión       ,,A-70,Autovía,Estatal,Descendente,Seco y limpio,Sin luz natural y con iluminación artificial no en,Despejado,,Nivel blanco,,Sin especificar,Sin especificar,Sin especificar,Sin especificar,Sin especificar,Sin especificar,Sin especificar,2019,4,MIÉRCOLES,21,Noche,Dias laborables
,2,0,0,10130,03065,No aplica,Calle,Por alcance                                        ,,No inventariada,Calle,Municipal,Se desconoce,Seco y limpio,Sin luz natural y con iluminación artificial encen,Despejado,,Nivel verde,,No,No,No,No,Sí,No,No,2019,4,LUNES,20,Noche,Dias laborables
,1,0,0,10131,03065,No aplica,Calle,Fronto-lateral                                     ,,No inventariada,Calle,Municipal,Se desconoce,Seco y limpio,"Luz del día natural, solar",Despejado,,Nivel blanco,,No,No,Sí,No,No,No,No,2019,4,VIERNES,12,Tarde,Dias laborables
729.4,2,0,0,10132,03065,Recta,Carretera,Por alcance                                        ,,N-340,Carretera Convencional de calzada única,Estatal,Descendente,Seco y limpio,Sin luz natural y con iluminación artificial encen,Despejado,,Nivel blanco,,Sin especificar,Sin especificar,Sin especificar,Sin especificar,Sin especificar,Sin especificar,Sin especificar,2019,3,LUNES,21,Noche,Dias laborables
,3,0,0,10133,03065,No aplica,Calle,Fronto-lateral                                     ,,No inventariada,Calle,Municipal,Se desconoce,Seco y limpio,"Luz del día natural, solar",Nublado,,Nivel blanco,,No,No,Sí,No,No,Sí,No,2019,4,LUNES,9,Mañana,Dias laborables
,1,0,0,10134,03065,No aplica,Calle,Caída                                              ,,No inventariada,Calle,Municipal,Se desconoce,Seco y limpio,"Luz del día natural, solar",Despejado,,Nivel blanco,,No,No,Sí,No,No,Sí,No,2019,4,VIERNES,9,Mañana,Dias laborables
,1,0,0,10135,03065,No aplica,Calle,Lateral                                            ,,No inventariada,Calle,Municipal,Se desconoce,Seco y limpio,"Amanecer o atardecer, con luz artificial",Nublado,,Sin especificar,,No,No,Sí,No,No,Sí,No,2019,4,MIÉRCOLES,7,Mañana,Dias laborables
9.3,3,0,0,10136,03065,Recta,Carretera,Por alcance                                        ,,CV-855,Carretera Convencional de calzada única,Autonómica,Ascendente,Seco y limpio,"Luz del día natural, solar",Nublado,,Nivel blanco,,Sin especificar,Sin especificar,Sin especificar,Sin especificar,Sin especificar,Sin especificar,Sin especificar,2019,4,LUNES,17,Tarde,Dias laborables
,1,0,0,10137,03065,No aplica,Calle,Atropello a personas                               ,,No inventariada,Calle,Municipal,Se desconoce,Seco y limpio,"Luz del día natural, solar",Nublado,,Sin especificar,,No,No,No,No,No,No,No,2019,4,MARTES,14,Tarde,Dias laborables
,1,0,0,10138,03065,No aplica,Calle,Fronto-lateral                                     ,,No inventariada,Calle,Municipal,Se desconoce,Seco y limpio,"Luz del día natural, solar",Nublado,,Nivel amarillo,,No,No,No,No,No,Sí,No,2019,4,MIÉRCOLES,16,Tarde,Dias laborables
24.6,1,0,0,10139,03065,Recta,Carretera,"Salida de la vía por la izquierda, otro tipo       ",,CV-851,Carretera Convencional de calzada única,"Provincial, Cabildo/Consell",Descendente,Seco y limpio,"Luz del día natural, solar",Despejado,,Nivel blanco,,No,No,No,No,No,No,No,2019,4,MARTES,14,Tarde,Dias laborables
,1,0,0,10140,03065,No aplica,Calle,Lateral                                            ,,No inventariada,Calle,Municipal,Se desconoce,Seco y limpio,"Luz del día natural, solar",Despejado,,Sin especificar,,No,No,No,No,Sí,No,No,2019,3,LUNES,12,Tarde,Dias laborables
,1,0,0,10141,03065,No aplica,Calle,Fronto-lateral                                     ,,No inventariada,Calle,Municipal,Se desconoce,Seco y limpio,"Luz del día natural, solar",Despejado,,Sin especificar,,No,No,No,No,No,Sí,No,2019,3,VIERNES,11,Mañana,Dias laborables
,1,0,0,10142,03065,No aplica,Calle,Atropello a personas                               ,,No inventariada,Calle,Municipal,Se desconoce,Seco y limpio,"Luz del día natural, solar",Despejado,,Sin especificar,,No,No,No,No,No,No,No,2019,3,MARTES,10,Mañana,Dias laborables
,1,0,0,10143,03065,No aplica,Calle,Fronto-lateral                                     ,,No inventariada,Calle,Municipal,Se desconoce,Seco y limpio,"Luz del día natural, solar",Despejado,,Sin especificar,,No,No,No,No,No,Sí,No,2019,3,JUEVES,8,Mañana,Dias laborables
,2,0,0,10144,03065,No aplica,Calle,Múltiple o en caravana                             ,,No inventariada,Calle,Municipal,Se desconoce,Seco y limpio,"Luz del día natural, solar",Despejado,,Sin especificar,,No,No,No,No,Sí,No,No,2019,4,JUEVES,10,Mañana,Dias laborables
,0,1,0,10145,03065,No aplica,Calle,Fronto-lateral                                     ,,No inventariada,Calle,Municipal,Se desconoce,Seco y limpio,"Luz del día natural, solar",Despejado,,Sin especificar,,No,No,No,No,No,Sí,No,2019,3,MIÉRCOLES,13,Tarde,Dias laborables
723.5,1,0,0,10146,03065,Recta,Carretera,Fronto-lateral                                     ,,N-340,Carretera Convencional de calzada única,Estatal,Ascendente,Seco y limpio,"Luz del día natural, solar",Despejado,,Nivel blanco,,No,No,No,No,No,No,No,2019,4,LUNES,14,Tarde,Dias laborables
14.3,1,0,0,10147,03065,Recta,Carretera,Por alcance                                        ,,CV-86,Carretera Convencional de doble calzada,Autonómica,Ascendente,Mojado,"Luz del día natural, solar",Nublado,,Nivel amarillo,,No,No,No,No,No,No,No,2019,4,VIERNES,18,Noche,Dias laborables
,1,0,0,10148,03065,No aplica,Calle,Por alcance                                        ,,No inventariada,Calle,Municipal,Se desconoce,Seco y limpio,Sin luz natural y con iluminación artificial encen,Despejado,,Sin especificar,,Sin especificar,Sin especificar,Sin especificar,Sin especificar,Sin especificar,Sin especificar,Sin especificar,2019,4,JUEVES,0,Madrugada,Dias laborables
,1,0,0,10149,03065,No aplica,Calle,Fronto-lateral                                     ,,No inventariada,Calle,Municipal,Se desconoce,Seco y limpio,"Luz del día natural, solar",Despejado,,Sin especificar,,No,No,No,Sí,No,No,Sí,2019,2,JUEVES,15,Tarde,Dias laborables
,1,0,0,10150,03065,No aplica,Calle,Atropello a personas                               ,,No inventariada,Calle,Municipal,Se desconoce,Seco y limpio,"Luz del día natural, solar",Despejado,,Se desconoce,,Sin especificar,Sin especificar,Sin especificar,Sin especificar,Sin especificar,Sin especificar,Sin especificar,2019,3,LUNES,18,Noche,Dias laborables
523.3,3,0,0,10151,03065,Recta,Carretera,Salida de la vía por la izquierda con colisión     ,,A-7,Autovía,Estatal,Ascendente,Mojado,Sin luz natural ni artificial,Lluvia débil,,Nivel blanco,,No,No,No,No,No,Sí,No,2019,4,LUNES,1,Madrugada,Dias laborables
,1,0,0,10152,03065,No aplica,Calle,Salida de la vía por la derecha con colisión       ,,No inventariada,Calle,Municipal,Se desconoce,Mojado,"Luz del día natural, solar",Lluvia débil,,Sin especificar,,Sin especificar,Sin especificar,Sin especificar,Sin especificar,Sin especificar,Sin especificar,Sin especificar,2019,4,SÁBADO,10,Mañana,Fines de semana
,1,0,0,10153,03065,No aplica,Calle,Atropello a personas                               ,,No inventariada,Calle,Municipal,Se desconoce,Seco y limpio,Sin luz natural y con iluminación artificial encen,Despejado,,Sin especificar,,Sin especificar,Sin especificar,Sin especificar,Sin especificar,Sin especificar,Sin especificar,Sin especificar,2019,4,LUNES,20,Noche,Dias laborables
,1,0,0,10154,03065,No aplica,Calle,Atropello a personas                               ,,No inventariada,Calle,Municipal,Se desconoce,Seco y limpio,Sin luz natural y con iluminación artificial encen,Despejado,,Nivel verde,,No,No,No,No,No,No,No,2019,4,MARTES,21,Noche,Dias laborables
,1,0,0,10155,03065,No aplica,Calle,Atropello a personas                               ,,No inventariada,Calle,Municipal,Se desconoce,Seco y limpio,"Luz del día natural, solar",Despejado,,Nivel verde,,No,No,Sí,No,No,Sí,No,2019,4,VIERNES,20,Noche,Dias laborables
5.7,0,1,0,10156,03065,Recta,Carretera,Lateral                                            ,,CV-875,Carretera Convencional de calzada única,"Provincial, Cabildo/Consell",Ascendente,Seco y limpio,"Luz del día natural, solar",Despejado,,Nivel blanco,,Sin especificar,Sin especificar,Sin especificar,Sin especificar,Sin especificar,Sin especificar,Sin especificar,2019,4,JUEVES,16,Tarde,Dias laborables
730.2,1,0,0,10157,03065,Curva señalizada,Carretera,Salida de la vía por la derecha otro tipo          ,,N-340,Carretera Convencional de calzada única,Estatal,Descendente,Mojado,"Luz del día natural, solar",Lluvia débil,,Nivel blanco,,No,No,No,No,No,No,No,2019,4,VIERNES,15,Tarde,Dias laborables
,1,0,0,10158,03065,No aplica,Calle,Atropello a personas                               ,,No inventariada,Calle,Municipal,Se desconoce,Seco y limpio,"Amanecer o atardecer, sin luz artificial",Despejado,,Nivel blanco,,No,No,No,No,No,No,No,2019,4,DOMINGO,19,Noche,Fines de semana
19.7,1,0,0,10159,03065,Recta,Carretera,Fronto-lateral                                     ,,CV-851,Carretera Convencional de calzada única,"Provincial, Cabildo/Consell",Ambos,Seco y limpio,"Luz del día natural, solar",Despejado,,Nivel blanco,,No,No,No,Sí,No,No,No,2019,4,SÁBADO,17,Tarde,Fines de semana
,1,0,0,10160,03065,No aplica,Calle,Caída                                              ,,No inventariada,Calle,Municipal,Se desconoce,Seco y limpio,"Luz del día natural, solar",Despejado,,Sin especificar,,No,No,No,No,No,No,No,2019,3,JUEVES,12,Tarde,Dias laborables
,1,0,0,10161,03065,No aplica,Calle,Caída                                              ,,No inventariada,Calle,Municipal,Se desconoce,Seco y limpio,"Luz del día natural, solar",Despejado,,Sin especificar,,No,No,No,No,No,Sí,No,2019,4,VIERNES,12,Tarde,Dias laborables
4.5,1,0,0,10162,03065,Recta,Carretera,Por alcance                                        ,,CV-853,Carretera Convencional de calzada única,"Provincial, Cabildo/Consell",Descendente,Seco y limpio,"Luz del día natural, solar",Despejado,,Nivel blanco,,No,No,No,No,No,No,No,2019,4,MIÉRCOLES,15,Tarde,Dias laborables
,1,0,0,10163,03065,No aplica,Calle,Colisión contra obstáculo o elemento de la vía     ,,No inventariada,Calle,Municipal,Se desconoce,Seco y limpio,"Luz del día natural, solar",Despejado,,Sin especificar,,Sin especificar,Sin especificar,Sin especificar,Sin especificar,Sin especificar,Sin especificar,Sin especificar,2019,4,VIERNES,13,Tarde,Dias laborables
,1,0,0,10164,03065,No aplica,Calle,Caída                                              ,,No inventariada,Calle,Municipal,Se desconoce,Seco y limpio,Sin luz natural ni artificial,Despejado,,Nivel verde,,Sin especificar,Sin especificar,Sin especificar,Sin especificar,Sin especificar,Sin especificar,Sin especificar,2019,4,LUNES,21,Noche,Dias laborables
,1,0,0,10165,03065,No aplica,Calle,Caída                                              ,,No inventariada,Calle,Municipal,Se desconoce,Seco y limpio,"Luz del día natural, solar",Nublado,,Sin especificar,,No,No,No,No,No,No,No,2019,4,MIÉRCOLES,11,Mañana,Dias laborables
715.9,1,0,0,10166,03065,Recta,Carretera,Lateral                                            ,,N-340,Carretera Convencional de calzada única,Estatal,Ascendente,Seco y limpio,"Luz del día natural, solar",Despejado,,Nivel blanco,,No,No,No,No,No,No,No,2019,4,SÁBADO,17,Tarde,Fines de semana
,1,0,0,10167,03065,No aplica,Calle,Caída                                              ,,No inventariada,Calle,Municipal,Se desconoce,Con barro o gravilla suelta,Sin luz natural y con iluminación artificial no en,Despejado,,Sin especificar,,Sin especificar,Sin especificar,Sin especificar,Sin especificar,Sin especificar,Sin especificar,Sin especificar,2019,4,MARTES,22,Noche,Dias laborables
6.4,0,1,0,10168,03065,Curva señalizada,Carretera,Fronto-lateral                                     ,,CV-851,Carretera Convencional de calzada única,"Provincial, Cabildo/Consell",Ascendente,Seco y limpio,"Luz del día natural, solar",Nublado,,Nivel blanco,,Sin especificar,Sin especificar,Sin especificar,Sin especificar,Sin especificar,Sin especificar,Sin especificar,2019,5,VIERNES,16,Tarde,Dias laborables
515.0,1,1,0,10169,03065,Recta,Carretera,Por alcance                                        ,,A-7,Autovía,Estatal,Descendente,Seco y limpio,"Luz del día natural, solar",Despejado,,Nivel blanco,,Sin especificar,Sin especificar,Sin especificar,Sin especificar,Sin especificar,Sin especificar,Sin especificar,2019,5,DOMINGO,0,Madrugada,Fines de semana
23.7,2,0,0,10170,03065,Recta,Carretera,Salida de la vía por la derecha con colisión       ,,A-70,Autovía,Estatal,Descendente,Seco y limpio,"Luz del día natural, solar",Despejado,,Nivel amarillo,,Sin especificar,Sin especificar,Sin especificar,Sin especificar,Sin especificar,Sin especificar,Sin especificar,2019,4,JUEVES,14,Tarde,Dias laborables
2.4,2,0,0,10171,03065,Curva señalizada,Carretera,Salida de la vía por la derecha con vuelco         ,,N-338,Carretera Convencional de calzada única,Estatal,Descendente,Mojado,"Luz del día natural, solar",Lluvia débil,,Nivel blanco,,No,No,No,No,No,No,No,2019,4,VIERNES,19,Noche,Dias laborables
,1,0,0,10172,03065,No aplica,Calle,Salida de la vía por la derecha otro tipo          ,,No inventariada,Calle,Municipal,Se desconoce,Seco y limpio,"Luz del día natural, solar",Despejado,,Nivel verde,,No,No,No,No,No,Sí,No,2019,4,VIERNES,20,Noche,Dias laborables
,1,0,0,10173,03065,No aplica,Calle,Por alcance                                        ,,No inventariada,Calle,Municipal,Se desconoce,Seco y limpio,"Luz del día natural, solar",Despejado,,Nivel amarillo,,Sin especificar,Sin especificar,Sin especificar,Sin especificar,Sin especificar,Sin especificar,Sin especificar,2019,4,DOMINGO,19,Noche,Fines de semana
,1,0,0,10174,03065,No aplica,Calle,Por alcance                                        ,,No inventariada,Calle,Municipal,Se desconoce,Seco y limpio,Sin luz natural y con iluminación artificial encen,Despejado,,Nivel verde,,No,No,No,No,Sí,No,No,2019,5,MARTES,21,Noche,Dias laborables
,1,0,0,10175,03065,No aplica,Calle,Por alcance                                        ,,No inventariada,Calle,Municipal,Se desconoce,Seco y limpio,"Luz del día natural, solar",Despejado,,Nivel amarillo,,No,No,No,No,Sí,No,No,2019,5,MIÉRCOLES,18,Noche,Dias laborables
,1,0,0,10176,03065,No aplica,Calle,Lateral                                            ,,No inventariada,Calle,Municipal,Se desconoce,Seco y limpio,"Luz del día natural, solar",Despejado,,Nivel blanco,,Sin especificar,Sin especificar,Sin especificar,Sin especificar,Sin especificar,Sin especificar,Sin especificar,2019,4,LUNES,17,Tarde,Dias laborables
,1,0,0,10177,03065,No aplica,Calle,Caída                                              ,,No inventariada,Calle,Municipal,Se desconoce,Mojado,Sin luz natural y con iluminación artificial encen,Lluvia débil,,Nivel blanco,,No,No,Sí,No,No,Sí,No,2019,3,DOMINGO,22,Noche,Fines de semana
3.3,0,1,0,10178,03065,Curva señalizada,Carretera,Salida de la vía por la derecha con colisión       ,,CV-855,Carretera Convencional de doble calzada,Autonómica,Descendente,Seco y limpio,"Luz del día natural, solar",Despejado,,Nivel blanco,,No,No,Sí,No,No,Sí,No,2019,5,MARTES,12,Tarde,Dias laborables
,3,0,0,10179,03065,No aplica,Calle,Fronto-lateral                                     ,,No inventariada,Otro,Municipal,Se desconoce,Seco y limpio,"Luz del día natural, solar",Despejado,,Nivel blanco,,No,No,No,No,No,No,Sí,2019,4,MIÉRCOLES,17,Tarde,Dias laborables
,1,0,0,10180,03065,No aplica,Calle,Fronto-lateral                                     ,,No inventariada,Calle,Municipal,Se desconoce,Seco y limpio,"Luz del día natural, solar",Despejado,,Sin especificar,,No,No,No,No,No,Sí,No,2019,4,JUEVES,12,Tarde,Dias laborables
,1,0,0,10181,03065,No aplica,Calle,Fronto-lateral                                     ,,No inventariada,Calle,Municipal,Se desconoce,Seco y limpio,Sin luz natural y con iluminación artificial encen,Despejado,,Nivel blanco,,No,No,Sí,No,No,Sí,No,2019,4,MIÉRCOLES,21,Noche,Dias laborables
,1,0,0,10182,03065,No aplica,Calle,Salida de la vía por la izquierda con colisión     ,,No inventariada,Calle,Municipal,Se desconoce,Seco y limpio,Sin luz natural y con iluminación artificial encen,Despejado,,Nivel blanco,,No,No,Sí,No,No,Sí,No,2019,4,SÁBADO,5,Madrugada,Fines de semana