KM,TOTAL_HL24H,TOTAL_HG24H,TOTAL_MU24H,id,COD_MUNICIPIO,TRAZADO_PLANTA,ZONA,TIPO_ACCIDENTE,CARRETERA_CRUCE,CARRETERA,TIPO_VIA,TITULARIDAD_VIA,SENTIDO_1F,CONDICION_FIRME,CONDICION_ILUMINACION,CONDICION_METEO,CONDICION_NIEBLA,CONDICION_NIVEL_CIRCULA,CONDICION_VIENTO,PRIORI_AGENTE,PRIORI_CIRCUNSTANCIAL,PRIORI_HORIZ_CEDA,PRIORI_HORIZ_STOP,PRIORI_SEMAFORO,PRIORI_VERT_CEDA,PRIORI_VERT_STOP,ANYO,MES,DIA,HORA,FRANJA_HORARIA,TIPO_DIA
94.6,1,0,0,10275,03065,Recta,Carretera,Lateral                                            ,,N-332,Carretera Convencional de calzada única,Estatal,Ascendente,Seco y limpio,"Luz del día natural, solar",Despejado,,Nivel blanco,,Sin especificar,Sin especificar,Sin especificar,Sin especificar,Sin especificar,Sin especificar,Sin especificar,2019,6,JUEVES,8,Mañana,Dias laborables
,1,0,0,10276,03065,No aplica,Calle,Por alcance                                        ,,No inventariada,Calle,Municipal,Se desconoce,Seco y limpio,"Luz del día natural, solar",Despejado,,Nivel blanco,,Sin especificar,Sin especificar,Sin especificar,Sin especificar,Sin especificar,Sin especificar,Sin especificar,2019,7,JUEVES,14,Tarde,Dias laborables
,3,0,0,10277,03065,No aplica,Calle,Por alcance                                        ,,No inventariada,Calle,Municipal,Se desconoce,Seco y limpio,"Luz del día natural, solar",Despejado,,Nivel blanco,,Sin especificar,Sin especificar,Sin especificar,Sin especificar,Sin especificar,Sin especificar,Sin especificar,2019,6,MARTES,14,Tarde,Dias laborables
,1,0,0,10278,03065,No aplica,Calle,Por alcance                                        ,,No inventariada,Calle,Municipal,Se desconoce,Seco y limpio,"Luz del día natural, solar",Despejado,,Nivel blanco,,Sin especificar,Sin especificar,Sin especificar,Sin especificar,Sin especificar,Sin especificar,Sin especificar,2019,6,LUNES,14,Tarde,Dias laborables
7.35,1,0,0,10279,03065,Curva señalizada,Carretera,Caída                                              ,CV-853,EL-20,Carretera Convencional de doble calzada,Estatal,Descendente,Seco y limpio,"Luz del día natural, solar",Despejado,,Nivel blanco,,No,No,Sí,No,No,Sí,No,2019,6,LUNES,14,Tarde,Dias laborables
,2,0,0,10280,03065,No aplica,Calle,Atropello a personas                               ,,No inventariada,Calle,Municipal,Se desconoce,Seco y limpio,"Luz del día natural, solar",Despejado,,Sin especificar,,No,No,No,No,No,No,No,2019,5,MARTES,11,Mañana,Dias laborables
,1,0,0,10281,03065,No aplica,Calle,Fronto-lateral                                     ,,No inventariada,Calle,Municipal,Se desconoce,Seco y limpio,"Luz del día natural, solar",Despejado,,Sin especificar,,No,No,No,No,No,No,No,2019,6,JUEVES,13,Tarde,Dias laborables
,1,0,0,10282,03065,No aplica,Calle,Fronto-lateral                                     ,,No inventariada,Calle,Municipal,Se desconoce,Seco y limpio,"Luz del día natural, solar",Despejado,,Nivel blanco,,No,No,Sí,No,No,Sí,No,2019,7,MIÉRCOLES,14,Tarde,Dias laborables
1.9,1,0,0,10283,03065,Recta,Carretera,Múltiple o en caravana                             ,,N-338,Carretera Convencional de calzada única,Estatal,Descendente,Seco y limpio,"Luz del día natural, solar",Despejado,,Nivel amarillo,,Sin especificar,Sin especificar,Sin especificar,Sin especificar,Sin especificar,Sin especificar,Sin especificar,2019,7,VIERNES,21,Noche,Dias laborables
,2,0,0,10284,03065,No aplica,Calle,Salida de la vía por la izquierda con colisión     ,,No inventariada,Calle,Municipal,Se desconoce,Seco y limpio,Sin luz natural y con iluminación artificial encen,Despejado,,Nivel blanco,,Sin especificar,Sin especificar,Sin especificar,Sin especificar,Sin especificar,Sin especificar,Sin especificar,2019,7,JUEVES,1,Madrugada,Dias laborables
,0,1,0,10285,03065,No aplica,Calle,Colisión contra obstáculo o elemento de la vía     ,,No inventariada,Calle,Municipal,Se desconoce,Seco y limpio,Sin luz natural ni artificial,Despejado,,Nivel blanco,,Sin especificar,Sin especificar,Sin especificar,Sin especificar,Sin especificar,Sin especificar,Sin especificar,2019,6,SÁBADO,23,Noche,Fines de semana
9.2,0,1,0,10286,03065,Recta,Carretera,Salida de la vía por la derecha otro tipo          ,,CV-855,Carretera Convencional de calzada única,Autonómica,Descendente,Seco y limpio,"Luz del día natural, solar",Despejado,,Nivel blanco,,Sin especificar,Sin especificar,Sin especificar,Sin especificar,Sin especificar,Sin especificar,Sin especificar,2019,7,SÁBADO,10,Mañana,Fines de semana
,2,0,0,10287,03065,No aplica,Calle,Fronto-lateral                                     ,,No inventariada,Calle,Municipal,Se desconoce,Seco y limpio,"Luz del día natural, solar",Nublado,,Nivel blanco,,No,No,Sí,No,No,Sí,No,2019,7,SÁBADO,17,Tarde,Fines de semana
,1,0,0,10288,03065,No aplica,Calle,Fronto-lateral                                     ,,No inventariada,Otro,Municipal,Se desconoce,Seco y limpio,Sin luz natural y con iluminación artificial no en,Despejado,,Nivel blanco,,No,No,No,Sí,No,No,No,2019,6,VIERNES,23,Noche,Dias laborables
22.3,1,0,0,10289,03065,Recta,Carretera,Por alcance                                        ,,A-70,Autovía,Estatal,Ascendente,Seco y limpio,"Luz del día natural, solar",Despejado,,Nivel amarillo,,Sin especificar,Sin especificar,Sin especificar,Sin especificar,Sin especificar,Sin especificar,Sin especificar,2019,7,MARTES,9,Mañana,Dias laborables
,0,1,1,10290,03065,No aplica,Calle,Salida de la vía por la derecha con colisión       ,,No inventariada,Otro,Municipal,Se desconoce,Seco y limpio,"Luz del día natural, solar",Despejado,,Sin especificar,,Sin especificar,Sin especificar,Sin especificar,Sin especificar,Sin especificar,Sin especificar,Sin especificar,2019,7,SÁBADO,9,Mañana,Fines de semana
,1,0,0,10291,03065,No aplica,Calle,Fronto-lateral                                     ,,No inventariada,Calle,Municipal,Se desconoce,Seco y limpio,"Luz del día natural, solar",Despejado,,Nivel verde,,Sin especificar,Sin especificar,Sin especificar,Sin especificar,Sin especificar,Sin especificar,Sin especificar,2019,7,MARTES,15,Tarde,Dias laborables
5.0,2,0,0,10292,03065,Recta,Travesía,Salida de la vía por la derecha otro tipo          ,,CV-850,Carretera Convencional de calzada única,"Provincial, Cabildo/Consell",Ascendente,Seco y limpio,"Luz del día natural, solar",Despejado,,Nivel blanco,,Sin especificar,Sin especificar,Sin especificar,Sin especificar,Sin especificar,Sin especificar,Sin especificar,2019,7,MARTES,16,Tarde,Dias laborables
95.15,2,0,0,10293,03065,Recta,Carretera,Por alcance                                        ,,N-332,Carretera Convencional de calzada única,Estatal,Descendente,Seco y limpio,"Luz del día natural, solar",Despejado,,Nivel amarillo,,No,No,Sí,No,No,Sí,No,2019,7,VIERNES,15,Tarde,Dias laborables
,1,1,0,10294,03065,No aplica,Calle,Fronto-lateral                                     ,,No inventariada,Calle,Municipal,Se desconoce,Seco y limpio,"Luz del día natural, solar",Despejado,,Nivel blanco,,No,No,Sí,No,No,Sí,No,2019,6,VIERNES,8,Mañana,Dias laborables
,1,0,0,10295,03065,No aplica,Calle,Caída                                              ,,No inventariada,Calle,Municipal,Se desconoce,Seco y limpio,"Luz del día natural, solar",Despejado,,Sin especificar,,Sin especificar,Sin especificar,Sin especificar,Sin especificar,Sin especificar,Sin especificar,Sin especificar,2019,5,JUEVES,10,Mañana,Dias laborables
,1,0,0,10296,03065,No aplica,Calle,Fronto-lateral                                     ,,No inventariada,Calle,Municipal,Se desconoce,Seco y limpio,Sin luz natural y con iluminación artificial encen,Despejado,,Nivel blanco,,No,No,Sí,No,Sí,Sí,No,2019,3,JUEVES,6,Mañana,Dias laborables
,2,0,0,10297,03065,No aplica,Calle,Atropello a personas                               ,,No inventariada,Calle,Municipal,Se desconoce,Seco y limpio,"Luz del día natural, solar",Despejado,,Nivel blanco,,No,No,Sí,No,No,Sí,No,2019,7,MIÉRCOLES,6,Mañana,Dias laborables
,1,0,0,10298,03065,No aplica,Calle,Salida de la vía por la izquierda con colisión     ,,No inventariada,Calle,Municipal,Se desconoce,Seco y limpio,"Luz del día natural, solar",Despejado,,Nivel verde,,No,No,No,No,Sí,No,No,2019,7,LUNES,16,Tarde,Dias laborables
514.9,1,0,0,10299,03065,Recta,Carretera,Lateral                                            ,,A-7,Autovía,Estatal,Descendente,Seco y limpio,"Luz del día natural, solar",Despejado,,Nivel blanco,,Sin especificar,Sin especificar,Sin especificar,Sin especificar,Sin especificar,Sin especificar,Sin especificar,2019,7,LUNES,13,Tarde,Dias laborables
,1,0,0,10300,03065,No aplica,Calle,Por alcance                                        ,,No inventariada,Calle,Municipal,Se desconoce,Seco y limpio,"Luz del día natural, solar",Despejado,,Sin especificar,,Sin especificar,Sin especificar,Sin especificar,Sin especificar,Sin especificar,Sin especificar,Sin especificar,2019,6,VIERNES,9,Mañana,Dias laborables
7.5,1,0,0,10301,03065,Curva señalizada,Carretera,Fronto-lateral                                     ,CV-853,EL-20,Autovía,Estatal,Descendente,Seco y limpio,"Luz del día natural, solar",Despejado,,Nivel blanco,,No,No,Sí,No,No,Sí,No,2019,7,MARTES,17,Tarde,Dias laborables
8.4,1,0,0,10302,03065,Recta,Carretera,Por alcance                                        ,,CV-853,Carretera Convencional de calzada única,"Provincial, Cabildo/Consell",Descendente,Seco y limpio,Sin luz natural ni artificial,Despejado,,Nivel blanco,,Sin especificar,Sin especificar,Sin especificar,Sin especificar,Sin especificar,Sin especificar,Sin especificar,2019,7,JUEVES,0,Madrugada,Dias laborables
4.1,1,0,0,10303,03065,Recta,Carretera,Por alcance                                        ,,CV-853,Carretera Convencional de calzada única,"Provincial, Cabildo/Consell",Ascendente,Seco y limpio,"Luz del día natural, solar",Despejado,,Nivel blanco,,Sin especificar,Sin especificar,Sin especificar,Sin especificar,Sin especificar,Sin especificar,Sin especificar,2019,7,SÁBADO,12,Tarde,Fines de semana
4.0,2,0,0,10304,03065,Curva señalizada,Carretera,Por alcance                                        ,,EL-20,Autovía,Estatal,Ascendente,Seco y limpio,"Luz del día natural, solar",Despejado,,Nivel blanco,,No,No,No,No,No,Sí,No,2019,7,DOMINGO,19,Noche,Fines de semana
17.0,1,0,0,10305,03065,Recta,Carretera,Caída                                              ,,CV-851,Carretera Convencional de calzada única,"Provincial, Cabildo/Consell",Ascendente,Seco y limpio,"Luz del día natural, solar",Despejado,,Nivel blanco,,Sin especificar,Sin especificar,Sin especificar,Sin especificar,Sin especificar,Sin especificar,Sin especificar,2019,6,JUEVES,11,Mañana,Dias laborables
,1,0,0,10306,03065,No aplica,Calle,Fronto-lateral                                     ,,No inventariada,Calle,Municipal,Se desconoce,Seco y limpio,"Luz del día natural, solar",Despejado,,Nivel blanco,,No,Sí,No,No,No,No,Sí,2019,7,MARTES,14,Tarde,Dias laborables
,1,0,0,10307,03065,No aplica,Calle,Caída                                              ,,No inventariada,Calle,"Provincial, Cabildo/Consell",Se desconoce,Seco y limpio,Sin luz natural y con iluminación artificial encen,Despejado,,Nivel blanco,,No,No,No,No,No,Sí,No,2019,7,JUEVES,21,Noche,Dias laborables
,1,0,0,10308,03065,No aplica,Calle,Salida de la vía por la derecha otro tipo          ,,No inventariada,Calle,Municipal,Se desconoce,Mojado,"Luz del día natural, solar",Despejado,,Nivel verde,,No,No,No,No,No,No,No,2019,7,LUNES,17,Tarde,Dias laborables
,1,0,0,10309,03065,No aplica,Calle,Atropello a personas                               ,,No inventariada,Calle,Municipal,Se desconoce,Seco y limpio,"Amanecer o atardecer, sin luz artificial",Despejado,,Nivel blanco,,Sin especificar,Sin especificar,Sin especificar,Sin especificar,Sin especificar,Sin especificar,Sin especificar,2019,7,MARTES,20,Noche,Dias laborables
715.9,1,0,0,10310,03065,Recta,Carretera,Fronto-lateral                                     ,,N-340,Carretera Convencional de doble calzada,Estatal,Ascendente,Seco y limpio,"Luz del día natural, solar",Despejado,,Nivel blanco,,No,No,Sí,No,No,Sí,No,2019,7,LUNES,11,Mañana,Dias laborables
,1,0,0,10311,03065,No aplica,Calle,Atropello a personas                               ,,No inventariada,Calle,Municipal,Se desconoce,Seco y limpio,"Luz del día natural, solar",Despejado,,Sin especificar,,No,No,Sí,No,No,Sí,No,2019,6,MIÉRCOLES,8,Mañana,Dias laborables
,1,0,0,10312,03065,No aplica,Calle,Atropello a personas                               ,,No inventariada,Calle,Municipal,Se desconoce,Seco y limpio,Sin luz natural y con iluminación artificial encen,Despejado,,Nivel blanco,,Sin especificar,Sin especificar,Sin especificar,Sin especificar,Sin especificar,Sin especificar,Sin especificar,2019,7,MARTES,21,Noche,Dias laborables
,1,0,0,10313,03065,No aplica,Calle,Fronto-lateral                                     ,,No inventariada,Calle,Municipal,Se desconoce,Seco y limpio,"Luz del día natural, solar",Despejado,,Sin especificar,,No,No,No,No,No,No,No,2019,6,SÁBADO,8,Mañana,Fines de semana
,1,0,0,10314,03065,No aplica,Calle,Fronto-lateral                                     ,,No inventariada,Calle,Municipal,Se desconoce,Seco y limpio,"Luz del día natural, solar",Despejado,,Sin especificar,,No,No,Sí,No,No,No,No,2019,6,DOMINGO,8,Mañana,Fines de semana
,2,0,0,10315,03065,No aplica,Calle,Fronto-lateral                                     ,,No inventariada,Calle,Municipal,Se desconoce,Seco y limpio,"Luz del día natural, solar",Despejado,,Sin especificar,,No,No,No,No,No,No,Sí,2019,6,VIERNES,11,Mañana,Dias laborables
,2,0,0,10316,03065,No aplica,Calle,Frontal                                            ,,No inventariada,Calle,Municipal,Se desconoce,Seco y limpio,"Luz del día natural, solar",Despejado,,Nivel blanco,,No,No,No,No,No,Sí,No,2019,7,MIÉRCOLES,16,Tarde,Dias laborables
,2,0,0,10317,03065,No aplica,Calle,Frontal                                            ,,No inventariada,Otro,Municipal,Se desconoce,Seco y limpio,"Luz del día natural, solar",Despejado,,Nivel blanco,,Sin especificar,Sin especificar,Sin especificar,Sin especificar,Sin especificar,Sin especificar,Sin especificar,2019,7,JUEVES,14,Tarde,Dias laborables
,2,0,0,10318,03065,No aplica,Calle,Frontal                                            ,,No inventariada,Calle,Municipal,Se desconoce,Seco y limpio,"Luz del día natural, solar",Despejado,,Nivel blanco,,No,No,No,No,No,No,No,2019,7,VIERNES,14,Tarde,Dias laborables
,1,0,0,10319,03065,No aplica,Calle,Salida de la vía por la derecha con colisión       ,,No inventariada,Calle,Municipal,Se desconoce,Seco y limpio,Sin luz natural y con iluminación artificial encen,Despejado,,Sin especificar,,Sin especificar,Sin especificar,Sin especificar,Sin especificar,Sin especificar,Sin especificar,Sin especificar,2019,7,DOMINGO,23,Noche,Fines de semana
,2,0,0,10320,03065,No aplica,Calle,Colisión contra obstáculo o elemento de la vía     ,,No inventariada,Recinto delimitado,Otra,Se desconoce,Seco y limpio,"Luz del día natural, solar",Despejado,,Nivel blanco,,Sin especificar,Sin especificar,Sin especificar,Sin especificar,Sin especificar,Sin especificar,Sin especificar,2019,7,DOMINGO,15,Tarde,Fines de semana
,3,0,0,10321,03065,No aplica,Calle,Fronto-lateral                                     ,,No inventariada,Calle,Municipal,Se desconoce,Seco y limpio,"Luz del día natural, solar",Despejado,,Nivel blanco,,No,No,No,No,Sí,No,No,2019,6,LUNES,19,Noche,Dias laborables
,1,0,0,10322,03065,No aplica,Calle,Lateral                                            ,,No inventariada,Calle,Municipal,Se desconoce,Seco y limpio,"Luz del día natural, solar",Despejado,,Nivel blanco,,No,No,No,No,Sí,No,No,2019,7,MARTES,17,Tarde,Dias laborables
,1,0,0,10323,03065,No aplica,Calle,Atropello a personas                               ,,No inventariada,Calle,Municipal,Se desconoce,Seco y limpio,"Luz del día natural, solar",Despejado,,Sin especificar,,No,No,No,No,No,No,No,2019,6,MARTES,13,Tarde,Dias laborables
,1,0,0,10324,03065,No aplica,Calle,Caída                                              ,,No inventariada,Calle,Municipal,Se desconoce,Con aceite,"Amanecer o atardecer, con luz artificial",Despejado,,Sin especificar,,Sin especificar,Sin especificar,Sin especificar,Sin especificar,Sin especificar,Sin especificar,Sin especificar,2019,5,MARTES,7,Mañana,Dias laborables
,1,0,0,10325,03065,No aplica,Calle,Atropello a personas                               ,,No inventariada,Calle,Municipal,Se desconoce,Seco y limpio,"Luz del día natural, solar",Despejado,,Sin especificar,,No,No,No,No,No,No,No,2019,7,MARTES,10,Mañana,Dias laborables
,1,0,0,10326,03065,No aplica,Calle,Fronto-lateral                                     ,,No inventariada,Calle,Municipal,Se desconoce,Seco y limpio,"Luz del día natural, solar",Despejado,,Sin especificar,,No,No,No,No,Sí,No,No,2019,6,MARTES,7,Mañana,Dias laborables
,1,0,0,10327,03065,No aplica,Calle,Otro tipo de accidente                             ,,No inventariada,Calle,Municipal,Se desconoce,Seco y limpio,"Luz del día natural, solar",Despejado,,Sin especificar,,Sin especificar,Sin especificar,Sin especificar,Sin especificar,Sin especificar,Sin especificar,Sin especificar,2019,7,LUNES,13,Tarde,Dias laborables
,0,1,0,10328,03065,No aplica,Calle,Lateral                                            ,,No inventariada,Calle,Municipal,Se desconoce,Seco y limpio,"Luz del día natural, solar",Despejado,,Sin especificar,,No,No,No,No,No,Sí,No,2019,7,LUNES,7,Mañana,Dias laborables
,5,0,0,10329,03065,No aplica,Calle,Frontal                                            ,,No inventariada,Calle,Municipal,Se desconoce,Seco y limpio,"Luz del día natural, solar",Despejado,,Nivel blanco,,Sin especificar,Sin especificar,Sin especificar,Sin especificar,Sin especificar,Sin especificar,Sin especificar,2019,7,DOMINGO,20,Noche,Fines de semana
,1,0,0,10330,03065,No aplica,Calle,Atropello a personas                               ,,No inventariada,Calle,Municipal,Se desconoce,Seco y limpio,"Luz del día natural, solar",Despejado,,Nivel verde,,No,No,No,No,No,No,No,2019,6,VIERNES,18,Noche,Dias laborables
,1,0,0,10331,03065,No aplica,Calle,Caída                                              ,,No inventariada,Calle,Municipal,Se desconoce,Seco y limpio,"Luz del día natural, solar",Despejado,,Nivel amarillo,,No,No,No,No,No,No,No,2019,7,JUEVES,17,Tarde,Dias laborables
,1,0,0,10332,03065,No aplica,Calle,Por alcance                                        ,,No inventariada,Calle,Municipal,Se desconoce,Seco y limpio,"Luz del día natural, solar",Despejado,,Nivel blanco,,No,No,Sí,No,No,Sí,No,2019,7,JUEVES,18,Noche,Dias laborables
,1,0,0,10333,03065,No aplica,Calle,Fronto-lateral                                     ,,No inventariada,Calle,Municipal,Se desconoce,Seco y limpio,"Luz del día natural, solar",Despejado,,Nivel blanco,,No,No,Sí,No,No,Sí,No,2019,7,MARTES,15,Tarde,Dias laborables
,1,0,0,10334,03065,No aplica,Calle,Atropello a personas                               ,,No inventariada,Calle,Municipal,Se desconoce,Seco y limpio,"Luz del día natural, solar",Despejado,,Nivel verde,,Sin especificar,Sin especificar,Sin especificar,Sin especificar,Sin especificar,Sin especificar,Sin especificar,2019,7,MARTES,17,Tarde,Dias laborables
,1,0,0,10335,03065,No aplica,Calle,Salida de la vía por la izquierda con colisión     ,,No inventariada,Calle,Municipal,Se desconoce,Seco y limpio,"Luz del día natural, solar",Despejado,,Sin especificar,,No,No,No,No,Sí,No,No,2019,7,SÁBADO,8,Mañana,Fines de semana
,1,0,0,10336,03065,No aplica,Calle,Por alcance                                        ,,No inventariada,Calle,Municipal,Se desconoce,Seco y limpio,"Luz del día natural, solar",Despejado,,Sin especificar,,Sin especificar,Sin especificar,Sin especificar,Sin especificar,Sin especificar,Sin especificar,Sin especificar,2019,6,LUNES,13,Tarde,Dias laborables
,1,0,0,10337,03065,No aplica,Calle,Por alcance                                        ,,No inventariada,Calle,Municipal,Se desconoce,Seco y limpio,"Luz del día natural, solar",Despejado,,Sin especificar,,Sin especificar,Sin especificar,Sin especificar,Sin especificar,Sin especificar,Sin especificar,Sin especificar,2019,7,MARTES,13,Tarde,Dias laborables
,1,0,0,10338,03065,No aplica,Calle,Atropello a personas                               ,,No inventariada,Calle,Municipal,Se desconoce,Seco y limpio,"Luz del día natural, solar",Despejado,,Nivel blanco,,No,No,No,No,No,Sí,No,2019,8,JUEVES,20,Noche,Dias laborables
517.6,1,0,0,10339,03065,Curva señalizada,Carretera,Salida de la vía por la izquierda con colisión     ,,A-7,Ramal de enlace,Estatal,Ascendente,Seco y limpio,Sin luz natural ni artificial,Despejado,,Nivel blanco,,No,No,No,No,No,No,No,2019,8,SÁBADO,5,Madrugada,Fines de semana
,1,0,0,10340,03065,No aplica,Calle,Por alcance                                        ,,No inventariada,Otro,Municipal,Se desconoce,Seco y limpio,"Luz del día natural, solar",Despejado,,Nivel blanco,,Sin especificar,Sin especificar,Sin especificar,Sin especificar,Sin especificar,Sin especificar,Sin especificar,2019,8,MARTES,7,Mañana,Dias laborables
12.85,1,0,0,10341,03065,Recta,Carretera,Caída                                              ,,CV-86,Carretera Convencional de doble calzada,Autonómica,Descendente,Seco y limpio,Sin luz natural y con iluminación artificial no en,Despejado,,Nivel blanco,,Sin especificar,Sin especificar,Sin especificar,Sin especificar,Sin especificar,Sin especificar,Sin especificar,2019,8,DOMINGO,22,Noche,Fines de semana
,1,0,0,10342,03065,No aplica,Calle,Frontal                                            ,,No inventariada,Calle,Municipal,Se desconoce,Seco y limpio,Sin luz natural y con iluminación artificial encen,Despejado,,Nivel blanco,,Sin especificar,Sin especificar,Sin especificar,Sin especificar,Sin especificar,Sin especificar,Sin especificar,2019,5,SÁBADO,21,Noche,Fines de semana
2.0,0,0,1,10343,03065,Curva señalizada,Carretera,Salida de la vía por la derecha con colisión       ,,CV-875,Carretera Convencional de calzada única,"Provincial, Cabildo/Consell",Descendente,Seco y limpio,"Luz del día natural, solar",Despejado,,Nivel blanco,,Sin especificar,Sin especificar,Sin especificar,Sin especificar,Sin especificar,Sin especificar,Sin especificar,2019,8,VIERNES,14,Tarde,Dias laborables
,2,0,0,10344,03065,No aplica,Calle,Por alcance                                        ,,No inventariada,Calle,Municipal,Se desconoce,Seco y limpio,Sin luz natural y con iluminación artificial encen,Despejado,,Nivel blanco,,No,No,No,No,No,Sí,No,2019,8,SÁBADO,22,Noche,Fines de semana
,1,0,0,10345,03065,No aplica,Calle,Fronto-lateral                                     ,,No inventariada,Calle,Municipal,Se desconoce,Seco y limpio,"Luz del día natural, solar",Despejado,,Sin especificar,,No,No,Sí,No,No,Sí,No,2019,7,JUEVES,9,Mañana,Dias laborables
,1,0,0,10346,03065,No aplica,Calle,Salida de la vía por la izquierda con colisión     ,,No inventariada,Otro,Municipal,Se desconoce,Seco y limpio,Sin luz natural y con iluminación artificial no en,Despejado,,Nivel blanco,,Sin especificar,Sin especificar,Sin especificar,Sin especificar,Sin especificar,Sin especificar,Sin especificar,2019,8,SÁBADO,4,Madrugada,Fines de semana
2.95,1,0,0,10347,03065,Recta,Carretera,Fronto-lateral                                     ,,CV-853,Carretera Convencional de calzada única,"Provincial, Cabildo/Consell",Descendente,Seco y limpio,"Luz del día natural, solar",Despejado,,Nivel blanco,,No,No,No,No,No,No,Sí,2019,8,JUEVES,12,Tarde,Dias laborables
5.4,1,0,0,10348,03065,Curva señalizada,Carretera,Fronto-lateral                                     ,,EL-20,Carretera Convencional de doble calzada,Estatal,Descendente,Seco y limpio,"Luz del día natural, solar",Despejado,,Nivel blanco,,No,No,Sí,No,No,Sí,No,2019,8,VIERNES,8,Mañana,Dias laborables
713.65,1,0,0,10349,03065,Recta,Carretera,Lateral                                            ,,N-340,Carretera Convencional de doble calzada,Estatal,Descendente,Seco y limpio,"Luz del día natural, solar",Despejado,,Nivel blanco,,No,No,No,No,No,No,No,2019,8,LUNES,11,Mañana,Dias laborables
3.0,1,0,0,10350,03065,Recta,Carretera,Salida de la vía por la derecha con colisión       ,,EL-20,Ramal de enlace,Estatal,Ascendente,Seco y limpio,"Luz del día natural, solar",Despejado,,Nivel blanco,,Sin especificar,Sin especificar,Sin especificar,Sin especificar,Sin especificar,Sin especificar,Sin especificar,2019,8,LUNES,16,Tarde,Dias laborables
,2,0,0,10351,03065,No aplica,Calle,Otro tipo de accidente                             ,,No inventariada,Calle,Municipal,Se desconoce,Seco y limpio,"Luz del día natural, solar",Despejado,,Sin especificar,,Sin especificar,Sin especificar,Sin especificar,Sin especificar,Sin especificar,Sin especificar,Sin especificar,2019,6,DOMINGO,7,Mañana,Fines de semana
,1,0,0,10352,03065,No aplica,Calle,Fronto-lateral                                     ,,No inventariada,Calle,Municipal,Se desconoce,Seco y limpio,"Luz del día natural, solar",Despejado,,Sin especificar,,No,No,No,No,No,No,No,2019,7,LUNES,13,Tarde,Dias laborables
,1,0,0,10353,03065,No aplica,Calle,Fronto-lateral                                     ,,No inventariada,Calle,Municipal,Se desconoce,Seco y limpio,"Luz del día natural, solar",Despejado,,Sin especificar,,No,No,No,Sí,No,No,Sí,2019,8,JUEVES,14,Tarde,Dias laborables
,1,0,0,10354,03065,No aplica,Calle,Atropello a personas                               ,,No inventariada,Calle,Municipal,Se desconoce,Seco y limpio,"Luz del día natural, solar",Despejado,,Sin especificar,,No,No,Sí,No,No,Sí,No,2019,8,VIERNES,8,Mañana,Dias laborables
,1,0,0,10355,03065,No aplica,Calle,Atropello a personas                               ,,No inventariada,Calle,Municipal,Se desconoce,Seco y limpio,"Luz del día natural, solar",Despejado,,Sin especificar,,Sin especificar,Sin especificar,Sin especificar,Sin especificar,Sin especificar,Sin especificar,Sin especificar,2019,8,VIERNES,14,Tarde,Dias laborables
,1,0,0,10356,03065,No aplica,Calle,Por alcance                                        ,,No inventariada,Otro,Municipal,Se desconoce,Seco y limpio,"Luz del día natural, solar",Despejado,,Sin especificar,,No,No,No,Sí,No,No,Sí,2019,8,DOMINGO,13,Tarde,Fines de semana
,1,0,0,10357,03065,No aplica,Calle,Caída                                              ,,No inventariada,Calle,Municipal,Se desconoce,Seco y limpio,"Luz del día natural, solar",Despejado,,Sin especificar,,Sin especificar,Sin especificar,Sin especificar,Sin especificar,Sin especificar,Sin especificar,Sin especificar,2019,8,DOMINGO,10,Mañana,Fines de semana
,1,0,0,10358,03065,No aplica,Calle,Fronto-lateral                                     ,,No inventariada,Calle,Municipal,Se desconoce,Seco y limpio,"Luz del día natural, solar",Despejado,,Nivel blanco,,No,No,Sí,No,No,Sí,No,2019,7,LUNES,13,Tarde,Dias laborables
,1,0,0,10359,03065,No aplica,Calle,Fronto-lateral                                     ,,No inventariada,Calle,Municipal,Se desconoce,Seco y limpio,"Luz del día natural, solar",Despejado,,Nivel blanco,,No,No,Sí,No,No,Sí,No,2019,7,VIERNES,10,Mañana,Dias laborables
,1,0,0,10360,03065,No aplica,Calle,Otro tipo de accidente                             ,,No inventariada,Calle,Municipal,Se desconoce,Seco y limpio,"Luz del día natural, solar",Despejado,,Nivel blanco,,No,No,No,No,Sí,No,No,2019,7,VIERNES,12,Tarde,Dias laborables
730.0,1,0,0,10361,03065,Curva señalizada,Carretera,"Salida de la vía por la izquierda, otro tipo       ",N-340,N-340,Carretera Convencional de calzada única,Estatal,Ascendente,Seco y limpio,"Luz del día natural, solar",Despejado,,Nivel blanco,,No,No,No,No,No,Sí,No,2019,8,MIÉRCOLES,8,Mañana,Dias laborables
,0,1,0,10362,03065,No aplica,Calle,Atropello a personas                               ,,No inventariada,Calle,Municipal,Se desconoce,Seco y limpio,"Luz del día natural, solar",Despejado,,Nivel blanco,,No,No,Sí,No,No,Sí,No,2019,8,VIERNES,9,Mañana,Dias laborables
,1,1,0,10363,03065,No aplica,Calle,Atropello a personas                               ,,No inventariada,Calle,Municipal,Se desconoce,Seco y limpio,"Luz del día natural, solar",Despejado,,Nivel blanco,,No,No,Sí,No,No,Sí,No,2019,7,MIÉRCOLES,10,Mañana,Dias laborables
7.5,0,1,0,10364,03065,Curva señalizada,Carretera,Fronto-lateral                                     ,,EL-20,Carretera Convencional de calzada única,Estatal,Descendente,Seco y limpio,"Luz del día natural, solar",Despejado,,Nivel blanco,,No,No,No,No,No,Sí,No,2019,8,JUEVES,11,Mañana,Dias laborables