KM,TOTAL_HL24H,TOTAL_HG24H,TOTAL_MU24H,id,COD_MUNICIPIO,TRAZADO_PLANTA,ZONA,TIPO_ACCIDENTE,CARRETERA_CRUCE,CARRETERA,TIPO_VIA,TITULARIDAD_VIA,SENTIDO_1F,CONDICION_FIRME,CONDICION_ILUMINACION,CONDICION_METEO,CONDICION_NIEBLA,CONDICION_NIVEL_CIRCULA,CONDICION_VIENTO,PRIORI_AGENTE,PRIORI_CIRCUNSTANCIAL,PRIORI_HORIZ_CEDA,PRIORI_HORIZ_STOP,PRIORI_SEMAFORO,PRIORI_VERT_CEDA,PRIORI_VERT_STOP,ANYO,MES,DIA,HORA,FRANJA_HORARIA,TIPO_DIA
1.9,1,0,0,10719,03079,Curva señalizada,Carretera,Caída                                              ,CV-805,CV-805,Carretera Convencional de calzada única,Autonómica,Descendente,Con aceite,Sin luz natural ni artificial,Despejado,,Nivel blanco,,No,No,Sí,No,No,Sí,No,2019,3,LUNES,19,Noche,Dias laborables
,1,0,0,10720,03079,No aplica,Calle,Atropello a personas                               ,,No inventariada,Calle,Municipal,Se desconoce,Seco y limpio,"Amanecer o atardecer, sin luz artificial",Despejado,,Nivel verde,,No,No,No,Sí,No,No,No,2019,3,JUEVES,7,Mañana,Dias laborables
,1,0,0,10721,03079,No aplica,Calle,Por alcance                                        ,,No inventariada,Calle,Municipal,Se desconoce,Seco y limpio,"Luz del día natural, solar",Nublado,,Nivel verde,,Sin especificar,Sin especificar,Sin especificar,Sin especificar,Sin especificar,Sin especificar,Sin especificar,2019,3,MIÉRCOLES,9,Mañana,Dias laborables
,1,0,0,10722,03079,No aplica,Calle,Atropello a personas                               ,,No inventariada,Calle,Municipal,Se desconoce,Seco y limpio,"Amanecer o atardecer, sin luz artificial",Despejado,,Nivel verde,,Sin especificar,Sin especificar,Sin especificar,Sin especificar,Sin especificar,Sin especificar,Sin especificar,2019,4,JUEVES,6,Mañana,Dias laborables
,1,0,0,10723,03079,No aplica,Calle,Colisión contra obstáculo o elemento de la vía     ,,No inventariada,Calle,Municipal,Se desconoce,Seco y limpio,Sin luz natural y con iluminación artificial encen,Despejado,,Nivel verde,,No,No,No,No,No,No,No,2019,4,SÁBADO,5,Madrugada,Fines de semana
,1,0,0,10724,03079,No aplica,Calle,Atropello a personas                               ,,No inventariada,Calle,Municipal,Se desconoce,Seco y limpio,"Amanecer o atardecer, sin luz artificial",Despejado,,Nivel verde,,No,No,No,No,No,No,No,2019,4,MARTES,18,Noche,Dias laborables
,1,0,0,10725,03079,No aplica,Calle,Atropello a personas                               ,,No inventariada,Calle,Municipal,Se desconoce,Seco y limpio,"Luz del día natural, solar",Despejado,,Nivel verde,,No,No,No,No,No,No,No,2019,5,JUEVES,18,Noche,Dias laborables
,1,0,0,10726,03079,No aplica,Calle,Fronto-lateral                                     ,,No inventariada,Calle,Municipal,Se desconoce,Seco y limpio,"Luz del día natural, solar",Despejado,,Nivel verde,,No,No,Sí,No,No,Sí,No,2019,5,LUNES,18,Noche,Dias laborables
2.1,1,0,0,10727,03079,Curva señalizada,Carretera,Fronto-lateral                                     ,,CV-805,Carretera Convencional de calzada única,Autonómica,Ascendente,Seco y limpio,Sin luz natural ni artificial,Despejado,,Nivel blanco,,No,No,Sí,No,No,Sí,No,2019,5,JUEVES,5,Madrugada,Dias laborables
3.0,1,0,0,10728,03079,Recta,Carretera,Vuelco                                             ,,CV-806,Carretera Convencional de calzada única,Autonómica,Descendente,Seco y limpio,"Luz del día natural, solar",Despejado,,Nivel blanco,,No,No,No,No,No,No,No,2019,6,LUNES,11,Mañana,Dias laborables
2.9,1,0,0,10729,03079,Curva sin señalizar,Carretera,Salida de la vía por la derecha con despeñamiento  ,,CV-798,Carretera Convencional de calzada única,"Provincial, Cabildo/Consell",Ascendente,Seco y limpio,"Luz del día natural, solar",Despejado,,Nivel blanco,,Sin especificar,Sin especificar,Sin especificar,Sin especificar,Sin especificar,Sin especificar,Sin especificar,2019,6,SÁBADO,13,Tarde,Fines de semana
5.0,2,0,0,10730,03079,Recta,Carretera,Fronto-lateral                                     ,,CV-805,Carretera Convencional de calzada única,Autonómica,Descendente,Seco y limpio,"Luz del día natural, solar",Despejado,,Nivel blanco,,No,No,No,No,No,No,Sí,2019,6,VIERNES,17,Tarde,Dias laborables
459.25,1,0,0,10731,03079,Recta,Carretera,Salida de la vía por la derecha con colisión       ,,A-7,Autovía,Estatal,Descendente,Seco y limpio,"Luz del día natural, solar",Despejado,,Nivel blanco,,Sin especificar,Sin especificar,Sin especificar,Sin especificar,Sin especificar,Sin especificar,Sin especificar,2019,7,SÁBADO,8,Mañana,Fines de semana
12.0,0,1,0,10732,03079,Curva señalizada,Carretera,Por alcance                                        ,1.0,CV-806,Carretera Convencional de calzada única,Autonómica,Descendente,Seco y limpio,"Luz del día natural, solar",Despejado,,Nivel blanco,,No,No,Sí,No,No,Sí,No,2019,7,MARTES,21,Noche,Dias laborables
466.55,1,0,0,10733,03079,Recta,Carretera,Por alcance                                        ,,A-7,Autovía,Estatal,Ascendente,Seco y limpio,"Luz del día natural, solar",Despejado,,Nivel blanco,,Sin especificar,Sin especificar,Sin especificar,Sin especificar,Sin especificar,Sin especificar,Sin especificar,2019,8,MARTES,15,Tarde,Dias laborables
458.3,3,0,0,10734,03079,Recta,Carretera,Por alcance                                        ,,A-7,Autovía,Estatal,Ascendente,Seco y limpio,"Luz del día natural, solar",Despejado,,Nivel blanco,,Sin especificar,Sin especificar,Sin especificar,Sin especificar,Sin especificar,Sin especificar,Sin especificar,2019,9,MIÉRCOLES,14,Tarde,Dias laborables
460.0,1,0,0,10735,03079,Curva señalizada,Carretera,Salida de la vía por la derecha con colisión       ,CV-806,A-7,Autovía,Estatal,Ascendente,Seco y limpio,"Luz del día natural, solar",Nublado,,Nivel blanco,,No,No,No,No,No,Sí,No,2019,9,MARTES,18,Noche,Dias laborables
463.0,2,0,0,10736,03079,Recta,Carretera,Por alcance                                        ,,A-7,Autovía,Estatal,Ascendente,Seco y limpio,Sin luz natural y con iluminación artificial no en,Despejado,,Nivel blanco,Viento fuerte,Sin especificar,Sin especificar,Sin especificar,Sin especificar,Sin especificar,Sin especificar,Sin especificar,2019,11,DOMINGO,19,Noche,Fines de semana
1.6,1,0,0,10737,00000,Curva señalizada,Carretera,Salida de la vía por la derecha con vuelco         ,,CV-950,Carretera Convencional de calzada única,Autonómica,Ascendente,Seco y limpio,"Luz del día natural, solar",Despejado,,Nivel blanco,,Sin especificar,Sin especificar,Sin especificar,Sin especificar,Sin especificar,Sin especificar,Sin especificar,2019,3,SÁBADO,17,Tarde,Fines de semana
,1,0,0,10738,00000,No aplica,Calle,Fronto-lateral                                     ,,No inventariada,Calle,Municipal,Se desconoce,Seco y limpio,Sin luz natural y con iluminación artificial encen,Despejado,,Nivel blanco,,No,No,No,No,No,Sí,No,2019,7,VIERNES,21,Noche,Dias laborables
2.4,1,0,0,10739,00000,Recta,Carretera,Salida de la vía por la derecha otro tipo          ,,CV-920,Carretera Convencional de calzada única,Autonómica,Ascendente,Seco y limpio,"Luz del día natural, solar",Despejado,,Nivel blanco,,Sin especificar,Sin especificar,Sin especificar,Sin especificar,Sin especificar,Sin especificar,Sin especificar,2019,7,SÁBADO,15,Tarde,Fines de semana
1.6,1,0,0,10740,00000,Recta,Carretera,Por alcance                                        ,,CV-920,Carretera Convencional de calzada única,Autonómica,Descendente,Seco y limpio,"Luz del día natural, solar",Despejado,,Nivel blanco,,No,No,No,No,Sí,No,No,2019,9,VIERNES,11,Mañana,Dias laborables
12.4,3,0,0,10741,00000,Curva señalizada,Carretera,Salida de la vía por la derecha con vuelco         ,,CV-95,Carretera Convencional de calzada única,Autonómica,Descendente,Seco y limpio,Sin luz natural ni artificial,Despejado,,Nivel blanco,,No,No,No,No,No,No,No,2019,12,DOMINGO,4,Madrugada,Fines de semana
2.4,2,0,0,10742,00000,Recta,Carretera,Salida de la vía por la derecha con vuelco         ,,CV-920,Carretera Convencional de calzada única,Autonómica,Descendente,Seco y limpio,"Luz del día natural, solar",Despejado,,Nivel blanco,,Sin especificar,Sin especificar,Sin especificar,Sin especificar,Sin especificar,Sin especificar,Sin especificar,2019,12,SÁBADO,12,Tarde,Fines de semana
4.25,1,0,0,10743,00000,Curva señalizada,Carretera,Salida de la vía por la izquierda con colisión     ,,CV-750,Carretera Convencional de calzada única,"Provincial, Cabildo/Consell",Ascendente,Seco y limpio,Sin luz natural y con iluminación artificial encen,Despejado,,Nivel blanco,,Sin especificar,Sin especificar,Sin especificar,Sin especificar,Sin especificar,Sin especificar,Sin especificar,2019,6,DOMINGO,5,Madrugada,Fines de semana
9.25,0,2,0,10744,00000,Curva señalizada,Carretera,Frontal                                            ,,CV-750,Carretera Convencional de calzada única,"Provincial, Cabildo/Consell",Descendente,Seco y limpio,"Luz del día natural, solar",Despejado,,Nivel blanco,,Sin especificar,Sin especificar,Sin especificar,Sin especificar,Sin especificar,Sin especificar,Sin especificar,2019,11,DOMINGO,14,Tarde,Fines de semana
5.6,2,0,0,10745,03082,Recta,Carretera,Caída                                              ,,CV-734,Carretera Convencional de calzada única,Autonómica,Ascendente,Seco y limpio,"Luz del día natural, solar",Despejado,,Nivel blanco,,Sin especificar,Sin especificar,Sin especificar,Sin especificar,Sin especificar,Sin especificar,Sin especificar,2019,1,MIÉRCOLES,11,Mañana,Dias laborables
10.7,1,0,0,10746,03082,Curva señalizada,Carretera,Caída                                              ,,CV-740,Carretera Convencional de calzada única,"Provincial, Cabildo/Consell",Descendente,Seco y limpio,"Luz del día natural, solar",Despejado,,Nivel blanco,,No,No,Sí,No,No,Sí,No,2019,3,VIERNES,13,Tarde,Dias laborables
6.5,0,1,0,10747,03082,Curva señalizada,Carretera,Múltiple o en caravana                             ,,CV-736,Carretera Convencional de calzada única,Autonómica,Ambos,Seco y limpio,"Luz del día natural, solar",Despejado,,Nivel verde,,Sin especificar,Sin especificar,Sin especificar,Sin especificar,Sin especificar,Sin especificar,Sin especificar,2019,5,MIÉRCOLES,18,Noche,Dias laborables
0.9,1,0,0,10748,03082,Curva sin señalizar,Carretera,Salida de la vía por la derecha otro tipo          ,,CV-735,Carretera Convencional de calzada única,"Provincial, Cabildo/Consell",Descendente,Seco y limpio,Sin luz natural y con iluminación artificial encen,Despejado,,Nivel blanco,,Sin especificar,Sin especificar,Sin especificar,Sin especificar,Sin especificar,Sin especificar,Sin especificar,2019,5,JUEVES,23,Noche,Dias laborables
6.2,2,0,0,10749,03082,Recta,Carretera,Frontal                                            ,,CV-736,Carretera Convencional de calzada única,Autonómica,Ascendente,Seco y limpio,"Luz del día natural, solar",Despejado,,Nivel blanco,,Sin especificar,Sin especificar,Sin especificar,Sin especificar,Sin especificar,Sin especificar,Sin especificar,2019,5,JUEVES,13,Tarde,Dias laborables
3.8,2,0,0,10750,03082,Recta,Carretera,Por alcance                                        ,,CV-734,Carretera Convencional de calzada única,Autonómica,Descendente,Seco y limpio,"Luz del día natural, solar",Despejado,,Nivel blanco,,Sin especificar,Sin especificar,Sin especificar,Sin especificar,Sin especificar,Sin especificar,Sin especificar,2019,6,MARTES,11,Mañana,Dias laborables
3.8,0,1,0,10751,03082,Recta,Carretera,Salida de la vía por la derecha con vuelco         ,,CV-735,Carretera Convencional de calzada única,"Provincial, Cabildo/Consell",Ascendente,Seco y limpio,"Luz del día natural, solar",Despejado,,Nivel blanco,,Sin especificar,Sin especificar,Sin especificar,Sin especificar,Sin especificar,Sin especificar,Sin especificar,2019,6,LUNES,12,Tarde,Dias laborables
3.4,1,0,0,10752,03082,Recta,Carretera,Salida de la vía por la derecha con colisión       ,,CV-734,Carretera Convencional de calzada única,Autonómica,Descendente,Seco y limpio,"Amanecer o atardecer, sin luz artificial",Despejado,,Nivel blanco,,Sin especificar,Sin especificar,Sin especificar,Sin especificar,Sin especificar,Sin especificar,Sin especificar,2019,6,JUEVES,6,Mañana,Dias laborables
1.3,1,0,0,10753,03082,Curva señalizada,Carretera,Salida de la vía por la derecha con despeñamiento  ,,CV-747,Carretera Convencional de calzada única,"Provincial, Cabildo/Consell",Ascendente,Seco y limpio,"Luz del día natural, solar",Despejado,,Nivel blanco,,Sin especificar,Sin especificar,Sin especificar,Sin especificar,Sin especificar,Sin especificar,Sin especificar,2019,7,DOMINGO,16,Tarde,Fines de semana
4.0,1,0,0,10754,03082,Recta,Carretera,Múltiple o en caravana                             ,,CV-734,Carretera Convencional de calzada única,Autonómica,Descendente,Seco y limpio,"Luz del día natural, solar",Despejado,,Nivel verde,,Sin especificar,Sin especificar,Sin especificar,Sin especificar,Sin especificar,Sin especificar,Sin especificar,2019,7,JUEVES,11,Mañana,Dias laborables
5.7,2,0,0,10755,03082,Recta,Carretera,Por alcance                                        ,,CV-734,Carretera Convencional de calzada única,Autonómica,Descendente,Seco y limpio,"Luz del día natural, solar",Despejado,,Nivel blanco,,Sin especificar,Sin especificar,Sin especificar,Sin especificar,Sin especificar,Sin especificar,Sin especificar,2019,8,LUNES,13,Tarde,Dias laborables
3.8,1,0,0,10756,03082,Recta,Carretera,Lateral                                            ,CV-742,CV-742,Carretera Convencional de calzada única,"Provincial, Cabildo/Consell",Ambos,Seco y limpio,Sin luz natural y con iluminación artificial encen,Despejado,,Nivel blanco,,No,No,Sí,No,No,Sí,No,2019,8,MARTES,23,Noche,Dias laborables
5.0,2,0,0,10757,03082,Recta,Carretera,Por alcance                                        ,,CV-734,Carretera Convencional de calzada única,Autonómica,Ascendente,Seco y limpio,"Luz del día natural, solar",Despejado,,Nivel blanco,,Sin especificar,Sin especificar,Sin especificar,Sin especificar,Sin especificar,Sin especificar,Sin especificar,2019,8,DOMINGO,13,Tarde,Fines de semana
3.3,2,0,0,10758,03082,Curva señalizada,Carretera,Fronto-lateral                                     ,,CV-742,Carretera Convencional de calzada única,"Provincial, Cabildo/Consell",Ascendente,Seco y limpio,"Luz del día natural, solar",Despejado,,Nivel blanco,,No,No,Sí,No,No,Sí,No,2019,8,JUEVES,10,Mañana,Dias laborables
1.9,1,0,0,10759,03082,Recta,Carretera,Fronto-lateral                                     ,,CV-735,Carretera Convencional de calzada única,"Provincial, Cabildo/Consell",Descendente,Seco y limpio,"Luz del día natural, solar",Despejado,,Nivel blanco,,Sin especificar,Sin especificar,Sin especificar,Sin especificar,Sin especificar,Sin especificar,Sin especificar,2019,9,DOMINGO,12,Tarde,Fines de semana
,1,0,0,10760,03082,No aplica,Calle,Atropello a personas                               ,,No inventariada,Calle,Municipal,Se desconoce,Seco y limpio,"Luz del día natural, solar",Despejado,,Nivel blanco,,Sin especificar,Sin especificar,Sin especificar,Sin especificar,Sin especificar,Sin especificar,Sin especificar,2019,9,SÁBADO,14,Tarde,Fines de semana
,1,0,0,10761,03082,No aplica,Calle,Fronto-lateral                                     ,,No inventariada,Calle,Otra,Se desconoce,Seco y limpio,"Amanecer o atardecer, con luz artificial",Despejado,,Nivel blanco,,Sin especificar,Sin especificar,Sin especificar,Sin especificar,Sin especificar,Sin especificar,Sin especificar,2019,8,VIERNES,2,Madrugada,Dias laborables
,1,0,0,10762,03082,No aplica,Calle,Lateral                                            ,,No inventariada,Calle,Municipal,Se desconoce,Seco y limpio,"Luz del día natural, solar",Despejado,,Nivel amarillo,,Sin especificar,Sin especificar,Sin especificar,Sin especificar,Sin especificar,Sin especificar,Sin especificar,2019,8,JUEVES,20,Noche,Dias laborables
,1,0,0,10763,03082,No aplica,Calle,Fronto-lateral                                     ,,No inventariada,Calle,Municipal,Se desconoce,Seco y limpio,"Luz del día natural, solar",Despejado,,Nivel blanco,,Sin especificar,Sin especificar,Sin especificar,Sin especificar,Sin especificar,Sin especificar,Sin especificar,2019,8,MARTES,15,Tarde,Dias laborables
,1,0,0,10764,03082,No aplica,Calle,Caída                                              ,,No inventariada,Calle,Municipal,Se desconoce,Muy encharcado o inundado,Sin luz natural y con iluminación artificial encen,Se desconoce,,Nivel verde,,Sin especificar,Sin especificar,Sin especificar,Sin especificar,Sin especificar,Sin especificar,Sin especificar,2019,8,MIÉRCOLES,0,Madrugada,Dias laborables
,1,0,0,10765,03082,No aplica,Calle,Fronto-lateral                                     ,,No inventariada,Calle,Municipal,Se desconoce,Seco y limpio,"Luz del día natural, solar",Despejado,,Nivel blanco,,Sin especificar,Sin especificar,Sin especificar,Sin especificar,Sin especificar,Sin especificar,Sin especificar,2019,9,MIÉRCOLES,9,Mañana,Dias laborables
10.6,1,0,0,10766,03082,Recta,Carretera,Fronto-lateral                                     ,,CV-740,Carretera Convencional de calzada única,"Provincial, Cabildo/Consell",Descendente,Seco y limpio,Sin luz natural y con iluminación artificial no en,Despejado,,Nivel blanco,,Sin especificar,Sin especificar,Sin especificar,Sin especificar,Sin especificar,Sin especificar,Sin especificar,2019,11,JUEVES,21,Noche,Dias laborables
2.5,1,0,0,10767,03082,Curva señalizada,Carretera,Lateral                                            ,,CV-736,Carretera Convencional de calzada única,Autonómica,Descendente,Seco y limpio,"Luz del día natural, solar",Despejado,,Nivel verde,,Sin especificar,Sin especificar,Sin especificar,Sin especificar,Sin especificar,Sin especificar,Sin especificar,2019,11,MARTES,9,Mañana,Dias laborables
10.7,1,0,0,10768,03082,Curva señalizada,Carretera,Salida de la vía por la derecha otro tipo          ,CV-742,CV-740,Carretera Convencional de calzada única,"Provincial, Cabildo/Consell",Descendente,Seco y limpio,Sin luz natural y con iluminación artificial encen,Despejado,,Nivel blanco,,No,No,Sí,No,No,Sí,No,2019,11,MARTES,20,Noche,Dias laborables
27.8,0,1,0,10769,03083,Curva señalizada,Carretera,Salida de la vía por la derecha con colisión       ,,CV-800,Carretera Convencional de calzada única,Autonómica,Ascendente,Seco y limpio,"Luz del día natural, solar",Despejado,,Nivel blanco,,Sin especificar,Sin especificar,Sin especificar,Sin especificar,Sin especificar,Sin especificar,Sin especificar,2019,1,SÁBADO,13,Tarde,Fines de semana
,1,0,0,10770,03083,No aplica,Calle,Por alcance                                        ,,No inventariada,Calle,Municipal,Se desconoce,Se desconoce,"Luz del día natural, solar",Se desconoce,,Sin especificar,,Sin especificar,Sin especificar,Sin especificar,Sin especificar,Sin especificar,Sin especificar,Sin especificar,2019,2,VIERNES,15,Tarde,Dias laborables
21.2,0,1,0,10771,03083,Curva señalizada,Carretera,Salida de la vía por la derecha otro tipo          ,,CV-800,Carretera Convencional de calzada única,Autonómica,Descendente,Seco y limpio,"Luz del día natural, solar",Despejado,,Nivel blanco,,Sin especificar,Sin especificar,Sin especificar,Sin especificar,Sin especificar,Sin especificar,Sin especificar,2019,2,SÁBADO,14,Tarde,Fines de semana
28.4,1,0,0,10772,03083,Curva señalizada,Carretera,"Salida de la vía por la izquierda, otro tipo       ",,CV-800,Carretera Convencional de calzada única,Autonómica,Descendente,Seco y limpio,"Luz del día natural, solar",Despejado,,Nivel blanco,,Sin especificar,Sin especificar,Sin especificar,Sin especificar,Sin especificar,Sin especificar,Sin especificar,2019,3,DOMINGO,12,Tarde,Fines de semana
7.8,2,0,0,10773,03083,Curva señalizada,Carretera,Salida de la vía por la derecha otro tipo          ,,CV-800,Carretera Convencional de calzada única,Autonómica,Descendente,Mojado,Sin luz natural ni artificial,Nublado,,Nivel blanco,,Sin especificar,Sin especificar,Sin especificar,Sin especificar,Sin especificar,Sin especificar,Sin especificar,2019,3,MIÉRCOLES,14,Tarde,Dias laborables
12.7,1,0,0,10774,03083,Curva señalizada,Carretera,Salida de la vía por la izquierda con despeñamiento,,CV-800,Carretera Convencional de calzada única,Autonómica,Ascendente,Seco y limpio,"Luz del día natural, solar",Nublado,,Nivel blanco,,Sin especificar,Sin especificar,Sin especificar,Sin especificar,Sin especificar,Sin especificar,Sin especificar,2019,3,SÁBADO,9,Mañana,Fines de semana
31.2,1,0,0,10775,03083,Curva señalizada,Carretera,Salida de la vía por la derecha otro tipo          ,,CV-800,Carretera Convencional de calzada única,Autonómica,Ascendente,Seco y limpio,"Luz del día natural, solar",Despejado,,Nivel blanco,,Sin especificar,Sin especificar,Sin especificar,Sin especificar,Sin especificar,Sin especificar,Sin especificar,2019,3,DOMINGO,11,Mañana,Fines de semana
3.1,1,0,0,10776,03083,Curva sin señalizar,Carretera,Salida de la vía por la derecha otro tipo          ,,CV-780,Carretera Convencional de calzada única,"Provincial, Cabildo/Consell",Descendente,Seco y limpio,"Luz del día natural, solar",Despejado,,Nivel blanco,,Sin especificar,Sin especificar,Sin especificar,Sin especificar,Sin especificar,Sin especificar,Sin especificar,2019,3,DOMINGO,12,Tarde,Fines de semana
18.1,1,0,0,10777,03083,Curva señalizada,Carretera,Fronto-lateral                                     ,,CV-800,Vía para automóviles,Autonómica,Ascendente,Seco y limpio,"Luz del día natural, solar",Despejado,,Nivel blanco,,No,No,No,No,No,Sí,No,2019,6,SÁBADO,11,Mañana,Fines de semana
8.8,1,1,0,10778,03083,Recta,Carretera,Por alcance                                        ,,CV-800,Carretera Convencional de calzada única,Autonómica,Descendente,Seco y limpio,"Luz del día natural, solar",Despejado,,Nivel blanco,,Sin especificar,Sin especificar,Sin especificar,Sin especificar,Sin especificar,Sin especificar,Sin especificar,2019,8,VIERNES,19,Noche,Dias laborables
5.5,2,0,0,10779,03083,Recta,Carretera,Por alcance                                        ,,A-77,Autovía,Estatal,Ascendente,Muy encharcado o inundado,"Luz del día natural, solar",Lluvia fuerte,,Nivel blanco,,Sin especificar,Sin especificar,Sin especificar,Sin especificar,Sin especificar,Sin especificar,Sin especificar,2019,8,MARTES,17,Tarde,Dias laborables
,1,0,0,10780,03083,No aplica,Calle,Atropello a personas                               ,,No inventariada,Calle,Municipal,Se desconoce,Seco y limpio,"Luz del día natural, solar",Despejado,,Nivel blanco,,Sin especificar,Sin especificar,Sin especificar,Sin especificar,Sin especificar,Sin especificar,Sin especificar,2019,8,VIERNES,18,Noche,Dias laborables
23.5,1,0,0,10781,03083,Curva señalizada,Carretera,Salida de la vía por la derecha otro tipo          ,,CV-800,Carretera Convencional de calzada única,Autonómica,Ascendente,Seco y limpio,"Luz del día natural, solar",Despejado,,Nivel blanco,,Sin especificar,Sin especificar,Sin especificar,Sin especificar,Sin especificar,Sin especificar,Sin especificar,2019,10,DOMINGO,12,Tarde,Fines de semana
4.4,1,0,1,10782,03083,Curva sin señalizar,Carretera,Frontal                                            ,,CV-780,Carretera Convencional de calzada única,"Provincial, Cabildo/Consell",Descendente,Seco y limpio,"Luz del día natural, solar",Despejado,,Nivel blanco,,Sin especificar,Sin especificar,Sin especificar,Sin especificar,Sin especificar,Sin especificar,Sin especificar,2019,11,VIERNES,12,Tarde,Dias laborables
5.8,1,0,0,10783,03083,Recta,Carretera,Salida de la vía por la derecha otro tipo          ,,CV-774,Carretera Convencional de calzada única,"Provincial, Cabildo/Consell",Descendente,Seco y limpio,"Luz del día natural, solar",Despejado,,Nivel blanco,,Sin especificar,Sin especificar,Sin especificar,Sin especificar,Sin especificar,Sin especificar,Sin especificar,2019,11,VIERNES,9,Mañana,Dias laborables
33.8,1,0,0,10784,03083,Curva señalizada,Carretera,"Salida de la vía por la izquierda, otro tipo       ",,CV-800,Carretera Convencional de calzada única,Autonómica,Ascendente,Mojado,Sin luz natural ni artificial,Nublado,Niebla ligera,Nivel blanco,,Sin especificar,Sin especificar,Sin especificar,Sin especificar,Sin especificar,Sin especificar,Sin especificar,2019,12,JUEVES,7,Mañana,Dias laborables
31.7,2,0,0,10785,03083,Recta,Carretera,Atropello a animales                               ,,CV-800,Carretera Convencional de calzada única,Autonómica,Ascendente,Seco y limpio,Sin luz natural ni artificial,Despejado,,Nivel blanco,,Sin especificar,Sin especificar,Sin especificar,Sin especificar,Sin especificar,Sin especificar,Sin especificar,2019,12,SÁBADO,18,Noche,Fines de semana
6.8,1,0,0,10786,00000,Recta,Carretera,Salida de la vía por la derecha con colisión       ,,CV-701,Carretera Convencional de calzada única,"Provincial, Cabildo/Consell",Ascendente,Seco y limpio,"Luz del día natural, solar",Despejado,,Nivel blanco,,Sin especificar,Sin especificar,Sin especificar,Sin especificar,Sin especificar,Sin especificar,Sin especificar,2019,3,MIÉRCOLES,12,Tarde,Dias laborables
4.2,1,0,0,10787,00000,Recta,Carretera,Salida de la vía por la izquierda con colisión     ,,CV-745,Carretera Convencional de calzada única,"Provincial, Cabildo/Consell",Descendente,Seco y limpio,"Luz del día natural, solar",Despejado,,Nivel blanco,,Sin especificar,Sin especificar,Sin especificar,Sin especificar,Sin especificar,Sin especificar,Sin especificar,2019,5,LUNES,13,Tarde,Dias laborables
7.9,1,0,0,10788,00000,Recta,Carretera,Fronto-lateral                                     ,,CV-750,Carretera Convencional de calzada única,"Provincial, Cabildo/Consell",Ascendente,Seco y limpio,"Luz del día natural, solar",Despejado,,Nivel blanco,,No,No,No,No,No,No,No,2019,7,MARTES,13,Tarde,Dias laborables
220.1,1,0,0,10789,03088,Recta,Carretera,Por alcance                                        ,,A-31,Autovía,Estatal,Descendente,Seco y limpio,"Luz del día natural, solar",Despejado,,Nivel blanco,,No,No,No,No,No,No,No,2019,1,JUEVES,17,Tarde,Dias laborables
221.2,7,0,0,10790,03088,Recta,Carretera,Múltiple o en caravana                             ,,A-31,Autovía,Estatal,Descendente,Seco y limpio,Sin luz natural ni artificial,Despejado,,Nivel rojo,,Sí,Sí,No,No,No,No,No,2019,1,DOMINGO,0,Madrugada,Fines de semana
0.0,1,0,0,10791,03088,Curva señalizada,Carretera,Salida de la vía por la derecha otro tipo          ,,CAMINO AVE,Camino vecinal,Municipal,Descendente,Mojado,"Luz del día natural, solar",Nublado,,Nivel blanco,,No,No,No,No,No,No,No,2019,1,DOMINGO,12,Tarde,Fines de semana
12.1,1,0,0,10792,03088,Curva sin señalizar,Carretera,Salida de la vía por la derecha otro tipo          ,,CV-824,Carretera Convencional de calzada única,"Provincial, Cabildo/Consell",Descendente,Seco y limpio,"Luz del día natural, solar",Despejado,,Nivel blanco,,Sin especificar,Sin especificar,Sin especificar,Sin especificar,Sin especificar,Sin especificar,Sin especificar,2019,2,SÁBADO,10,Mañana,Fines de semana
219.0,2,0,0,10793,03088,Recta,Carretera,Por alcance                                        ,,A-31,Autovía,Estatal,Ascendente,Seco y limpio,"Luz del día natural, solar",Despejado,,Nivel blanco,,Sin especificar,Sin especificar,Sin especificar,Sin especificar,Sin especificar,Sin especificar,Sin especificar,2019,2,VIERNES,11,Mañana,Dias laborables
219.7,1,0,0,10794,03088,Recta,Carretera,Por alcance                                        ,,A-31,Autovía,Estatal,Descendente,Seco y limpio,Sin luz natural ni artificial,Despejado,,Nivel blanco,,Sin especificar,Sin especificar,Sin especificar,Sin especificar,Sin especificar,Sin especificar,Sin especificar,2019,3,LUNES,19,Noche,Dias laborables
705.9,0,1,0,10795,03088,Recta,Carretera,Salida de la vía por la izquierda con colisión     ,,AP-7,Autopista de peaje,Estatal,Ascendente,Seco y limpio,"Luz del día natural, solar",Despejado,,Nivel blanco,,Sin especificar,Sin especificar,Sin especificar,Sin especificar,Sin especificar,Sin especificar,Sin especificar,2019,2,MIÉRCOLES,17,Tarde,Dias laborables
224.1,2,0,0,10796,03088,Curva señalizada,Carretera,"Salida de la vía por la izquierda, otro tipo       ",,A-31,Autovía,Estatal,Ascendente,Mojado,"Luz del día natural, solar",Lluvia fuerte,,Nivel blanco,,Sin especificar,Sin especificar,Sin especificar,Sin especificar,Sin especificar,Sin especificar,Sin especificar,2019,4,JUEVES,17,Tarde,Dias laborables
221.0,1,0,0,10797,03088,Curva señalizada,Carretera,Salida de la vía por la derecha otro tipo          ,,A-31,Autovía,Estatal,Ascendente,Seco y limpio,"Luz del día natural, solar",Despejado,,Nivel blanco,,Sin especificar,Sin especificar,Sin especificar,Sin especificar,Sin especificar,Sin especificar,Sin especificar,2019,5,DOMINGO,17,Tarde,Fines de semana