KM,TOTAL_HL24H,TOTAL_HG24H,TOTAL_MU24H,id,COD_MUNICIPIO,TRAZADO_PLANTA,ZONA,TIPO_ACCIDENTE,CARRETERA_CRUCE,CARRETERA,TIPO_VIA,TITULARIDAD_VIA,SENTIDO_1F,CONDICION_FIRME,CONDICION_ILUMINACION,CONDICION_METEO,CONDICION_NIEBLA,CONDICION_NIVEL_CIRCULA,CONDICION_VIENTO,PRIORI_AGENTE,PRIORI_CIRCUNSTANCIAL,PRIORI_HORIZ_CEDA,PRIORI_HORIZ_STOP,PRIORI_SEMAFORO,PRIORI_VERT_CEDA,PRIORI_VERT_STOP,ANYO,MES,DIA,HORA,FRANJA_HORARIA,TIPO_DIA
221.2,1,0,0,10798,03088,Recta,Carretera,Por alcance                                        ,,A-31,Autovía,Estatal,Descendente,Seco y limpio,"Luz del día natural, solar",Despejado,,Nivel amarillo,,Sin especificar,Sin especificar,Sin especificar,Sin especificar,Sin especificar,Sin especificar,Sin especificar,2019,6,DOMINGO,18,Noche,Fines de semana
218.0,2,0,0,10799,03088,Recta,Carretera,Múltiple o en caravana                             ,,A-31,Autovía,Estatal,Ascendente,Seco y limpio,"Luz del día natural, solar",Despejado,,Nivel blanco,,No,No,No,No,No,Sí,No,2019,6,MARTES,12,Tarde,Dias laborables
218.3,0,1,0,10800,03088,Curva sin señalizar,Carretera,Salida de la vía por la derecha con colisión       ,,A-31,Autovía,Estatal,Descendente,Seco y limpio,"Luz del día natural, solar",Despejado,,Nivel blanco,,Sin especificar,Sin especificar,Sin especificar,Sin especificar,Sin especificar,Sin especificar,Sin especificar,2019,7,JUEVES,20,Noche,Dias laborables
221.2,1,0,0,10801,03088,Recta,Carretera,Por alcance                                        ,,A-31,Autovía,Estatal,Descendente,Seco y limpio,"Luz del día natural, solar",Despejado,,Nivel amarillo,,Sin especificar,Sin especificar,Sin especificar,Sin especificar,Sin especificar,Sin especificar,Sin especificar,2019,7,JUEVES,20,Noche,Dias laborables
18.0,1,0,0,10802,03088,Recta,Carretera,Fronto-lateral                                     ,,CV-820,Carretera Convencional de calzada única,Autonómica,Ascendente,Seco y limpio,"Luz del día natural, solar",Despejado,,Nivel blanco,,No,No,No,No,No,No,Sí,2019,7,SÁBADO,8,Mañana,Fines de semana
218.8,0,0,1,10803,03088,Recta,Carretera,Salida de la vía por la izquierda con vuelco       ,,A-31,Autovía,Estatal,Ascendente,Seco y limpio,Sin luz natural ni artificial,Despejado,,Nivel blanco,,Sin especificar,Sin especificar,Sin especificar,Sin especificar,Sin especificar,Sin especificar,Sin especificar,2019,8,JUEVES,5,Madrugada,Dias laborables
5.0,1,0,0,10804,03088,Curva señalizada,Carretera,Lateral                                            ,CV-83,CV-831,Carretera Convencional de calzada única,"Provincial, Cabildo/Consell",Ascendente,Seco y limpio,"Luz del día natural, solar",Despejado,,Nivel blanco,,No,No,No,Sí,No,Sí,No,2019,8,SÁBADO,8,Mañana,Fines de semana
219.9,1,0,0,10805,03088,Recta,Carretera,Por alcance                                        ,,A-31,Autovía,Estatal,Descendente,Seco y limpio,"Luz del día natural, solar",Despejado,,Nivel amarillo,,Sin especificar,Sin especificar,Sin especificar,Sin especificar,Sin especificar,Sin especificar,Sin especificar,2019,8,JUEVES,8,Mañana,Dias laborables
220.1,2,0,0,10806,03088,Recta,Carretera,"Salida de la vía por la izquierda, otro tipo       ",,A-31,Autovía,Estatal,Ascendente,Seco y limpio,"Luz del día natural, solar",Despejado,,Nivel blanco,,Sin especificar,Sin especificar,Sin especificar,Sin especificar,Sin especificar,Sin especificar,Sin especificar,2019,9,MIÉRCOLES,7,Mañana,Dias laborables
221.8,1,0,0,10807,03088,Recta,Carretera,Salida de la vía por la derecha otro tipo          ,,A-31,Autovía,Estatal,Descendente,Seco y limpio,Sin luz natural ni artificial,Despejado,,Nivel blanco,,Sin especificar,Sin especificar,Sin especificar,Sin especificar,Sin especificar,Sin especificar,Sin especificar,2019,9,MARTES,23,Noche,Dias laborables
218.0,2,0,0,10808,03088,Recta,Carretera,Salida de la vía por la izquierda con despeñamiento,,A-31,Autovía,Estatal,Ascendente,Seco y limpio,Sin luz natural y con iluminación artificial no en,Despejado,,Nivel blanco,,No,No,No,No,No,No,No,2019,10,SÁBADO,5,Madrugada,Fines de semana
1.6,0,1,0,10809,03088,Recta,Carretera,Frontal                                            ,,CV-831,Carretera Convencional de calzada única,"Provincial, Cabildo/Consell",Ambos,Seco y limpio,"Luz del día natural, solar",Despejado,,Nivel blanco,,No,No,No,No,No,No,No,2019,7,LUNES,19,Noche,Dias laborables
220.1,3,0,0,10810,03088,Recta,Carretera,Múltiple o en caravana                             ,,A-31,Autovía,Estatal,Ascendente,Seco y limpio,"Luz del día natural, solar",Despejado,,Nivel verde,,Sin especificar,Sin especificar,Sin especificar,Sin especificar,Sin especificar,Sin especificar,Sin especificar,2019,11,LUNES,7,Mañana,Dias laborables
219.5,1,0,0,10811,03088,Recta,Carretera,Por alcance                                        ,,A-31,Autovía,Estatal,Ascendente,Seco y limpio,"Luz del día natural, solar",Despejado,,Nivel amarillo,,Sin especificar,Sin especificar,Sin especificar,Sin especificar,Sin especificar,Sin especificar,Sin especificar,2019,11,LUNES,8,Mañana,Dias laborables
221.2,2,0,0,10812,03088,Recta,Carretera,Múltiple o en caravana                             ,,A-31,Autovía,Estatal,Ascendente,Seco y limpio,"Luz del día natural, solar",Despejado,,Nivel blanco,,Sin especificar,Sin especificar,Sin especificar,Sin especificar,Sin especificar,Sin especificar,Sin especificar,2019,11,VIERNES,8,Mañana,Dias laborables
219.5,2,0,0,10813,03088,Curva señalizada,Carretera,Colisión contra obstáculo o elemento de la vía     ,,A-31,Autovía,Estatal,Ascendente,Seco y limpio,Sin luz natural ni artificial,Despejado,,Nivel blanco,,Sin especificar,Sin especificar,Sin especificar,Sin especificar,Sin especificar,Sin especificar,Sin especificar,2019,11,LUNES,19,Noche,Dias laborables
222.3,1,0,0,10814,03088,Recta,Carretera,Colisión contra obstáculo o elemento de la vía     ,,A-31,Autovía,Estatal,Ascendente,Seco y limpio,"Amanecer o atardecer, sin luz artificial",Despejado,,Nivel blanco,,Sin especificar,Sin especificar,Sin especificar,Sin especificar,Sin especificar,Sin especificar,Sin especificar,2019,12,VIERNES,8,Mañana,Dias laborables
0.0,1,0,0,10815,03089,Recta,Carretera,Fronto-lateral                                     ,,No inventariada,Camino vecinal,Municipal,Descendente,Seco y limpio,"Luz del día natural, solar",Despejado,,Nivel blanco,,No,No,No,No,No,No,Sí,2019,1,SÁBADO,13,Tarde,Fines de semana
,1,0,0,10816,03089,No aplica,Calle,Atropello a personas                               ,,No inventariada,Calle,Municipal,Se desconoce,Seco y limpio,"Luz del día natural, solar",Despejado,,Nivel blanco,,Sin especificar,Sin especificar,Sin especificar,Sin especificar,Sin especificar,Sin especificar,Sin especificar,2019,1,MIÉRCOLES,8,Mañana,Dias laborables
4.8,2,0,0,10817,03089,Recta,Carretera,Frontal                                            ,,CV-83,Carretera Convencional de calzada única,Autonómica,Descendente,Seco y limpio,"Luz del día natural, solar",Despejado,,Nivel blanco,,Sin especificar,Sin especificar,Sin especificar,Sin especificar,Sin especificar,Sin especificar,Sin especificar,2019,4,JUEVES,17,Tarde,Dias laborables
2.2,2,0,0,10818,03089,Recta,Carretera,Salida de la vía por la derecha con vuelco         ,,CV-835,Carretera Convencional de calzada única,Autonómica,Descendente,Seco y limpio,"Luz del día natural, solar",Despejado,,Nivel blanco,,Sin especificar,Sin especificar,Sin especificar,Sin especificar,Sin especificar,Sin especificar,Sin especificar,2019,6,VIERNES,17,Tarde,Dias laborables
7.6,0,1,0,10819,03089,Recta,Carretera,Fronto-lateral                                     ,,CV-835,Carretera Convencional de doble calzada,Autonómica,Descendente,Seco y limpio,"Luz del día natural, solar",Despejado,,Nivel blanco,,No,No,No,No,No,No,Sí,2019,6,JUEVES,11,Mañana,Dias laborables
10.7,1,0,0,10820,03089,Recta,Carretera,Fronto-lateral                                     ,CV-830,CV-83,Carretera Convencional de calzada única,Autonómica,Ascendente,Seco y limpio,"Luz del día natural, solar",Despejado,,Nivel blanco,,No,No,No,Sí,No,No,Sí,2019,7,MARTES,16,Tarde,Dias laborables
,0,1,0,10821,03089,No aplica,Calle,Fronto-lateral                                     ,,No inventariada,Calle,Municipal,Se desconoce,Seco y limpio,"Luz del día natural, solar",Despejado,,Nivel verde,,No,No,No,No,No,Sí,No,2019,3,MARTES,9,Mañana,Dias laborables
,3,0,0,10822,03089,No aplica,Calle,Fronto-lateral                                     ,,No inventariada,Calle,Municipal,Se desconoce,Seco y limpio,Sin luz natural y con iluminación artificial encen,Despejado,,Nivel blanco,,No,No,No,No,No,Sí,No,2019,3,MIÉRCOLES,6,Mañana,Dias laborables
,1,0,0,10823,03089,No aplica,Calle,Lateral                                            ,,No inventariada,Calle,Municipal,Se desconoce,Seco y limpio,"Luz del día natural, solar",Despejado,,Nivel amarillo,,Sin especificar,Sin especificar,Sin especificar,Sin especificar,Sin especificar,Sin especificar,Sin especificar,2019,4,SÁBADO,13,Tarde,Fines de semana
12.7,1,0,0,10824,03089,Recta,Carretera,Por alcance                                        ,,CV-83,Carretera Convencional de calzada única,Autonómica,Ascendente,Seco y limpio,"Luz del día natural, solar",Despejado,,Nivel blanco,,No,No,Sí,No,No,Sí,No,2019,7,LUNES,7,Mañana,Dias laborables
,2,0,0,10825,03089,No aplica,Calle,Fronto-lateral                                     ,,No inventariada,Calle,Municipal,Se desconoce,Seco y limpio,Sin luz natural y con iluminación artificial encen,Despejado,,Nivel verde,,No,No,No,No,No,No,No,2019,5,VIERNES,21,Noche,Dias laborables
,1,0,0,10826,03089,No aplica,Calle,Fronto-lateral                                     ,,No inventariada,Calle,Municipal,Se desconoce,Seco y limpio,"Luz del día natural, solar",Despejado,,Nivel amarillo,,No,No,No,No,No,No,No,2019,6,VIERNES,19,Noche,Dias laborables
,0,1,0,10827,03089,No aplica,Calle,Salida de la vía por la derecha con colisión       ,,No inventariada,Calle,Municipal,Se desconoce,Seco y limpio,"Amanecer o atardecer, con luz artificial",Despejado,,Nivel blanco,,Sin especificar,Sin especificar,Sin especificar,Sin especificar,Sin especificar,Sin especificar,Sin especificar,2019,6,JUEVES,20,Noche,Dias laborables
,1,0,0,10828,03089,No aplica,Calle,Atropello a personas                               ,,No inventariada,Calle,Municipal,Se desconoce,Seco y limpio,"Amanecer o atardecer, sin luz artificial",Despejado,,Nivel verde,,Sin especificar,Sin especificar,Sin especificar,Sin especificar,Sin especificar,Sin especificar,Sin especificar,2019,6,SÁBADO,20,Noche,Fines de semana
,2,0,0,10829,03089,No aplica,Calle,Salida de la vía por la izquierda con colisión     ,,No inventariada,Calle,Municipal,Se desconoce,Seco y limpio,"Luz del día natural, solar",Despejado,,Nivel amarillo,,Sin especificar,Sin especificar,Sin especificar,Sin especificar,Sin especificar,Sin especificar,Sin especificar,2019,7,LUNES,9,Mañana,Dias laborables
,1,0,0,10830,03089,No aplica,Calle,Fronto-lateral                                     ,,No inventariada,Calle,Municipal,Se desconoce,Seco y limpio,"Luz del día natural, solar",Despejado,,Nivel amarillo,,No,No,No,No,No,No,No,2019,10,VIERNES,13,Tarde,Dias laborables
,1,0,0,10831,03089,No aplica,Calle,Caída                                              ,,No inventariada,Calle,Municipal,Se desconoce,Seco y limpio,Sin luz natural y con iluminación artificial encen,Despejado,,Nivel amarillo,,Sin especificar,Sin especificar,Sin especificar,Sin especificar,Sin especificar,Sin especificar,Sin especificar,2019,10,MARTES,22,Noche,Dias laborables
,3,0,0,10832,03089,No aplica,Calle,Múltiple o en caravana                             ,,No inventariada,Calle,Municipal,Se desconoce,Seco y limpio,"Luz del día natural, solar",Despejado,,Nivel amarillo,,Sin especificar,Sin especificar,Sin especificar,Sin especificar,Sin especificar,Sin especificar,Sin especificar,2019,11,MIÉRCOLES,15,Tarde,Dias laborables
6.95,1,0,0,10833,03090,Recta,Carretera,Fronto-lateral                                     ,,CV-821,Carretera Convencional de doble calzada,Autonómica,Ascendente,Seco y limpio,Sin luz natural y con iluminación artificial encen,Despejado,,Nivel blanco,,No,No,Sí,No,No,Sí,No,2019,1,MIÉRCOLES,18,Noche,Dias laborables
5.95,1,0,0,10834,03090,Curva señalizada,Carretera,Salida de la vía por la derecha con colisión       ,,CV-821,Carretera Convencional de doble calzada,Autonómica,Ascendente,Seco y limpio,"Luz del día natural, solar",Despejado,,Nivel blanco,,No,No,No,No,No,No,No,2019,1,SÁBADO,14,Tarde,Fines de semana
0.1,1,0,0,10835,03090,Curva señalizada,Carretera,Fronto-lateral                                     ,,CAMI MAHON,Camino vecinal,Municipal,Ambos,Seco y limpio,Sin luz natural ni artificial,Despejado,,Nivel blanco,,No,No,No,No,No,No,Sí,2019,1,MIÉRCOLES,22,Noche,Dias laborables
5.0,1,0,0,10836,03090,Recta,Carretera,Lateral                                            ,,CV-821,Carretera Convencional de doble calzada,Autonómica,Ascendente,Seco y limpio,"Luz del día natural, solar",Despejado,,Nivel verde,,No,No,No,No,No,No,No,2019,1,LUNES,16,Tarde,Dias laborables
0.0,1,0,0,10837,03090,Recta,Carretera,Por alcance                                        ,,CV-823,Carretera Convencional de calzada única,"Provincial, Cabildo/Consell",Descendente,Seco y limpio,"Amanecer o atardecer, con luz artificial",Despejado,,Nivel blanco,,No,No,No,No,No,No,No,2019,2,JUEVES,19,Noche,Dias laborables
0.0,1,0,0,10838,03090,Recta,Carretera,Por alcance                                        ,,CV-773,Carretera Convencional de calzada única,Autonómica,Ascendente,Seco y limpio,"Luz del día natural, solar",Nublado,,Nivel blanco,,No,No,No,No,No,No,Sí,2019,2,LUNES,15,Tarde,Dias laborables
682.4,2,2,0,10839,03090,Recta,Carretera,Salida de la vía por la izquierda con vuelco       ,,AP-7,Autopista de peaje,Estatal,Descendente,Seco y limpio,"Amanecer o atardecer, sin luz artificial",Despejado,,Nivel blanco,,Sin especificar,Sin especificar,Sin especificar,Sin especificar,Sin especificar,Sin especificar,Sin especificar,2019,2,VIERNES,19,Noche,Dias laborables
21.5,1,0,0,10840,03090,Curva señalizada,Carretera,Salida de la vía por la derecha otro tipo          ,,CV-800,Carretera Convencional de calzada única,Autonómica,Ascendente,Seco y limpio,"Luz del día natural, solar",Despejado,,Nivel blanco,,Sin especificar,Sin especificar,Sin especificar,Sin especificar,Sin especificar,Sin especificar,Sin especificar,2019,2,DOMINGO,10,Mañana,Fines de semana
7.9,1,1,0,10841,03090,Curva señalizada,Carretera,Lateral                                            ,,CV-800,Carretera Convencional de calzada única,Autonómica,Ambos,Seco y limpio,"Luz del día natural, solar",Despejado,,Nivel blanco,,Sin especificar,Sin especificar,Sin especificar,Sin especificar,Sin especificar,Sin especificar,Sin especificar,2019,3,SÁBADO,12,Tarde,Fines de semana
,1,0,0,10842,03090,No aplica,Calle,Fronto-lateral                                     ,,No inventariada,Calle,Municipal,Se desconoce,Seco y limpio,Sin luz natural y con iluminación artificial encen,Despejado,,Sin especificar,,Sin especificar,Sin especificar,Sin especificar,Sin especificar,Sin especificar,Sin especificar,Sin especificar,2019,2,DOMINGO,21,Noche,Fines de semana
6.0,1,0,0,10843,03090,Curva señalizada,Carretera,Fronto-lateral                                     ,,CV-821,Carretera Convencional de doble calzada,Autonómica,Ascendente,Seco y limpio,"Luz del día natural, solar",Nublado,,Nivel blanco,,No,No,Sí,No,No,Sí,No,2019,3,MARTES,11,Mañana,Dias laborables
0.0,1,0,0,10844,03090,Recta,Carretera,Por alcance                                        ,,No inventariada,Camino vecinal,Municipal,Descendente,Seco y limpio,Sin luz natural ni artificial,Despejado,,Nivel blanco,,No,No,No,No,No,No,Sí,2019,3,DOMINGO,20,Noche,Fines de semana
7.0,1,0,0,10845,03090,Curva señalizada,Carretera,Fronto-lateral                                     ,,CV-821,Carretera Convencional de doble calzada,Autonómica,Ascendente,Seco y limpio,Sin luz natural y con iluminación artificial encen,Despejado,,Nivel blanco,,No,No,Sí,No,No,Sí,No,2019,3,LUNES,22,Noche,Dias laborables
,0,0,1,10846,03090,No aplica,Calle,Salida de la vía por la izquierda con colisión     ,,No inventariada,Calle,Municipal,Se desconoce,Seco y limpio,Sin luz natural y con iluminación artificial encen,Despejado,,Sin especificar,,Sin especificar,Sin especificar,Sin especificar,Sin especificar,Sin especificar,Sin especificar,Sin especificar,2019,3,LUNES,19,Noche,Dias laborables
,1,0,0,10847,03090,No aplica,Calle,Colisión contra obstáculo o elemento de la vía     ,,No inventariada,Calle,Municipal,Se desconoce,Seco y limpio,Sin luz natural y con iluminación artificial encen,Despejado,,Sin especificar,,Sin especificar,Sin especificar,Sin especificar,Sin especificar,Sin especificar,Sin especificar,Sin especificar,2019,2,SÁBADO,23,Noche,Fines de semana
,1,0,0,10848,03090,No aplica,Calle,Atropello a personas                               ,,No inventariada,Calle,Municipal,Se desconoce,Seco y limpio,"Luz del día natural, solar",Despejado,,Sin especificar,,Sin especificar,Sin especificar,Sin especificar,Sin especificar,Sin especificar,Sin especificar,Sin especificar,2019,1,VIERNES,9,Mañana,Dias laborables
,1,0,0,10849,03090,No aplica,Calle,Fronto-lateral                                     ,,No inventariada,Calle,Municipal,Se desconoce,Seco y limpio,"Amanecer o atardecer, sin luz artificial",Despejado,,Sin especificar,,No,No,Sí,No,No,Sí,No,2019,3,VIERNES,7,Mañana,Dias laborables
,1,0,0,10850,03090,No aplica,Calle,Atropello a personas                               ,,No inventariada,Calle,Municipal,Se desconoce,Seco y limpio,"Luz del día natural, solar",Despejado,,Sin especificar,,Sin especificar,Sin especificar,Sin especificar,Sin especificar,Sin especificar,Sin especificar,Sin especificar,2019,3,JUEVES,16,Tarde,Dias laborables
2.5,1,0,0,10851,03090,Curva señalizada,Carretera,"Salida de la vía por la izquierda, otro tipo       ",,CV-773,Carretera Convencional de calzada única,Autonómica,Descendente,Mojado,"Luz del día natural, solar",Lluvia débil,,Nivel blanco,,Sin especificar,Sin especificar,Sin especificar,Sin especificar,Sin especificar,Sin especificar,Sin especificar,2019,3,MIÉRCOLES,7,Mañana,Dias laborables
,2,0,0,10852,03090,No aplica,Calle,Atropello a personas                               ,,No inventariada,Calle,Municipal,Se desconoce,Seco y limpio,"Luz del día natural, solar",Despejado,,Sin especificar,,No,No,No,No,No,No,No,2019,2,DOMINGO,16,Tarde,Fines de semana
4.5,1,0,0,10853,03090,Recta,Carretera,Salida de la vía por la izquierda con colisión     ,,CV-800,Carretera Convencional de calzada única,Autonómica,Descendente,Seco y limpio,"Luz del día natural, solar",Despejado,,Nivel verde,,Sin especificar,Sin especificar,Sin especificar,Sin especificar,Sin especificar,Sin especificar,Sin especificar,2019,5,MARTES,14,Tarde,Dias laborables
4.9,1,0,0,10854,03090,Curva señalizada,Carretera,Fronto-lateral                                     ,,CV-821,Carretera Convencional de doble calzada,Autonómica,Ascendente,Seco y limpio,"Luz del día natural, solar",Despejado,,Nivel blanco,,No,No,No,No,No,No,No,2019,6,MARTES,9,Mañana,Dias laborables
7.4,1,0,0,10855,03090,Recta,Carretera,Salida de la vía por la derecha otro tipo          ,,CV-800,Carretera Convencional de calzada única,Autonómica,Descendente,Seco y limpio,"Luz del día natural, solar",Nublado,,Nivel blanco,,Sin especificar,Sin especificar,Sin especificar,Sin especificar,Sin especificar,Sin especificar,Sin especificar,2019,6,DOMINGO,16,Tarde,Fines de semana
0.5,1,0,0,10856,03090,Curva señalizada,Carretera,Salida de la vía por la derecha con colisión       ,,No inventariada,Ramal de enlace,"Provincial, Cabildo/Consell",Ascendente,Seco y limpio,"Luz del día natural, solar",Despejado,,Nivel blanco,,No,No,No,No,No,No,No,2019,6,VIERNES,18,Noche,Dias laborables
0.8,1,0,0,10857,03090,Curva señalizada,Carretera,"Salida de la vía por la izquierda, otro tipo       ",,CV-800,Carretera Convencional de calzada única,Autonómica,Descendente,Seco y limpio,Sin luz natural ni artificial,Despejado,,Nivel blanco,,Sin especificar,Sin especificar,Sin especificar,Sin especificar,Sin especificar,Sin especificar,Sin especificar,2019,6,JUEVES,23,Noche,Dias laborables
2.9,1,0,0,10858,03090,Curva señalizada,Carretera,Lateral                                            ,,CV-800,Carretera Convencional de calzada única,Autonómica,Ascendente,Seco y limpio,"Luz del día natural, solar",Despejado,,Nivel blanco,,No,No,Sí,No,No,No,No,2019,6,DOMINGO,7,Mañana,Fines de semana
2.1,1,0,0,10859,03090,Recta,Carretera,Lateral                                            ,,A-70,Autovía,Estatal,Ascendente,Seco y limpio,Sin luz natural ni artificial,Despejado,,Nivel blanco,,Sin especificar,Sin especificar,Sin especificar,Sin especificar,Sin especificar,Sin especificar,Sin especificar,2019,7,SÁBADO,0,Madrugada,Fines de semana
0.5,2,0,0,10860,03090,Recta,Carretera,Por alcance                                        ,,CV-773,Carretera Convencional de calzada única,Autonómica,Ascendente,Seco y limpio,"Luz del día natural, solar",Despejado,,Nivel blanco,,Sin especificar,Sin especificar,Sin especificar,Sin especificar,Sin especificar,Sin especificar,Sin especificar,2019,7,VIERNES,17,Tarde,Dias laborables
6.9,1,0,0,10861,03090,Curva señalizada,Carretera,Caída                                              ,CV-1734,CV-821,Carretera Convencional de calzada única,Autonómica,Ascendente,Seco y limpio,"Luz del día natural, solar",Despejado,,Nivel blanco,,No,No,No,No,No,Sí,No,2019,7,SÁBADO,16,Tarde,Fines de semana
6.0,1,0,0,10862,03090,Curva señalizada,Carretera,Caída                                              ,,CV-821,Carretera Convencional de doble calzada,Autonómica,Descendente,Mojado,"Luz del día natural, solar",Nublado,,Nivel blanco,,No,No,Sí,No,No,Sí,No,2019,8,DOMINGO,9,Mañana,Fines de semana
2.3,1,0,0,10863,03090,Recta,Carretera,Fronto-lateral                                     ,,CV-819,Carretera Convencional de calzada única,"Provincial, Cabildo/Consell",Descendente,Seco y limpio,"Luz del día natural, solar",Despejado,,Nivel blanco,,No,No,No,No,No,No,Sí,2019,8,SÁBADO,12,Tarde,Fines de semana
1.8,0,1,0,10864,03090,Curva señalizada,Carretera,Salida de la vía por la derecha otro tipo          ,,CV-800,Carretera Convencional de calzada única,Autonómica,Ascendente,Seco y limpio,"Luz del día natural, solar",Despejado,,Nivel blanco,,No,No,Sí,No,No,Sí,No,2019,8,JUEVES,14,Tarde,Dias laborables
6.9,1,0,0,10865,03090,Recta,Carretera,Por alcance                                        ,CV-818,CV-821,Carretera Convencional de doble calzada,Autonómica,Ascendente,Seco y limpio,"Luz del día natural, solar",Despejado,,Nivel blanco,,No,No,Sí,No,No,Sí,No,2019,8,DOMINGO,18,Noche,Fines de semana
6.35,1,0,0,10866,03090,Recta,Carretera,Colisión contra obstáculo o elemento de la vía     ,,CV-800,Carretera Convencional de calzada única,Autonómica,Ascendente,Seco y limpio,"Luz del día natural, solar",Despejado,,Nivel blanco,,Sin especificar,Sin especificar,Sin especificar,Sin especificar,Sin especificar,Sin especificar,Sin especificar,2019,8,SÁBADO,13,Tarde,Fines de semana
2.4,1,0,0,10867,03090,Curva señalizada,Carretera,Salida de la vía por la derecha con vuelco         ,,CV-773,Carretera Convencional de calzada única,Autonómica,Descendente,Mojado,"Luz del día natural, solar",Lluvia débil,,Nivel blanco,,Sin especificar,Sin especificar,Sin especificar,Sin especificar,Sin especificar,Sin especificar,Sin especificar,2019,10,LUNES,14,Tarde,Dias laborables
,1,0,0,10868,03090,No aplica,Calle,Fronto-lateral                                     ,,No inventariada,Calle,Municipal,Se desconoce,Seco y limpio,"Amanecer o atardecer, sin luz artificial",Despejado,,Sin especificar,,No,No,No,No,No,No,Sí,2019,6,SÁBADO,20,Noche,Fines de semana
,1,0,0,10869,03090,No aplica,Calle,Atropello a personas                               ,,No inventariada,Calle,Municipal,Se desconoce,Seco y limpio,"Luz del día natural, solar",Despejado,,Sin especificar,,No,No,No,No,No,No,No,2019,5,VIERNES,11,Mañana,Dias laborables
,1,0,0,10870,03090,No aplica,Calle,Fronto-lateral                                     ,,No inventariada,Calle,Municipal,Se desconoce,Seco y limpio,"Luz del día natural, solar",Despejado,,Sin especificar,,Sin especificar,Sin especificar,Sin especificar,Sin especificar,Sin especificar,Sin especificar,Sin especificar,2019,6,MARTES,14,Tarde,Dias laborables
,2,0,0,10871,03090,No aplica,Calle,Fronto-lateral                                     ,,No inventariada,Calle,Municipal,Se desconoce,Seco y limpio,Sin luz natural y con iluminación artificial encen,Despejado,,Sin especificar,,No,No,Sí,No,No,Sí,No,2019,7,SÁBADO,4,Madrugada,Fines de semana
,1,0,0,10872,03090,No aplica,Calle,Por alcance                                        ,,No inventariada,Calle,Municipal,Se desconoce,Seco y limpio,"Luz del día natural, solar",Despejado,,Sin especificar,,Sin especificar,Sin especificar,Sin especificar,Sin especificar,Sin especificar,Sin especificar,Sin especificar,2019,8,VIERNES,14,Tarde,Dias laborables
,2,0,0,10873,03090,No aplica,Calle,Atropello a personas                               ,,No inventariada,Calle,Municipal,Se desconoce,Seco y limpio,"Luz del día natural, solar",Despejado,,Sin especificar,,No,No,No,No,No,No,No,2019,10,MIÉRCOLES,11,Mañana,Dias laborables
2.7,1,0,0,10874,03090,Curva señalizada,Carretera,Caída                                              ,,No inventariada,Camino vecinal,Municipal,Ascendente,Seco y limpio,Sin luz natural ni artificial,Despejado,,Nivel blanco,,Sin especificar,Sin especificar,Sin especificar,Sin especificar,Sin especificar,Sin especificar,Sin especificar,2019,11,MARTES,19,Noche,Dias laborables
3.5,1,0,0,10875,03090,Curva sin señalizar,Carretera,Salida de la vía por la izquierda con vuelco       ,,CV-819,Carretera Convencional de calzada única,"Provincial, Cabildo/Consell",Descendente,Mojado,Sin luz natural ni artificial,Despejado,,Nivel blanco,,No,No,No,No,No,Sí,No,2019,11,JUEVES,6,Mañana,Dias laborables
0.8,1,0,0,10876,03090,Recta,Carretera,Fronto-lateral                                     ,,CV-819,Carretera Convencional de calzada única,"Provincial, Cabildo/Consell",Ascendente,Seco y limpio,"Amanecer o atardecer, sin luz artificial",Despejado,,Nivel verde,,No,No,No,No,Sí,No,No,2019,12,MIÉRCOLES,7,Mañana,Dias laborables
0.95,1,0,0,10877,03090,Recta,Carretera,Lateral                                            ,,CV-819,Carretera Convencional de calzada única,"Provincial, Cabildo/Consell",Ambos,Seco y limpio,"Luz del día natural, solar",Despejado,,Nivel blanco,,No,No,No,No,Sí,No,No,2019,12,DOMINGO,14,Tarde,Fines de semana
5.9,2,0,0,10878,03090,Curva señalizada,Carretera,Por alcance                                        ,,CV-821,Carretera Convencional de calzada única,Autonómica,Ascendente,Seco y limpio,"Luz del día natural, solar",Despejado,,Nivel blanco,,No,No,Sí,No,No,Sí,No,2019,12,MARTES,8,Mañana,Dias laborables
0.0,4,0,0,10879,03090,Curva señalizada,Carretera,Frontal                                            ,CV-800,CV-773,Carretera Convencional de doble calzada,Autonómica,Ascendente,Seco y limpio,"Luz del día natural, solar",Despejado,,Nivel blanco,,No,No,No,Sí,No,No,Sí,2019,12,SÁBADO,10,Mañana,Fines de semana
1.0,1,0,0,10880,00000,Recta,Carretera,Salida de la vía por la derecha con vuelco         ,,CV-721,Carretera Convencional de calzada única,"Provincial, Cabildo/Consell",Descendente,Seco y limpio,"Luz del día natural, solar",Despejado,,Nivel blanco,,Sin especificar,Sin especificar,Sin especificar,Sin especificar,Sin especificar,Sin especificar,Sin especificar,2019,6,DOMINGO,13,Tarde,Fines de semana
435.0,1,0,0,10881,03092,Curva señalizada,Carretera,Salida de la vía por la izquierda con colisión     ,,A-7,Autovía,Estatal,Descendente,Seco y limpio,"Luz del día natural, solar",Despejado,,Nivel verde,,Sin especificar,Sin especificar,Sin especificar,Sin especificar,Sin especificar,Sin especificar,Sin especificar,2019,1,MARTES,11,Mañana,Dias laborables
803.0,1,0,0,10882,03092,Recta,Carretera,Por alcance                                        ,,N-340,Carretera Convencional de doble calzada,Estatal,Ascendente,Seco y limpio,Sin luz natural y con iluminación artificial encen,Despejado,,Nivel blanco,,No,No,No,No,Sí,No,No,2019,1,DOMINGO,20,Noche,Fines de semana