KM,TOTAL_HL24H,TOTAL_HG24H,TOTAL_MU24H,id,COD_MUNICIPIO,TRAZADO_PLANTA,ZONA,TIPO_ACCIDENTE,CARRETERA_CRUCE,CARRETERA,TIPO_VIA,TITULARIDAD_VIA,SENTIDO_1F,CONDICION_FIRME,CONDICION_ILUMINACION,CONDICION_METEO,CONDICION_NIEBLA,CONDICION_NIVEL_CIRCULA,CONDICION_VIENTO,PRIORI_AGENTE,PRIORI_CIRCUNSTANCIAL,PRIORI_HORIZ_CEDA,PRIORI_HORIZ_STOP,PRIORI_SEMAFORO,PRIORI_VERT_CEDA,PRIORI_VERT_STOP,ANYO,MES,DIA,HORA,FRANJA_HORARIA,TIPO_DIA
0.9,1,0,0,10883,03092,Curva sin señalizar,Carretera,Fronto-lateral                                     ,,CV-705,Carretera Convencional de calzada única,Autonómica,Ambos,Mojado,"Luz del día natural, solar",Lluvia débil,,Nivel blanco,,Sin especificar,Sin especificar,Sin especificar,Sin especificar,Sin especificar,Sin especificar,Sin especificar,2019,2,VIERNES,10,Mañana,Dias laborables
,0,1,0,10884,03092,No aplica,Calle,Fronto-lateral                                     ,,No inventariada,Calle,Municipal,Se desconoce,Seco y limpio,"Luz del día natural, solar",Despejado,,Se desconoce,,Sin especificar,Sin especificar,Sin especificar,Sin especificar,Sin especificar,Sin especificar,Sin especificar,2019,1,MARTES,10,Mañana,Dias laborables
434.6,1,0,0,10885,03092,Curva señalizada,Carretera,Atropello a animales                               ,,A-7,Autovía,Estatal,Descendente,Seco y limpio,"Luz del día natural, solar",Despejado,,Nivel blanco,,Sin especificar,Sin especificar,Sin especificar,Sin especificar,Sin especificar,Sin especificar,Sin especificar,2019,2,MIÉRCOLES,9,Mañana,Dias laborables
1.0,2,0,0,10886,03092,Curva sin señalizar,Carretera,Fronto-lateral                                     ,,No inventariada,Camino vecinal,"Provincial, Cabildo/Consell",Ascendente,Seco y limpio,"Luz del día natural, solar",Despejado,,Nivel blanco,,Sin especificar,Sin especificar,Sin especificar,Sin especificar,Sin especificar,Sin especificar,Sin especificar,2019,2,JUEVES,17,Tarde,Dias laborables
17.7,2,0,0,10887,03092,Curva señalizada,Carretera,Salida de la vía por la derecha con colisión       ,,CV-700,Carretera Convencional de calzada única,Autonómica,Ascendente,Seco y limpio,"Luz del día natural, solar",Despejado,,Nivel blanco,,No,No,No,No,No,No,No,2019,4,SÁBADO,19,Noche,Fines de semana
,1,0,0,10888,03092,No aplica,Calle,Fronto-lateral                                     ,,No inventariada,Calle,Municipal,Se desconoce,Seco y limpio,"Luz del día natural, solar",Nublado,,Se desconoce,,No,No,No,No,No,Sí,No,2019,4,JUEVES,13,Tarde,Dias laborables
,2,0,0,10889,03092,No aplica,Calle,Fronto-lateral                                     ,,No inventariada,Calle,Municipal,Se desconoce,Seco y limpio,"Luz del día natural, solar",Despejado,,Se desconoce,,No,No,Sí,No,No,Sí,No,2019,6,SÁBADO,15,Tarde,Fines de semana
,2,0,0,10890,03092,No aplica,Calle,Fronto-lateral                                     ,,No inventariada,Calle,Municipal,Se desconoce,Seco y limpio,"Amanecer o atardecer, sin luz artificial",Se desconoce,,Se desconoce,,No,No,Sí,No,No,Sí,No,2019,7,LUNES,21,Noche,Dias laborables
13.3,1,0,0,10891,03092,Curva señalizada,Carretera,Salida de la vía por la izquierda con colisión     ,,CV-700,Carretera Convencional de calzada única,Autonómica,Ascendente,Seco y limpio,"Luz del día natural, solar",Despejado,,Nivel blanco,,Sin especificar,Sin especificar,Sin especificar,Sin especificar,Sin especificar,Sin especificar,Sin especificar,2019,7,MARTES,20,Noche,Dias laborables
433.3,1,0,0,10892,03092,Recta,Carretera,"Salida de la vía por la izquierda, otro tipo       ",,A-7,Autovía,Estatal,Ascendente,Seco y limpio,"Luz del día natural, solar",Despejado,,Nivel blanco,,Sin especificar,Sin especificar,Sin especificar,Sin especificar,Sin especificar,Sin especificar,Sin especificar,2019,8,VIERNES,16,Tarde,Dias laborables
434.6,2,0,0,10893,03092,Recta,Carretera,Salida de la vía por la izquierda con vuelco       ,,A-7,Autovía,Estatal,Descendente,Muy encharcado o inundado,"Amanecer o atardecer, sin luz artificial",Lluvia fuerte,,Nivel blanco,,Sin especificar,Sin especificar,Sin especificar,Sin especificar,Sin especificar,Sin especificar,Sin especificar,2019,8,MARTES,20,Noche,Dias laborables
,1,0,0,10894,03092,No aplica,Calle,Fronto-lateral                                     ,,No inventariada,Calle,Municipal,Se desconoce,Seco y limpio,"Luz del día natural, solar",Despejado,,Se desconoce,,Sin especificar,Sin especificar,Sin especificar,Sin especificar,Sin especificar,Sin especificar,Sin especificar,2019,7,SÁBADO,14,Tarde,Fines de semana
,2,0,0,10895,03092,No aplica,Calle,Por alcance                                        ,,No inventariada,Calle,Municipal,Se desconoce,Seco y limpio,"Luz del día natural, solar",Despejado,,Se desconoce,,No,No,No,No,Sí,No,No,2019,8,DOMINGO,11,Mañana,Fines de semana
429.0,1,0,0,10896,03092,Recta,Carretera,Salida de la vía por la izquierda con colisión     ,,A-7,Autovía,Estatal,Descendente,Seco y limpio,"Luz del día natural, solar",Despejado,,Nivel blanco,,Sin especificar,Sin especificar,Sin especificar,Sin especificar,Sin especificar,Sin especificar,Sin especificar,2019,9,MIÉRCOLES,15,Tarde,Dias laborables
,0,1,0,10897,03092,No aplica,Calle,Otro tipo de accidente                             ,,No inventariada,Calle,Municipal,Se desconoce,Seco y limpio,Sin luz natural y con iluminación artificial encen,Despejado,,Se desconoce,,Sin especificar,Sin especificar,Sin especificar,Sin especificar,Sin especificar,Sin especificar,Sin especificar,2019,11,SÁBADO,1,Madrugada,Fines de semana
212.0,0,2,1,10898,03093,Curva sin señalizar,Carretera,Colisión contra obstáculo o elemento de la vía     ,,A-31,Autovía,Estatal,Descendente,Seco y limpio,Sin luz natural ni artificial,Despejado,,Nivel blanco,,Sin especificar,Sin especificar,Sin especificar,Sin especificar,Sin especificar,Sin especificar,Sin especificar,2019,2,VIERNES,2,Madrugada,Dias laborables
211.65,1,0,0,10899,03093,Recta,Carretera,Salida de la vía por la derecha con colisión       ,,A-31,Autovía,Estatal,Ascendente,Seco y limpio,"Luz del día natural, solar",Despejado,,Nivel blanco,,Sin especificar,Sin especificar,Sin especificar,Sin especificar,Sin especificar,Sin especificar,Sin especificar,2019,3,MARTES,10,Mañana,Dias laborables
16.3,3,0,0,10900,03093,Recta,Carretera,Lateral                                            ,,CV-840,Carretera Convencional de calzada única,Autonómica,Ascendente,Seco y limpio,"Luz del día natural, solar",Despejado,,Nivel blanco,,No,No,No,No,No,No,No,2019,2,DOMINGO,13,Tarde,Fines de semana
216.5,1,0,0,10901,03093,Recta,Carretera,Lateral                                            ,,A-31,Autovía,Estatal,Ascendente,Seco y limpio,"Luz del día natural, solar",Despejado,,Nivel blanco,,No,No,No,No,No,No,No,2019,3,MIÉRCOLES,8,Mañana,Dias laborables
2.8,3,0,0,10902,03093,Curva sin señalizar,Carretera,Por alcance                                        ,,CV-832,Carretera Convencional de calzada única,"Provincial, Cabildo/Consell",Ascendente,Seco y limpio,"Luz del día natural, solar",Nublado,,Nivel blanco,,No,No,No,Sí,No,No,No,2019,4,JUEVES,11,Mañana,Dias laborables
14.0,1,0,0,10903,03093,Recta,Carretera,Salida de la vía por la izquierda con colisión     ,,CV-84,Carretera Convencional de doble calzada,Autonómica,Ascendente,Muy encharcado o inundado,Sin luz natural ni artificial,Lluvia fuerte,,Nivel blanco,,Sin especificar,Sin especificar,Sin especificar,Sin especificar,Sin especificar,Sin especificar,Sin especificar,2019,4,MARTES,22,Noche,Dias laborables
4.3,3,0,0,10904,03093,Recta,Carretera,Salida de la vía por la izquierda con vuelco       ,,CV-832,Carretera Convencional de calzada única,"Provincial, Cabildo/Consell",Ascendente,Seco y limpio,Sin luz natural ni artificial,Despejado,,Nivel verde,,No,No,No,No,No,No,No,2019,4,JUEVES,2,Madrugada,Dias laborables
217.0,1,0,0,10905,03093,Curva señalizada,Carretera,"Salida de la vía por la izquierda, otro tipo       ",,A-31,Autovía,Estatal,Descendente,Seco y limpio,Sin luz natural ni artificial,Despejado,,Nivel blanco,,Sin especificar,Sin especificar,Sin especificar,Sin especificar,Sin especificar,Sin especificar,Sin especificar,2019,5,SÁBADO,21,Noche,Fines de semana
12.3,1,0,0,10906,03093,Curva señalizada,Carretera,Salida de la vía por la izquierda con colisión     ,,N-325,Carretera Convencional de calzada única,Estatal,Ascendente,Seco y limpio,"Luz del día natural, solar",Despejado,,Nivel blanco,,Sin especificar,Sin especificar,Sin especificar,Sin especificar,Sin especificar,Sin especificar,Sin especificar,2019,5,SÁBADO,17,Tarde,Fines de semana
6.1,1,0,0,10907,03093,Recta,Carretera,Salida de la vía por la derecha otro tipo          ,,CV-840,Carretera Convencional de calzada única,Autonómica,Ascendente,Seco y limpio,"Luz del día natural, solar",Despejado,,Nivel blanco,,Sin especificar,Sin especificar,Sin especificar,Sin especificar,Sin especificar,Sin especificar,Sin especificar,2019,5,DOMINGO,11,Mañana,Fines de semana
,0,1,0,10908,03093,No aplica,Calle,Atropello a personas                               ,,No inventariada,Calle,Municipal,Se desconoce,Seco y limpio,"Luz del día natural, solar",Despejado,,Nivel verde,,No,No,No,No,No,No,No,2019,1,LUNES,13,Tarde,Dias laborables
13.4,2,0,0,10909,03093,Curva señalizada,Carretera,Salida de la vía por la derecha con despeñamiento  ,,CV-84,Carretera Convencional de calzada única,Autonómica,Ascendente,Seco y limpio,"Luz del día natural, solar",Despejado,,Nivel blanco,,No,No,Sí,No,No,Sí,No,2019,8,VIERNES,19,Noche,Dias laborables
13.8,1,0,0,10910,03093,Recta,Carretera,Fronto-lateral                                     ,,CV-84,Carretera Convencional de calzada única,Autonómica,Ascendente,Seco y limpio,"Luz del día natural, solar",Despejado,,Nivel verde,,No,No,No,No,No,Sí,No,2019,8,JUEVES,7,Mañana,Dias laborables
0.3,1,0,0,10911,03093,Curva sin señalizar,Carretera,Salida de la vía por la izquierda con vuelco       ,,No inventariada,Camino vecinal,Otra,Ascendente,Seco y limpio,"Luz del día natural, solar",Despejado,,Nivel blanco,,Sin especificar,Sin especificar,Sin especificar,Sin especificar,Sin especificar,Sin especificar,Sin especificar,2019,8,MIÉRCOLES,12,Tarde,Dias laborables
0.0,2,0,0,10912,03093,Curva sin señalizar,Carretera,Por alcance                                        ,N-325,N-325,Autovía,Estatal,Ascendente,Seco y limpio,"Luz del día natural, solar",Despejado,,Nivel blanco,,No,No,Sí,No,No,No,No,2019,8,MIÉRCOLES,16,Tarde,Dias laborables
0.8,1,0,0,10913,03093,Curva señalizada,Carretera,Salida de la vía por la derecha con vuelco         ,CV-835,CV-835,Carretera Convencional de calzada única,Autonómica,Ascendente,Seco y limpio,"Amanecer o atardecer, sin luz artificial",Despejado,,Nivel blanco,,No,No,Sí,No,No,Sí,No,2019,8,JUEVES,20,Noche,Dias laborables
,1,0,0,10914,03093,No aplica,Calle,Fronto-lateral                                     ,,No inventariada,Calle,Municipal,Se desconoce,Seco y limpio,"Luz del día natural, solar",Despejado,,Nivel verde,,No,No,No,Sí,No,No,Sí,2019,2,JUEVES,11,Mañana,Dias laborables
4.2,1,0,0,10915,03093,Curva señalizada,Carretera,Salida de la vía por la derecha otro tipo          ,,N-325,Carretera Convencional de doble calzada,Estatal,Descendente,Seco y limpio,Sin luz natural y con iluminación artificial encen,Despejado,,Nivel blanco,,No,No,Sí,No,No,Sí,No,2019,9,SÁBADO,23,Noche,Fines de semana
,1,0,0,10916,03093,No aplica,Calle,Fronto-lateral                                     ,,No inventariada,Calle,Municipal,Se desconoce,Seco y limpio,Sin luz natural y con iluminación artificial encen,Despejado,,Nivel verde,,No,No,No,Sí,No,No,No,2019,2,VIERNES,19,Noche,Dias laborables
,1,0,0,10917,03093,No aplica,Calle,Atropello a personas                               ,,No inventariada,Calle,Municipal,Se desconoce,Seco y limpio,Sin luz natural y con iluminación artificial encen,Despejado,,Nivel verde,,No,No,No,Sí,No,No,No,2019,2,MIÉRCOLES,20,Noche,Dias laborables
9.5,1,1,0,10918,03093,Curva señalizada,Carretera,Frontal                                            ,,CV-820,Carretera Convencional de calzada única,Autonómica,Ascendente,Seco y limpio,"Luz del día natural, solar",Despejado,,Nivel blanco,,Sin especificar,Sin especificar,Sin especificar,Sin especificar,Sin especificar,Sin especificar,Sin especificar,2019,8,MARTES,18,Noche,Dias laborables
,1,0,0,10919,03093,No aplica,Calle,Múltiple o en caravana                             ,,No inventariada,Calle,Municipal,Se desconoce,Seco y limpio,Sin luz natural y con iluminación artificial encen,Despejado,,Nivel blanco,,No,No,No,No,No,No,Sí,2019,3,DOMINGO,4,Madrugada,Fines de semana
6.8,1,0,0,10920,03093,Recta,Carretera,Salida de la vía por la derecha con colisión       ,,N-325,Carretera Convencional de calzada única,Estatal,Ascendente,Seco y limpio,"Luz del día natural, solar",Despejado,,Nivel blanco,,Sin especificar,Sin especificar,Sin especificar,Sin especificar,Sin especificar,Sin especificar,Sin especificar,2019,10,VIERNES,18,Noche,Dias laborables
210.5,2,0,0,10921,03093,Recta,Carretera,Salida de la vía por la izquierda con colisión     ,,A-31,Autovía,Estatal,Descendente,Seco y limpio,"Luz del día natural, solar",Despejado,,Nivel blanco,,Sin especificar,Sin especificar,Sin especificar,Sin especificar,Sin especificar,Sin especificar,Sin especificar,2019,11,SÁBADO,15,Tarde,Fines de semana
209.8,1,0,0,10922,03093,Recta,Carretera,Salida de la vía por la derecha con colisión       ,,A-31,Autovía,Estatal,Descendente,Mojado,"Luz del día natural, solar",Lluvia débil,,Nivel blanco,,Sin especificar,Sin especificar,Sin especificar,Sin especificar,Sin especificar,Sin especificar,Sin especificar,2019,12,MARTES,16,Tarde,Dias laborables
46.2,1,0,0,10923,03094,Curva señalizada,Carretera,Fronto-lateral                                     ,,CV-70,Carretera Convencional de calzada única,Autonómica,Descendente,Seco y limpio,Sin luz natural y con iluminación artificial encen,Despejado,,Nivel verde,,No,No,No,No,No,Sí,No,2019,2,MIÉRCOLES,18,Noche,Dias laborables
47.6,1,0,0,10924,03094,Recta,Carretera,Múltiple o en caravana                             ,CV-758,CV-70,Carretera Convencional de calzada única,Autonómica,Ascendente,Seco y limpio,"Luz del día natural, solar",Despejado,,Nivel blanco,,No,No,No,No,No,No,No,2019,3,JUEVES,10,Mañana,Dias laborables
6.6,1,0,0,10925,03094,Recta,Carretera,Salida de la vía por la derecha con vuelco         ,,CV-760,Carretera Convencional de calzada única,"Provincial, Cabildo/Consell",Ascendente,Seco y limpio,"Luz del día natural, solar",Despejado,,Nivel blanco,,Sin especificar,Sin especificar,Sin especificar,Sin especificar,Sin especificar,Sin especificar,Sin especificar,2019,3,MARTES,17,Tarde,Dias laborables
43.3,1,0,0,10926,03094,Curva señalizada,Carretera,Fronto-lateral                                     ,,CV-70,Carretera Convencional de calzada única,Autonómica,Ascendente,Seco y limpio,"Luz del día natural, solar",Despejado,,Nivel verde,,No,No,Sí,No,No,Sí,No,2019,3,VIERNES,12,Tarde,Dias laborables
43.3,1,0,0,10927,03094,Curva señalizada,Carretera,Vuelco                                             ,,CV-70,Carretera Convencional de calzada única,Autonómica,Ascendente,Mojado,Sin luz natural y con iluminación artificial encen,Lluvia débil,,Nivel blanco,,No,No,No,No,No,Sí,No,2019,4,SÁBADO,20,Noche,Fines de semana
46.4,1,0,0,10928,03094,Curva señalizada,Carretera,Caída                                              ,,CV-70,Carretera Convencional de calzada única,Autonómica,Ascendente,Seco y limpio,"Luz del día natural, solar",Despejado,,Nivel blanco,,No,No,Sí,No,No,Sí,No,2019,5,DOMINGO,13,Tarde,Fines de semana
44.5,1,0,0,10929,03094,Recta,Carretera,Fronto-lateral                                     ,,CV-70,Carretera Convencional de doble calzada,Autonómica,Ascendente,Seco y limpio,"Luz del día natural, solar",Despejado,,Nivel blanco,,No,No,No,No,No,No,Sí,2019,5,LUNES,9,Mañana,Dias laborables
46.3,1,0,0,10930,03094,Recta,Carretera,Atropello a personas                               ,,CV-70,Carretera Convencional de calzada única,Autonómica,Ascendente,Seco y limpio,"Luz del día natural, solar",Despejado,,Nivel amarillo,,No,No,No,No,No,No,No,2019,6,LUNES,9,Mañana,Dias laborables
4.85,2,0,0,10931,03094,Recta,Carretera,Atropello a animales                               ,,CV-760,Carretera Convencional de calzada única,"Provincial, Cabildo/Consell",Descendente,Seco y limpio,Sin luz natural ni artificial,Despejado,,Nivel blanco,,Sin especificar,Sin especificar,Sin especificar,Sin especificar,Sin especificar,Sin especificar,Sin especificar,2019,7,LUNES,0,Madrugada,Dias laborables
43.8,1,0,0,10932,03094,Recta,Carretera,Salida de la vía por la derecha con colisión       ,,CV-70,Carretera Convencional de calzada única,Autonómica,Ascendente,Seco y limpio,Sin luz natural y con iluminación artificial encen,Despejado,,Nivel blanco,,Sin especificar,Sin especificar,Sin especificar,Sin especificar,Sin especificar,Sin especificar,Sin especificar,2019,7,DOMINGO,2,Madrugada,Fines de semana
44.95,1,0,0,10933,03094,Recta,Carretera,Salida de la vía por la derecha con colisión       ,CV-70,CV-70,Carretera Convencional de doble calzada,Autonómica,Ascendente,Seco y limpio,Sin luz natural y con iluminación artificial encen,Despejado,,Nivel blanco,,No,No,Sí,No,No,Sí,No,2019,7,MIÉRCOLES,0,Madrugada,Dias laborables
45.8,1,0,0,10934,03094,Curva señalizada,Carretera,Múltiple o en caravana                             ,,CV-70,Carretera Convencional de doble calzada,Autonómica,Ascendente,Seco y limpio,"Luz del día natural, solar",Despejado,,Nivel blanco,,No,No,No,No,No,No,No,2019,7,MIÉRCOLES,10,Mañana,Dias laborables
43.6,2,0,0,10935,03094,Curva señalizada,Carretera,Por alcance                                        ,,CV-70,Carretera Convencional de calzada única,Autonómica,Ascendente,Seco y limpio,"Luz del día natural, solar",Despejado,,Nivel blanco,,No,No,Sí,No,No,Sí,No,2019,8,MIÉRCOLES,19,Noche,Dias laborables
45.8,1,0,0,10936,03094,Curva señalizada,Carretera,Salida de la vía por la derecha con vuelco         ,,CV-70,Carretera Convencional de calzada única,Autonómica,Ascendente,Seco y limpio,Sin luz natural y con iluminación artificial encen,Despejado,,Nivel blanco,,No,No,No,No,No,Sí,No,2019,8,SÁBADO,3,Madrugada,Fines de semana
46.9,1,0,0,10937,03094,Recta,Carretera,Colisión contra obstáculo o elemento de la vía     ,,CV-70,Carretera Convencional de calzada única,Autonómica,Ascendente,Seco y limpio,"Luz del día natural, solar",Despejado,,Nivel verde,,Sin especificar,Sin especificar,Sin especificar,Sin especificar,Sin especificar,Sin especificar,Sin especificar,2019,8,VIERNES,8,Mañana,Dias laborables
43.3,1,0,0,10938,03094,Curva señalizada,Carretera,Fronto-lateral                                     ,,CV-70,Carretera Convencional de calzada única,Autonómica,Descendente,Seco y limpio,"Luz del día natural, solar",Despejado,,Nivel verde,,No,No,No,No,No,No,No,2019,9,LUNES,17,Tarde,Dias laborables
47.5,1,0,0,10939,03094,Recta,Carretera,Salida de la vía por la derecha otro tipo          ,,CV-70,Carretera Convencional de doble calzada,Autonómica,Descendente,Seco y limpio,Sin luz natural y con iluminación artificial encen,Despejado,,Nivel blanco,,Sin especificar,Sin especificar,Sin especificar,Sin especificar,Sin especificar,Sin especificar,Sin especificar,2019,9,DOMINGO,1,Madrugada,Fines de semana
3.8,1,0,0,10940,03094,Recta,Carretera,"Salida de la vía por la izquierda, otro tipo       ",,CV-760,Carretera Convencional de calzada única,Autonómica,Ascendente,Mojado,"Luz del día natural, solar",Lluvia débil,,Nivel blanco,,Sin especificar,Sin especificar,Sin especificar,Sin especificar,Sin especificar,Sin especificar,Sin especificar,2019,10,LUNES,14,Tarde,Dias laborables
0.3,1,0,0,10941,03094,Curva sin señalizar,Carretera,Fronto-lateral                                     ,,CV-763,Carretera Convencional de calzada única,Autonómica,Ascendente,Seco y limpio,"Luz del día natural, solar",Despejado,,Nivel blanco,,Sin especificar,Sin especificar,Sin especificar,Sin especificar,Sin especificar,Sin especificar,Sin especificar,2019,11,MIÉRCOLES,12,Tarde,Dias laborables
,1,0,0,10942,03094,No aplica,Calle,Otro tipo de accidente                             ,,No inventariada,Calle,Municipal,Se desconoce,Seco y limpio,"Luz del día natural, solar",Despejado,,Nivel verde,,Sin especificar,Sin especificar,Sin especificar,Sin especificar,Sin especificar,Sin especificar,Sin especificar,2019,4,MARTES,10,Mañana,Dias laborables
58.0,1,0,0,10943,03094,Recta,Travesía,Fronto-lateral                                     ,,CV-715,Carretera Convencional de calzada única,Autonómica,Ascendente,Seco y limpio,"Luz del día natural, solar",Despejado,,Nivel verde,,Sin especificar,Sin especificar,Sin especificar,Sin especificar,Sin especificar,Sin especificar,Sin especificar,2019,7,JUEVES,14,Tarde,Dias laborables
,1,0,0,10944,03094,No aplica,Calle,Fronto-lateral                                     ,,No inventariada,Calle,Municipal,Se desconoce,Seco y limpio,"Luz del día natural, solar",Despejado,,Nivel verde,,No,No,No,No,No,No,Sí,2019,5,MIÉRCOLES,13,Tarde,Dias laborables
43.3,1,0,0,10945,03094,Recta,Carretera,Fronto-lateral                                     ,CV-70,CV-70,Carretera Convencional de calzada única,Autonómica,Descendente,Seco y limpio,Sin luz natural y con iluminación artificial encen,Despejado,,Nivel verde,,No,No,Sí,No,No,No,No,2019,12,LUNES,18,Noche,Dias laborables
44.2,1,0,0,10946,03094,Curva señalizada,Carretera,Fronto-lateral                                     ,CV-70,CV-70,Carretera Convencional de calzada única,Autonómica,Ascendente,Seco y limpio,Sin luz natural y con iluminación artificial encen,Despejado,,Sin especificar,,No,No,No,No,No,Sí,No,2019,12,MIÉRCOLES,22,Noche,Dias laborables
46.1,1,0,0,10947,03094,Curva señalizada,Carretera,Fronto-lateral                                     ,,CV-70,Carretera Convencional de calzada única,Autonómica,Descendente,Seco y limpio,Sin luz natural y con iluminación artificial encen,Despejado,,Nivel blanco,,No,No,No,No,No,No,No,2019,12,SÁBADO,20,Noche,Fines de semana
4.0,1,0,0,10948,03094,Recta,Carretera,Salida de la vía por la derecha con vuelco         ,,CV-760,Carretera Convencional de calzada única,"Provincial, Cabildo/Consell",Ascendente,Seco y limpio,"Luz del día natural, solar",Despejado,,Nivel blanco,,Sin especificar,Sin especificar,Sin especificar,Sin especificar,Sin especificar,Sin especificar,Sin especificar,2019,12,DOMINGO,11,Mañana,Fines de semana
47.3,1,0,0,10949,03094,Recta,Carretera,Por alcance                                        ,,CV-70,Carretera Convencional de calzada única,Autonómica,Ascendente,Seco y limpio,"Luz del día natural, solar",Despejado,,Nivel blanco,,No,No,No,No,No,No,No,2019,12,MARTES,13,Tarde,Dias laborables
196.3,1,0,0,10950,03095,Curva señalizada,Carretera,Salida de la vía por la izquierda con vuelco       ,,N-332,Carretera Convencional de calzada única,Estatal,Ascendente,Seco y limpio,"Luz del día natural, solar",Despejado,,Nivel blanco,,No,No,No,No,No,No,No,2019,2,JUEVES,13,Tarde,Dias laborables
1.5,1,0,0,10951,03095,Recta,Carretera,Colisión contra obstáculo o elemento de la vía     ,,CV-7221,Carretera Convencional de calzada única,Municipal,Descendente,Seco y limpio,"Luz del día natural, solar",Nublado,,Nivel blanco,,Sin especificar,Sin especificar,Sin especificar,Sin especificar,Sin especificar,Sin especificar,Sin especificar,2019,4,SÁBADO,11,Mañana,Fines de semana
197.2,0,0,1,10952,03095,Curva señalizada,Carretera,Vuelco                                             ,,N-332,Ramal de enlace,Estatal,Descendente,Seco y limpio,"Luz del día natural, solar",Despejado,,Nivel blanco,,Sin especificar,Sin especificar,Sin especificar,Sin especificar,Sin especificar,Sin especificar,Sin especificar,2019,6,DOMINGO,13,Tarde,Fines de semana
608.7,4,0,0,10953,03095,Recta,Carretera,Múltiple o en caravana                             ,,AP-7,Autopista de peaje,Estatal,Ascendente,Seco y limpio,"Luz del día natural, solar",Despejado,,Nivel rojo,,No,No,No,No,No,No,No,2019,6,SÁBADO,12,Tarde,Fines de semana
0.1,2,0,0,10954,03095,Curva señalizada,Carretera,Por alcance                                        ,CV-725,CV-725,Carretera Convencional de calzada única,Autonómica,Ascendente,Seco y limpio,"Luz del día natural, solar",Despejado,,Nivel blanco,,No,No,No,No,No,No,Sí,2019,7,VIERNES,16,Tarde,Dias laborables
0.0,2,0,0,10955,03095,Curva señalizada,Carretera,Por alcance                                        ,,CV-725,Carretera Convencional de calzada única,Autonómica,Ascendente,Seco y limpio,"Luz del día natural, solar",Despejado,,Nivel verde,,No,No,No,Sí,No,No,Sí,2019,12,DOMINGO,14,Tarde,Fines de semana
3.0,1,0,0,10956,03096,Recta,Carretera,Salida de la vía por la derecha con colisión       ,,CV-802,Carretera Convencional de calzada única,"Provincial, Cabildo/Consell",Ambos,Seco y limpio,Sin luz natural ni artificial,Despejado,,Nivel blanco,,Sin especificar,Sin especificar,Sin especificar,Sin especificar,Sin especificar,Sin especificar,Sin especificar,2019,1,VIERNES,20,Noche,Dias laborables
0.9,1,0,0,10957,03096,Curva señalizada,Carretera,Salida de la vía por la izquierda con vuelco       ,,No inventariada,Carretera Convencional de calzada única,Municipal,Ascendente,Seco y limpio,Sin luz natural y con iluminación artificial encen,Despejado,,Nivel blanco,,No,No,Sí,No,No,Sí,No,2019,2,LUNES,3,Madrugada,Dias laborables
1.9,4,0,0,10958,03096,Recta,Carretera,Frontal                                            ,,CV-815,Carretera Convencional de calzada única,Autonómica,Descendente,Seco y limpio,Sin luz natural ni artificial,Despejado,,Nivel blanco,,Sin especificar,Sin especificar,Sin especificar,Sin especificar,Sin especificar,Sin especificar,Sin especificar,2019,8,SÁBADO,23,Noche,Fines de semana
4.3,1,0,0,10959,03096,Curva señalizada,Carretera,Fronto-lateral                                     ,,CV-803,Carretera Convencional de calzada única,"Provincial, Cabildo/Consell",Descendente,Seco y limpio,"Luz del día natural, solar",Despejado,,Nivel blanco,,Sin especificar,Sin especificar,Sin especificar,Sin especificar,Sin especificar,Sin especificar,Sin especificar,2019,11,SÁBADO,10,Mañana,Fines de semana
21.8,1,0,0,10960,00000,Curva señalizada,Carretera,Vuelco                                             ,,CV-715,Carretera Convencional de calzada única,Autonómica,Descendente,Seco y limpio,"Luz del día natural, solar",Despejado,,Nivel blanco,,Sin especificar,Sin especificar,Sin especificar,Sin especificar,Sin especificar,Sin especificar,Sin especificar,2019,7,SÁBADO,11,Mañana,Fines de semana
21.5,2,0,0,10961,00000,Recta,Carretera,Múltiple o en caravana                             ,,CV-715,Carretera Convencional de calzada única,Autonómica,Descendente,Seco y limpio,"Luz del día natural, solar",Despejado,,Nivel verde,,Sin especificar,Sin especificar,Sin especificar,Sin especificar,Sin especificar,Sin especificar,Sin especificar,2019,7,JUEVES,12,Tarde,Dias laborables
21.1,3,0,0,10962,00000,Curva señalizada,Carretera,Fronto-lateral                                     ,,CV-715,Carretera Convencional de calzada única,Autonómica,Ascendente,Seco y limpio,"Luz del día natural, solar",Despejado,,Nivel blanco,,Sin especificar,Sin especificar,Sin especificar,Sin especificar,Sin especificar,Sin especificar,Sin especificar,2019,8,VIERNES,19,Noche,Dias laborables
21.0,0,1,0,10963,00000,Curva sin señalizar,Carretera,Fronto-lateral                                     ,,CV-715,Carretera Convencional de calzada única,Autonómica,Descendente,Seco y limpio,"Luz del día natural, solar",Despejado,,Nivel blanco,,No,No,No,No,No,No,No,2019,10,DOMINGO,10,Mañana,Fines de semana
4.0,1,0,0,10964,03099,Recta,Carretera,Otro tipo de accidente                             ,,CV-915,Carretera Convencional de calzada única,Autonómica,Ascendente,Seco y limpio,"Luz del día natural, solar",Despejado,,Nivel verde,,No,No,Sí,No,No,Sí,No,2019,1,MIÉRCOLES,11,Mañana,Dias laborables
89.0,3,0,0,10965,03099,Recta,Carretera,Frontal                                            ,,CV-9220,Carretera Convencional de calzada única,"Provincial, Cabildo/Consell",Ambos,Seco y limpio,"Luz del día natural, solar",Despejado,,Nivel blanco,,Sin especificar,Sin especificar,Sin especificar,Sin especificar,Sin especificar,Sin especificar,Sin especificar,2019,1,MARTES,13,Tarde,Dias laborables
52.7,2,0,0,10966,03099,Recta,Carretera,Lateral                                            ,,N-332,Carretera Convencional de calzada única,Estatal,Ascendente,Seco y limpio,"Luz del día natural, solar",Despejado,,Nivel blanco,,No,No,No,No,No,Sí,No,2019,1,DOMINGO,16,Tarde,Fines de semana