KM,TOTAL_HL24H,TOTAL_HG24H,TOTAL_MU24H,id,COD_MUNICIPIO,TRAZADO_PLANTA,ZONA,TIPO_ACCIDENTE,CARRETERA_CRUCE,CARRETERA,TIPO_VIA,TITULARIDAD_VIA,SENTIDO_1F,CONDICION_FIRME,CONDICION_ILUMINACION,CONDICION_METEO,CONDICION_NIEBLA,CONDICION_NIVEL_CIRCULA,CONDICION_VIENTO,PRIORI_AGENTE,PRIORI_CIRCUNSTANCIAL,PRIORI_HORIZ_CEDA,PRIORI_HORIZ_STOP,PRIORI_SEMAFORO,PRIORI_VERT_CEDA,PRIORI_VERT_STOP,ANYO,MES,DIA,HORA,FRANJA_HORARIA,TIPO_DIA
7.5,0,0,1,11137,03099,Recta,Carretera,Atropello a personas                               ,,CV-91,Carretera Convencional de calzada única,Autonómica,Descendente,Seco y limpio,Sin luz natural ni artificial,Despejado,,Nivel blanco,,Sin especificar,Sin especificar,Sin especificar,Sin especificar,Sin especificar,Sin especificar,Sin especificar,2019,12,LUNES,6,Mañana,Dias laborables
3.4,1,0,0,11138,03099,Recta,Carretera,Fronto-lateral                                     ,,CTRA TUBOS,Vía de servicio,Otra,Descendente,Seco y limpio,"Luz del día natural, solar",Nublado,,Nivel blanco,,No,No,No,No,No,No,Sí,2019,12,LUNES,10,Mañana,Dias laborables
46.9,0,1,0,11139,03099,Recta,Carretera,Por alcance                                        ,,N-332,Carretera Convencional de doble calzada,Estatal,Descendente,Seco y limpio,"Luz del día natural, solar",Despejado,,Nivel blanco,,Sin especificar,Sin especificar,Sin especificar,Sin especificar,Sin especificar,Sin especificar,Sin especificar,2019,12,DOMINGO,9,Mañana,Fines de semana
1.95,3,0,0,11140,03099,Recta,Carretera,Frontal                                            ,,CV-930,Carretera Convencional de calzada única,Autonómica,Ambos,Mojado,"Luz del día natural, solar",Lluvia débil,,Nivel blanco,,Sin especificar,Sin especificar,Sin especificar,Sin especificar,Sin especificar,Sin especificar,Sin especificar,2019,12,VIERNES,16,Tarde,Dias laborables
50.0,2,0,0,11141,03099,Curva señalizada,Carretera,Fronto-lateral                                     ,,N-332,Carretera Convencional de calzada única,Estatal,Ascendente,Seco y limpio,"Luz del día natural, solar",Despejado,,Nivel blanco,,No,No,Sí,No,No,Sí,No,2019,12,MIÉRCOLES,9,Mañana,Dias laborables
4.3,2,0,0,11142,03099,Curva señalizada,Carretera,Salida de la vía por la derecha con vuelco         ,,CV-923,Carretera Convencional de calzada única,"Provincial, Cabildo/Consell",Descendente,Seco y limpio,"Luz del día natural, solar",Despejado,,Nivel blanco,,Sin especificar,Sin especificar,Sin especificar,Sin especificar,Sin especificar,Sin especificar,Sin especificar,2019,12,MARTES,16,Tarde,Dias laborables
25.5,0,0,1,11143,00000,Curva señalizada,Carretera,Salida de la vía por la derecha con despeñamiento  ,,CV-715,Carretera Convencional de doble calzada,Autonómica,Ascendente,Seco y limpio,Sin luz natural ni artificial,Despejado,,Nivel blanco,,Sin especificar,Sin especificar,Sin especificar,Sin especificar,Sin especificar,Sin especificar,Sin especificar,2019,2,SÁBADO,5,Madrugada,Fines de semana
30.0,1,0,0,11144,00000,Curva señalizada,Carretera,Salida de la vía por la derecha otro tipo          ,,CV-715,Carretera Convencional de calzada única,Autonómica,Descendente,Seco y limpio,"Luz del día natural, solar",Despejado,,Sin especificar,,Sin especificar,Sin especificar,Sin especificar,Sin especificar,Sin especificar,Sin especificar,Sin especificar,2019,12,DOMINGO,9,Mañana,Fines de semana
0.8,1,1,0,11145,03101,Curva señalizada,Carretera,Fronto-lateral                                     ,,CV-724,Carretera Convencional de calzada única,Autonómica,Descendente,Seco y limpio,"Luz del día natural, solar",Despejado,,Nivel blanco,,Sin especificar,Sin especificar,Sin especificar,Sin especificar,Sin especificar,Sin especificar,Sin especificar,2019,1,JUEVES,14,Tarde,Dias laborables
2.8,1,0,0,11146,03101,Curva señalizada,Carretera,Salida de la vía por la derecha con vuelco         ,,CV-732,Carretera Convencional de calzada única,"Provincial, Cabildo/Consell",Ascendente,Seco y limpio,Sin luz natural ni artificial,Despejado,,Nivel blanco,,Sin especificar,Sin especificar,Sin especificar,Sin especificar,Sin especificar,Sin especificar,Sin especificar,2019,3,VIERNES,22,Noche,Dias laborables
,1,0,0,11147,03101,No aplica,Calle,Atropello a personas                               ,,No inventariada,Calle,"Provincial, Cabildo/Consell",Se desconoce,Seco y limpio,"Luz del día natural, solar",Despejado,,Nivel verde,,No,No,No,Sí,No,No,Sí,2019,4,JUEVES,13,Tarde,Dias laborables
,2,0,0,11148,03101,No aplica,Calle,Lateral                                            ,,No inventariada,Calle,"Provincial, Cabildo/Consell",Se desconoce,Seco y limpio,"Amanecer o atardecer, sin luz artificial",Despejado,,Nivel blanco,,No,No,No,No,No,No,No,2019,4,DOMINGO,19,Noche,Fines de semana
,1,0,0,11149,03101,No aplica,Calle,Fronto-lateral                                     ,,No inventariada,Calle,Municipal,Se desconoce,Seco y limpio,"Luz del día natural, solar",Despejado,,Nivel blanco,,No,No,No,No,No,No,No,2019,6,DOMINGO,15,Tarde,Fines de semana
193.6,2,0,0,11150,03101,Recta,Carretera,Múltiple o en caravana                             ,,N-332,Carretera Convencional de calzada única,Estatal,Ambos,Seco y limpio,"Luz del día natural, solar",Despejado,,Nivel verde,,Sin especificar,Sin especificar,Sin especificar,Sin especificar,Sin especificar,Sin especificar,Sin especificar,2019,6,VIERNES,12,Tarde,Dias laborables
192.95,3,0,0,11151,03101,Recta,Carretera,Fronto-lateral                                     ,,N-332,Carretera Convencional de calzada única,Estatal,Ascendente,Seco y limpio,"Luz del día natural, solar",Despejado,,Nivel blanco,,No,No,No,No,No,No,No,2019,6,DOMINGO,11,Mañana,Fines de semana
0.4,1,0,0,11152,03101,Recta,Carretera,Atropello a animales                               ,,CV-724,Carretera Convencional de calzada única,Autonómica,Ascendente,Seco y limpio,"Luz del día natural, solar",Despejado,,Nivel verde,,Sin especificar,Sin especificar,Sin especificar,Sin especificar,Sin especificar,Sin especificar,Sin especificar,2019,7,MARTES,6,Mañana,Dias laborables
,1,0,0,11153,03101,No aplica,Calle,Por alcance                                        ,,No inventariada,Calle,Autonómica,Se desconoce,Seco y limpio,"Luz del día natural, solar",Despejado,,Nivel blanco,,No,No,No,No,No,No,No,2019,7,MARTES,20,Noche,Dias laborables
,1,0,0,11154,03101,No aplica,Calle,Lateral                                            ,,No inventariada,Calle,"Provincial, Cabildo/Consell",Se desconoce,Seco y limpio,"Luz del día natural, solar",Despejado,,Nivel amarillo,,No,No,No,Sí,No,No,Sí,2019,7,DOMINGO,12,Tarde,Fines de semana
,2,0,0,11155,03101,No aplica,Calle,Salida de la vía por la derecha con despeñamiento  ,,No inventariada,Calle,Municipal,Se desconoce,Seco y limpio,"Luz del día natural, solar",Despejado,,Nivel blanco,,Sin especificar,Sin especificar,Sin especificar,Sin especificar,Sin especificar,Sin especificar,Sin especificar,2019,8,JUEVES,20,Noche,Dias laborables
,1,0,0,11156,03101,No aplica,Calle,Atropello a personas                               ,,No inventariada,Calle,Municipal,Se desconoce,Mojado,Sin luz natural y con iluminación artificial encen,Nublado,,Nivel blanco,,No,No,No,Sí,No,No,Sí,2019,10,LUNES,20,Noche,Dias laborables
8.0,1,0,0,11157,03101,Curva sin señalizar,Carretera,Salida de la vía por la derecha otro tipo          ,,CV-732,Carretera Convencional de calzada única,"Provincial, Cabildo/Consell",Ascendente,Seco y limpio,Sin luz natural ni artificial,Despejado,,Nivel blanco,,Sin especificar,Sin especificar,Sin especificar,Sin especificar,Sin especificar,Sin especificar,Sin especificar,2019,12,LUNES,21,Noche,Dias laborables
,1,0,0,11158,03101,No aplica,Calle,Caída                                              ,,No inventariada,Calle,Municipal,Se desconoce,Seco y limpio,Sin luz natural y con iluminación artificial encen,Despejado,,Nivel verde,,No,No,Sí,No,No,Sí,No,2019,12,JUEVES,2,Madrugada,Dias laborables
6.5,0,0,1,11159,03102,Recta,Carretera,Salida de la vía por la derecha con colisión       ,,CV-715,Carretera Convencional de calzada única,Autonómica,Descendente,Seco y limpio,"Luz del día natural, solar",Despejado,,Nivel blanco,,Sin especificar,Sin especificar,Sin especificar,Sin especificar,Sin especificar,Sin especificar,Sin especificar,2019,1,JUEVES,11,Mañana,Dias laborables
21.9,1,0,0,11160,03102,Curva señalizada,Carretera,Lateral                                            ,,CV-712,Carretera Convencional de calzada única,"Provincial, Cabildo/Consell",Descendente,Mojado,"Luz del día natural, solar",Nublado,,Nivel blanco,,Sin especificar,Sin especificar,Sin especificar,Sin especificar,Sin especificar,Sin especificar,Sin especificar,2019,2,VIERNES,12,Tarde,Dias laborables
62.0,1,0,0,11161,03102,Recta,Carretera,Caída                                              ,,CV-700,Carretera Convencional de calzada única,Autonómica,Ascendente,Seco y limpio,"Luz del día natural, solar",Despejado,,Nivel blanco,,Sin especificar,Sin especificar,Sin especificar,Sin especificar,Sin especificar,Sin especificar,Sin especificar,2019,3,DOMINGO,11,Mañana,Fines de semana
57.8,1,0,0,11162,03102,Recta,Carretera,Frontal                                            ,,CV-700,Carretera Convencional de calzada única,Autonómica,Descendente,Seco y limpio,"Luz del día natural, solar",Despejado,,Nivel verde,,Sin especificar,Sin especificar,Sin especificar,Sin especificar,Sin especificar,Sin especificar,Sin especificar,2019,7,LUNES,17,Tarde,Dias laborables
,1,0,0,11163,03102,No aplica,Calle,Atropello a personas                               ,,No inventariada,Calle,Municipal,Se desconoce,Seco y limpio,"Luz del día natural, solar",Despejado,,Nivel verde,,No,No,No,Sí,No,No,Sí,2019,2,MIÉRCOLES,10,Mañana,Dias laborables
,1,0,0,11164,03102,No aplica,Calle,Atropello a personas                               ,,No inventariada,Calle,Municipal,Se desconoce,Seco y limpio,"Luz del día natural, solar",Despejado,,Nivel verde,,Sin especificar,Sin especificar,Sin especificar,Sin especificar,Sin especificar,Sin especificar,Sin especificar,2019,5,MARTES,18,Noche,Dias laborables
,1,0,0,11165,03102,No aplica,Calle,Fronto-lateral                                     ,,No inventariada,Calle,Municipal,Se desconoce,Seco y limpio,"Luz del día natural, solar",Despejado,,Nivel verde,,No,No,No,No,No,No,No,2019,5,JUEVES,10,Mañana,Dias laborables
,2,0,0,11166,03102,No aplica,Calle,Fronto-lateral                                     ,CV-678,No inventariada,Calle,Municipal,Se desconoce,Seco y limpio,"Luz del día natural, solar",Despejado,,Nivel verde,,No,No,No,No,No,No,No,2019,7,VIERNES,9,Mañana,Dias laborables
,1,0,0,11167,03102,No aplica,Calle,Fronto-lateral                                     ,,No inventariada,Calle,Municipal,Se desconoce,Seco y limpio,"Luz del día natural, solar",Despejado,,Nivel verde,,No,No,No,Sí,No,No,Sí,2019,8,JUEVES,17,Tarde,Dias laborables
,0,1,0,11168,03102,No aplica,Calle,Frontal                                            ,,No inventariada,Calle,Municipal,Se desconoce,Seco y limpio,"Luz del día natural, solar",Despejado,,Nivel amarillo,,Sin especificar,Sin especificar,Sin especificar,Sin especificar,Sin especificar,Sin especificar,Sin especificar,2019,9,LUNES,18,Noche,Dias laborables
58.8,1,0,0,11169,03102,Recta,Carretera,Salida de la vía por la derecha con vuelco         ,,CV-700,Carretera Convencional de calzada única,Autonómica,Descendente,Seco y limpio,Sin luz natural y con iluminación artificial encen,Despejado,,Nivel blanco,,No,No,Sí,No,No,Sí,No,2019,10,LUNES,1,Madrugada,Dias laborables
,1,0,0,11170,03102,No aplica,Calle,Atropello a personas                               ,,No inventariada,Calle,Municipal,Se desconoce,Seco y limpio,"Luz del día natural, solar",Despejado,,Nivel verde,,Sin especificar,Sin especificar,Sin especificar,Sin especificar,Sin especificar,Sin especificar,Sin especificar,2019,10,MARTES,13,Tarde,Dias laborables
5.0,1,1,0,11171,03102,Recta,Carretera,Frontal                                            ,,CV-678,Carretera Convencional de calzada única,"Provincial, Cabildo/Consell",Descendente,Seco y limpio,"Luz del día natural, solar",Despejado,,Nivel blanco,,No,No,No,No,No,No,No,2019,12,SÁBADO,15,Tarde,Fines de semana
61.3,1,0,0,11172,03102,Recta,Carretera,Salida de la vía por la derecha con despeñamiento  ,,CV-700,Carretera Convencional de calzada única,Autonómica,Descendente,Seco y limpio,"Luz del día natural, solar",Despejado,,Nivel blanco,,Sin especificar,Sin especificar,Sin especificar,Sin especificar,Sin especificar,Sin especificar,Sin especificar,2019,12,DOMINGO,9,Mañana,Fines de semana
18.3,1,0,0,11173,00000,Recta,Carretera,Por alcance                                        ,,CV-785,Carretera Convencional de calzada única,"Provincial, Cabildo/Consell",Ascendente,Mojado,"Luz del día natural, solar",Nublado,,Nivel blanco,,No,No,No,No,No,No,Sí,2019,9,SÁBADO,14,Tarde,Fines de semana
207.2,1,0,0,11174,03104,Recta,Carretera,Salida de la vía por la derecha con vuelco         ,,A-31,Autovía,Estatal,Descendente,Seco y limpio,"Amanecer o atardecer, sin luz artificial",Despejado,,Nivel verde,,Sin especificar,Sin especificar,Sin especificar,Sin especificar,Sin especificar,Sin especificar,Sin especificar,2019,1,MARTES,18,Noche,Dias laborables
207.5,4,0,0,11175,03104,Curva señalizada,Carretera,Múltiple o en caravana                             ,,A-31,Autovía,Estatal,Descendente,Seco y limpio,Sin luz natural ni artificial,Despejado,,Nivel amarillo,,Sin especificar,Sin especificar,Sin especificar,Sin especificar,Sin especificar,Sin especificar,Sin especificar,2019,1,MARTES,19,Noche,Dias laborables
,1,0,0,11176,03104,No aplica,Calle,Fronto-lateral                                     ,,No inventariada,Calle,Municipal,Se desconoce,Seco y limpio,Sin luz natural y con iluminación artificial encen,Despejado,,Nivel blanco,,No,No,No,No,No,No,No,2019,1,VIERNES,19,Noche,Dias laborables
,1,0,0,11177,03104,No aplica,Calle,Atropello a personas                               ,,No inventariada,Calle,Municipal,Se desconoce,Seco y limpio,"Luz del día natural, solar",Despejado,,Nivel blanco,,No,No,No,No,No,No,No,2019,1,LUNES,16,Tarde,Dias laborables
,1,0,0,11178,03104,No aplica,Calle,Atropello a personas                               ,,No inventariada,Calle,Municipal,Se desconoce,Seco y limpio,"Luz del día natural, solar",Despejado,,Nivel verde,,No,No,No,No,No,No,No,2019,1,MARTES,11,Mañana,Dias laborables
,1,0,0,11179,03104,No aplica,Calle,Por alcance                                        ,,No inventariada,Calle,Municipal,Se desconoce,Seco y limpio,Sin luz natural y con iluminación artificial encen,Nublado,,Nivel verde,,Sin especificar,Sin especificar,Sin especificar,Sin especificar,Sin especificar,Sin especificar,Sin especificar,2019,1,SÁBADO,20,Noche,Fines de semana
,2,0,0,11180,03104,No aplica,Calle,Por alcance                                        ,,No inventariada,Calle,Municipal,Se desconoce,Seco y limpio,"Luz del día natural, solar",Despejado,,Nivel verde,,Sin especificar,Sin especificar,Sin especificar,Sin especificar,Sin especificar,Sin especificar,Sin especificar,2019,2,MARTES,17,Tarde,Dias laborables
,1,0,0,11181,03104,No aplica,Calle,Por alcance                                        ,,No inventariada,Calle,Municipal,Se desconoce,Seco y limpio,"Luz del día natural, solar",Despejado,,Nivel blanco,,Sin especificar,Sin especificar,Sin especificar,Sin especificar,Sin especificar,Sin especificar,Sin especificar,2019,2,DOMINGO,14,Tarde,Fines de semana
,1,0,0,11182,03104,No aplica,Calle,Fronto-lateral                                     ,,No inventariada,Calle,Municipal,Se desconoce,Seco y limpio,"Luz del día natural, solar",Despejado,,Nivel blanco,,No,No,No,No,No,Sí,No,2019,2,MARTES,13,Tarde,Dias laborables
207.7,1,0,0,11183,03104,Curva señalizada,Carretera,Salida de la vía por la derecha con vuelco         ,,A-31,Autovía,Estatal,Ascendente,Seco y limpio,"Luz del día natural, solar",Despejado,,Nivel verde,,No,No,No,No,No,Sí,No,2019,2,SÁBADO,15,Tarde,Fines de semana
199.7,2,0,0,11184,03104,Recta,Carretera,Atropello a animales                               ,,A-31,Autovía,Estatal,Descendente,Seco y limpio,"Luz del día natural, solar",Despejado,,Nivel amarillo,,Sin especificar,Sin especificar,Sin especificar,Sin especificar,Sin especificar,Sin especificar,Sin especificar,2019,3,LUNES,15,Tarde,Dias laborables
,1,0,0,11185,03104,No aplica,Calle,Lateral                                            ,,No inventariada,Calle,Municipal,Se desconoce,Seco y limpio,Sin luz natural y con iluminación artificial encen,Despejado,,Nivel blanco,,No,No,Sí,No,No,Sí,No,2019,3,JUEVES,21,Noche,Dias laborables
,1,0,0,11186,03104,No aplica,Calle,Otro tipo de accidente                             ,,No inventariada,Calle,Municipal,Se desconoce,Seco y limpio,Sin luz natural y con iluminación artificial encen,Despejado,,Nivel blanco,,No,No,No,No,No,No,No,2019,3,LUNES,22,Noche,Dias laborables
,1,0,0,11187,03104,No aplica,Calle,Atropello a personas                               ,,No inventariada,Calle,Municipal,Se desconoce,Seco y limpio,"Luz del día natural, solar",Despejado,,Nivel verde,,Sin especificar,Sin especificar,Sin especificar,Sin especificar,Sin especificar,Sin especificar,Sin especificar,2019,3,LUNES,17,Tarde,Dias laborables
201.8,1,0,0,11188,03104,Curva señalizada,Carretera,Por alcance                                        ,,A-31,Autovía,Estatal,Ascendente,Seco y limpio,Sin luz natural ni artificial,Despejado,,Nivel blanco,,Sin especificar,Sin especificar,Sin especificar,Sin especificar,Sin especificar,Sin especificar,Sin especificar,2019,3,MARTES,20,Noche,Dias laborables
,1,0,0,11189,03104,No aplica,Calle,Atropello a personas                               ,,No inventariada,Calle,Municipal,Se desconoce,Seco y limpio,Sin luz natural y con iluminación artificial encen,Despejado,,Nivel blanco,,No,No,No,No,No,No,No,2019,3,VIERNES,21,Noche,Dias laborables
,1,0,0,11190,03104,No aplica,Calle,Atropello a personas                               ,,No inventariada,Calle,Municipal,Se desconoce,Mojado,Sin luz natural y con iluminación artificial encen,Lluvia débil,,Nivel verde,,No,No,No,No,No,No,No,2019,4,LUNES,20,Noche,Dias laborables
,1,0,0,11191,03104,No aplica,Calle,Fronto-lateral                                     ,,No inventariada,Calle,Municipal,Se desconoce,Seco y limpio,"Luz del día natural, solar",Despejado,,Nivel blanco,,No,No,No,No,No,No,No,2019,4,JUEVES,10,Mañana,Dias laborables
,1,0,0,11192,03104,No aplica,Calle,Lateral                                            ,,No inventariada,Calle,Municipal,Se desconoce,Seco y limpio,"Luz del día natural, solar",Despejado,,Nivel blanco,,No,No,No,No,No,No,No,2019,4,MIÉRCOLES,18,Noche,Dias laborables
4.4,1,0,0,11193,03104,Curva sin señalizar,Carretera,Salida de la vía por la izquierda con vuelco       ,,No inventariada,Camino vecinal,"Provincial, Cabildo/Consell",Descendente,Con barro o gravilla suelta,"Luz del día natural, solar",Despejado,,Nivel blanco,,Sin especificar,Sin especificar,Sin especificar,Sin especificar,Sin especificar,Sin especificar,Sin especificar,2019,5,MIÉRCOLES,20,Noche,Dias laborables
,1,0,0,11194,03104,No aplica,Calle,Lateral                                            ,,No inventariada,Calle,Municipal,Se desconoce,Seco y limpio,"Luz del día natural, solar",Despejado,,Nivel blanco,,No,No,No,No,No,No,No,2019,4,LUNES,11,Mañana,Dias laborables
203.4,0,1,0,11195,03104,Curva señalizada,Carretera,Salida de la vía por la izquierda con colisión     ,,A-31,Autovía,Estatal,Ascendente,Seco y limpio,"Luz del día natural, solar",Despejado,,Nivel blanco,,Sin especificar,Sin especificar,Sin especificar,Sin especificar,Sin especificar,Sin especificar,Sin especificar,2019,6,DOMINGO,12,Tarde,Fines de semana
205.4,1,0,0,11196,03104,Recta,Carretera,Fronto-lateral                                     ,,A-31,Autovía,Estatal,Descendente,Seco y limpio,"Luz del día natural, solar",Despejado,,Nivel blanco,,Sin especificar,Sin especificar,Sin especificar,Sin especificar,Sin especificar,Sin especificar,Sin especificar,2019,6,LUNES,9,Mañana,Dias laborables
205.8,1,0,0,11197,03104,Curva señalizada,Carretera,"Salida de la vía por la izquierda, otro tipo       ",,A-31,Autovía,Estatal,Descendente,Seco y limpio,"Luz del día natural, solar",Despejado,,Nivel blanco,,Sin especificar,Sin especificar,Sin especificar,Sin especificar,Sin especificar,Sin especificar,Sin especificar,2019,6,MIÉRCOLES,12,Tarde,Dias laborables
203.5,1,0,0,11198,03104,Curva sin señalizar,Carretera,"Salida de la vía por la izquierda, otro tipo       ",,A-31,Autovía,Estatal,Ascendente,Seco y limpio,Sin luz natural y con iluminación artificial no en,Despejado,,Nivel blanco,,Sin especificar,Sin especificar,Sin especificar,Sin especificar,Sin especificar,Sin especificar,Sin especificar,2019,6,DOMINGO,22,Noche,Fines de semana
201.4,0,1,0,11199,03104,Curva sin señalizar,Carretera,Salida de la vía por la derecha con colisión       ,,A-31,Vía de servicio,Estatal,Descendente,Seco y limpio,"Luz del día natural, solar",Despejado,,Nivel blanco,,Sin especificar,Sin especificar,Sin especificar,Sin especificar,Sin especificar,Sin especificar,Sin especificar,2019,7,MARTES,15,Tarde,Dias laborables
208.1,2,0,0,11200,03104,Recta,Carretera,Por alcance                                        ,,A-31,Autovía,Estatal,Ascendente,Seco y limpio,"Luz del día natural, solar",Despejado,,Nivel blanco,,Sin especificar,Sin especificar,Sin especificar,Sin especificar,Sin especificar,Sin especificar,Sin especificar,2019,7,LUNES,9,Mañana,Dias laborables
199.7,2,0,0,11201,03104,Recta,Carretera,Salida de la vía por la derecha otro tipo          ,,A-31,Autovía,Estatal,Ascendente,Seco y limpio,Sin luz natural y con iluminación artificial encen,Despejado,,Nivel blanco,,Sin especificar,Sin especificar,Sin especificar,Sin especificar,Sin especificar,Sin especificar,Sin especificar,2019,8,VIERNES,20,Noche,Dias laborables
,1,0,0,11202,03104,No aplica,Calle,Atropello a personas                               ,,No inventariada,Calle,Municipal,Se desconoce,Seco y limpio,"Luz del día natural, solar",Despejado,,Nivel blanco,,No,No,No,No,No,No,No,2019,5,VIERNES,8,Mañana,Dias laborables
,1,0,0,11203,03104,No aplica,Calle,Lateral                                            ,,No inventariada,Calle,Municipal,Se desconoce,Seco y limpio,"Luz del día natural, solar",Despejado,,Nivel blanco,,No,No,No,No,No,No,No,2019,4,LUNES,13,Tarde,Dias laborables
201.55,1,0,0,11204,03104,Curva señalizada,Carretera,"Salida de la vía por la izquierda, otro tipo       ",,A-31,Autovía,Estatal,Descendente,Mojado,Sin luz natural ni artificial,Lluvia débil,,Nivel blanco,,Sin especificar,Sin especificar,Sin especificar,Sin especificar,Sin especificar,Sin especificar,Sin especificar,2019,9,JUEVES,22,Noche,Dias laborables
200.1,2,0,0,11205,03104,Recta,Carretera,Lateral                                            ,,A-31,Autovía,Estatal,Descendente,Seco y limpio,Sin luz natural ni artificial,Despejado,,Nivel blanco,,Sin especificar,Sin especificar,Sin especificar,Sin especificar,Sin especificar,Sin especificar,Sin especificar,2019,9,MARTES,21,Noche,Dias laborables
,2,0,0,11206,03104,No aplica,Calle,Lateral                                            ,,No inventariada,Calle,Municipal,Se desconoce,Seco y limpio,"Luz del día natural, solar",Despejado,,Nivel verde,,No,No,No,No,No,Sí,No,2019,5,MARTES,17,Tarde,Dias laborables
0.1,1,0,0,11207,03104,Curva señalizada,Carretera,Por alcance                                        ,,CV-8370,Ramal de enlace,Municipal,Ascendente,Seco y limpio,Sin luz natural ni artificial,Despejado,,Nivel blanco,,No,No,No,No,No,No,No,2019,10,SÁBADO,22,Noche,Fines de semana
,1,0,0,11208,03104,No aplica,Calle,Por alcance                                        ,,No inventariada,Calle,Municipal,Se desconoce,Seco y limpio,"Luz del día natural, solar",Despejado,,Nivel verde,,No,No,No,No,No,Sí,No,2019,6,MIÉRCOLES,12,Tarde,Dias laborables
207.5,3,0,0,11209,03104,Recta,Carretera,Por alcance                                        ,,A-31,Autovía,Estatal,Ascendente,Seco y limpio,Sin luz natural ni artificial,Despejado,,Nivel blanco,,Sin especificar,Sin especificar,Sin especificar,Sin especificar,Sin especificar,Sin especificar,Sin especificar,2019,11,VIERNES,18,Noche,Dias laborables
205.35,1,0,0,11210,03104,Recta,Carretera,Salida de la vía por la derecha con colisión       ,,A-31,Autovía,Estatal,Descendente,Seco y limpio,Sin luz natural y con iluminación artificial no en,Despejado,,Nivel blanco,Viento fuerte,Sin especificar,Sin especificar,Sin especificar,Sin especificar,Sin especificar,Sin especificar,Sin especificar,2019,11,LUNES,21,Noche,Dias laborables
,1,0,0,11211,03104,No aplica,Calle,Atropello a personas                               ,,No inventariada,Calle,Municipal,Se desconoce,Seco y limpio,"Amanecer o atardecer, con luz artificial",Despejado,,Nivel verde,,No,No,No,No,No,No,No,2019,11,VIERNES,19,Noche,Dias laborables
,1,0,0,11212,03104,No aplica,Calle,Atropello a personas                               ,,No inventariada,Calle,Municipal,Se desconoce,Seco y limpio,"Luz del día natural, solar",Despejado,,Nivel blanco,,No,No,Sí,No,No,No,No,2019,11,SÁBADO,10,Mañana,Fines de semana
,1,0,0,11213,03104,No aplica,Calle,Por alcance                                        ,,No inventariada,Calle,Municipal,Se desconoce,Seco y limpio,"Luz del día natural, solar",Despejado,,Nivel blanco,,Sin especificar,Sin especificar,Sin especificar,Sin especificar,Sin especificar,Sin especificar,Sin especificar,2019,6,JUEVES,13,Tarde,Dias laborables
,1,0,0,11214,03104,No aplica,Calle,Lateral                                            ,,No inventariada,Calle,Municipal,Se desconoce,Seco y limpio,"Luz del día natural, solar",Despejado,,Nivel blanco,,No,No,No,No,No,No,No,2019,6,VIERNES,9,Mañana,Dias laborables
,2,0,0,11215,03104,No aplica,Calle,Lateral                                            ,,No inventariada,Calle,Municipal,Se desconoce,Seco y limpio,"Luz del día natural, solar",Despejado,,Nivel blanco,,No,No,No,No,No,No,No,2019,6,VIERNES,13,Tarde,Dias laborables
,1,0,0,11216,03104,No aplica,Calle,Fronto-lateral                                     ,,No inventariada,Calle,Municipal,Se desconoce,Seco y limpio,"Luz del día natural, solar",Despejado,,Nivel blanco,,Sin especificar,Sin especificar,Sin especificar,Sin especificar,Sin especificar,Sin especificar,Sin especificar,2019,4,SÁBADO,11,Mañana,Fines de semana
,1,0,0,11217,03104,No aplica,Calle,Otro tipo de accidente                             ,,No inventariada,Calle,Municipal,Se desconoce,Seco y limpio,"Luz del día natural, solar",Despejado,,Nivel blanco,,No,No,No,No,No,Sí,No,2019,7,MIÉRCOLES,20,Noche,Dias laborables
,1,0,0,11218,03104,No aplica,Calle,Frontal                                            ,,No inventariada,Calle,Municipal,Se desconoce,Seco y limpio,"Luz del día natural, solar",Despejado,,Nivel blanco,,Sin especificar,Sin especificar,Sin especificar,Sin especificar,Sin especificar,Sin especificar,Sin especificar,2019,7,MARTES,8,Mañana,Dias laborables
,1,0,0,11219,03104,No aplica,Calle,Por alcance                                        ,,No inventariada,Calle,Municipal,Se desconoce,Seco y limpio,"Luz del día natural, solar",Despejado,,Nivel blanco,,Sin especificar,Sin especificar,Sin especificar,Sin especificar,Sin especificar,Sin especificar,Sin especificar,2019,7,SÁBADO,14,Tarde,Fines de semana
,1,0,0,11220,03104,No aplica,Calle,Atropello a personas                               ,,No inventariada,Calle,Municipal,Se desconoce,Seco y limpio,"Luz del día natural, solar",Despejado,,Nivel blanco,,No,No,No,No,No,No,No,2019,8,SÁBADO,15,Tarde,Fines de semana
,1,0,0,11221,03104,No aplica,Calle,Lateral                                            ,,No inventariada,Calle,Municipal,Se desconoce,Seco y limpio,"Luz del día natural, solar",Despejado,,Nivel verde,,No,No,No,No,No,Sí,No,2019,11,VIERNES,13,Tarde,Dias laborables
,1,0,0,11222,03104,No aplica,Calle,Atropello a personas                               ,,No inventariada,Calle,Municipal,Se desconoce,Seco y limpio,"Luz del día natural, solar",Despejado,,Nivel blanco,,No,No,No,No,No,No,No,2019,9,MARTES,14,Tarde,Dias laborables
,1,0,0,11223,03104,No aplica,Calle,Lateral                                            ,,No inventariada,Calle,Municipal,Se desconoce,Seco y limpio,"Luz del día natural, solar",Despejado,,Nivel blanco,,No,No,No,No,No,No,No,2019,9,MIÉRCOLES,10,Mañana,Dias laborables
,1,0,0,11224,03104,No aplica,Calle,Lateral                                            ,,No inventariada,Calle,Municipal,Se desconoce,Seco y limpio,"Luz del día natural, solar",Despejado,,Nivel blanco,,No,No,No,No,No,No,No,2019,9,SÁBADO,22,Noche,Fines de semana