KM,TOTAL_HL24H,TOTAL_HG24H,TOTAL_MU24H,id,COD_MUNICIPIO,TRAZADO_PLANTA,ZONA,TIPO_ACCIDENTE,CARRETERA_CRUCE,CARRETERA,TIPO_VIA,TITULARIDAD_VIA,SENTIDO_1F,CONDICION_FIRME,CONDICION_ILUMINACION,CONDICION_METEO,CONDICION_NIEBLA,CONDICION_NIVEL_CIRCULA,CONDICION_VIENTO,PRIORI_AGENTE,PRIORI_CIRCUNSTANCIAL,PRIORI_HORIZ_CEDA,PRIORI_HORIZ_STOP,PRIORI_SEMAFORO,PRIORI_VERT_CEDA,PRIORI_VERT_STOP,ANYO,MES,DIA,HORA,FRANJA_HORARIA,TIPO_DIA
,2,0,0,11225,03104,No aplica,Calle,Salida de la vía por la derecha otro tipo          ,,No inventariada,Calle,Municipal,Se desconoce,Seco y limpio,"Luz del día natural, solar",Despejado,,Nivel blanco,,Sin especificar,Sin especificar,Sin especificar,Sin especificar,Sin especificar,Sin especificar,Sin especificar,2019,10,MARTES,19,Noche,Dias laborables
,1,0,0,11226,03104,No aplica,Calle,Atropello a personas                               ,,No inventariada,Calle,Municipal,Se desconoce,Seco y limpio,"Amanecer o atardecer, con luz artificial",Despejado,,Nivel verde,,Sin especificar,Sin especificar,Sin especificar,Sin especificar,Sin especificar,Sin especificar,Sin especificar,2019,5,VIERNES,22,Noche,Dias laborables
,2,0,0,11227,03104,No aplica,Calle,Por alcance                                        ,,No inventariada,Calle,Municipal,Se desconoce,Seco y limpio,"Luz del día natural, solar",Despejado,,Nivel verde,,No,No,No,No,No,No,No,2019,5,MIÉRCOLES,9,Mañana,Dias laborables
,1,0,0,11228,03104,No aplica,Calle,Caída                                              ,,No inventariada,Calle,Municipal,Se desconoce,Seco y limpio,"Luz del día natural, solar",Despejado,,Nivel blanco,,Sin especificar,Sin especificar,Sin especificar,Sin especificar,Sin especificar,Sin especificar,Sin especificar,2019,5,JUEVES,17,Tarde,Dias laborables
,3,0,0,11229,03104,No aplica,Calle,Por alcance                                        ,,No inventariada,Calle,Municipal,Se desconoce,Seco y limpio,"Luz del día natural, solar",Despejado,,Nivel amarillo,,No,No,No,No,No,No,No,2019,5,VIERNES,13,Tarde,Dias laborables
,1,0,0,11230,03104,No aplica,Calle,Lateral                                            ,,No inventariada,Calle,Municipal,Se desconoce,Seco y limpio,"Luz del día natural, solar",Despejado,,Nivel blanco,,No,No,No,No,No,No,No,2019,10,MIÉRCOLES,7,Mañana,Dias laborables
,1,0,0,11231,03104,No aplica,Calle,Fronto-lateral                                     ,,No inventariada,Calle,Municipal,Se desconoce,Seco y limpio,"Luz del día natural, solar",Despejado,,Nivel verde,,Sin especificar,Sin especificar,Sin especificar,Sin especificar,Sin especificar,Sin especificar,Sin especificar,2019,6,VIERNES,18,Noche,Dias laborables
,1,0,0,11232,03104,No aplica,Calle,Fronto-lateral                                     ,,No inventariada,Calle,Municipal,Se desconoce,Seco y limpio,"Amanecer o atardecer, con luz artificial",Despejado,,Nivel blanco,,No,No,No,No,No,No,Sí,2019,8,SÁBADO,1,Madrugada,Fines de semana
,1,0,0,11233,03104,No aplica,Calle,Lateral                                            ,,No inventariada,Calle,Municipal,Se desconoce,Seco y limpio,"Luz del día natural, solar",Despejado,,Nivel blanco,,No,No,No,No,No,Sí,No,2019,10,MIÉRCOLES,19,Noche,Dias laborables
,1,0,0,11234,03104,No aplica,Calle,Otro tipo de accidente                             ,,No inventariada,Calle,Municipal,Se desconoce,Seco y limpio,"Amanecer o atardecer, con luz artificial",Despejado,,Nivel verde,,No,No,No,No,No,Sí,No,2019,9,SÁBADO,20,Noche,Fines de semana
,1,0,0,11235,03104,No aplica,Calle,Fronto-lateral                                     ,,No inventariada,Calle,Municipal,Se desconoce,Seco y limpio,"Amanecer o atardecer, sin luz artificial",Despejado,,Nivel verde,,Sin especificar,Sin especificar,Sin especificar,Sin especificar,Sin especificar,Sin especificar,Sin especificar,2019,8,LUNES,19,Noche,Dias laborables
,1,0,0,11236,03104,No aplica,Calle,Lateral                                            ,,No inventariada,Calle,Municipal,Se desconoce,Seco y limpio,"Luz del día natural, solar",Despejado,,Nivel blanco,,No,No,No,No,No,Sí,No,2019,10,VIERNES,22,Noche,Dias laborables
,2,0,0,11237,03104,No aplica,Calle,Lateral                                            ,,No inventariada,Calle,Municipal,Se desconoce,Seco y limpio,Sin luz natural y con iluminación artificial no en,Despejado,,Nivel amarillo,,No,No,No,No,No,No,Sí,2019,10,MIÉRCOLES,23,Noche,Dias laborables
,1,0,0,11238,03104,No aplica,Calle,Por alcance                                        ,,No inventariada,Calle,Municipal,Se desconoce,Seco y limpio,"Luz del día natural, solar",Despejado,,Nivel blanco,,Sin especificar,Sin especificar,Sin especificar,Sin especificar,Sin especificar,Sin especificar,Sin especificar,2019,10,JUEVES,10,Mañana,Dias laborables
,1,0,0,11239,03104,No aplica,Calle,Lateral                                            ,,No inventariada,Calle,Municipal,Se desconoce,Seco y limpio,Sin luz natural y con iluminación artificial encen,Despejado,,Nivel blanco,,No,No,No,No,No,No,No,2019,11,MARTES,20,Noche,Dias laborables
10.45,1,0,0,11240,03105,Recta,Carretera,Atropello a animales                               ,,CV-836,Carretera Convencional de calzada única,Autonómica,Ambos,Seco y limpio,Sin luz natural ni artificial,Despejado,,Nivel blanco,,Sin especificar,Sin especificar,Sin especificar,Sin especificar,Sin especificar,Sin especificar,Sin especificar,2019,4,MIÉRCOLES,21,Noche,Dias laborables
25.5,1,0,0,11241,03105,Recta,Carretera,Salida de la vía por la derecha con colisión       ,,CV-840,Carretera Convencional de calzada única,Autonómica,Descendente,Seco y limpio,"Luz del día natural, solar",Despejado,,Nivel blanco,,Sin especificar,Sin especificar,Sin especificar,Sin especificar,Sin especificar,Sin especificar,Sin especificar,2019,5,MIÉRCOLES,19,Noche,Dias laborables
26.0,0,1,0,11242,03105,Recta,Carretera,Por alcance                                        ,,CV-840,Carretera Convencional de calzada única,Autonómica,Ascendente,Seco y limpio,"Luz del día natural, solar",Despejado,,Nivel blanco,,Sin especificar,Sin especificar,Sin especificar,Sin especificar,Sin especificar,Sin especificar,Sin especificar,2019,6,LUNES,19,Noche,Dias laborables
2.9,1,0,0,11243,03105,Recta,Carretera,Salida de la vía por la izquierda con vuelco       ,,CV-836,Carretera Convencional de calzada única,Autonómica,Ascendente,Seco y limpio,"Luz del día natural, solar",Despejado,,Nivel blanco,,Sin especificar,Sin especificar,Sin especificar,Sin especificar,Sin especificar,Sin especificar,Sin especificar,2019,7,MIÉRCOLES,18,Noche,Dias laborables
6.0,1,0,0,11244,03105,Curva señalizada,Carretera,"Salida de la vía por la izquierda, otro tipo       ",,CV-836,Carretera Convencional de calzada única,Autonómica,Descendente,Seco y limpio,Sin luz natural y con iluminación artificial encen,Despejado,,Nivel blanco,,No,No,Sí,No,No,No,Sí,2019,8,VIERNES,4,Madrugada,Dias laborables
28.0,1,0,0,11245,03105,Recta,Carretera,Salida de la vía por la derecha con vuelco         ,,CV-83,Carretera Convencional de calzada única,Autonómica,Ambos,Seco y limpio,Sin luz natural ni artificial,Nublado,,Nivel blanco,,Sin especificar,Sin especificar,Sin especificar,Sin especificar,Sin especificar,Sin especificar,Sin especificar,2019,9,VIERNES,21,Noche,Dias laborables
26.3,1,0,0,11246,00000,Curva señalizada,Carretera,Salida de la vía por la izquierda con colisión     ,,CV-700,Carretera Convencional de calzada única,Autonómica,Descendente,Mojado,"Luz del día natural, solar",Lluvia débil,,Nivel blanco,,Sin especificar,Sin especificar,Sin especificar,Sin especificar,Sin especificar,Sin especificar,Sin especificar,2019,4,JUEVES,16,Tarde,Dias laborables
1.8,1,0,0,11247,00000,Curva sin señalizar,Carretera,Salida de la vía por la derecha otro tipo          ,,CV-711,Carretera Convencional de calzada única,"Provincial, Cabildo/Consell",Descendente,Seco y limpio,"Luz del día natural, solar",Nublado,,Nivel blanco,,Sin especificar,Sin especificar,Sin especificar,Sin especificar,Sin especificar,Sin especificar,Sin especificar,2019,5,SÁBADO,9,Mañana,Fines de semana
1.8,1,0,0,11248,00000,Curva sin señalizar,Carretera,Fronto-lateral                                     ,,CV-708,Carretera Convencional de calzada única,"Provincial, Cabildo/Consell",Ambos,Seco y limpio,"Luz del día natural, solar",Despejado,,Nivel blanco,,Sin especificar,Sin especificar,Sin especificar,Sin especificar,Sin especificar,Sin especificar,Sin especificar,2019,6,VIERNES,17,Tarde,Dias laborables
23.9,1,0,0,11249,00000,Curva señalizada,Carretera,Salida de la vía por la derecha otro tipo          ,,CV-700,Carretera Convencional de calzada única,Autonómica,Ambos,Seco y limpio,"Luz del día natural, solar",Despejado,,Nivel blanco,,Sin especificar,Sin especificar,Sin especificar,Sin especificar,Sin especificar,Sin especificar,Sin especificar,2019,6,VIERNES,19,Noche,Dias laborables
41.6,1,0,0,11250,00000,Recta,Carretera,Caída                                              ,,CV-70,Carretera Convencional de calzada única,Autonómica,Ascendente,Seco y limpio,"Luz del día natural, solar",Despejado,,Nivel blanco,,Sin especificar,Sin especificar,Sin especificar,Sin especificar,Sin especificar,Sin especificar,Sin especificar,2019,6,MARTES,11,Mañana,Dias laborables
36.8,1,0,0,11251,00000,Curva señalizada,Carretera,Salida de la vía por la derecha con vuelco         ,,CV-70,Carretera Convencional de calzada única,Autonómica,Ascendente,Con barro o gravilla suelta,"Luz del día natural, solar",Despejado,,Nivel blanco,,Sin especificar,Sin especificar,Sin especificar,Sin especificar,Sin especificar,Sin especificar,Sin especificar,2019,8,LUNES,11,Mañana,Dias laborables
36.78,1,0,0,11252,00000,Curva señalizada,Carretera,Caída                                              ,,CV-70,Carretera Convencional de calzada única,Autonómica,Ascendente,Con barro o gravilla suelta,"Luz del día natural, solar",Despejado,,Nivel blanco,,Sin especificar,Sin especificar,Sin especificar,Sin especificar,Sin especificar,Sin especificar,Sin especificar,2019,8,LUNES,11,Mañana,Dias laborables
38.1,0,1,0,11253,00000,Recta,Carretera,Salida de la vía por la derecha otro tipo          ,,CV-70,Carretera Convencional de calzada única,Autonómica,Descendente,Seco y limpio,Sin luz natural ni artificial,Despejado,,Nivel blanco,,Sin especificar,Sin especificar,Sin especificar,Sin especificar,Sin especificar,Sin especificar,Sin especificar,2019,11,DOMINGO,18,Noche,Fines de semana
53.8,1,0,0,11254,03048,Recta,Carretera,Caída                                              ,,CV-715,Carretera Convencional de calzada única,Autonómica,Descendente,Seco y limpio,Sin luz natural ni artificial,Despejado,,Nivel blanco,,Sin especificar,Sin especificar,Sin especificar,Sin especificar,Sin especificar,Sin especificar,Sin especificar,2019,12,DOMINGO,0,Madrugada,Fines de semana
2.5,0,1,0,11255,00000,Recta,Carretera,Salida de la vía por la izquierda con colisión     ,,MILLANARES,Camino vecinal,Municipal,Descendente,Seco y limpio,"Luz del día natural, solar",Despejado,,Nivel blanco,,No,No,No,No,No,No,Sí,2019,2,JUEVES,15,Tarde,Dias laborables
1.3,1,0,0,11256,00000,Curva señalizada,Carretera,Fronto-lateral                                     ,,CV-911,Carretera Convencional de calzada única,Autonómica,Ascendente,Seco y limpio,"Luz del día natural, solar",Despejado,,Nivel blanco,,No,No,No,No,No,No,No,2019,6,MIÉRCOLES,12,Tarde,Dias laborables
0.1,2,0,0,11257,00000,Curva señalizada,Carretera,"Salida de la vía por la izquierda, otro tipo       ",,CV-912,Carretera Convencional de calzada única,Autonómica,Ascendente,Seco y limpio,"Luz del día natural, solar",Despejado,,Nivel blanco,,Sin especificar,Sin especificar,Sin especificar,Sin especificar,Sin especificar,Sin especificar,Sin especificar,2019,10,JUEVES,18,Noche,Dias laborables
692.5,1,0,0,11258,03111,Recta,Carretera,Fronto-lateral                                     ,,N-340,Carretera Convencional de calzada única,Estatal,Descendente,Seco y limpio,Sin luz natural y con iluminación artificial encen,Despejado,,Nivel blanco,,Sin especificar,Sin especificar,Sin especificar,Sin especificar,Sin especificar,Sin especificar,Sin especificar,2019,2,VIERNES,6,Mañana,Dias laborables
692.2,1,0,0,11259,03111,Recta,Carretera,Atropello a personas                               ,,N-340,Carretera Convencional de calzada única,Estatal,Descendente,Seco y limpio,"Amanecer o atardecer, sin luz artificial",Despejado,,Nivel blanco,,Sin especificar,Sin especificar,Sin especificar,Sin especificar,Sin especificar,Sin especificar,Sin especificar,2019,2,MARTES,7,Mañana,Dias laborables
545.0,2,0,0,11260,03111,Recta,Carretera,Fronto-lateral                                     ,,A-7,Autovía,Estatal,Descendente,Seco y limpio,Sin luz natural y con iluminación artificial no en,Despejado,,Nivel blanco,,Sin especificar,Sin especificar,Sin especificar,Sin especificar,Sin especificar,Sin especificar,Sin especificar,2019,3,LUNES,20,Noche,Dias laborables
,1,0,0,11261,03111,No aplica,Calle,Fronto-lateral                                     ,,No inventariada,Calle,Municipal,Se desconoce,Seco y limpio,"Luz del día natural, solar",Despejado,,Sin especificar,,No,No,No,No,No,Sí,No,2019,3,DOMINGO,10,Mañana,Fines de semana
,1,0,0,11262,03111,No aplica,Calle,Múltiple o en caravana                             ,,No inventariada,Calle,Municipal,Se desconoce,Seco y limpio,"Luz del día natural, solar",Despejado,,Sin especificar,,Sin especificar,Sin especificar,Sin especificar,Sin especificar,Sin especificar,Sin especificar,Sin especificar,2019,1,MARTES,8,Mañana,Dias laborables
,1,0,0,11263,03111,No aplica,Calle,Salida de la vía por la derecha otro tipo          ,,No inventariada,Calle,Municipal,Se desconoce,Seco y limpio,"Luz del día natural, solar",Despejado,,Sin especificar,,Sin especificar,Sin especificar,Sin especificar,Sin especificar,Sin especificar,Sin especificar,Sin especificar,2019,3,MARTES,12,Tarde,Dias laborables
,1,0,0,11264,03111,No aplica,Calle,Atropello a personas                               ,,No inventariada,Calle,Municipal,Se desconoce,Seco y limpio,"Luz del día natural, solar",Despejado,,Sin especificar,,No,No,No,No,No,No,No,2019,1,SÁBADO,12,Tarde,Fines de semana
,0,1,0,11265,03111,No aplica,Calle,Atropello a personas                               ,,No inventariada,Calle,Municipal,Se desconoce,Seco y limpio,"Luz del día natural, solar",Despejado,,Sin especificar,,No,No,No,No,No,No,No,2019,4,MARTES,19,Noche,Dias laborables
692.1,3,0,0,11266,03111,Recta,Carretera,Por alcance                                        ,,N-340,Carretera Convencional de calzada única,Estatal,Ascendente,Seco y limpio,"Luz del día natural, solar",Despejado,,Nivel blanco,,No,No,No,No,Sí,No,No,2019,5,MIÉRCOLES,17,Tarde,Dias laborables
,1,0,0,11267,03111,No aplica,Calle,Fronto-lateral                                     ,,No inventariada,Calle,Municipal,Se desconoce,Seco y limpio,"Amanecer o atardecer, sin luz artificial",Despejado,,Sin especificar,,No,No,No,No,No,Sí,No,2019,5,LUNES,20,Noche,Dias laborables
,1,0,0,11268,03111,No aplica,Calle,Lateral                                            ,,No inventariada,Calle,Municipal,Se desconoce,Seco y limpio,Sin luz natural y con iluminación artificial encen,Despejado,,Sin especificar,,No,No,No,No,No,No,Sí,2019,6,SÁBADO,2,Madrugada,Fines de semana
,1,0,0,11269,03111,No aplica,Calle,Lateral                                            ,,No inventariada,Calle,Municipal,Se desconoce,Seco y limpio,"Luz del día natural, solar",Despejado,,Sin especificar,,No,No,No,No,No,No,No,2019,6,LUNES,20,Noche,Dias laborables
,3,0,0,11270,03111,No aplica,Calle,Fronto-lateral                                     ,,No inventariada,Calle,Municipal,Se desconoce,Seco y limpio,Sin luz natural y con iluminación artificial encen,Despejado,,Sin especificar,,No,No,No,No,No,No,No,2019,6,DOMINGO,1,Madrugada,Fines de semana
,3,0,0,11271,03111,No aplica,Calle,Lateral                                            ,,No inventariada,Calle,Municipal,Se desconoce,Seco y limpio,"Luz del día natural, solar",Despejado,,Sin especificar,,No,No,No,No,No,Sí,No,2019,8,VIERNES,20,Noche,Dias laborables
692.2,4,0,0,11272,03111,Recta,Carretera,Por alcance                                        ,,N-340,Carretera Convencional de calzada única,Estatal,Descendente,Mojado,"Amanecer o atardecer, con luz artificial",Lluvia débil,,Nivel blanco,,Sin especificar,Sin especificar,Sin especificar,Sin especificar,Sin especificar,Sin especificar,Sin especificar,2019,10,MARTES,8,Mañana,Dias laborables
,1,0,0,11273,03111,No aplica,Calle,Colisión contra obstáculo o elemento de la vía     ,,No inventariada,Calle,Municipal,Se desconoce,Seco y limpio,Sin luz natural y con iluminación artificial encen,Despejado,,Sin especificar,,No,No,No,No,No,No,Sí,2019,11,LUNES,22,Noche,Dias laborables
3.5,1,0,0,11274,00000,Curva señalizada,Carretera,Por alcance                                        ,,CV-782,Carretera Convencional de calzada única,"Provincial, Cabildo/Consell",Descendente,Seco y limpio,"Luz del día natural, solar",Despejado,,Nivel blanco,,Sin especificar,Sin especificar,Sin especificar,Sin especificar,Sin especificar,Sin especificar,Sin especificar,2019,4,DOMINGO,11,Mañana,Fines de semana
1.1,0,1,0,11275,00000,Curva sin señalizar,Carretera,Salida de la vía por la derecha otro tipo          ,,CV-782,Carretera Convencional de calzada única,"Provincial, Cabildo/Consell",Descendente,Seco y limpio,"Luz del día natural, solar",Despejado,,Nivel blanco,,Sin especificar,Sin especificar,Sin especificar,Sin especificar,Sin especificar,Sin especificar,Sin especificar,2019,11,SÁBADO,13,Tarde,Fines de semana
1.5,1,0,0,11276,03113,Recta,Carretera,Salida de la vía por la derecha con vuelco         ,,CV-905,Carretera Convencional de calzada única,Autonómica,Ascendente,Mojado,"Luz del día natural, solar",Despejado,,Nivel blanco,,Sin especificar,Sin especificar,Sin especificar,Sin especificar,Sin especificar,Sin especificar,Sin especificar,2019,1,JUEVES,14,Tarde,Dias laborables
2.7,1,0,0,11277,03113,Recta,Carretera,Por alcance                                        ,,CV-905,Carretera Convencional de doble calzada,Autonómica,Ascendente,Seco y limpio,"Luz del día natural, solar",Despejado,,Nivel blanco,,Sin especificar,Sin especificar,Sin especificar,Sin especificar,Sin especificar,Sin especificar,Sin especificar,2019,2,MIÉRCOLES,10,Mañana,Dias laborables
2.1,1,0,0,11278,03113,Recta,Carretera,Colisión contra obstáculo o elemento de la vía     ,,CV-905,Carretera Convencional de calzada única,Autonómica,Ascendente,Seco y limpio,"Luz del día natural, solar",Despejado,,Nivel blanco,,Sin especificar,Sin especificar,Sin especificar,Sin especificar,Sin especificar,Sin especificar,Sin especificar,2019,3,MIÉRCOLES,18,Noche,Dias laborables
0.8,1,0,0,11279,03113,Recta,Carretera,Salida de la vía por la derecha otro tipo          ,,CV-895,Carretera Convencional de calzada única,Autonómica,Ascendente,Seco y limpio,"Luz del día natural, solar",Despejado,,Nivel blanco,,Sin especificar,Sin especificar,Sin especificar,Sin especificar,Sin especificar,Sin especificar,Sin especificar,2019,4,DOMINGO,18,Noche,Fines de semana
0.8,2,0,0,11280,03113,Recta,Carretera,Por alcance                                        ,,CV-895,Carretera Convencional de calzada única,Autonómica,Ascendente,Seco y limpio,"Luz del día natural, solar",Nublado,,Nivel blanco,,Sin especificar,Sin especificar,Sin especificar,Sin especificar,Sin especificar,Sin especificar,Sin especificar,2019,4,LUNES,10,Mañana,Dias laborables
743.0,1,0,0,11281,03113,Curva señalizada,Carretera,"Salida de la vía por la izquierda, otro tipo       ",CV-920,AP-7,Autopista libre,Estatal,Ascendente,Seco y limpio,"Luz del día natural, solar",Despejado,,Nivel blanco,,No,No,No,No,No,No,No,2019,5,MIÉRCOLES,13,Tarde,Dias laborables
743.0,1,0,0,11282,03113,Recta,Carretera,Por alcance                                        ,,AP-7,Autopista libre,Estatal,Ascendente,Seco y limpio,"Luz del día natural, solar",Despejado,,Nivel amarillo,,Sin especificar,Sin especificar,Sin especificar,Sin especificar,Sin especificar,Sin especificar,Sin especificar,2019,6,MARTES,9,Mañana,Dias laborables
3.9,1,0,0,11283,03113,Curva señalizada,Carretera,Fronto-lateral                                     ,,CV-905,Carretera Convencional de calzada única,Autonómica,Descendente,Seco y limpio,"Luz del día natural, solar",Despejado,,Nivel blanco,,No,No,No,No,No,No,No,2019,6,LUNES,16,Tarde,Dias laborables
3.9,1,0,0,11284,03113,Recta,Carretera,Salida de la vía por la derecha otro tipo          ,,CV-905,Carretera Convencional de calzada única,Autonómica,Ascendente,Seco y limpio,"Luz del día natural, solar",Despejado,,Sin especificar,,Sin especificar,Sin especificar,Sin especificar,Sin especificar,Sin especificar,Sin especificar,Sin especificar,2019,6,VIERNES,13,Tarde,Dias laborables
21.9,3,0,0,11285,03113,Recta,Carretera,Salida de la vía por la izquierda con despeñamiento,,CV-91,Carretera Convencional de calzada única,Autonómica,Ascendente,Seco y limpio,"Luz del día natural, solar",Despejado,,Nivel blanco,,Sin especificar,Sin especificar,Sin especificar,Sin especificar,Sin especificar,Sin especificar,Sin especificar,2019,7,MARTES,15,Tarde,Dias laborables
2.0,5,0,0,11286,03113,Recta,Carretera,Salida de la vía por la derecha con vuelco         ,,CV-895,Carretera Convencional de calzada única,Autonómica,Ascendente,Seco y limpio,"Luz del día natural, solar",Despejado,,Nivel blanco,,Sin especificar,Sin especificar,Sin especificar,Sin especificar,Sin especificar,Sin especificar,Sin especificar,2019,7,JUEVES,14,Tarde,Dias laborables
1.3,1,0,0,11287,03113,Recta,Carretera,Por alcance                                        ,,CV-905,Carretera Convencional de calzada única,Autonómica,Ascendente,Seco y limpio,"Luz del día natural, solar",Despejado,,Nivel blanco,,No,No,No,No,No,No,No,2019,8,LUNES,7,Mañana,Dias laborables
15.5,1,0,0,11288,03113,Recta,Carretera,Atropello a personas                               ,,CV-920,Carretera Convencional de calzada única,Autonómica,Ascendente,Seco y limpio,"Luz del día natural, solar",Despejado,,Nivel blanco,,Sin especificar,Sin especificar,Sin especificar,Sin especificar,Sin especificar,Sin especificar,Sin especificar,2019,9,MARTES,10,Mañana,Dias laborables
0.3,4,0,0,11289,03113,Curva sin señalizar,Carretera,Frontal                                            ,,No inventariada,Camino vecinal,Autonómica,Ambos,Seco y limpio,"Luz del día natural, solar",Despejado,,Nivel blanco,,Sin especificar,Sin especificar,Sin especificar,Sin especificar,Sin especificar,Sin especificar,Sin especificar,2019,9,LUNES,18,Noche,Dias laborables
2.2,1,0,0,11290,03113,Curva señalizada,Carretera,Caída                                              ,,CV-895,Carretera Convencional de calzada única,Autonómica,Ascendente,Con aceite,"Luz del día natural, solar",Lluvia débil,,Nivel blanco,,No,No,No,No,No,No,No,2019,11,JUEVES,15,Tarde,Dias laborables
1.0,1,0,0,11291,03113,Curva señalizada,Carretera,Fronto-lateral                                     ,,CV-905,Carretera Convencional de doble calzada,Autonómica,Ascendente,Seco y limpio,"Luz del día natural, solar",Despejado,,Nivel amarillo,,No,No,Sí,No,No,Sí,No,2019,11,MIÉRCOLES,8,Mañana,Dias laborables
1.6,1,0,0,11292,03113,Recta,Carretera,Frontal                                            ,,CV-905,Vía de servicio,Autonómica,Ambos,Seco y limpio,"Luz del día natural, solar",Despejado,,Nivel blanco,,Sin especificar,Sin especificar,Sin especificar,Sin especificar,Sin especificar,Sin especificar,Sin especificar,2019,11,MARTES,12,Tarde,Dias laborables
15.9,1,0,0,11293,03113,Curva señalizada,Carretera,Fronto-lateral                                     ,,CV-920,Carretera Convencional de calzada única,Autonómica,Ascendente,Seco y limpio,"Luz del día natural, solar",Nublado,,Nivel blanco,,No,No,No,No,No,Sí,No,2019,12,JUEVES,15,Tarde,Dias laborables
7.5,2,0,0,11294,00000,Curva sin señalizar,Carretera,Frontal                                            ,,CV-840,Vía de servicio,Autonómica,Ascendente,Seco y limpio,"Luz del día natural, solar",Despejado,,Nivel blanco,,Sin especificar,Sin especificar,Sin especificar,Sin especificar,Sin especificar,Sin especificar,Sin especificar,2019,5,LUNES,14,Tarde,Dias laborables
11.1,0,1,0,11295,00000,Recta,Carretera,Por alcance                                        ,,CV-840,Carretera Convencional de calzada única,Autonómica,Descendente,Seco y limpio,Sin luz natural y con iluminación artificial encen,Despejado,,Nivel blanco,,No,No,No,No,No,No,No,2019,6,SÁBADO,0,Madrugada,Fines de semana
14.4,1,0,0,11296,00000,Recta,Carretera,Frontal                                            ,,CV-840,Carretera Convencional de calzada única,Autonómica,Descendente,Seco y limpio,"Luz del día natural, solar",Despejado,,Nivel blanco,,Sin especificar,Sin especificar,Sin especificar,Sin especificar,Sin especificar,Sin especificar,Sin especificar,2019,10,LUNES,15,Tarde,Dias laborables
47.0,1,0,0,11297,00000,Recta,Carretera,Fronto-lateral                                     ,,No inventariada,Carretera Convencional de doble calzada,Municipal,Ascendente,Seco y limpio,"Luz del día natural, solar",Despejado,,Nivel blanco,,No,No,No,No,No,Sí,No,2019,11,VIERNES,18,Noche,Dias laborables
14.8,1,0,0,11298,00000,Curva señalizada,Carretera,"Salida de la vía por la izquierda, otro tipo       ",,CV-715,Carretera Convencional de calzada única,Autonómica,Ascendente,Mojado,Sin luz natural ni artificial,Nublado,,Nivel blanco,,Sin especificar,Sin especificar,Sin especificar,Sin especificar,Sin especificar,Sin especificar,Sin especificar,2019,4,LUNES,23,Noche,Dias laborables
12.9,4,0,0,11299,00000,Recta,Carretera,Por alcance                                        ,,CV-830,Carretera Convencional de calzada única,Autonómica,Ascendente,Seco y limpio,Sin luz natural ni artificial,Despejado,,Nivel blanco,,Sin especificar,Sin especificar,Sin especificar,Sin especificar,Sin especificar,Sin especificar,Sin especificar,2019,2,MARTES,23,Noche,Dias laborables
13.7,1,0,0,11300,00000,Recta,Carretera,Otro tipo de accidente                             ,,CV-830,Carretera Convencional de calzada única,Autonómica,Ascendente,Seco y limpio,"Luz del día natural, solar",Despejado,,Nivel blanco,,Sin especificar,Sin especificar,Sin especificar,Sin especificar,Sin especificar,Sin especificar,Sin especificar,2019,4,MIÉRCOLES,17,Tarde,Dias laborables
6.0,1,0,0,11301,03118,Recta,Carretera,"Salida de la vía por la izquierda, otro tipo       ",,CV-859,Carretera Convencional de calzada única,"Provincial, Cabildo/Consell",Descendente,Seco y limpio,Sin luz natural ni artificial,Despejado,,Sin especificar,,Sin especificar,Sin especificar,Sin especificar,Sin especificar,Sin especificar,Sin especificar,Sin especificar,2019,2,MIÉRCOLES,1,Madrugada,Dias laborables
74.7,0,1,0,11302,03118,Curva señalizada,Carretera,Lateral                                            ,,N-332,Carretera Convencional de doble calzada,Estatal,Descendente,Seco y limpio,"Luz del día natural, solar",Despejado,,Nivel blanco,,No,No,No,No,No,No,No,2019,2,JUEVES,14,Tarde,Dias laborables
3.8,0,0,1,11303,03118,Recta,Carretera,Por alcance                                        ,,CV-860,Carretera Convencional de calzada única,Autonómica,Descendente,Seco y limpio,"Luz del día natural, solar",Despejado,,Nivel blanco,,Sin especificar,Sin especificar,Sin especificar,Sin especificar,Sin especificar,Sin especificar,Sin especificar,2019,3,SÁBADO,9,Mañana,Fines de semana
74.5,1,0,0,11304,03118,Curva señalizada,Carretera,Fronto-lateral                                     ,,N-332,Carretera Convencional de calzada única,Estatal,Descendente,Seco y limpio,"Luz del día natural, solar",Despejado,,Nivel verde,,No,No,Sí,No,No,Sí,No,2019,3,VIERNES,9,Mañana,Dias laborables
5.5,1,0,0,11305,03118,Recta,Carretera,Por alcance                                        ,,CV-860,Vía para automóviles,Autonómica,Ambos,Seco y limpio,"Luz del día natural, solar",Despejado,,Nivel blanco,,Sin especificar,Sin especificar,Sin especificar,Sin especificar,Sin especificar,Sin especificar,Sin especificar,2019,5,MARTES,12,Tarde,Dias laborables
7.0,2,0,0,11306,03118,Curva señalizada,Carretera,Caída                                              ,,CV-860,Carretera Convencional de calzada única,Autonómica,Ascendente,Seco y limpio,Sin luz natural y con iluminación artificial no en,Despejado,,Nivel blanco,,No,No,No,No,No,Sí,No,2019,6,LUNES,23,Noche,Dias laborables