KM,TOTAL_HL24H,TOTAL_HG24H,TOTAL_MU24H,id,COD_MUNICIPIO,TRAZADO_PLANTA,ZONA,TIPO_ACCIDENTE,CARRETERA_CRUCE,CARRETERA,TIPO_VIA,TITULARIDAD_VIA,SENTIDO_1F,CONDICION_FIRME,CONDICION_ILUMINACION,CONDICION_METEO,CONDICION_NIEBLA,CONDICION_NIVEL_CIRCULA,CONDICION_VIENTO,PRIORI_AGENTE,PRIORI_CIRCUNSTANCIAL,PRIORI_HORIZ_CEDA,PRIORI_HORIZ_STOP,PRIORI_SEMAFORO,PRIORI_VERT_CEDA,PRIORI_VERT_STOP,ANYO,MES,DIA,HORA,FRANJA_HORARIA,TIPO_DIA
,0,1,0,11662,00000,No aplica,Calle,Salida de la vía por la derecha con despeñamiento  ,,No inventariada,Vía de servicio,"Provincial, Cabildo/Consell",Se desconoce,Seco y limpio,"Luz del día natural, solar",Despejado,,Nivel blanco,,Sin especificar,Sin especificar,Sin especificar,Sin especificar,Sin especificar,Sin especificar,Sin especificar,2019,5,JUEVES,12,Tarde,Dias laborables
0.5,2,0,0,11663,00000,Curva sin señalizar,Carretera,Fronto-lateral                                     ,,CV-7170,Carretera Convencional de calzada única,Municipal,Ascendente,Seco y limpio,"Luz del día natural, solar",Despejado,,Nivel blanco,,Sin especificar,Sin especificar,Sin especificar,Sin especificar,Sin especificar,Sin especificar,Sin especificar,2019,9,DOMINGO,12,Tarde,Fines de semana
,1,1,0,11664,00000,No aplica,Calle,Fronto-lateral                                     ,,No inventariada,Calle,Municipal,Se desconoce,Seco y limpio,"Luz del día natural, solar",Despejado,,Nivel blanco,,No,No,No,Sí,No,No,Sí,2019,1,MARTES,10,Mañana,Dias laborables
,0,1,0,11665,00000,No aplica,Calle,Fronto-lateral                                     ,,No inventariada,Calle,Municipal,Se desconoce,Seco y limpio,"Luz del día natural, solar",Despejado,,Nivel blanco,,No,No,No,Sí,No,No,Sí,2019,7,MIÉRCOLES,11,Mañana,Dias laborables
,0,1,0,11666,00000,No aplica,Calle,Fronto-lateral                                     ,,No inventariada,Calle,Municipal,Se desconoce,Seco y limpio,"Luz del día natural, solar",Despejado,,Nivel blanco,,Sin especificar,Sin especificar,Sin especificar,Sin especificar,Sin especificar,Sin especificar,Sin especificar,2019,7,LUNES,20,Noche,Dias laborables
201.0,1,0,0,11667,00000,Curva señalizada,Carretera,Salida de la vía por la izquierda con colisión     ,,N-332,Ramal de enlace,Estatal,Descendente,Seco y limpio,Sin luz natural ni artificial,Despejado,,Nivel blanco,,Sin especificar,Sin especificar,Sin especificar,Sin especificar,Sin especificar,Sin especificar,Sin especificar,2019,10,JUEVES,20,Noche,Dias laborables
137.15,1,0,0,11668,03139,Recta,Carretera,Por alcance                                        ,,N-332,Carretera Convencional de calzada única,Estatal,Ascendente,Seco y limpio,"Luz del día natural, solar",Despejado,,Nivel verde,,Sin especificar,Sin especificar,Sin especificar,Sin especificar,Sin especificar,Sin especificar,Sin especificar,2019,1,DOMINGO,16,Tarde,Fines de semana
665.7,1,0,0,11669,03139,Recta,Carretera,Salida de la vía por la derecha con despeñamiento  ,,AP-7,Autopista de peaje,Estatal,Descendente,Seco y limpio,"Luz del día natural, solar",Despejado,,Nivel blanco,,Sin especificar,Sin especificar,Sin especificar,Sin especificar,Sin especificar,Sin especificar,Sin especificar,2019,5,MIÉRCOLES,13,Tarde,Dias laborables
142.4,9,0,0,11670,03139,Recta,Carretera,Múltiple o en caravana                             ,,N-332,Carretera Convencional de calzada única,Estatal,Descendente,Seco y limpio,Sin luz natural ni artificial,Despejado,,Nivel blanco,,No,No,Sí,No,No,Sí,No,2019,8,JUEVES,21,Noche,Dias laborables
658.0,1,2,1,11671,03139,Recta,Carretera,Salida de la vía por la derecha con vuelco         ,,AP-7,Autopista de peaje,Estatal,Descendente,Seco y limpio,"Luz del día natural, solar",Despejado,,Nivel blanco,,No,No,No,No,No,No,No,2019,8,SÁBADO,19,Noche,Fines de semana
662.6,1,0,0,11672,03139,Recta,Carretera,Salida de la vía por la derecha con colisión       ,,AP-7,Carretera Convencional de doble calzada,Estatal,Descendente,Seco y limpio,"Luz del día natural, solar",Despejado,,Nivel blanco,,Sin especificar,Sin especificar,Sin especificar,Sin especificar,Sin especificar,Sin especificar,Sin especificar,2019,8,DOMINGO,9,Mañana,Fines de semana
143.25,1,2,0,11673,03139,Recta,Carretera,Frontal                                            ,,N-332,Carretera Convencional de calzada única,Estatal,Ascendente,Mojado,Sin luz natural ni artificial,Despejado,,Nivel verde,,Sin especificar,Sin especificar,Sin especificar,Sin especificar,Sin especificar,Sin especificar,Sin especificar,2019,9,MIÉRCOLES,20,Noche,Dias laborables
143.5,1,0,0,11674,03139,Curva señalizada,Carretera,Vuelco                                             ,,N-332a,Ramal de enlace,Otra,Ascendente,Otra,Sin luz natural ni artificial,Despejado,,Nivel blanco,,No,No,Sí,No,No,Sí,No,2019,9,MIÉRCOLES,7,Mañana,Dias laborables
36.8,1,0,0,11675,03139,Curva señalizada,Carretera,Salida de la vía por la derecha con despeñamiento  ,,CV-70,Carretera Convencional de calzada única,Autonómica,Ascendente,Seco y limpio,"Luz del día natural, solar",Despejado,,Nivel blanco,,Sin especificar,Sin especificar,Sin especificar,Sin especificar,Sin especificar,Sin especificar,Sin especificar,2019,9,DOMINGO,10,Mañana,Fines de semana
5.6,1,0,0,11676,03139,Curva señalizada,Carretera,Salida de la vía por la derecha otro tipo          ,,CV-770,Carretera Convencional de calzada única,"Provincial, Cabildo/Consell",Descendente,Seco y limpio,"Luz del día natural, solar",Despejado,,Nivel blanco,,Sin especificar,Sin especificar,Sin especificar,Sin especificar,Sin especificar,Sin especificar,Sin especificar,2019,11,LUNES,10,Mañana,Dias laborables
141.9,6,0,0,11677,03139,Recta,Carretera,Por alcance                                        ,,N-332,Carretera Convencional de calzada única,Estatal,Ascendente,Seco y limpio,Sin luz natural ni artificial,Despejado,,Nivel verde,,Sin especificar,Sin especificar,Sin especificar,Sin especificar,Sin especificar,Sin especificar,Sin especificar,2019,11,MARTES,18,Noche,Dias laborables
660.1,0,1,0,11678,03139,Recta,Carretera,Salida de la vía por la izquierda con vuelco       ,,AP-7,Autopista de peaje,Estatal,Descendente,Seco y limpio,Sin luz natural ni artificial,Despejado,,Nivel blanco,,Sin especificar,Sin especificar,Sin especificar,Sin especificar,Sin especificar,Sin especificar,Sin especificar,2019,12,JUEVES,1,Madrugada,Dias laborables
140.4,1,0,0,11679,03139,Curva sin señalizar,Carretera,Por alcance                                        ,,N-332,Carretera Convencional de calzada única,Estatal,Ascendente,Seco y limpio,"Luz del día natural, solar",Despejado,,Nivel verde,,Sin especificar,Sin especificar,Sin especificar,Sin especificar,Sin especificar,Sin especificar,Sin especificar,2019,12,MARTES,9,Mañana,Dias laborables
,1,0,0,11680,03140,No aplica,Calle,Atropello a personas                               ,,No inventariada,Calle,Municipal,Se desconoce,Seco y limpio,"Luz del día natural, solar",Despejado,,Nivel verde,,Sin especificar,Sin especificar,Sin especificar,Sin especificar,Sin especificar,Sin especificar,Sin especificar,2019,1,JUEVES,10,Mañana,Dias laborables
,1,0,0,11681,03140,No aplica,Calle,Atropello a personas                               ,,No inventariada,Calle,Municipal,Se desconoce,Seco y limpio,"Amanecer o atardecer, sin luz artificial",Despejado,,Nivel blanco,,Sin especificar,Sin especificar,Sin especificar,Sin especificar,Sin especificar,Sin especificar,Sin especificar,2019,1,LUNES,17,Tarde,Dias laborables
169.1,2,0,0,11682,03140,Recta,Carretera,Por alcance                                        ,,A-31,Autovía,Estatal,Ascendente,Seco y limpio,Sin luz natural y con iluminación artificial no en,Despejado,,Nivel blanco,,Sin especificar,Sin especificar,Sin especificar,Sin especificar,Sin especificar,Sin especificar,Sin especificar,2019,2,MARTES,6,Mañana,Dias laborables
29.1,0,2,1,11683,00000,Curva sin señalizar,Carretera,Frontal                                            ,,CV-81,Carretera Convencional de calzada única,Autonómica,Descendente,Seco y limpio,"Luz del día natural, solar",Despejado,,Nivel verde,,Sin especificar,Sin especificar,Sin especificar,Sin especificar,Sin especificar,Sin especificar,Sin especificar,2019,2,DOMINGO,15,Tarde,Fines de semana
2.5,1,0,0,11684,03140,Curva sin señalizar,Carretera,Salida de la vía por la derecha con vuelco         ,,No inventariada,Camino vecinal,Municipal,Ascendente,Seco y limpio,"Luz del día natural, solar",Despejado,,Nivel blanco,,Sin especificar,Sin especificar,Sin especificar,Sin especificar,Sin especificar,Sin especificar,Sin especificar,2019,2,DOMINGO,16,Tarde,Fines de semana
180.0,2,0,0,11685,03140,Curva señalizada,Carretera,Salida de la vía por la derecha con vuelco         ,,A-31,Autovía,Estatal,Ascendente,Seco y limpio,"Luz del día natural, solar",Despejado,,Nivel blanco,,Sin especificar,Sin especificar,Sin especificar,Sin especificar,Sin especificar,Sin especificar,Sin especificar,2019,3,LUNES,18,Noche,Dias laborables
53.2,1,0,0,11686,03140,Recta,Carretera,Salida de la vía por la derecha con vuelco         ,,CV-81,Carretera Convencional de doble calzada,Autonómica,Ascendente,Seco y limpio,Sin luz natural y con iluminación artificial no en,Despejado,,Nivel blanco,,Sin especificar,Sin especificar,Sin especificar,Sin especificar,Sin especificar,Sin especificar,Sin especificar,2019,3,DOMINGO,1,Madrugada,Fines de semana
186.0,2,0,0,11687,03140,Recta,Carretera,Salida de la vía por la izquierda con colisión     ,,A-31,Autovía,Estatal,Ascendente,Seco y limpio,Sin luz natural ni artificial,Despejado,,Nivel blanco,,Sin especificar,Sin especificar,Sin especificar,Sin especificar,Sin especificar,Sin especificar,Sin especificar,2019,3,DOMINGO,5,Madrugada,Fines de semana
172.5,2,0,0,11688,03140,Curva señalizada,Carretera,Salida de la vía por la derecha otro tipo          ,,A-31,Autovía,Estatal,Descendente,Seco y limpio,"Luz del día natural, solar",Despejado,,Nivel blanco,,Sin especificar,Sin especificar,Sin especificar,Sin especificar,Sin especificar,Sin especificar,Sin especificar,2019,3,MARTES,18,Noche,Dias laborables
175.6,1,0,0,11689,03140,Recta,Carretera,Salida de la vía por la derecha otro tipo          ,,A-31,Autovía,Estatal,Descendente,Seco y limpio,"Luz del día natural, solar",Despejado,,Nivel blanco,,Sin especificar,Sin especificar,Sin especificar,Sin especificar,Sin especificar,Sin especificar,Sin especificar,2019,3,MARTES,14,Tarde,Dias laborables
,1,0,0,11690,03140,No aplica,Calle,Atropello a personas                               ,,No inventariada,Calle,Municipal,Se desconoce,Seco y limpio,"Luz del día natural, solar",Despejado,,Nivel blanco,,No,No,No,No,No,No,No,2019,3,LUNES,9,Mañana,Dias laborables
,2,0,0,11691,03140,No aplica,Calle,Por alcance                                        ,,No inventariada,Calle,Municipal,Se desconoce,Seco y limpio,Sin luz natural y con iluminación artificial encen,Nublado,,Nivel verde,,No,No,No,No,Sí,No,No,2019,3,MARTES,20,Noche,Dias laborables
,1,0,0,11692,03140,No aplica,Calle,Otro tipo de accidente                             ,,No inventariada,Calle,Municipal,Se desconoce,Seco y limpio,"Luz del día natural, solar",Despejado,,Se desconoce,,No,No,No,No,No,Sí,No,2019,3,SÁBADO,15,Tarde,Fines de semana
6.3,2,0,0,11693,03140,Recta,Carretera,Salida de la vía por la izquierda con vuelco       ,,CV-813,Carretera Convencional de calzada única,"Provincial, Cabildo/Consell",Ascendente,Otra,Sin luz natural y con iluminación artificial no en,Despejado,,Nivel blanco,,Sin especificar,Sin especificar,Sin especificar,Sin especificar,Sin especificar,Sin especificar,Sin especificar,2019,4,DOMINGO,1,Madrugada,Fines de semana
186.9,0,1,0,11694,03140,Curva señalizada,Carretera,Salida de la vía por la derecha con vuelco         ,,A-31,Autovía,Estatal,Descendente,Seco y limpio,"Luz del día natural, solar",Nublado,,Nivel blanco,,No,No,No,No,No,No,No,2019,4,DOMINGO,15,Tarde,Fines de semana
,0,1,0,11695,03140,No aplica,Calle,Colisión contra obstáculo o elemento de la vía     ,,No inventariada,Calle,Municipal,Se desconoce,Seco y limpio,"Luz del día natural, solar",Despejado,,Nivel verde,,Sin especificar,Sin especificar,Sin especificar,Sin especificar,Sin especificar,Sin especificar,Sin especificar,2019,4,MARTES,9,Mañana,Dias laborables
,0,1,0,11696,03140,No aplica,Calle,Fronto-lateral                                     ,,No inventariada,Calle,Municipal,Se desconoce,Seco y limpio,Sin luz natural y con iluminación artificial encen,Despejado,,Nivel verde,,No,No,No,No,No,No,Sí,2019,5,SÁBADO,22,Noche,Fines de semana
,1,0,0,11697,03140,No aplica,Calle,Atropello a personas                               ,,No inventariada,Calle,Municipal,Se desconoce,Seco y limpio,"Luz del día natural, solar",Despejado,,Nivel amarillo,,No,No,No,No,No,Sí,No,2019,4,VIERNES,12,Tarde,Dias laborables
184.5,1,0,0,11698,03140,Recta,Carretera,Salida de la vía por la derecha con colisión       ,,A-31,Autovía,Estatal,Ascendente,Seco y limpio,"Luz del día natural, solar",Despejado,,Nivel blanco,,Sin especificar,Sin especificar,Sin especificar,Sin especificar,Sin especificar,Sin especificar,Sin especificar,2019,5,DOMINGO,13,Tarde,Fines de semana
,1,0,0,11699,03140,No aplica,Calle,Atropello a personas                               ,,No inventariada,Calle,Municipal,Se desconoce,Seco y limpio,Sin luz natural y con iluminación artificial encen,Despejado,,Nivel blanco,,No,No,No,No,No,No,No,2019,5,VIERNES,23,Noche,Dias laborables
,1,0,0,11700,03140,No aplica,Calle,Atropello a personas                               ,,No inventariada,Calle,Municipal,Se desconoce,Seco y limpio,"Amanecer o atardecer, sin luz artificial",Despejado,,Nivel blanco,,Sin especificar,Sin especificar,Sin especificar,Sin especificar,Sin especificar,Sin especificar,Sin especificar,2019,5,MARTES,19,Noche,Dias laborables
,0,1,0,11701,03140,No aplica,Calle,Atropello a personas                               ,,No inventariada,Calle,Municipal,Se desconoce,Seco y limpio,"Luz del día natural, solar",Despejado,,Nivel blanco,,Sin especificar,Sin especificar,Sin especificar,Sin especificar,Sin especificar,Sin especificar,Sin especificar,2019,5,LUNES,14,Tarde,Dias laborables
168.6,1,2,0,11702,03140,Recta,Carretera,Lateral                                            ,,A-31,Autovía,Estatal,Ascendente,Seco y limpio,"Luz del día natural, solar",Despejado,,Nivel blanco,,Sin especificar,Sin especificar,Sin especificar,Sin especificar,Sin especificar,Sin especificar,Sin especificar,2019,5,MARTES,10,Mañana,Dias laborables
,3,0,0,11703,03140,No aplica,Calle,Múltiple o en caravana                             ,,No inventariada,Calle,Municipal,Se desconoce,Seco y limpio,"Luz del día natural, solar",Despejado,,Nivel blanco,,Sin especificar,Sin especificar,Sin especificar,Sin especificar,Sin especificar,Sin especificar,Sin especificar,2019,5,SÁBADO,13,Tarde,Fines de semana
,1,0,0,11704,03140,No aplica,Calle,Atropello a personas                               ,,No inventariada,Calle,Municipal,Se desconoce,Seco y limpio,"Luz del día natural, solar",Despejado,,Nivel verde,,Sin especificar,Sin especificar,Sin especificar,Sin especificar,Sin especificar,Sin especificar,Sin especificar,2019,5,DOMINGO,19,Noche,Fines de semana
0.8,1,0,0,11705,03140,Recta,Carretera,Salida de la vía por la izquierda con vuelco       ,,CV-809,Carretera Convencional de calzada única,Autonómica,Ascendente,Seco y limpio,Sin luz natural ni artificial,Despejado,,Nivel blanco,,Sin especificar,Sin especificar,Sin especificar,Sin especificar,Sin especificar,Sin especificar,Sin especificar,2019,6,DOMINGO,22,Noche,Fines de semana
,0,1,0,11706,03140,No aplica,Calle,Atropello a personas                               ,,No inventariada,Calle,Municipal,Se desconoce,Seco y limpio,"Luz del día natural, solar",Despejado,,Nivel amarillo,,No,No,No,Sí,No,No,Sí,2019,5,LUNES,13,Tarde,Dias laborables
1.8,1,0,0,11707,03140,Curva señalizada,Carretera,Salida de la vía por la izquierda con colisión     ,,CV-814,Carretera Convencional de calzada única,"Provincial, Cabildo/Consell",Descendente,Seco y limpio,Sin luz natural ni artificial,Despejado,,Nivel blanco,,Sin especificar,Sin especificar,Sin especificar,Sin especificar,Sin especificar,Sin especificar,Sin especificar,2019,6,SÁBADO,2,Madrugada,Fines de semana
50.4,2,1,1,11708,03140,Recta,Carretera,Fronto-lateral                                     ,,CV-81,Carretera Convencional de calzada única,Autonómica,Ascendente,Seco y limpio,Sin luz natural ni artificial,Despejado,,Nivel blanco,,No,No,No,No,No,No,No,2019,6,JUEVES,23,Noche,Dias laborables
173.9,1,0,0,11709,03140,Recta,Carretera,Atropello a personas                               ,,A-31,Autovía,Estatal,Ascendente,Seco y limpio,Sin luz natural ni artificial,Despejado,,Nivel blanco,,Sin especificar,Sin especificar,Sin especificar,Sin especificar,Sin especificar,Sin especificar,Sin especificar,2019,6,SÁBADO,0,Madrugada,Fines de semana
1.9,1,0,0,11710,03122,Recta,Carretera,Fronto-lateral                                     ,,CV-820,Carretera Convencional de calzada única,Autonómica,Ambos,Seco y limpio,"Luz del día natural, solar",Despejado,,Nivel blanco,,No,No,No,No,No,No,No,2019,6,VIERNES,10,Mañana,Dias laborables
,2,0,0,11711,03140,No aplica,Calle,Frontal                                            ,,No inventariada,Calle,Municipal,Se desconoce,Seco y limpio,"Luz del día natural, solar",Despejado,,Nivel blanco,,No,No,No,No,No,No,No,2019,7,MIÉRCOLES,15,Tarde,Dias laborables
,1,0,0,11712,03140,No aplica,Calle,Fronto-lateral                                     ,,No inventariada,Calle,Municipal,Se desconoce,Seco y limpio,"Luz del día natural, solar",Despejado,,Nivel verde,,No,No,No,No,No,Sí,No,2019,7,JUEVES,11,Mañana,Dias laborables
0.1,3,0,0,11713,03140,Recta,Carretera,Salida de la vía por la derecha con vuelco         ,,CAMIPE77,Otro,Otra,Ascendente,Otra,"Luz del día natural, solar",Despejado,,Nivel blanco,,Sin especificar,Sin especificar,Sin especificar,Sin especificar,Sin especificar,Sin especificar,Sin especificar,2019,7,SÁBADO,21,Noche,Fines de semana
178.55,6,0,0,11714,03140,Recta,Carretera,Por alcance                                        ,,A-31,Autovía,Estatal,Ascendente,Seco y limpio,Sin luz natural ni artificial,Despejado,,Nivel blanco,,Sin especificar,Sin especificar,Sin especificar,Sin especificar,Sin especificar,Sin especificar,Sin especificar,2019,7,MIÉRCOLES,4,Madrugada,Dias laborables
185.4,3,0,0,11715,03140,Recta,Carretera,Por alcance                                        ,,A-31,Autovía,Estatal,Descendente,Seco y limpio,"Luz del día natural, solar",Despejado,,Nivel amarillo,,Sin especificar,Sin especificar,Sin especificar,Sin especificar,Sin especificar,Sin especificar,Sin especificar,2019,7,DOMINGO,19,Noche,Fines de semana
,2,0,0,11716,03140,No aplica,Calle,Por alcance                                        ,,No inventariada,Calle,Municipal,Se desconoce,Seco y limpio,"Amanecer o atardecer, sin luz artificial",Despejado,,Nivel verde,,Sin especificar,Sin especificar,Sin especificar,Sin especificar,Sin especificar,Sin especificar,Sin especificar,2019,7,LUNES,19,Noche,Dias laborables
184.3,15,0,0,11717,03140,Recta,Carretera,Múltiple o en caravana                             ,,A-31,Autovía,Estatal,Ascendente,Seco y limpio,"Luz del día natural, solar",Despejado,,Nivel verde,,Sin especificar,Sin especificar,Sin especificar,Sin especificar,Sin especificar,Sin especificar,Sin especificar,2019,8,LUNES,14,Tarde,Dias laborables
,1,0,0,11718,03140,No aplica,Calle,Fronto-lateral                                     ,,No inventariada,Calle,Municipal,Se desconoce,Seco y limpio,"Luz del día natural, solar",Despejado,,Nivel blanco,,No,No,No,Sí,No,No,Sí,2019,8,DOMINGO,10,Mañana,Fines de semana
185.0,3,0,0,11719,03140,Recta,Carretera,Múltiple o en caravana                             ,,A-31,Autovía,Estatal,Descendente,Seco y limpio,"Luz del día natural, solar",Despejado,,Nivel blanco,,Sin especificar,Sin especificar,Sin especificar,Sin especificar,Sin especificar,Sin especificar,Sin especificar,2019,8,SÁBADO,12,Tarde,Fines de semana
187.0,2,0,0,11720,03140,Recta,Carretera,Por alcance                                        ,,A-31,Autovía,Estatal,Descendente,Seco y limpio,"Luz del día natural, solar",Despejado,,Nivel amarillo,,Sin especificar,Sin especificar,Sin especificar,Sin especificar,Sin especificar,Sin especificar,Sin especificar,2019,8,DOMINGO,15,Tarde,Fines de semana
40.5,1,0,0,11721,03140,Curva señalizada,Carretera,"Salida de la vía por la izquierda, otro tipo       ",,CV-81,Carretera Convencional de calzada única,Autonómica,Ascendente,Seco y limpio,"Luz del día natural, solar",Despejado,,Nivel blanco,,No,No,Sí,No,No,Sí,No,2019,8,LUNES,10,Mañana,Dias laborables
189.0,1,0,0,11722,03140,Recta,Carretera,Salida de la vía por la izquierda con colisión     ,,A-31,Autovía,Estatal,Descendente,Seco y limpio,"Luz del día natural, solar",Despejado,,Nivel blanco,,Sin especificar,Sin especificar,Sin especificar,Sin especificar,Sin especificar,Sin especificar,Sin especificar,2019,9,MIÉRCOLES,7,Mañana,Dias laborables
,4,0,0,11723,03140,No aplica,Calle,Fronto-lateral                                     ,,No inventariada,Calle,Municipal,Se desconoce,Seco y limpio,Sin luz natural y con iluminación artificial encen,Despejado,,Nivel verde,,No,No,No,No,No,Sí,No,2019,8,SÁBADO,23,Noche,Fines de semana
,1,0,0,11724,03140,No aplica,Calle,Lateral                                            ,,No inventariada,Calle,Municipal,Se desconoce,Seco y limpio,"Luz del día natural, solar",Despejado,,Nivel blanco,,Sin especificar,Sin especificar,Sin especificar,Sin especificar,Sin especificar,Sin especificar,Sin especificar,2019,8,LUNES,15,Tarde,Dias laborables
38.7,2,0,0,11725,03140,Recta,Carretera,Por alcance                                        ,,CV-81,Carretera Convencional de calzada única,Autonómica,Descendente,Seco y limpio,"Luz del día natural, solar",Despejado,,Nivel blanco,,Sin especificar,Sin especificar,Sin especificar,Sin especificar,Sin especificar,Sin especificar,Sin especificar,2019,10,VIERNES,14,Tarde,Dias laborables
,1,0,0,11726,03140,No aplica,Calle,Por alcance                                        ,,No inventariada,Calle,Municipal,Se desconoce,Seco y limpio,"Luz del día natural, solar",Despejado,,Nivel blanco,,Sin especificar,Sin especificar,Sin especificar,Sin especificar,Sin especificar,Sin especificar,Sin especificar,2019,5,MARTES,16,Tarde,Dias laborables
,1,0,0,11727,03140,No aplica,Calle,Fronto-lateral                                     ,,No inventariada,Calle,Municipal,Se desconoce,Seco y limpio,"Luz del día natural, solar",Despejado,,Nivel verde,,No,No,No,No,No,No,Sí,2019,11,VIERNES,16,Tarde,Dias laborables
,1,0,0,11728,03140,No aplica,Calle,Atropello a personas                               ,,No inventariada,Calle,Municipal,Se desconoce,Seco y limpio,"Amanecer o atardecer, con luz artificial",Despejado,,Nivel verde,,Sin especificar,Sin especificar,Sin especificar,Sin especificar,Sin especificar,Sin especificar,Sin especificar,2019,5,JUEVES,20,Noche,Dias laborables
,1,0,0,11729,03140,No aplica,Calle,Atropello a personas                               ,,No inventariada,Calle,Municipal,Se desconoce,Seco y limpio,"Luz del día natural, solar",Despejado,,Sin especificar,,No,No,No,No,No,No,No,2019,11,VIERNES,14,Tarde,Dias laborables
,0,1,0,11730,03140,No aplica,Calle,Atropello a personas                               ,,No inventariada,Calle,Municipal,Se desconoce,Seco y limpio,"Luz del día natural, solar",Despejado,,Nivel verde,,No,No,No,Sí,No,No,Sí,2019,11,MIÉRCOLES,11,Mañana,Dias laborables
190.45,2,0,0,11731,03140,Recta,Carretera,Por alcance                                        ,,A-31,Autovía,Estatal,Descendente,Seco y limpio,Sin luz natural ni artificial,Despejado,,Nivel blanco,,Sin especificar,Sin especificar,Sin especificar,Sin especificar,Sin especificar,Sin especificar,Sin especificar,2019,11,SÁBADO,19,Noche,Fines de semana
48.9,2,0,0,11732,03140,Recta,Carretera,Por alcance                                        ,,CV-81,Carretera Convencional de calzada única,Autonómica,Ascendente,Seco y limpio,Sin luz natural ni artificial,Despejado,,Nivel blanco,,Sin especificar,Sin especificar,Sin especificar,Sin especificar,Sin especificar,Sin especificar,Sin especificar,2019,12,VIERNES,19,Noche,Dias laborables
8.5,1,0,0,11733,00000,Recta,Carretera,Vuelco                                             ,,CV-730,Carretera Convencional de calzada única,"Provincial, Cabildo/Consell",Descendente,Seco y limpio,"Luz del día natural, solar",Despejado,,Nivel blanco,,Sin especificar,Sin especificar,Sin especificar,Sin especificar,Sin especificar,Sin especificar,Sin especificar,2019,7,SÁBADO,15,Tarde,Fines de semana
0.7,1,0,0,11734,03902,Recta,Carretera,Múltiple o en caravana                             ,,CV-941,Carretera Convencional de calzada única,Autonómica,Ascendente,Seco y limpio,"Luz del día natural, solar",Despejado,,Nivel blanco,,No,No,No,No,No,Sí,No,2019,2,VIERNES,12,Tarde,Dias laborables
40.5,1,0,0,11735,03902,Recta,Carretera,Fronto-lateral                                     ,,N-332,Carretera Convencional de calzada única,Estatal,Descendente,Seco y limpio,"Luz del día natural, solar",Despejado,,Nivel blanco,,No,No,No,No,No,Sí,No,2019,3,MARTES,9,Mañana,Dias laborables
42.6,1,0,0,11736,03902,Recta,Carretera,Salida de la vía por la izquierda con colisión     ,N-332,N-332,Carretera Convencional de calzada única,Estatal,Descendente,Mojado,"Luz del día natural, solar",Lluvia fuerte,,Nivel blanco,,No,No,No,No,No,Sí,No,2019,4,DOMINGO,16,Tarde,Fines de semana
3.4,2,0,0,11737,03902,Recta,Carretera,Por alcance                                        ,,CAMINO,Camino vecinal,Municipal,Ascendente,Seco y limpio,Sin luz natural ni artificial,Despejado,,Nivel blanco,,No,No,No,No,No,No,No,2019,6,VIERNES,22,Noche,Dias laborables
31.0,1,0,0,11738,03902,Recta,Carretera,Por alcance                                        ,,CV-925,Carretera Convencional de calzada única,Autonómica,Descendente,Seco y limpio,"Luz del día natural, solar",Despejado,,Nivel blanco,,Sin especificar,Sin especificar,Sin especificar,Sin especificar,Sin especificar,Sin especificar,Sin especificar,2019,6,MARTES,15,Tarde,Dias laborables
2.5,1,0,0,11739,03902,Recta,Carretera,Salida de la vía por la derecha otro tipo          ,,No inventariada,Camino vecinal,Municipal,Ambos,Con barro o gravilla suelta,"Luz del día natural, solar",Despejado,,Nivel blanco,,Sin especificar,Sin especificar,Sin especificar,Sin especificar,Sin especificar,Sin especificar,Sin especificar,2019,7,LUNES,7,Mañana,Dias laborables
39.5,1,0,0,11740,03902,Recta,Carretera,Por alcance                                        ,,N-332,Carretera Convencional de calzada única,Estatal,Descendente,Seco y limpio,"Luz del día natural, solar",Despejado,,Nivel verde,,No,No,No,No,No,No,Sí,2019,7,VIERNES,19,Noche,Dias laborables
44.0,1,0,0,11741,03902,Curva señalizada,Carretera,Fronto-lateral                                     ,,N-332,Carretera Convencional de calzada única,Estatal,Ascendente,Seco y limpio,"Luz del día natural, solar",Despejado,,Nivel blanco,,No,No,No,No,No,Sí,No,2019,8,MIÉRCOLES,12,Tarde,Dias laborables
43.4,0,1,0,11742,03902,Curva señalizada,Carretera,Salida de la vía por la izquierda con colisión     ,,N-332,Carretera Convencional de calzada única,Estatal,Ascendente,Seco y limpio,"Luz del día natural, solar",Despejado,,Nivel blanco,,No,No,Sí,No,No,Sí,No,2019,9,SÁBADO,17,Tarde,Fines de semana
1.0,1,0,0,11743,03902,Recta,Carretera,Caída                                              ,,CAMINO TOR,Carretera Convencional de calzada única,Municipal,Ascendente,Seco y limpio,"Luz del día natural, solar",Despejado,,Nivel blanco,,Sin especificar,Sin especificar,Sin especificar,Sin especificar,Sin especificar,Sin especificar,Sin especificar,2019,10,LUNES,13,Tarde,Dias laborables
768.6,0,1,0,11744,03902,Curva señalizada,Carretera,Salida de la vía por la izquierda con despeñamiento,CV-941,AP-7,Autopista libre,Estatal,Descendente,Seco y limpio,Sin luz natural ni artificial,Despejado,,Nivel blanco,,No,No,No,No,No,No,No,2019,10,VIERNES,3,Madrugada,Dias laborables
0.0,1,0,0,11745,03902,Recta,Carretera,Fronto-lateral                                     ,,CAMINO DE,Camino vecinal,Municipal,Ambos,Seco y limpio,"Luz del día natural, solar",Despejado,,Sin especificar,,No,No,No,No,No,No,Sí,2019,10,VIERNES,11,Mañana,Dias laborables