KM,TOTAL_HL24H,TOTAL_HG24H,TOTAL_MU24H,id,COD_MUNICIPIO,TRAZADO_PLANTA,ZONA,TIPO_ACCIDENTE,CARRETERA_CRUCE,CARRETERA,TIPO_VIA,TITULARIDAD_VIA,SENTIDO_1F,CONDICION_FIRME,CONDICION_ILUMINACION,CONDICION_METEO,CONDICION_NIEBLA,CONDICION_NIVEL_CIRCULA,CONDICION_VIENTO,PRIORI_AGENTE,PRIORI_CIRCUNSTANCIAL,PRIORI_HORIZ_CEDA,PRIORI_HORIZ_STOP,PRIORI_SEMAFORO,PRIORI_VERT_CEDA,PRIORI_VERT_STOP,ANYO,MES,DIA,HORA,FRANJA_HORARIA,TIPO_DIA
,1,0,0,12338,03031,No aplica,Calle,Atropello a personas                               ,,No inventariada,Calle,Municipal,Se desconoce,Seco y limpio,"Luz del día natural, solar",Despejado,,Sin especificar,,No,No,No,No,No,No,No,2020,9,VIERNES,18,Noche,Dias laborables
652.0,2,0,0,12339,03031,Recta,Carretera,Frontal                                            ,,AP-7,Autopista libre,Estatal,Ambos,Seco y limpio,Sin luz natural ni artificial,Despejado,,Nivel blanco,,Sin especificar,Sin especificar,Sin especificar,Sin especificar,Sin especificar,Sin especificar,Sin especificar,2020,9,DOMINGO,6,Mañana,Fines de semana
,1,0,0,12340,03031,No aplica,Calle,Fronto-lateral                                     ,,No inventariada,Calle,Municipal,Se desconoce,Seco y limpio,"Luz del día natural, solar",Despejado,,Nivel blanco,,No,No,No,No,No,Sí,No,2020,9,DOMINGO,15,Tarde,Fines de semana
,1,0,0,12341,03031,No aplica,Calle,Fronto-lateral                                     ,,No inventariada,Calle,Municipal,Se desconoce,Seco y limpio,Sin luz natural y con iluminación artificial encen,Despejado,,Nivel blanco,,No,No,No,No,No,Sí,No,2020,9,DOMINGO,22,Noche,Fines de semana
47.8,1,0,0,12342,03031,Recta,Carretera,Fronto-lateral                                     ,,CV-70,Carretera Convencional de doble calzada,Autonómica,Ascendente,Seco y limpio,"Luz del día natural, solar",Despejado,,Nivel blanco,,No,No,No,No,No,Sí,No,2020,9,MIÉRCOLES,8,Mañana,Dias laborables
,0,1,0,12343,03031,No aplica,Calle,Otro tipo de accidente                             ,,No inventariada,Calle,Municipal,Se desconoce,Seco y limpio,"Luz del día natural, solar",Despejado,,Nivel verde,,Sin especificar,Sin especificar,Sin especificar,Sin especificar,Sin especificar,Sin especificar,Sin especificar,2020,9,JUEVES,13,Tarde,Dias laborables
,1,0,0,12344,03031,No aplica,Calle,Lateral                                            ,,No inventariada,Calle,Municipal,Se desconoce,Seco y limpio,"Luz del día natural, solar",Despejado,,Nivel verde,,No,No,No,No,Sí,No,No,2020,9,VIERNES,14,Tarde,Dias laborables
,1,0,0,12345,03031,No aplica,Calle,Múltiple o en caravana                             ,,No inventariada,Calle,Municipal,Se desconoce,Seco y limpio,"Luz del día natural, solar",Despejado,,Nivel verde,,Sin especificar,Sin especificar,Sin especificar,Sin especificar,Sin especificar,Sin especificar,Sin especificar,2020,9,VIERNES,15,Tarde,Dias laborables
,1,0,0,12346,03031,No aplica,Calle,Fronto-lateral                                     ,,No inventariada,Calle,Municipal,Se desconoce,Seco y limpio,"Luz del día natural, solar",Despejado,,Nivel blanco,,No,No,No,No,No,No,No,2020,9,LUNES,14,Tarde,Dias laborables
150.7,4,0,0,12347,03031,Recta,Carretera,Frontal                                            ,,N-332,Carretera Convencional de calzada única,Estatal,Ascendente,Seco y limpio,"Luz del día natural, solar",Despejado,,Nivel verde,,Sin especificar,Sin especificar,Sin especificar,Sin especificar,Sin especificar,Sin especificar,Sin especificar,2020,10,SÁBADO,9,Mañana,Fines de semana
,1,0,0,12348,03031,No aplica,Calle,Fronto-lateral                                     ,,No inventariada,Calle,Municipal,Se desconoce,Seco y limpio,"Luz del día natural, solar",Despejado,,Nivel blanco,,No,No,Sí,No,No,Sí,No,2020,10,SÁBADO,11,Mañana,Fines de semana
,4,0,0,12349,03031,No aplica,Calle,Fronto-lateral                                     ,,No inventariada,Calle,Municipal,Se desconoce,Seco y limpio,"Luz del día natural, solar",Despejado,,Sin especificar,,No,No,No,No,Sí,No,No,2020,10,JUEVES,18,Noche,Dias laborables
,1,0,0,12350,03031,No aplica,Calle,Por alcance                                        ,,No inventariada,Calle,Municipal,Se desconoce,Seco y limpio,Sin luz natural y con iluminación artificial encen,Despejado,,Nivel verde,,No,No,Sí,No,No,Sí,No,2020,10,MIÉRCOLES,21,Noche,Dias laborables
,1,0,0,12351,03031,No aplica,Calle,Por alcance                                        ,,No inventariada,Calle,Municipal,Se desconoce,Seco y limpio,"Luz del día natural, solar",Despejado,,Nivel verde,,No,No,No,No,Sí,Sí,No,2020,10,LUNES,7,Mañana,Dias laborables
,1,1,0,12352,03031,No aplica,Calle,Otro tipo de accidente                             ,,No inventariada,Calle,Municipal,Se desconoce,Seco y limpio,"Luz del día natural, solar",Despejado,,Nivel verde,,Sin especificar,Sin especificar,Sin especificar,Sin especificar,Sin especificar,Sin especificar,Sin especificar,2020,10,VIERNES,18,Noche,Dias laborables
50.0,1,0,0,12353,03031,Curva señalizada,Carretera,Salida de la vía por la izquierda con vuelco       ,N-332,CV-70,Carretera Convencional de doble calzada,Autonómica,Ascendente,Seco y limpio,Sin luz natural y con iluminación artificial encen,Despejado,,Nivel blanco,,No,No,No,No,No,No,No,2020,10,LUNES,7,Mañana,Dias laborables
,1,0,0,12354,03031,No aplica,Calle,Fronto-lateral                                     ,,No inventariada,Calle,Municipal,Se desconoce,Seco y limpio,"Luz del día natural, solar",Despejado,,Nivel blanco,,No,No,No,No,No,Sí,No,2020,10,LUNES,10,Mañana,Dias laborables
,1,0,0,12355,03031,No aplica,Calle,Caída                                              ,,No inventariada,Calle,Municipal,Se desconoce,Seco y limpio,"Luz del día natural, solar",Despejado,,Nivel blanco,,Sin especificar,Sin especificar,Sin especificar,Sin especificar,Sin especificar,Sin especificar,Sin especificar,2020,10,VIERNES,11,Mañana,Dias laborables
50.4,1,0,0,12356,03031,Curva señalizada,Carretera,Fronto-lateral                                     ,N-332,CV-70,Carretera Convencional de doble calzada,Autonómica,Descendente,Seco y limpio,"Luz del día natural, solar",Despejado,,Nivel verde,,No,No,Sí,No,No,Sí,No,2020,10,VIERNES,18,Noche,Dias laborables
,1,0,0,12357,03031,No aplica,Calle,Colisión contra obstáculo o elemento de la vía     ,,No inventariada,Calle,Municipal,Se desconoce,Seco y limpio,"Amanecer o atardecer, con luz artificial",Despejado,,Sin especificar,,Sin especificar,Sin especificar,Sin especificar,Sin especificar,Sin especificar,Sin especificar,Sin especificar,2020,10,VIERNES,20,Noche,Dias laborables
50.4,1,0,0,12358,03031,Recta,Carretera,Por alcance                                        ,CV-70,CV-70,Carretera Convencional de doble calzada,Autonómica,Descendente,Seco y limpio,"Luz del día natural, solar",Despejado,,Sin especificar,,No,No,No,No,No,Sí,No,2020,10,MARTES,11,Mañana,Dias laborables
,2,0,0,12359,03031,No aplica,Calle,Atropello a personas                               ,,No inventariada,Calle,Municipal,Se desconoce,Mojado,"Luz del día natural, solar",Nublado,,Nivel verde,,No,No,Sí,No,No,Sí,No,2020,10,JUEVES,14,Tarde,Dias laborables
,1,0,0,12360,03031,No aplica,Calle,Salida de la vía por la izquierda con colisión     ,,No inventariada,Calle,Municipal,Se desconoce,Seco y limpio,Sin luz natural y con iluminación artificial encen,Despejado,,Sin especificar,,Sin especificar,Sin especificar,Sin especificar,Sin especificar,Sin especificar,Sin especificar,Sin especificar,2020,9,SÁBADO,20,Noche,Fines de semana
,2,0,0,12361,03031,No aplica,Calle,Salida de la vía por la derecha con vuelco         ,,No inventariada,Calle,Municipal,Se desconoce,Seco y limpio,"Luz del día natural, solar",Despejado,,Nivel amarillo,,No,No,No,Sí,No,Sí,No,2020,10,SÁBADO,17,Tarde,Fines de semana
,1,0,0,12362,03031,No aplica,Calle,Lateral                                            ,,No inventariada,Calle,Municipal,Se desconoce,Seco y limpio,"Luz del día natural, solar",Despejado,,Nivel amarillo,,No,No,No,No,No,No,No,2020,9,LUNES,12,Tarde,Dias laborables
,1,0,0,12363,03031,No aplica,Calle,Atropello a personas                               ,,No inventariada,Calle,Municipal,Se desconoce,Seco y limpio,"Luz del día natural, solar",Despejado,,Nivel verde,,Sin especificar,Sin especificar,Sin especificar,Sin especificar,Sin especificar,Sin especificar,Sin especificar,2020,10,MARTES,12,Tarde,Dias laborables
,1,0,0,12364,03031,No aplica,Calle,Fronto-lateral                                     ,,No inventariada,Calle,Municipal,Se desconoce,Seco y limpio,"Luz del día natural, solar",Despejado,,Sin especificar,,Sin especificar,Sin especificar,Sin especificar,Sin especificar,Sin especificar,Sin especificar,Sin especificar,2020,10,LUNES,15,Tarde,Dias laborables
,1,0,0,12365,03031,No aplica,Calle,Fronto-lateral                                     ,,No inventariada,Calle,Municipal,Se desconoce,Seco y limpio,"Luz del día natural, solar",Despejado,,Sin especificar,,No,No,No,No,No,No,Sí,2020,10,LUNES,17,Tarde,Dias laborables
,1,0,0,12366,03031,No aplica,Calle,Caída                                              ,,No inventariada,Calle,Municipal,Se desconoce,Seco y limpio,"Luz del día natural, solar",Despejado,,Sin especificar,,No,No,No,No,No,No,No,2020,10,MARTES,17,Tarde,Dias laborables
,1,0,0,12367,03031,No aplica,Calle,Fronto-lateral                                     ,,No inventariada,Calle,Municipal,Se desconoce,Seco y limpio,"Luz del día natural, solar",Despejado,,Nivel verde,,No,No,No,No,No,No,No,2020,10,JUEVES,9,Mañana,Dias laborables
144.5,1,0,0,12368,03031,Recta,Carretera,Por alcance                                        ,,N-332,Carretera Convencional de doble calzada,Estatal,Descendente,Seco y limpio,"Luz del día natural, solar",Despejado,,Nivel blanco,,Sin especificar,Sin especificar,Sin especificar,Sin especificar,Sin especificar,Sin especificar,Sin especificar,2020,10,VIERNES,13,Tarde,Dias laborables
,1,0,0,12369,03031,No aplica,Calle,Caída                                              ,,No inventariada,Calle,Otra,Se desconoce,Mojado,Sin luz natural y con iluminación artificial encen,Despejado,,Nivel blanco,,Sin especificar,Sin especificar,Sin especificar,Sin especificar,Sin especificar,Sin especificar,Sin especificar,2020,10,VIERNES,10,Mañana,Dias laborables
,2,0,0,12370,03031,No aplica,Calle,Fronto-lateral                                     ,,No inventariada,Calle,Municipal,Se desconoce,Seco y limpio,"Luz del día natural, solar",Despejado,,Nivel blanco,,No,No,No,No,No,Sí,No,2020,10,VIERNES,10,Mañana,Dias laborables
,1,0,0,12371,03031,No aplica,Calle,Fronto-lateral                                     ,,No inventariada,Calle,Municipal,Se desconoce,Seco y limpio,"Luz del día natural, solar",Despejado,,Sin especificar,,No,No,No,Sí,No,No,Sí,2020,10,VIERNES,17,Tarde,Dias laborables
147.8,0,1,0,12372,03031,Recta,Carretera,Por alcance                                        ,,N-332,Carretera Convencional de doble calzada,Estatal,Descendente,Seco y limpio,Sin luz natural ni artificial,Nublado,,Nivel blanco,,Sin especificar,Sin especificar,Sin especificar,Sin especificar,Sin especificar,Sin especificar,Sin especificar,2020,11,SÁBADO,22,Noche,Fines de semana
,1,0,0,12373,03031,No aplica,Calle,Atropello a personas                               ,,No inventariada,Calle,Municipal,Se desconoce,Mojado,"Luz del día natural, solar",Despejado,,Nivel blanco,,Sin especificar,Sin especificar,Sin especificar,Sin especificar,Sin especificar,Sin especificar,Sin especificar,2020,11,SÁBADO,8,Mañana,Fines de semana
,1,0,0,12374,03031,No aplica,Calle,Caída                                              ,,No inventariada,Calle,Municipal,Se desconoce,Seco y limpio,"Luz del día natural, solar",Despejado,Niebla ligera,Nivel verde,,Sin especificar,Sin especificar,Sin especificar,Sin especificar,Sin especificar,Sin especificar,Sin especificar,2020,11,VIERNES,17,Tarde,Dias laborables
,1,0,0,12375,03031,No aplica,Calle,Por alcance                                        ,,No inventariada,Calle,Municipal,Se desconoce,Seco y limpio,"Luz del día natural, solar",Despejado,,Nivel blanco,,Sin especificar,Sin especificar,Sin especificar,Sin especificar,Sin especificar,Sin especificar,Sin especificar,2020,11,VIERNES,10,Mañana,Dias laborables
,1,0,0,12376,03031,No aplica,Calle,Fronto-lateral                                     ,,No inventariada,Calle,Municipal,Se desconoce,Seco y limpio,"Luz del día natural, solar",Despejado,,Nivel verde,,No,No,No,No,No,Sí,No,2020,11,LUNES,13,Tarde,Dias laborables
,1,0,0,12377,03031,No aplica,Calle,Fronto-lateral                                     ,,No inventariada,Calle,Municipal,Se desconoce,Seco y limpio,"Luz del día natural, solar",Despejado,,Nivel verde,,No,No,No,No,No,Sí,No,2020,11,DOMINGO,14,Tarde,Fines de semana
0.1,0,1,0,12378,03031,Recta,Carretera,Fronto-lateral                                     ,V1,V1,Otro,Otra,Descendente,Seco y limpio,"Luz del día natural, solar",Despejado,,Nivel blanco,,No,No,No,No,No,Sí,No,2020,11,LUNES,8,Mañana,Dias laborables
48.5,1,0,0,12379,03031,Curva señalizada,Carretera,Fronto-lateral                                     ,,CV-70,Carretera Convencional de doble calzada,Autonómica,Ascendente,Seco y limpio,"Luz del día natural, solar",Despejado,,Nivel verde,,No,No,Sí,No,No,Sí,No,2020,12,MARTES,11,Mañana,Dias laborables
,0,1,0,12380,03031,No aplica,Calle,Caída                                              ,,No inventariada,Calle,Municipal,Se desconoce,Otra,"Amanecer o atardecer, sin luz artificial",Despejado,,Nivel blanco,,Sin especificar,Sin especificar,Sin especificar,Sin especificar,Sin especificar,Sin especificar,Sin especificar,2020,11,DOMINGO,17,Tarde,Fines de semana
,0,1,0,12381,03031,No aplica,Calle,Lateral                                            ,,No inventariada,Calle,Municipal,Se desconoce,Seco y limpio,"Luz del día natural, solar",Despejado,,Nivel verde,,No,No,No,No,No,Sí,No,2020,11,JUEVES,17,Tarde,Dias laborables
150.5,1,0,0,12382,03031,Recta,Carretera,Por alcance                                        ,,N-332,Carretera Convencional de calzada única,Estatal,Ascendente,Seco y limpio,"Luz del día natural, solar",Despejado,,Nivel blanco,,Sin especificar,Sin especificar,Sin especificar,Sin especificar,Sin especificar,Sin especificar,Sin especificar,2020,12,JUEVES,8,Mañana,Dias laborables
,0,0,1,12383,03031,No aplica,Calle,Atropello a personas                               ,,No inventariada,Calle,Municipal,Se desconoce,Seco y limpio,"Luz del día natural, solar",Despejado,,Sin especificar,,No,No,No,No,No,No,Sí,2020,8,MARTES,8,Mañana,Dias laborables
,1,0,0,12384,03031,No aplica,Calle,Fronto-lateral                                     ,CV-70,No inventariada,Calle,Municipal,Se desconoce,Seco y limpio,Sin luz natural y con iluminación artificial encen,Despejado,,Nivel blanco,,No,No,No,No,No,Sí,No,2020,12,MIÉRCOLES,23,Noche,Dias laborables
,1,1,0,12385,03031,No aplica,Calle,Caída                                              ,,No inventariada,Calle,Municipal,Se desconoce,Seco y limpio,Sin luz natural y con iluminación artificial encen,Despejado,,Nivel blanco,,Sin especificar,Sin especificar,Sin especificar,Sin especificar,Sin especificar,Sin especificar,Sin especificar,2020,11,DOMINGO,20,Noche,Fines de semana
,1,0,0,12386,03031,No aplica,Calle,Fronto-lateral                                     ,,No inventariada,Calle,Municipal,Se desconoce,Seco y limpio,Sin luz natural y con iluminación artificial encen,Despejado,,Nivel blanco,,No,No,No,Sí,Sí,No,No,2020,12,SÁBADO,22,Noche,Fines de semana
,1,0,0,12387,03031,No aplica,Calle,Otro tipo de accidente                             ,,No inventariada,Calle,Municipal,Se desconoce,Seco y limpio,"Luz del día natural, solar",Despejado,,Nivel verde,,Sin especificar,Sin especificar,Sin especificar,Sin especificar,Sin especificar,Sin especificar,Sin especificar,2020,12,MIÉRCOLES,9,Mañana,Dias laborables
,3,0,0,12388,03031,No aplica,Calle,Colisión contra obstáculo o elemento de la vía     ,,No inventariada,Calle,Municipal,Se desconoce,Con barro o gravilla suelta,"Luz del día natural, solar",Despejado,,Sin especificar,,Sin especificar,Sin especificar,Sin especificar,Sin especificar,Sin especificar,Sin especificar,Sin especificar,2020,11,DOMINGO,12,Tarde,Fines de semana
,0,1,0,12389,03031,No aplica,Calle,Fronto-lateral                                     ,,No inventariada,Calle,Municipal,Se desconoce,Seco y limpio,"Luz del día natural, solar",Despejado,,Sin especificar,,Sin especificar,Sin especificar,Sin especificar,Sin especificar,Sin especificar,Sin especificar,Sin especificar,2020,10,LUNES,15,Tarde,Dias laborables
,0,1,0,12390,03031,No aplica,Calle,Fronto-lateral                                     ,,No inventariada,Calle,Municipal,Se desconoce,Seco y limpio,"Luz del día natural, solar",Despejado,,Nivel blanco,,No,No,No,No,Sí,No,No,2020,11,LUNES,8,Mañana,Dias laborables
,2,0,0,12391,03031,No aplica,Calle,Fronto-lateral                                     ,,No inventariada,Calle,Municipal,Se desconoce,Seco y limpio,"Luz del día natural, solar",Despejado,,Sin especificar,,No,No,No,No,No,No,Sí,2020,12,MIÉRCOLES,13,Tarde,Dias laborables
13.15,1,0,0,12392,00000,Curva señalizada,Carretera,Salida de la vía por la derecha con vuelco         ,,CV-920,Carretera Convencional de calzada única,Autonómica,Ascendente,Seco y limpio,Sin luz natural ni artificial,Despejado,,Nivel blanco,,No,No,No,No,No,No,No,2020,1,MIÉRCOLES,23,Noche,Dias laborables
1.05,2,0,0,12393,00000,Recta,Carretera,Salida de la vía por la derecha con colisión       ,,CV-790,Carretera Convencional de calzada única,Autonómica,Ascendente,Seco y limpio,"Luz del día natural, solar",Nublado,,Nivel verde,,Sin especificar,Sin especificar,Sin especificar,Sin especificar,Sin especificar,Sin especificar,Sin especificar,2020,11,VIERNES,8,Mañana,Dias laborables
12.38,1,0,0,12394,00000,Curva sin señalizar,Carretera,Caída                                              ,,CV-70,Carretera Convencional de calzada única,Autonómica,Descendente,Seco y limpio,"Luz del día natural, solar",Despejado,,Nivel blanco,,Sin especificar,Sin especificar,Sin especificar,Sin especificar,Sin especificar,Sin especificar,Sin especificar,2020,6,JUEVES,17,Tarde,Dias laborables
8.0,1,0,0,12395,03041,Recta,Carretera,Salida de la vía por la derecha con colisión       ,,CV-745,Carretera Convencional de calzada única,"Provincial, Cabildo/Consell",Ascendente,Seco y limpio,"Luz del día natural, solar",Despejado,,Nivel blanco,,Sin especificar,Sin especificar,Sin especificar,Sin especificar,Sin especificar,Sin especificar,Sin especificar,2020,1,DOMINGO,13,Tarde,Fines de semana
5.1,1,0,0,12396,03041,Curva sin señalizar,Carretera,Lateral                                            ,,CV-746,Carretera Convencional de calzada única,"Provincial, Cabildo/Consell",Ascendente,Seco y limpio,"Luz del día natural, solar",Despejado,,Sin especificar,,Sin especificar,Sin especificar,Sin especificar,Sin especificar,Sin especificar,Sin especificar,Sin especificar,2020,2,SÁBADO,8,Mañana,Fines de semana
7.4,1,0,0,12397,03041,Curva señalizada,Carretera,Caída                                              ,,CV-746,Carretera Convencional de calzada única,"Provincial, Cabildo/Consell",Descendente,Seco y limpio,"Luz del día natural, solar",Despejado,,Nivel blanco,,Sin especificar,Sin especificar,Sin especificar,Sin especificar,Sin especificar,Sin especificar,Sin especificar,2020,2,DOMINGO,13,Tarde,Fines de semana
631.3,0,0,1,12398,03047,Curva sin señalizar,Carretera,Atropello a personas                               ,,AP-7,Autopista libre,Estatal,Descendente,Seco y limpio,"Luz del día natural, solar",Despejado,,Nivel blanco,,Sin especificar,Sin especificar,Sin especificar,Sin especificar,Sin especificar,Sin especificar,Sin especificar,2020,3,LUNES,8,Mañana,Dias laborables
6.5,1,0,0,12399,03041,Curva señalizada,Carretera,Salida de la vía por la derecha otro tipo          ,,CV-746,Carretera Convencional de calzada única,"Provincial, Cabildo/Consell",Descendente,Seco y limpio,"Luz del día natural, solar",Despejado,,Nivel blanco,,Sin especificar,Sin especificar,Sin especificar,Sin especificar,Sin especificar,Sin especificar,Sin especificar,2020,5,MIÉRCOLES,17,Tarde,Dias laborables
622.0,1,0,0,12400,03041,Recta,Carretera,Fronto-lateral                                     ,,AP-7,Autopista libre,Estatal,Ambos,Seco y limpio,"Luz del día natural, solar",Despejado,,Nivel verde,,Sin especificar,Sin especificar,Sin especificar,Sin especificar,Sin especificar,Sin especificar,Sin especificar,2020,5,MIÉRCOLES,18,Noche,Dias laborables
4.0,1,0,0,12401,03041,Curva señalizada,Carretera,Salida de la vía por la derecha otro tipo          ,,CV-746,Carretera Convencional de calzada única,"Provincial, Cabildo/Consell",Ascendente,Seco y limpio,"Luz del día natural, solar",Despejado,,Nivel blanco,,Sin especificar,Sin especificar,Sin especificar,Sin especificar,Sin especificar,Sin especificar,Sin especificar,2020,6,DOMINGO,13,Tarde,Fines de semana
,1,0,0,12402,03041,No aplica,Calle,Vuelco                                             ,,No inventariada,Otro,Municipal,Se desconoce,Seco y limpio,"Luz del día natural, solar",Despejado,,Nivel blanco,,Sin especificar,Sin especificar,Sin especificar,Sin especificar,Sin especificar,Sin especificar,Sin especificar,2020,6,JUEVES,20,Noche,Dias laborables
621.0,1,0,0,12403,00000,Recta,Carretera,Por alcance                                        ,,AP-7,Autopista libre,Estatal,Ascendente,Seco y limpio,"Luz del día natural, solar",Despejado,,Nivel blanco,,No,No,No,No,No,No,No,2020,6,JUEVES,12,Tarde,Dias laborables
179.9,1,0,0,12404,03041,Recta,Carretera,Por alcance                                        ,,N-332,Carretera Convencional de calzada única,Estatal,Ascendente,Seco y limpio,"Luz del día natural, solar",Despejado,,Nivel amarillo,,Sin especificar,Sin especificar,Sin especificar,Sin especificar,Sin especificar,Sin especificar,Sin especificar,2020,7,MIÉRCOLES,7,Mañana,Dias laborables
621.0,1,0,0,12405,00000,Recta,Carretera,Salida de la vía por la izquierda con colisión     ,,AP-7,Autopista libre,Estatal,Ascendente,Seco y limpio,Sin luz natural ni artificial,Despejado,,Nivel blanco,,Sin especificar,Sin especificar,Sin especificar,Sin especificar,Sin especificar,Sin especificar,Sin especificar,2020,9,MIÉRCOLES,2,Madrugada,Dias laborables
,1,0,0,12406,03041,No aplica,Calle,Otro tipo de accidente                             ,,No inventariada,Otro,Municipal,Se desconoce,Otra,"Luz del día natural, solar",Despejado,,Nivel blanco,,Sin especificar,Sin especificar,Sin especificar,Sin especificar,Sin especificar,Sin especificar,Sin especificar,2020,10,SÁBADO,16,Tarde,Fines de semana
11.2,1,0,0,12407,03041,Curva señalizada,Carretera,Frontal                                            ,,CV-750,Carretera Convencional de calzada única,"Provincial, Cabildo/Consell",Ascendente,Seco y limpio,"Amanecer o atardecer, sin luz artificial",Despejado,,Nivel blanco,,Sin especificar,Sin especificar,Sin especificar,Sin especificar,Sin especificar,Sin especificar,Sin especificar,2020,12,JUEVES,17,Tarde,Dias laborables
6.95,2,1,0,12408,00000,Curva señalizada,Carretera,Frontal                                            ,,CV-740,Carretera Convencional de calzada única,"Provincial, Cabildo/Consell",Ambos,Seco y limpio,Sin luz natural ni artificial,Despejado,,Nivel blanco,,Sin especificar,Sin especificar,Sin especificar,Sin especificar,Sin especificar,Sin especificar,Sin especificar,2020,3,DOMINGO,20,Noche,Fines de semana
6.7,3,0,0,12409,00000,Recta,Carretera,Fronto-lateral                                     ,CV-747,CV-740,Carretera Convencional de calzada única,"Provincial, Cabildo/Consell",Ascendente,Seco y limpio,"Luz del día natural, solar",Despejado,,Nivel blanco,,No,No,No,No,No,No,No,2020,7,JUEVES,9,Mañana,Dias laborables
6.5,1,0,0,12410,00000,Recta,Carretera,Frontal                                            ,,CV-740,Carretera Convencional de calzada única,"Provincial, Cabildo/Consell",Descendente,Seco y limpio,"Luz del día natural, solar",Despejado,,Sin especificar,,Sin especificar,Sin especificar,Sin especificar,Sin especificar,Sin especificar,Sin especificar,Sin especificar,2020,9,MIÉRCOLES,17,Tarde,Dias laborables
6.4,1,0,0,12411,00000,Recta,Carretera,Fronto-lateral                                     ,,CV-740,Carretera Convencional de calzada única,"Provincial, Cabildo/Consell",Ascendente,Seco y limpio,"Luz del día natural, solar",Despejado,,Nivel amarillo,,No,No,No,No,No,No,No,2020,10,LUNES,17,Tarde,Dias laborables
,1,0,0,12412,00000,No aplica,Calle,Salida de la vía por la izquierda con colisión     ,,No inventariada,Calle,Municipal,Se desconoce,Seco y limpio,"Luz del día natural, solar",Despejado,,Nivel blanco,,Sin especificar,Sin especificar,Sin especificar,Sin especificar,Sin especificar,Sin especificar,Sin especificar,2020,6,LUNES,9,Mañana,Dias laborables
,4,0,0,12413,00000,No aplica,Calle,Por alcance                                        ,,No inventariada,Calle,Municipal,Se desconoce,Seco y limpio,"Luz del día natural, solar",Despejado,,Nivel amarillo,,No,No,No,Sí,Sí,No,Sí,2020,8,MIÉRCOLES,19,Noche,Dias laborables
,0,1,0,12414,00000,No aplica,Calle,Atropello a personas                               ,,No inventariada,Calle,Municipal,Se desconoce,Seco y limpio,"Luz del día natural, solar",Despejado,,Nivel blanco,,Sin especificar,Sin especificar,Sin especificar,Sin especificar,Sin especificar,Sin especificar,Sin especificar,2020,10,LUNES,19,Noche,Dias laborables
0.3,0,1,0,12415,00000,Curva sin señalizar,Carretera,Frontal                                            ,,No inventariada,Camino vecinal,Municipal,Ascendente,Seco y limpio,"Luz del día natural, solar",Despejado,,Nivel blanco,,Sin especificar,Sin especificar,Sin especificar,Sin especificar,Sin especificar,Sin especificar,Sin especificar,2020,7,SÁBADO,19,Noche,Fines de semana
1.3,1,0,0,12416,00000,Recta,Carretera,Fronto-lateral                                     ,,CV-807,Carretera Convencional de calzada única,"Provincial, Cabildo/Consell",Ascendente,Seco y limpio,"Amanecer o atardecer, sin luz artificial",Despejado,,Nivel blanco,,No,No,No,No,No,No,No,2020,11,MARTES,18,Noche,Dias laborables
6.0,1,0,0,12417,03044,Recta,Carretera,Lateral                                            ,CV-920,CV-95,Carretera Convencional de calzada única,Autonómica,Ascendente,Seco y limpio,"Luz del día natural, solar",Despejado,,Nivel blanco,,No,No,Sí,No,No,No,No,2020,2,DOMINGO,10,Mañana,Fines de semana
6.5,1,0,0,12418,03044,Recta,Carretera,Fronto-lateral                                     ,,CV-95,Carretera Convencional de calzada única,Autonómica,Descendente,Seco y limpio,"Luz del día natural, solar",Despejado,,Nivel blanco,,No,No,No,No,No,Sí,No,2020,9,VIERNES,7,Mañana,Dias laborables
4.5,4,0,0,12419,03044,Recta,Carretera,Salida de la vía por la izquierda con colisión     ,,CV-95,Carretera Convencional de calzada única,Autonómica,Descendente,Seco y limpio,Sin luz natural y con iluminación artificial encen,Despejado,,Nivel blanco,,No,No,Sí,No,No,No,No,2020,11,DOMINGO,0,Madrugada,Fines de semana
4.9,2,0,0,12420,03044,Recta,Carretera,Múltiple o en caravana                             ,,CV-95,Carretera Convencional de calzada única,Autonómica,Descendente,Seco y limpio,"Luz del día natural, solar",Despejado,,Nivel blanco,,No,No,No,No,Sí,No,No,2020,12,JUEVES,12,Tarde,Dias laborables
16.6,1,0,0,12421,00000,Recta,Carretera,Fronto-lateral                                     ,CV-715,CV-715,Carretera Convencional de calzada única,Autonómica,Ascendente,Seco y limpio,"Luz del día natural, solar",Despejado,,Nivel blanco,,No,No,No,Sí,No,No,Sí,2020,9,SÁBADO,8,Mañana,Fines de semana
45.6,0,1,0,12422,00000,Recta,Carretera,Salida de la vía por la derecha otro tipo          ,,CV-715,Carretera Convencional de calzada única,Autonómica,Ascendente,Seco y limpio,"Luz del día natural, solar",Despejado,,Nivel blanco,,Sin especificar,Sin especificar,Sin especificar,Sin especificar,Sin especificar,Sin especificar,Sin especificar,2020,10,VIERNES,13,Tarde,Dias laborables
2.5,1,0,0,12423,00000,Curva señalizada,Carretera,Fronto-lateral                                     ,CV-776,CV-774,Carretera Convencional de calzada única,"Provincial, Cabildo/Consell",Ascendente,Seco y limpio,"Luz del día natural, solar",Despejado,,Nivel blanco,,No,No,No,No,No,No,Sí,2020,5,LUNES,9,Mañana,Dias laborables
9.5,1,0,0,12424,00000,Curva sin señalizar,Carretera,Salida de la vía por la derecha otro tipo          ,,CV-773,Carretera Convencional de calzada única,Autonómica,Descendente,Seco y limpio,"Luz del día natural, solar",Despejado,,Nivel blanco,,Sin especificar,Sin especificar,Sin especificar,Sin especificar,Sin especificar,Sin especificar,Sin especificar,2020,5,VIERNES,17,Tarde,Dias laborables