KM,TOTAL_HL24H,TOTAL_HG24H,TOTAL_MU24H,id,COD_MUNICIPIO,TRAZADO_PLANTA,ZONA,TIPO_ACCIDENTE,CARRETERA_CRUCE,CARRETERA,TIPO_VIA,TITULARIDAD_VIA,SENTIDO_1F,CONDICION_FIRME,CONDICION_ILUMINACION,CONDICION_METEO,CONDICION_NIEBLA,CONDICION_NIVEL_CIRCULA,CONDICION_VIENTO,PRIORI_AGENTE,PRIORI_CIRCUNSTANCIAL,PRIORI_HORIZ_CEDA,PRIORI_HORIZ_STOP,PRIORI_SEMAFORO,PRIORI_VERT_CEDA,PRIORI_VERT_STOP,ANYO,MES,DIA,HORA,FRANJA_HORARIA,TIPO_DIA
1.7,1,0,0,12425,00000,Recta,Carretera,Fronto-lateral                                     ,,CV-774,Carretera Convencional de calzada única,"Provincial, Cabildo/Consell",Ascendente,Seco y limpio,"Luz del día natural, solar",Despejado,,Nivel blanco,,No,No,No,Sí,No,No,Sí,2020,9,MARTES,15,Tarde,Dias laborables
11.6,2,0,0,12426,03050,Curva señalizada,Carretera,Múltiple o en caravana                             ,,CV-773,Carretera Convencional de calzada única,Autonómica,Ascendente,Seco y limpio,"Luz del día natural, solar",Despejado,,Nivel blanco,,Sin especificar,Sin especificar,Sin especificar,Sin especificar,Sin especificar,Sin especificar,Sin especificar,2020,11,DOMINGO,10,Mañana,Fines de semana
5.7,1,0,0,12427,03083,Curva señalizada,Carretera,Salida de la vía por la derecha otro tipo          ,,CV-774,Carretera Convencional de calzada única,"Provincial, Cabildo/Consell",Ascendente,Seco y limpio,"Luz del día natural, solar",Despejado,,Nivel blanco,,Sin especificar,Sin especificar,Sin especificar,Sin especificar,Sin especificar,Sin especificar,Sin especificar,2020,10,SÁBADO,12,Tarde,Fines de semana
11.2,2,0,0,12428,00000,Curva señalizada,Carretera,Frontal                                            ,,CV-773,Carretera Convencional de calzada única,Autonómica,Descendente,Seco y limpio,"Luz del día natural, solar",Despejado,,Nivel blanco,,Sin especificar,Sin especificar,Sin especificar,Sin especificar,Sin especificar,Sin especificar,Sin especificar,2020,12,JUEVES,11,Mañana,Dias laborables
0.9,2,0,0,12429,03047,Recta,Carretera,Fronto-lateral                                     ,,CV-746,Carretera Convencional de calzada única,"Provincial, Cabildo/Consell",Ascendente,Seco y limpio,"Luz del día natural, solar",Despejado,,Nivel blanco,,No,No,No,No,No,No,No,2020,1,MIÉRCOLES,17,Tarde,Dias laborables
166.0,1,0,0,12430,03047,Recta,Carretera,Caída                                              ,,N-332,Carretera Convencional de calzada única,Estatal,Ascendente,Seco y limpio,"Luz del día natural, solar",Despejado,,Nivel blanco,,Sin especificar,Sin especificar,Sin especificar,Sin especificar,Sin especificar,Sin especificar,Sin especificar,2020,2,MIÉRCOLES,14,Tarde,Dias laborables
167.1,1,1,0,12431,03047,Curva señalizada,Carretera,Lateral                                            ,,N-332,Carretera Convencional de calzada única,Estatal,Ambos,Seco y limpio,"Luz del día natural, solar",Despejado,,Nivel blanco,,Sin especificar,Sin especificar,Sin especificar,Sin especificar,Sin especificar,Sin especificar,Sin especificar,2020,2,SÁBADO,17,Tarde,Fines de semana
1.8,1,0,0,12432,03047,Recta,Carretera,Salida de la vía por la derecha con colisión       ,,CV-7471,Carretera Convencional de calzada única,Municipal,Descendente,Seco y limpio,Sin luz natural ni artificial,Despejado,,Nivel blanco,,Sin especificar,Sin especificar,Sin especificar,Sin especificar,Sin especificar,Sin especificar,Sin especificar,2020,3,LUNES,0,Madrugada,Dias laborables
165.2,1,0,0,12433,03047,Recta,Carretera,Por alcance                                        ,,N-332,Carretera Convencional de calzada única,Estatal,Ascendente,Seco y limpio,Sin luz natural ni artificial,Despejado,,Nivel blanco,,Sin especificar,Sin especificar,Sin especificar,Sin especificar,Sin especificar,Sin especificar,Sin especificar,2020,7,VIERNES,12,Tarde,Dias laborables
165.0,1,0,0,12434,03018,Curva señalizada,Carretera,Salida de la vía por la derecha con colisión       ,,N-332,Carretera Convencional de calzada única,Estatal,Descendente,Seco y limpio,Sin luz natural ni artificial,Despejado,,Nivel blanco,,Sin especificar,Sin especificar,Sin especificar,Sin especificar,Sin especificar,Sin especificar,Sin especificar,2020,10,SÁBADO,20,Noche,Fines de semana
0.6,1,0,0,12435,03047,Recta,Carretera,Fronto-lateral                                     ,,CV-746,Carretera Convencional de calzada única,"Provincial, Cabildo/Consell",Descendente,Seco y limpio,"Luz del día natural, solar",Despejado,,Nivel blanco,,Sin especificar,Sin especificar,Sin especificar,Sin especificar,Sin especificar,Sin especificar,Sin especificar,2020,11,JUEVES,12,Tarde,Dias laborables
1.0,2,0,0,12436,03047,Curva sin señalizar,Carretera,Frontal                                            ,,CV-7471,Carretera Convencional de calzada única,Municipal,Descendente,Seco y limpio,"Luz del día natural, solar",Despejado,,Nivel blanco,,Sin especificar,Sin especificar,Sin especificar,Sin especificar,Sin especificar,Sin especificar,Sin especificar,2020,11,LUNES,15,Tarde,Dias laborables
631.8,1,0,0,12437,03047,Curva señalizada,Carretera,Salida de la vía por la derecha con vuelco         ,,AP-7,Autopista libre,Estatal,Ascendente,Seco y limpio,"Luz del día natural, solar",Despejado,,Nivel blanco,,Sin especificar,Sin especificar,Sin especificar,Sin especificar,Sin especificar,Sin especificar,Sin especificar,2020,11,LUNES,14,Tarde,Dias laborables
53.1,1,0,0,12438,03048,Curva sin señalizar,Carretera,Salida de la vía por la izquierda con despeñamiento,,CV-715,Carretera Convencional de calzada única,Autonómica,Descendente,Seco y limpio,"Luz del día natural, solar",Despejado,,Nivel blanco,,Sin especificar,Sin especificar,Sin especificar,Sin especificar,Sin especificar,Sin especificar,Sin especificar,2020,2,SÁBADO,8,Mañana,Fines de semana
13.2,1,0,0,12439,03048,Recta,Carretera,Frontal                                            ,,CV-755,Carretera Convencional de calzada única,Autonómica,Ascendente,Seco y limpio,"Luz del día natural, solar",Despejado,,Nivel blanco,,No,No,No,No,No,No,No,2020,4,JUEVES,18,Noche,Dias laborables
11.5,1,0,0,12440,03048,Curva señalizada,Carretera,Atropello a personas                               ,,CV-755,Carretera Convencional de calzada única,Autonómica,Ascendente,Mojado,"Luz del día natural, solar",Lluvia débil,,Nivel blanco,,Sin especificar,Sin especificar,Sin especificar,Sin especificar,Sin especificar,Sin especificar,Sin especificar,2020,5,VIERNES,19,Noche,Dias laborables
13.6,0,1,0,12441,03048,Recta,Carretera,Fronto-lateral                                     ,,CV-755,Carretera Convencional de calzada única,Autonómica,Ambos,Seco y limpio,"Luz del día natural, solar",Despejado,,Nivel blanco,,No,No,No,No,No,No,No,2020,6,SÁBADO,12,Tarde,Fines de semana
49.7,1,0,0,12442,03048,Recta,Carretera,Fronto-lateral                                     ,,CV-715,Carretera Convencional de calzada única,Autonómica,Descendente,Seco y limpio,"Luz del día natural, solar",Despejado,,Nivel verde,,No,No,No,Sí,No,No,Sí,2020,8,JUEVES,19,Noche,Dias laborables
53.6,3,0,0,12443,03107,Curva señalizada,Carretera,Múltiple o en caravana                             ,,CV-715,Carretera Convencional de calzada única,Autonómica,Descendente,Seco y limpio,"Luz del día natural, solar",Despejado,,Nivel verde,,Sin especificar,Sin especificar,Sin especificar,Sin especificar,Sin especificar,Sin especificar,Sin especificar,2020,11,MARTES,15,Tarde,Dias laborables
0.0,1,0,0,12444,03048,Recta,Carretera,Atropello a personas                               ,,No inventariada,Otro,Otra,Descendente,Mojado,Sin luz natural y con iluminación artificial no en,Nublado,,Nivel blanco,,No,No,No,No,No,No,No,2020,12,VIERNES,7,Mañana,Dias laborables
692.7,1,0,0,12445,03049,Recta,Carretera,Por alcance                                        ,,N-340,Carretera Convencional de calzada única,Estatal,Ascendente,Seco y limpio,"Luz del día natural, solar",Despejado,,Nivel blanco,,No,No,No,No,No,No,No,2020,1,VIERNES,16,Tarde,Dias laborables
,1,0,0,12446,03049,No aplica,Calle,Lateral                                            ,,No inventariada,Calle,Municipal,Se desconoce,Seco y limpio,Sin luz natural y con iluminación artificial encen,Despejado,,Nivel blanco,,No,No,No,No,No,No,No,2020,1,MARTES,21,Noche,Dias laborables
,1,0,0,12447,03049,No aplica,Calle,Atropello a personas                               ,,No inventariada,Calle,Municipal,Se desconoce,Seco y limpio,"Amanecer o atardecer, con luz artificial",Despejado,,Nivel blanco,,Sin especificar,Sin especificar,Sin especificar,Sin especificar,Sin especificar,Sin especificar,Sin especificar,2020,1,MIÉRCOLES,21,Noche,Dias laborables
692.8,1,0,0,12448,03049,Recta,Carretera,Salida de la vía por la derecha con vuelco         ,,N-340,Carretera Convencional de calzada única,Estatal,Descendente,Seco y limpio,"Luz del día natural, solar",Despejado,,Nivel blanco,,No,No,No,No,No,No,No,2020,2,JUEVES,10,Mañana,Dias laborables
1.3,1,0,0,12449,03049,Recta,Carretera,Salida de la vía por la izquierda con vuelco       ,,CV-913,Carretera Convencional de calzada única,Autonómica,Descendente,Seco y limpio,"Luz del día natural, solar",Despejado,,Nivel blanco,,No,No,No,No,Sí,No,No,2020,1,VIERNES,10,Mañana,Dias laborables
0.0,1,0,0,12450,03049,Recta,Carretera,Caída                                              ,,VIA SERVIC,Carretera Convencional de calzada única,Municipal,Ambos,Seco y limpio,"Luz del día natural, solar",Despejado,,Nivel blanco,,Sin especificar,Sin especificar,Sin especificar,Sin especificar,Sin especificar,Sin especificar,Sin especificar,2020,4,LUNES,12,Tarde,Dias laborables
8.6,1,0,0,12451,03049,Curva señalizada,Carretera,Vuelco                                             ,,CV-900,Carretera Convencional de calzada única,Autonómica,Ascendente,Seco y limpio,"Luz del día natural, solar",Nublado,,Nivel verde,,No,No,No,No,No,Sí,No,2020,5,MARTES,19,Noche,Dias laborables
0.3,1,0,0,12452,03049,Recta,Carretera,Salida de la vía por la izquierda con colisión     ,,CV-913,Carretera Convencional de calzada única,Autonómica,Ascendente,Seco y limpio,"Luz del día natural, solar",Despejado,,Nivel blanco,,Sin especificar,Sin especificar,Sin especificar,Sin especificar,Sin especificar,Sin especificar,Sin especificar,2020,5,MIÉRCOLES,6,Mañana,Dias laborables
0.0,2,0,0,12453,03049,Recta,Carretera,Salida de la vía por la izquierda con vuelco       ,,CASAGRANDE,Camino vecinal,Municipal,Ambos,Seco y limpio,Sin luz natural ni artificial,Despejado,,Nivel blanco,,Sin especificar,Sin especificar,Sin especificar,Sin especificar,Sin especificar,Sin especificar,Sin especificar,2020,9,DOMINGO,3,Madrugada,Fines de semana
,0,1,0,12454,03049,No aplica,Calle,Otro tipo de accidente                             ,,No inventariada,Calle,Municipal,Se desconoce,Seco y limpio,"Luz del día natural, solar",Despejado,,Nivel blanco,,Sin especificar,Sin especificar,Sin especificar,Sin especificar,Sin especificar,Sin especificar,Sin especificar,2020,2,VIERNES,11,Mañana,Dias laborables
,1,0,0,12455,03049,No aplica,Calle,Atropello a personas                               ,,No inventariada,Calle,Municipal,Se desconoce,Seco y limpio,"Luz del día natural, solar",Despejado,,Nivel blanco,,Sin especificar,Sin especificar,Sin especificar,Sin especificar,Sin especificar,Sin especificar,Sin especificar,2020,2,JUEVES,13,Tarde,Dias laborables
0.4,2,0,0,12456,03049,Recta,Carretera,Lateral                                            ,,CV-913,Carretera Convencional de calzada única,Autonómica,Ascendente,Seco y limpio,Sin luz natural y con iluminación artificial encen,Despejado,,Nivel blanco,,Sin especificar,Sin especificar,Sin especificar,Sin especificar,Sin especificar,Sin especificar,Sin especificar,2020,10,LUNES,6,Mañana,Dias laborables
693.1,2,0,0,12457,03058,Recta,Carretera,Fronto-lateral                                     ,,N-340,Carretera Convencional de calzada única,Estatal,Ascendente,Seco y limpio,"Luz del día natural, solar",Despejado,,Nivel rojo,,No,No,No,No,No,No,Sí,2020,10,VIERNES,16,Tarde,Dias laborables
,1,0,0,12458,03049,No aplica,Calle,Lateral                                            ,,No inventariada,Calle,Municipal,Se desconoce,Seco y limpio,"Luz del día natural, solar",Despejado,,Nivel blanco,,No,No,No,Sí,No,No,Sí,2020,2,DOMINGO,13,Tarde,Fines de semana
,1,0,0,12459,03049,No aplica,Calle,Por alcance                                        ,,No inventariada,Calle,Municipal,Se desconoce,Seco y limpio,"Luz del día natural, solar",Despejado,,Nivel blanco,,Sin especificar,Sin especificar,Sin especificar,Sin especificar,Sin especificar,Sin especificar,Sin especificar,2020,2,MIÉRCOLES,11,Mañana,Dias laborables
,1,0,0,12460,03049,No aplica,Calle,Por alcance                                        ,,No inventariada,Calle,Municipal,Se desconoce,Seco y limpio,"Luz del día natural, solar",Despejado,,Nivel blanco,,Sin especificar,Sin especificar,Sin especificar,Sin especificar,Sin especificar,Sin especificar,Sin especificar,2020,2,SÁBADO,11,Mañana,Fines de semana
,1,0,0,12461,03049,No aplica,Calle,Atropello a personas                               ,,No inventariada,Calle,Municipal,Se desconoce,Seco y limpio,"Luz del día natural, solar",Despejado,,Nivel blanco,,No,No,Sí,No,No,Sí,No,2020,3,MIÉRCOLES,13,Tarde,Dias laborables
,1,0,0,12462,03049,No aplica,Calle,Fronto-lateral                                     ,,No inventariada,Calle,Municipal,Se desconoce,Seco y limpio,Sin luz natural y con iluminación artificial encen,Despejado,,Nivel blanco,,No,No,No,Sí,No,No,Sí,2020,7,SÁBADO,22,Noche,Fines de semana
,1,0,0,12463,03049,No aplica,Calle,Caída                                              ,,No inventariada,Calle,Municipal,Se desconoce,Seco y limpio,"Luz del día natural, solar",Despejado,,Nivel blanco,,No,No,No,No,No,No,No,2020,6,DOMINGO,19,Noche,Fines de semana
,1,0,0,12464,03049,No aplica,Calle,Fronto-lateral                                     ,,No inventariada,Calle,Municipal,Se desconoce,Seco y limpio,"Amanecer o atardecer, con luz artificial",Despejado,,Nivel blanco,,Sin especificar,Sin especificar,Sin especificar,Sin especificar,Sin especificar,Sin especificar,Sin especificar,2020,8,MIÉRCOLES,6,Mañana,Dias laborables
,1,0,0,12465,03049,No aplica,Calle,Atropello a personas                               ,,No inventariada,Calle,Municipal,Se desconoce,Seco y limpio,"Luz del día natural, solar",Despejado,,Nivel blanco,,No,No,No,Sí,No,No,Sí,2020,9,MARTES,15,Tarde,Dias laborables
,1,0,0,12466,03049,No aplica,Calle,Por alcance                                        ,,No inventariada,Calle,Municipal,Se desconoce,Seco y limpio,"Luz del día natural, solar",Despejado,,Nivel verde,,No,No,No,No,Sí,No,No,2020,10,SÁBADO,13,Tarde,Fines de semana
,2,0,0,12467,03049,No aplica,Calle,Por alcance                                        ,,No inventariada,Calle,Municipal,Se desconoce,Seco y limpio,"Luz del día natural, solar",Despejado,,Nivel blanco,,Sin especificar,Sin especificar,Sin especificar,Sin especificar,Sin especificar,Sin especificar,Sin especificar,2020,10,MARTES,9,Mañana,Dias laborables
,2,0,0,12468,03049,No aplica,Calle,Otro tipo de accidente                             ,,No inventariada,Calle,Municipal,Se desconoce,Seco y limpio,Sin luz natural y con iluminación artificial encen,Despejado,,Nivel blanco,,Sin especificar,Sin especificar,Sin especificar,Sin especificar,Sin especificar,Sin especificar,Sin especificar,2020,10,DOMINGO,0,Madrugada,Fines de semana
,1,0,0,12469,03049,No aplica,Calle,Por alcance                                        ,,No inventariada,Calle,Municipal,Se desconoce,Mojado,"Luz del día natural, solar",Lluvia débil,,Nivel verde,,No,No,No,No,No,No,No,2020,10,JUEVES,14,Tarde,Dias laborables
4.3,1,0,0,12470,03049,Recta,Travesía,Otro tipo de accidente                             ,,CV-900,Carretera Convencional de calzada única,Autonómica,Descendente,Seco y limpio,"Luz del día natural, solar",Despejado,,Nivel blanco,,Sin especificar,Sin especificar,Sin especificar,Sin especificar,Sin especificar,Sin especificar,Sin especificar,2020,11,MARTES,15,Tarde,Dias laborables
,1,0,0,12471,03049,No aplica,Calle,Por alcance                                        ,,No inventariada,Calle,Municipal,Se desconoce,Seco y limpio,"Luz del día natural, solar",Despejado,,Nivel blanco,,Sin especificar,Sin especificar,Sin especificar,Sin especificar,Sin especificar,Sin especificar,Sin especificar,2020,12,VIERNES,15,Tarde,Dias laborables
692.7,2,0,0,12472,03049,Recta,Carretera,Múltiple o en caravana                             ,,N-340,Carretera Convencional de calzada única,Estatal,Ascendente,Seco y limpio,"Luz del día natural, solar",Despejado,,Nivel blanco,,No,No,No,No,No,No,No,2020,12,JUEVES,11,Mañana,Dias laborables
670.0,1,0,0,12473,03050,Recta,Carretera,Salida de la vía por la izquierda con vuelco       ,,AP-7,Autopista libre,Estatal,Ascendente,Seco y limpio,"Luz del día natural, solar",Despejado,,Nivel blanco,,Sin especificar,Sin especificar,Sin especificar,Sin especificar,Sin especificar,Sin especificar,Sin especificar,2020,4,MARTES,10,Mañana,Dias laborables
,1,0,0,12474,03050,No aplica,Calle,Atropello a personas                               ,,No inventariada,Calle,Municipal,Se desconoce,Seco y limpio,"Luz del día natural, solar",Despejado,,Sin especificar,,No,No,No,No,No,No,No,2020,1,LUNES,12,Tarde,Dias laborables
,1,0,0,12475,03050,No aplica,Calle,Caída                                              ,,No inventariada,Calle,Municipal,Se desconoce,Seco y limpio,"Luz del día natural, solar",Despejado,,Sin especificar,,Sin especificar,Sin especificar,Sin especificar,Sin especificar,Sin especificar,Sin especificar,Sin especificar,2020,1,LUNES,17,Tarde,Dias laborables
,1,0,0,12476,03050,No aplica,Calle,Atropello a personas                               ,,No inventariada,Calle,Municipal,Se desconoce,Seco y limpio,"Luz del día natural, solar",Despejado,,Sin especificar,,No,No,No,No,No,No,No,2020,4,MARTES,11,Mañana,Dias laborables
1.4,1,0,0,12477,03119,Recta,Carretera,Fronto-lateral                                     ,,CV-777,Carretera Convencional de calzada única,"Provincial, Cabildo/Consell",Descendente,Seco y limpio,"Luz del día natural, solar",Despejado,,Nivel blanco,,No,No,No,Sí,No,No,Sí,2020,6,VIERNES,11,Mañana,Dias laborables
13.5,1,0,0,12478,03050,Recta,Carretera,Caída                                              ,,CV-773,Carretera Convencional de calzada única,Autonómica,Ascendente,Mojado,"Luz del día natural, solar",Lluvia débil,,Nivel blanco,,No,No,No,Sí,No,No,Sí,2020,6,VIERNES,7,Mañana,Dias laborables
678.4,1,0,0,12479,03050,Recta,Carretera,Por alcance                                        ,,AP-7,Autopista libre,Estatal,Ascendente,Seco y limpio,Sin luz natural y con iluminación artificial no en,Despejado,,Nivel amarillo,,Sin especificar,Sin especificar,Sin especificar,Sin especificar,Sin especificar,Sin especificar,Sin especificar,2020,7,LUNES,0,Madrugada,Dias laborables
13.5,1,0,0,12480,03050,Curva señalizada,Carretera,"Salida de la vía por la izquierda, otro tipo       ",,CV-775,Carretera Convencional de calzada única,Autonómica,Descendente,Seco y limpio,"Luz del día natural, solar",Despejado,,Nivel blanco,,Sin especificar,Sin especificar,Sin especificar,Sin especificar,Sin especificar,Sin especificar,Sin especificar,2020,7,LUNES,9,Mañana,Dias laborables
128.3,0,3,2,12481,03050,Curva señalizada,Carretera,Frontal                                            ,,N-332,Carretera Convencional de calzada única,Estatal,Ascendente,Seco y limpio,"Luz del día natural, solar",Despejado,,Nivel blanco,,Sin especificar,Sin especificar,Sin especificar,Sin especificar,Sin especificar,Sin especificar,Sin especificar,2020,8,MIÉRCOLES,15,Tarde,Dias laborables
0.9,4,0,0,12482,03119,Recta,Carretera,Por alcance                                        ,,A-70,Autovía,Estatal,Descendente,Seco y limpio,"Luz del día natural, solar",Despejado,,Nivel blanco,,Sin especificar,Sin especificar,Sin especificar,Sin especificar,Sin especificar,Sin especificar,Sin especificar,2020,8,JUEVES,12,Tarde,Dias laborables
0.4,1,0,0,12483,03050,Curva señalizada,Carretera,Lateral                                            ,,CV-775,Carretera Convencional de calzada única,Autonómica,Ascendente,Seco y limpio,"Luz del día natural, solar",Despejado,,Nivel blanco,,No,No,Sí,No,No,Sí,No,2020,8,SÁBADO,8,Mañana,Fines de semana
0.5,1,0,0,12484,03050,Curva señalizada,Carretera,Lateral                                            ,N-332,CV-775,Carretera Convencional de calzada única,Autonómica,Descendente,Seco y limpio,"Luz del día natural, solar",Despejado,,Nivel blanco,,No,No,Sí,No,No,Sí,No,2020,9,JUEVES,9,Mañana,Dias laborables
672.4,2,0,0,12485,03050,Recta,Carretera,Múltiple o en caravana                             ,,AP-7,Autopista libre,Estatal,Descendente,Seco y limpio,"Luz del día natural, solar",Despejado,,Nivel amarillo,,Sin especificar,Sin especificar,Sin especificar,Sin especificar,Sin especificar,Sin especificar,Sin especificar,2020,10,VIERNES,12,Tarde,Dias laborables
,1,0,0,12486,03050,No aplica,Calle,Atropello a personas                               ,,No inventariada,Calle,Municipal,Se desconoce,Seco y limpio,"Luz del día natural, solar",Despejado,,Sin especificar,,Sin especificar,Sin especificar,Sin especificar,Sin especificar,Sin especificar,Sin especificar,Sin especificar,2020,6,LUNES,10,Mañana,Dias laborables
,1,0,0,12487,03050,No aplica,Calle,Caída                                              ,,No inventariada,Calle,Municipal,Se desconoce,Seco y limpio,"Amanecer o atardecer, sin luz artificial",Despejado,,Sin especificar,,Sin especificar,Sin especificar,Sin especificar,Sin especificar,Sin especificar,Sin especificar,Sin especificar,2020,6,MARTES,21,Noche,Dias laborables
,0,1,0,12488,03050,No aplica,Calle,Caída                                              ,,No inventariada,Calle,Municipal,Se desconoce,Otra,"Luz del día natural, solar",Despejado,,Sin especificar,,No,No,No,No,No,No,Sí,2020,7,VIERNES,12,Tarde,Dias laborables
,0,1,0,12489,03050,No aplica,Calle,Atropello a personas                               ,,No inventariada,Calle,Municipal,Se desconoce,Seco y limpio,"Luz del día natural, solar",Despejado,,Sin especificar,,Sin especificar,Sin especificar,Sin especificar,Sin especificar,Sin especificar,Sin especificar,Sin especificar,2020,7,MARTES,13,Tarde,Dias laborables
,0,1,0,12490,03050,No aplica,Calle,Por alcance                                        ,,No inventariada,Calle,Municipal,Se desconoce,Seco y limpio,"Luz del día natural, solar",Despejado,,Sin especificar,,Sin especificar,Sin especificar,Sin especificar,Sin especificar,Sin especificar,Sin especificar,Sin especificar,2020,7,DOMINGO,12,Tarde,Fines de semana
671.4,1,0,0,12491,03050,Curva señalizada,Carretera,Salida de la vía por la izquierda con colisión     ,,AP-7,Autopista libre,Estatal,Descendente,Seco y limpio,"Luz del día natural, solar",Despejado,,Nivel verde,,Sin especificar,Sin especificar,Sin especificar,Sin especificar,Sin especificar,Sin especificar,Sin especificar,2020,11,JUEVES,15,Tarde,Dias laborables
,1,0,0,12492,03050,No aplica,Calle,Caída                                              ,,No inventariada,Calle,Municipal,Se desconoce,Con aceite,Sin luz natural y con iluminación artificial encen,Despejado,,Sin especificar,,Sin especificar,Sin especificar,Sin especificar,Sin especificar,Sin especificar,Sin especificar,Sin especificar,2020,8,SÁBADO,4,Madrugada,Fines de semana
6.8,1,0,0,12493,03050,Se desconoce,Carretera,"Salida de la vía por la izquierda, otro tipo       ",,CV-775,Carretera Convencional de calzada única,Autonómica,Ascendente,Mojado,"Luz del día natural, solar",Nublado,,Nivel blanco,,Sin especificar,Sin especificar,Sin especificar,Sin especificar,Sin especificar,Sin especificar,Sin especificar,2020,12,DOMINGO,9,Mañana,Fines de semana
31.14,1,0,0,12494,00000,Curva señalizada,Carretera,Fronto-lateral                                     ,CV-7940,CV-81 CS,Carretera Convencional de calzada única,"Provincial, Cabildo/Consell",Ascendente,Seco y limpio,"Luz del día natural, solar",Despejado,,Nivel blanco,,No,No,Sí,No,No,Sí,No,2020,10,JUEVES,9,Mañana,Dias laborables
0.0,1,1,0,12495,00000,Curva sin señalizar,Carretera,Salida de la vía por la izquierda con colisión     ,,C. VILLENA,Camino vecinal,Municipal,Descendente,Seco y limpio,Sin luz natural ni artificial,Despejado,,Nivel blanco,,Sin especificar,Sin especificar,Sin especificar,Sin especificar,Sin especificar,Sin especificar,Sin especificar,2020,6,SÁBADO,2,Madrugada,Fines de semana
,1,0,0,12496,00000,No aplica,Calle,Fronto-lateral                                     ,,No inventariada,Calle,Municipal,Se desconoce,Seco y limpio,"Luz del día natural, solar",Nublado,,Se desconoce,,No,No,No,No,No,Sí,No,2020,11,JUEVES,11,Mañana,Dias laborables
2.1,1,0,0,12497,03053,Curva señalizada,Carretera,Por alcance                                        ,CV-806,CV-8152,Ramal de enlace,Municipal,Descendente,Seco y limpio,"Luz del día natural, solar",Despejado,,Nivel verde,,No,No,Sí,No,No,Sí,No,2020,1,DOMINGO,9,Mañana,Fines de semana
471.5,0,1,0,12498,03053,Recta,Carretera,Otro tipo de accidente                             ,,A-7,Autovía,Estatal,Ascendente,Seco y limpio,"Luz del día natural, solar",Despejado,,Nivel amarillo,,Sin especificar,Sin especificar,Sin especificar,Sin especificar,Sin especificar,Sin especificar,Sin especificar,2020,1,LUNES,14,Tarde,Dias laborables
4.8,1,0,0,12499,03053,Recta,Carretera,Colisión contra obstáculo o elemento de la vía     ,,CV-8152,Carretera Convencional de calzada única,Autonómica,Descendente,Seco y limpio,Sin luz natural y con iluminación artificial encen,Despejado,,Nivel blanco,,No,No,No,No,No,No,No,2020,2,LUNES,19,Noche,Dias laborables
6.8,1,0,0,12500,03096,Recta,Carretera,Por alcance                                        ,,CV-80,Autovía,Autonómica,Ascendente,Seco y limpio,"Luz del día natural, solar",Despejado,,Nivel blanco,,Sin especificar,Sin especificar,Sin especificar,Sin especificar,Sin especificar,Sin especificar,Sin especificar,2020,2,VIERNES,18,Noche,Dias laborables
9.2,1,0,0,12501,03096,Recta,Carretera,Por alcance                                        ,,CV-80,Autovía,Autonómica,Descendente,Seco y limpio,"Luz del día natural, solar",Despejado,,Nivel amarillo,,Sin especificar,Sin especificar,Sin especificar,Sin especificar,Sin especificar,Sin especificar,Sin especificar,2020,2,SÁBADO,12,Tarde,Fines de semana
477.9,0,0,1,12502,00000,Recta,Carretera,Salida de la vía por la izquierda con vuelco       ,,A-7,Autovía,Estatal,Descendente,Seco y limpio,"Luz del día natural, solar",Despejado,,Nivel blanco,,Sin especificar,Sin especificar,Sin especificar,Sin especificar,Sin especificar,Sin especificar,Sin especificar,2020,5,MARTES,7,Mañana,Dias laborables
16.4,2,0,0,12503,03053,Curva sin señalizar,Carretera,Salida de la vía por la izquierda con colisión     ,CV-815,CV-80,Autovía,Estatal,Ascendente,Seco y limpio,"Luz del día natural, solar",Despejado,,Nivel verde,,No,No,Sí,No,No,No,No,2020,7,JUEVES,19,Noche,Dias laborables
6.3,2,0,0,12504,03053,Curva señalizada,Carretera,Salida de la vía por la derecha con despeñamiento  ,,CV-817,Carretera Convencional de calzada única,"Provincial, Cabildo/Consell",Descendente,Seco y limpio,"Luz del día natural, solar",Despejado,,Nivel blanco,,Sin especificar,Sin especificar,Sin especificar,Sin especificar,Sin especificar,Sin especificar,Sin especificar,2020,10,SÁBADO,11,Mañana,Fines de semana
1.92,1,0,0,12505,03053,Curva señalizada,Carretera,Lateral                                            ,,CV-815,Carretera Convencional de calzada única,Autonómica,Descendente,Seco y limpio,"Luz del día natural, solar",Despejado,,Nivel blanco,,No,No,No,No,No,Sí,No,2020,12,MIÉRCOLES,17,Tarde,Dias laborables
9.0,1,0,0,12506,00000,Curva señalizada,Carretera,"Salida de la vía por la izquierda, otro tipo       ",,CV-752,Carretera Convencional de calzada única,"Provincial, Cabildo/Consell",Ascendente,Seco y limpio,Sin luz natural ni artificial,Despejado,,Nivel blanco,,Sin especificar,Sin especificar,Sin especificar,Sin especificar,Sin especificar,Sin especificar,Sin especificar,2020,6,MIÉRCOLES,0,Madrugada,Dias laborables
10.0,1,0,0,12507,00000,Recta,Carretera,Caída                                              ,,CV-752,Carretera Convencional de calzada única,"Provincial, Cabildo/Consell",Ascendente,Seco y limpio,"Luz del día natural, solar",Despejado,,Nivel blanco,,Sin especificar,Sin especificar,Sin especificar,Sin especificar,Sin especificar,Sin especificar,Sin especificar,2020,8,DOMINGO,8,Mañana,Fines de semana