KM,TOTAL_HL24H,TOTAL_HG24H,TOTAL_MU24H,id,COD_MUNICIPIO,TRAZADO_PLANTA,ZONA,TIPO_ACCIDENTE,CARRETERA_CRUCE,CARRETERA,TIPO_VIA,TITULARIDAD_VIA,SENTIDO_1F,CONDICION_FIRME,CONDICION_ILUMINACION,CONDICION_METEO,CONDICION_NIEBLA,CONDICION_NIVEL_CIRCULA,CONDICION_VIENTO,PRIORI_AGENTE,PRIORI_CIRCUNSTANCIAL,PRIORI_HORIZ_CEDA,PRIORI_HORIZ_STOP,PRIORI_SEMAFORO,PRIORI_VERT_CEDA,PRIORI_VERT_STOP,ANYO,MES,DIA,HORA,FRANJA_HORARIA,TIPO_DIA
6.0,1,0,0,12760,03065,Curva señalizada,Carretera,Caída                                              ,,EL-20,Carretera Convencional de doble calzada,Estatal,Descendente,Muy encharcado o inundado,"Luz del día natural, solar",Lluvia fuerte,,Nivel blanco,,No,No,Sí,No,No,Sí,No,2020,11,VIERNES,11,Mañana,Dias laborables
7.1,1,0,0,12761,03059,Recta,Carretera,Por alcance                                        ,,CV-875,Carretera Convencional de calzada única,"Provincial, Cabildo/Consell",Ascendente,Seco y limpio,"Luz del día natural, solar",Despejado,,Nivel blanco,,No,No,No,No,No,No,No,2020,12,MIÉRCOLES,15,Tarde,Dias laborables
729.3,3,0,0,12762,03065,Recta,Carretera,Múltiple o en caravana                             ,,N-340,Carretera Convencional de calzada única,Estatal,Ascendente,Seco y limpio,"Amanecer o atardecer, con luz artificial",Despejado,,Nivel blanco,,No,No,No,No,No,No,No,2020,12,VIERNES,19,Noche,Dias laborables
6.5,1,0,0,12763,03065,Curva señalizada,Carretera,Por alcance                                        ,,EL-20,Carretera Convencional de doble calzada,Estatal,Ascendente,Seco y limpio,Sin luz natural y con iluminación artificial encen,Despejado,,Nivel blanco,,No,No,Sí,No,No,No,No,2020,12,MIÉRCOLES,19,Noche,Dias laborables
13.5,1,0,0,12764,03065,Recta,Carretera,Por alcance                                        ,,CV-86,Carretera Convencional de doble calzada,Autonómica,Ascendente,Seco y limpio,"Luz del día natural, solar",Despejado,,Nivel blanco,,No,No,Sí,No,No,Sí,No,2020,12,MIÉRCOLES,19,Noche,Dias laborables
2.34,1,0,0,12765,03065,Recta,Carretera,Fronto-lateral                                     ,CV-851,CV-851,Carretera Convencional de calzada única,"Provincial, Cabildo/Consell",Ascendente,Seco y limpio,Sin luz natural ni artificial,Despejado,,Nivel verde,,No,No,No,Sí,No,No,Sí,2020,12,VIERNES,6,Mañana,Dias laborables
8.4,1,0,0,12766,03065,Recta,Carretera,Atropello a animales                               ,,CV-855,Carretera Convencional de calzada única,Autonómica,Descendente,Seco y limpio,Sin luz natural ni artificial,Despejado,,Nivel blanco,,Sin especificar,Sin especificar,Sin especificar,Sin especificar,Sin especificar,Sin especificar,Sin especificar,2020,12,JUEVES,0,Madrugada,Dias laborables
14.4,1,0,0,12767,03065,Curva señalizada,Carretera,Lateral                                            ,,CV-86,Carretera Convencional de doble calzada,Autonómica,Ambos,Seco y limpio,"Luz del día natural, solar",Despejado,,Nivel blanco,,No,No,Sí,No,No,Sí,No,2020,12,MIÉRCOLES,8,Mañana,Dias laborables
20.8,2,0,0,12768,03066,Curva sin señalizar,Carretera,Fronto-lateral                                     ,,CV-835,Carretera Convencional de calzada única,Autonómica,Descendente,Seco y limpio,Sin luz natural y con iluminación artificial encen,Despejado,,Nivel blanco,,Sin especificar,Sin especificar,Sin especificar,Sin especificar,Sin especificar,Sin especificar,Sin especificar,2020,1,LUNES,7,Mañana,Dias laborables
,1,0,0,12769,03066,No aplica,Calle,Atropello a personas                               ,,No inventariada,Calle,Municipal,Se desconoce,Mojado,Sin luz natural y con iluminación artificial encen,Lluvia débil,,Sin especificar,,No,No,No,No,No,No,No,2020,1,MARTES,20,Noche,Dias laborables
,2,0,0,12770,03066,No aplica,Calle,Lateral                                            ,,No inventariada,Calle,Municipal,Se desconoce,Seco y limpio,Sin luz natural y con iluminación artificial encen,Despejado,,Sin especificar,,No,No,No,No,Sí,No,No,2020,2,SÁBADO,1,Madrugada,Fines de semana
3.6,2,0,0,12771,03066,Recta,Carretera,Por alcance                                        ,,CV-83,Carretera Convencional de calzada única,Autonómica,Ascendente,Seco y limpio,"Luz del día natural, solar",Despejado,,Se desconoce,,Sin especificar,Sin especificar,Sin especificar,Sin especificar,Sin especificar,Sin especificar,Sin especificar,2020,3,MIÉRCOLES,18,Noche,Dias laborables
,1,0,0,12772,03066,No aplica,Calle,Atropello a personas                               ,,No inventariada,Calle,Municipal,Se desconoce,Seco y limpio,"Luz del día natural, solar",Despejado,,Sin especificar,,No,No,No,No,No,Sí,No,2020,3,SÁBADO,9,Mañana,Fines de semana
,1,0,0,12773,03066,No aplica,Calle,Lateral                                            ,,No inventariada,Calle,Municipal,Se desconoce,Seco y limpio,"Luz del día natural, solar",Despejado,,Sin especificar,,No,No,No,No,No,No,No,2020,4,VIERNES,18,Noche,Dias laborables
,0,1,0,12774,03066,No aplica,Calle,Fronto-lateral                                     ,,No inventariada,Calle,Municipal,Se desconoce,Seco y limpio,"Luz del día natural, solar",Despejado,,Nivel blanco,,Sin especificar,Sin especificar,Sin especificar,Sin especificar,Sin especificar,Sin especificar,Sin especificar,2020,5,LUNES,17,Tarde,Dias laborables
,0,1,0,12775,03066,No aplica,Calle,Fronto-lateral                                     ,,No inventariada,Calle,Municipal,Se desconoce,Seco y limpio,"Amanecer o atardecer, sin luz artificial",Despejado,,Nivel verde,,No,No,No,No,No,No,No,2020,6,VIERNES,21,Noche,Dias laborables
,1,0,0,12776,03066,No aplica,Calle,Fronto-lateral                                     ,,No inventariada,Calle,Municipal,Se desconoce,Seco y limpio,"Luz del día natural, solar",Despejado,,Nivel verde,,No,No,No,No,Sí,No,No,2020,6,LUNES,17,Tarde,Dias laborables
,1,0,0,12777,03066,No aplica,Calle,Fronto-lateral                                     ,,No inventariada,Calle,Municipal,Se desconoce,Seco y limpio,"Luz del día natural, solar",Despejado,Niebla ligera,Se desconoce,,No,No,No,No,No,No,No,2020,6,VIERNES,11,Mañana,Dias laborables
,1,0,0,12778,03066,No aplica,Calle,Caída                                              ,,No inventariada,Calle,Municipal,Se desconoce,Seco y limpio,"Amanecer o atardecer, sin luz artificial",Despejado,,Sin especificar,,No,No,No,No,No,Sí,No,2020,6,LUNES,20,Noche,Dias laborables
,1,0,0,12779,03066,No aplica,Calle,Fronto-lateral                                     ,,No inventariada,Calle,Municipal,Se desconoce,Seco y limpio,Sin luz natural y con iluminación artificial encen,Despejado,,Sin especificar,,No,No,Sí,No,No,Sí,No,2020,7,JUEVES,23,Noche,Dias laborables
0.7,1,0,1,12780,03066,Recta,Carretera,Frontal                                            ,,CV-83,Carretera Convencional de calzada única,Autonómica,Ascendente,Seco y limpio,"Luz del día natural, solar",Despejado,,Nivel blanco,,Sin especificar,Sin especificar,Sin especificar,Sin especificar,Sin especificar,Sin especificar,Sin especificar,2020,7,MARTES,8,Mañana,Dias laborables
,1,0,0,12781,03066,No aplica,Calle,Fronto-lateral                                     ,,No inventariada,Calle,Municipal,Se desconoce,Seco y limpio,"Luz del día natural, solar",Despejado,,Nivel blanco,,No,No,No,No,No,Sí,No,2020,7,VIERNES,15,Tarde,Dias laborables
,1,0,0,12782,03066,No aplica,Calle,Caída                                              ,,No inventariada,Calle,Municipal,Se desconoce,Seco y limpio,Sin luz natural y con iluminación artificial encen,Despejado,Niebla ligera,Se desconoce,,No,No,No,No,No,No,No,2020,7,DOMINGO,22,Noche,Fines de semana
,1,0,0,12783,03066,No aplica,Calle,Fronto-lateral                                     ,,No inventariada,Calle,Municipal,Se desconoce,Seco y limpio,"Luz del día natural, solar",Despejado,,Sin especificar,,No,No,No,No,Sí,No,No,2020,7,VIERNES,14,Tarde,Dias laborables
2.65,1,0,0,12784,03066,Curva sin señalizar,Carretera,Salida de la vía por la derecha con vuelco         ,,CV-83,Carretera Convencional de calzada única,Autonómica,Ascendente,Seco y limpio,"Luz del día natural, solar",Despejado,,Nivel blanco,,Sin especificar,Sin especificar,Sin especificar,Sin especificar,Sin especificar,Sin especificar,Sin especificar,2020,8,JUEVES,8,Mañana,Dias laborables
,1,0,0,12785,03066,No aplica,Calle,Fronto-lateral                                     ,,No inventariada,Calle,Municipal,Se desconoce,Seco y limpio,"Luz del día natural, solar",Despejado,,Sin especificar,,No,No,No,No,No,Sí,No,2020,8,LUNES,10,Mañana,Dias laborables
,0,1,1,12786,03066,No aplica,Calle,Salida de la vía por la derecha con colisión       ,,No inventariada,Calle,Municipal,Se desconoce,Seco y limpio,Sin luz natural y con iluminación artificial encen,Despejado,,Sin especificar,,Sin especificar,Sin especificar,Sin especificar,Sin especificar,Sin especificar,Sin especificar,Sin especificar,2020,8,DOMINGO,0,Madrugada,Fines de semana
,1,0,0,12787,03066,No aplica,Calle,Fronto-lateral                                     ,,No inventariada,Calle,Municipal,Se desconoce,Seco y limpio,"Luz del día natural, solar",Despejado,,Nivel verde,,No,No,No,No,No,Sí,No,2020,8,DOMINGO,16,Tarde,Fines de semana
,1,0,0,12788,03066,No aplica,Calle,Atropello a personas                               ,,No inventariada,Calle,Municipal,Se desconoce,Seco y limpio,"Luz del día natural, solar",Despejado,,Nivel verde,,No,No,No,No,No,No,No,2020,9,JUEVES,13,Tarde,Dias laborables
,1,0,0,12789,03066,No aplica,Calle,Fronto-lateral                                     ,,No inventariada,Calle,Municipal,Se desconoce,Seco y limpio,"Luz del día natural, solar",Despejado,,Nivel verde,,No,No,No,No,No,Sí,No,2020,9,DOMINGO,10,Mañana,Fines de semana
,1,0,0,12790,03066,No aplica,Calle,Frontal                                            ,,No inventariada,Calle,Municipal,Se desconoce,Seco y limpio,"Luz del día natural, solar",Despejado,,Nivel blanco,,No,No,No,No,No,No,No,2020,9,LUNES,12,Tarde,Dias laborables
,2,0,0,12791,03066,No aplica,Calle,Fronto-lateral                                     ,,No inventariada,Calle,Municipal,Se desconoce,Seco y limpio,"Luz del día natural, solar",Despejado,Niebla ligera,Se desconoce,,No,No,No,No,No,Sí,No,2020,9,SÁBADO,18,Noche,Fines de semana
200.2,1,0,0,12792,03104,Curva sin señalizar,Carretera,Caída                                              ,,A-31,Autovía,Estatal,Descendente,Seco y limpio,"Luz del día natural, solar",Despejado,,Nivel blanco,,Sin especificar,Sin especificar,Sin especificar,Sin especificar,Sin especificar,Sin especificar,Sin especificar,2020,10,MIÉRCOLES,12,Tarde,Dias laborables
,1,0,0,12793,03066,No aplica,Calle,Otro tipo de accidente                             ,,No inventariada,Calle,Municipal,Se desconoce,Seco y limpio,Sin luz natural y con iluminación artificial encen,Despejado,,Nivel blanco,,Sin especificar,Sin especificar,Sin especificar,Sin especificar,Sin especificar,Sin especificar,Sin especificar,2020,10,JUEVES,21,Noche,Dias laborables
,2,0,0,12794,03066,No aplica,Calle,Salida de la vía por la derecha otro tipo          ,,No inventariada,Calle,Municipal,Se desconoce,Seco y limpio,Sin luz natural y con iluminación artificial encen,Despejado,,Sin especificar,,Sin especificar,Sin especificar,Sin especificar,Sin especificar,Sin especificar,Sin especificar,Sin especificar,2020,10,SÁBADO,22,Noche,Fines de semana
,1,0,0,12795,03066,No aplica,Calle,Lateral                                            ,,No inventariada,Calle,Municipal,Se desconoce,Seco y limpio,"Amanecer o atardecer, con luz artificial",Despejado,,Nivel verde,,Sin especificar,Sin especificar,Sin especificar,Sin especificar,Sin especificar,Sin especificar,Sin especificar,2020,10,DOMINGO,19,Noche,Fines de semana
,0,2,0,12796,03066,No aplica,Calle,Fronto-lateral                                     ,,No inventariada,Calle,Municipal,Se desconoce,Seco y limpio,"Luz del día natural, solar",Despejado,,Nivel verde,,No,No,No,No,Sí,No,Sí,2020,10,DOMINGO,15,Tarde,Fines de semana
,1,0,0,12797,03066,No aplica,Calle,Fronto-lateral                                     ,,No inventariada,Calle,Municipal,Se desconoce,Seco y limpio,"Luz del día natural, solar",Despejado,,Sin especificar,,No,No,Sí,No,No,Sí,No,2020,11,MARTES,11,Mañana,Dias laborables
204.6,1,0,0,12798,03104,Recta,Carretera,Salida de la vía por la izquierda con colisión     ,,A-31,Autovía,Estatal,Descendente,Seco y limpio,"Luz del día natural, solar",Despejado,,Nivel blanco,,Sin especificar,Sin especificar,Sin especificar,Sin especificar,Sin especificar,Sin especificar,Sin especificar,2020,11,MARTES,15,Tarde,Dias laborables
2.8,1,0,0,12799,03066,Curva sin señalizar,Carretera,Salida de la vía por la derecha otro tipo          ,,CV-833,Carretera Convencional de calzada única,"Provincial, Cabildo/Consell",Ascendente,Seco y limpio,Sin luz natural ni artificial,Despejado,,Nivel blanco,,Sin especificar,Sin especificar,Sin especificar,Sin especificar,Sin especificar,Sin especificar,Sin especificar,2020,11,VIERNES,20,Noche,Dias laborables
,1,0,0,12800,03066,No aplica,Calle,Fronto-lateral                                     ,,No inventariada,Calle,Municipal,Se desconoce,Seco y limpio,Sin luz natural y con iluminación artificial encen,Despejado,,Nivel blanco,,No,No,No,No,No,Sí,No,2020,11,LUNES,23,Noche,Dias laborables
,1,0,0,12801,03066,No aplica,Calle,Fronto-lateral                                     ,,No inventariada,Calle,Municipal,Se desconoce,Seco y limpio,"Luz del día natural, solar",Despejado,,Nivel blanco,,No,No,Sí,No,No,Sí,No,2020,11,MIÉRCOLES,13,Tarde,Dias laborables
,1,0,0,12802,03066,No aplica,Calle,Fronto-lateral                                     ,,No inventariada,Calle,Municipal,Se desconoce,Seco y limpio,"Luz del día natural, solar",Despejado,,Nivel blanco,,No,No,Sí,No,No,Sí,No,2020,11,MIÉRCOLES,8,Mañana,Dias laborables
,1,0,0,12803,03066,No aplica,Calle,Atropello a personas                               ,,No inventariada,Calle,Municipal,Se desconoce,Seco y limpio,"Luz del día natural, solar",Despejado,,Nivel blanco,,No,No,Sí,No,No,Sí,No,2020,11,MARTES,11,Mañana,Dias laborables
206.7,1,0,0,12804,03104,Recta,Carretera,Por alcance                                        ,,A-31,Autovía,Estatal,Descendente,Mojado,"Amanecer o atardecer, sin luz artificial",Lluvia débil,,Nivel negro,,Sin especificar,Sin especificar,Sin especificar,Sin especificar,Sin especificar,Sin especificar,Sin especificar,2020,11,VIERNES,8,Mañana,Dias laborables
208.1,1,0,0,12805,03104,Recta,Carretera,Por alcance                                        ,,A-31,Autovía,Estatal,Descendente,Seco y limpio,"Luz del día natural, solar",Despejado,,Nivel amarillo,,Sin especificar,Sin especificar,Sin especificar,Sin especificar,Sin especificar,Sin especificar,Sin especificar,2020,12,MIÉRCOLES,14,Tarde,Dias laborables
202.2,1,0,0,12806,03104,Curva sin señalizar,Carretera,Por alcance                                        ,,A-31,Autovía,Estatal,Descendente,Seco y limpio,"Luz del día natural, solar",Despejado,,Nivel blanco,,Sin especificar,Sin especificar,Sin especificar,Sin especificar,Sin especificar,Sin especificar,Sin especificar,2020,12,JUEVES,11,Mañana,Dias laborables
,1,0,0,12807,03066,No aplica,Calle,Fronto-lateral                                     ,,No inventariada,Calle,Municipal,Se desconoce,Seco y limpio,"Luz del día natural, solar",Despejado,,Nivel verde,,No,No,No,No,Sí,No,No,2020,12,SÁBADO,11,Mañana,Fines de semana
17.4,1,0,0,12808,00000,Recta,Carretera,Salida de la vía por la derecha con colisión       ,,CV-720,Carretera Convencional de calzada única,Autonómica,Ascendente,Seco y limpio,"Luz del día natural, solar",Despejado,,Nivel blanco,,Sin especificar,Sin especificar,Sin especificar,Sin especificar,Sin especificar,Sin especificar,Sin especificar,2020,12,LUNES,13,Tarde,Dias laborables
144.5,5,0,0,12809,03031,Recta,Carretera,Múltiple o en caravana                             ,N-332,N-332,Carretera Convencional de calzada única,Estatal,Descendente,Seco y limpio,"Luz del día natural, solar",Despejado,,Nivel amarillo,,No,No,No,No,No,No,No,2020,1,SÁBADO,12,Tarde,Fines de semana
,1,0,0,12810,03069,No aplica,Calle,Por alcance                                        ,,No inventariada,Calle,Municipal,Se desconoce,Seco y limpio,"Luz del día natural, solar",Despejado,,Sin especificar,,No,No,Sí,No,No,Sí,No,2020,1,MARTES,13,Tarde,Dias laborables
,1,0,0,12811,03069,No aplica,Calle,Lateral                                            ,,No inventariada,Calle,Municipal,Se desconoce,Mojado,Sin luz natural y con iluminación artificial encen,Nublado,,Sin especificar,,No,No,No,Sí,Sí,No,No,2020,1,VIERNES,18,Noche,Dias laborables
144.0,1,0,0,12812,03069,Recta,Carretera,Caída                                              ,,N-332,Carretera Convencional de calzada única,Estatal,Descendente,Seco y limpio,"Luz del día natural, solar",Despejado,,Nivel blanco,,Sin especificar,Sin especificar,Sin especificar,Sin especificar,Sin especificar,Sin especificar,Sin especificar,2020,1,MIÉRCOLES,12,Tarde,Dias laborables
3.5,1,0,0,12813,03069,Recta,Carretera,"Salida de la vía por la izquierda, otro tipo       ",,CV-767,Carretera Convencional de calzada única,"Provincial, Cabildo/Consell",Ascendente,Seco y limpio,"Luz del día natural, solar",Despejado,,Nivel blanco,,Sin especificar,Sin especificar,Sin especificar,Sin especificar,Sin especificar,Sin especificar,Sin especificar,2020,1,JUEVES,15,Tarde,Dias laborables
9.3,1,0,0,12814,03069,Curva señalizada,Carretera,Por alcance                                        ,,CV-758,Carretera Convencional de calzada única,"Provincial, Cabildo/Consell",Ascendente,Seco y limpio,"Luz del día natural, solar",Nublado,,Nivel blanco,,No,No,No,No,No,No,No,2020,2,MIÉRCOLES,11,Mañana,Dias laborables
144.0,3,0,0,12815,03069,Recta,Carretera,Múltiple o en caravana                             ,,N-332,Carretera Convencional de calzada única,Estatal,Descendente,Seco y limpio,Sin luz natural ni artificial,Despejado,,Nivel rojo,,Sin especificar,Sin especificar,Sin especificar,Sin especificar,Sin especificar,Sin especificar,Sin especificar,2020,2,SÁBADO,19,Noche,Fines de semana
5.9,2,0,0,12816,03069,Recta,Carretera,Por alcance                                        ,N-332,CV-767,Carretera Convencional de calzada única,"Provincial, Cabildo/Consell",Ascendente,Seco y limpio,"Luz del día natural, solar",Despejado,,Sin especificar,,No,No,No,No,No,Sí,No,2020,3,SÁBADO,11,Mañana,Fines de semana
,2,0,0,12817,03069,No aplica,Calle,Lateral                                            ,,No inventariada,Recinto delimitado,Otra,Se desconoce,Seco y limpio,"Luz del día natural, solar",Despejado,,Sin especificar,,No,No,No,No,No,No,No,2020,2,MIÉRCOLES,15,Tarde,Dias laborables
,2,0,0,12818,03069,No aplica,Calle,Múltiple o en caravana                             ,,No inventariada,Calle,Municipal,Se desconoce,Seco y limpio,Sin luz natural y con iluminación artificial encen,Despejado,,Sin especificar,,No,No,No,No,Sí,No,No,2020,3,LUNES,21,Noche,Dias laborables
,1,0,0,12819,03069,No aplica,Calle,Caída                                              ,,No inventariada,Calle,Municipal,Se desconoce,Mojado,"Luz del día natural, solar",Lluvia débil,,Sin especificar,,No,No,Sí,No,No,Sí,No,2020,3,LUNES,17,Tarde,Dias laborables
2.3,1,0,0,12820,03069,Curva señalizada,Carretera,Fronto-lateral                                     ,,CV-767,Carretera Convencional de calzada única,"Provincial, Cabildo/Consell",Ascendente,Seco y limpio,Sin luz natural y con iluminación artificial encen,Despejado,,Nivel blanco,,No,No,Sí,No,No,Sí,No,2020,5,MIÉRCOLES,21,Noche,Dias laborables
11.4,1,0,0,12821,03069,Curva señalizada,Carretera,Salida de la vía por la derecha con colisión       ,,CV-758,Carretera Convencional de calzada única,"Provincial, Cabildo/Consell",Ascendente,Seco y limpio,"Luz del día natural, solar",Despejado,,Nivel blanco,,Sin especificar,Sin especificar,Sin especificar,Sin especificar,Sin especificar,Sin especificar,Sin especificar,2020,5,MIÉRCOLES,13,Tarde,Dias laborables
1.85,0,1,0,12822,03069,Curva sin señalizar,Carretera,Salida de la vía por la derecha con colisión       ,,CV-767,Carretera Convencional de calzada única,"Provincial, Cabildo/Consell",Ascendente,Seco y limpio,Sin luz natural ni artificial,Nublado,,Nivel blanco,,Sin especificar,Sin especificar,Sin especificar,Sin especificar,Sin especificar,Sin especificar,Sin especificar,2020,8,LUNES,21,Noche,Dias laborables
4.4,1,0,0,12823,03069,Curva señalizada,Carretera,Salida de la vía por la derecha con vuelco         ,,CV-758,Carretera Convencional de calzada única,"Provincial, Cabildo/Consell",Descendente,Seco y limpio,Sin luz natural ni artificial,Despejado,,Nivel blanco,,Sin especificar,Sin especificar,Sin especificar,Sin especificar,Sin especificar,Sin especificar,Sin especificar,2020,8,JUEVES,23,Noche,Dias laborables
,1,0,0,12824,03069,No aplica,Calle,Por alcance                                        ,,No inventariada,Calle,Municipal,Se desconoce,Mojado,"Luz del día natural, solar",Lluvia débil,,Sin especificar,,No,No,No,Sí,No,No,Sí,2020,8,MARTES,12,Tarde,Dias laborables
,1,0,0,12825,03069,No aplica,Calle,Lateral                                            ,,No inventariada,Recinto delimitado,Otra,Se desconoce,Seco y limpio,Sin luz natural y con iluminación artificial encen,Despejado,,Sin especificar,,No,No,No,Sí,No,No,No,2020,8,VIERNES,22,Noche,Dias laborables
144.3,1,0,0,12826,03069,Recta,Carretera,Por alcance                                        ,,N-332,Carretera Convencional de calzada única,Estatal,Descendente,Seco y limpio,"Luz del día natural, solar",Despejado,,Nivel amarillo,,No,No,No,No,No,No,No,2020,12,LUNES,13,Tarde,Dias laborables
,0,1,0,12827,03069,No aplica,Calle,Lateral                                            ,,No inventariada,Calle,Municipal,Se desconoce,Seco y limpio,"Luz del día natural, solar",Despejado,,Sin especificar,,No,No,Sí,No,No,Sí,No,2020,12,MARTES,15,Tarde,Dias laborables
,1,0,0,12828,03069,No aplica,Calle,Lateral                                            ,,No inventariada,Calle,Municipal,Se desconoce,Seco y limpio,"Luz del día natural, solar",Despejado,,Sin especificar,,No,No,Sí,No,No,Sí,No,2020,12,DOMINGO,15,Tarde,Fines de semana
,1,0,0,12829,03069,No aplica,Calle,Otro tipo de accidente                             ,,No inventariada,Calle,Municipal,Se desconoce,Seco y limpio,Sin luz natural y con iluminación artificial encen,Despejado,,Nivel blanco,,Sin especificar,Sin especificar,Sin especificar,Sin especificar,Sin especificar,Sin especificar,Sin especificar,2020,9,MIÉRCOLES,21,Noche,Dias laborables
,0,1,0,12830,03069,No aplica,Calle,Caída                                              ,,No inventariada,Calle,Municipal,Se desconoce,Seco y limpio,"Amanecer o atardecer, con luz artificial",Despejado,,Nivel blanco,,No,No,Sí,No,No,No,No,2020,10,JUEVES,18,Noche,Dias laborables
143.9,2,0,0,12831,03069,Curva señalizada,Carretera,Por alcance                                        ,CV-767,N-332,Carretera Convencional de calzada única,Estatal,Ascendente,Seco y limpio,"Luz del día natural, solar",Despejado,,Nivel verde,,No,No,Sí,No,No,Sí,No,2020,12,LUNES,14,Tarde,Dias laborables
,1,0,0,12832,00000,No aplica,Calle,Atropello a personas                               ,,No inventariada,Calle,Municipal,Se desconoce,Con barro o gravilla suelta,"Luz del día natural, solar",Despejado,,Nivel blanco,,No,No,No,No,No,No,No,2020,1,JUEVES,14,Tarde,Dias laborables
,1,0,0,12833,00000,No aplica,Calle,Atropello a personas                               ,,No inventariada,Calle,Municipal,Se desconoce,Seco y limpio,"Luz del día natural, solar",Despejado,,Sin especificar,,No,No,No,No,No,Sí,No,2020,1,JUEVES,14,Tarde,Dias laborables
0.7,1,0,0,12834,03071,Recta,Carretera,Fronto-lateral                                     ,,CV-748,Carretera Convencional de calzada única,"Provincial, Cabildo/Consell",Descendente,Seco y limpio,"Luz del día natural, solar",Despejado,,Nivel blanco,,No,No,No,No,No,No,Sí,2020,2,MIÉRCOLES,18,Noche,Dias laborables
1.33,0,1,0,12835,03071,Recta,Carretera,Fronto-lateral                                     ,,CV-734,Carretera Convencional de calzada única,Autonómica,Descendente,Seco y limpio,"Luz del día natural, solar",Despejado,,Nivel blanco,,No,No,No,No,No,No,Sí,2020,6,SÁBADO,12,Tarde,Fines de semana
616.0,1,0,0,12836,03071,Recta,Carretera,Salida de la vía por la derecha con colisión       ,,AP-7,Autopista libre,Estatal,Descendente,Seco y limpio,Sin luz natural ni artificial,Despejado,,Nivel blanco,,Sin especificar,Sin especificar,Sin especificar,Sin especificar,Sin especificar,Sin especificar,Sin especificar,2020,7,SÁBADO,1,Madrugada,Fines de semana
618.3,3,0,0,12837,03071,Recta,Carretera,Lateral                                            ,,AP-7,Autopista libre,Estatal,Ascendente,Seco y limpio,"Luz del día natural, solar",Despejado,,Nivel blanco,,Sin especificar,Sin especificar,Sin especificar,Sin especificar,Sin especificar,Sin especificar,Sin especificar,2020,8,SÁBADO,8,Mañana,Fines de semana
3.2,2,0,0,12838,03082,Recta,Carretera,Por alcance                                        ,,CV-734,Carretera Convencional de calzada única,Autonómica,Descendente,Seco y limpio,"Luz del día natural, solar",Despejado,,Nivel amarillo,,Sin especificar,Sin especificar,Sin especificar,Sin especificar,Sin especificar,Sin especificar,Sin especificar,2020,10,MIÉRCOLES,11,Mañana,Dias laborables
1.8,3,0,0,12839,00000,Curva señalizada,Carretera,Salida de la vía por la izquierda con colisión     ,,CV-720,Carretera Convencional de calzada única,Autonómica,Ascendente,Seco y limpio,"Luz del día natural, solar",Despejado,,Nivel blanco,,Sin especificar,Sin especificar,Sin especificar,Sin especificar,Sin especificar,Sin especificar,Sin especificar,2020,6,SÁBADO,11,Mañana,Fines de semana
0.2,1,0,0,12840,00000,Recta,Carretera,Fronto-lateral                                     ,,CV-754,Carretera Convencional de calzada única,"Provincial, Cabildo/Consell",Descendente,Seco y limpio,"Luz del día natural, solar",Despejado,,Nivel blanco,,No,No,No,No,No,No,No,2020,10,SÁBADO,16,Tarde,Fines de semana
12.0,1,0,0,12841,00000,Recta,Carretera,Salida de la vía por la derecha con vuelco         ,,CV-900,Carretera Convencional de calzada única,Autonómica,Descendente,Mojado,Sin luz natural y con iluminación artificial encen,Despejado,,Nivel blanco,,No,No,No,No,No,Sí,No,2020,7,MARTES,23,Noche,Dias laborables
69.4,1,0,0,12842,03076,Recta,Carretera,Frontal                                            ,,N-332,Vía ciclista,Estatal,Ambos,Con barro o gravilla suelta,"Luz del día natural, solar",Despejado,,Nivel blanco,,Sin especificar,Sin especificar,Sin especificar,Sin especificar,Sin especificar,Sin especificar,Sin especificar,2020,1,MIÉRCOLES,12,Tarde,Dias laborables
72.1,0,1,0,12843,03076,Curva señalizada,Carretera,Caída                                              ,,N-332,Carretera Convencional de calzada única,Estatal,Ascendente,Seco y limpio,Sin luz natural ni artificial,Nublado,,Nivel blanco,,Sin especificar,Sin especificar,Sin especificar,Sin especificar,Sin especificar,Sin especificar,Sin especificar,2020,2,MARTES,22,Noche,Dias laborables
68.7,1,0,0,12844,03076,Recta,Carretera,Por alcance                                        ,,N-332,Carretera Convencional de doble calzada,Estatal,Ascendente,Seco y limpio,"Luz del día natural, solar",Nublado,,Nivel blanco,,Sin especificar,Sin especificar,Sin especificar,Sin especificar,Sin especificar,Sin especificar,Sin especificar,2020,2,MIÉRCOLES,14,Tarde,Dias laborables
21.1,1,0,0,12845,03113,Curva señalizada,Carretera,Otro tipo de accidente                             ,,CV-91,Carretera Convencional de calzada única,Autonómica,Descendente,Seco y limpio,"Luz del día natural, solar",Despejado,,Nivel blanco,,Sin especificar,Sin especificar,Sin especificar,Sin especificar,Sin especificar,Sin especificar,Sin especificar,2020,6,VIERNES,7,Mañana,Dias laborables
22.7,3,1,0,12846,03076,Curva señalizada,Carretera,Lateral                                            ,,CV-91,Carretera Convencional de calzada única,Autonómica,Ascendente,Seco y limpio,"Luz del día natural, solar",Despejado,,Nivel blanco,,Sin especificar,Sin especificar,Sin especificar,Sin especificar,Sin especificar,Sin especificar,Sin especificar,2020,7,JUEVES,19,Noche,Dias laborables
5.8,1,0,0,12847,03076,Recta,Carretera,Fronto-lateral                                     ,,CV-895,Carretera Convencional de calzada única,Autonómica,Ambos,Seco y limpio,"Luz del día natural, solar",Despejado,,Nivel blanco,,No,No,No,No,No,No,No,2020,7,MIÉRCOLES,8,Mañana,Dias laborables