KM,TOTAL_HL24H,TOTAL_HG24H,TOTAL_MU24H,id,COD_MUNICIPIO,TRAZADO_PLANTA,ZONA,TIPO_ACCIDENTE,CARRETERA_CRUCE,CARRETERA,TIPO_VIA,TITULARIDAD_VIA,SENTIDO_1F,CONDICION_FIRME,CONDICION_ILUMINACION,CONDICION_METEO,CONDICION_NIEBLA,CONDICION_NIVEL_CIRCULA,CONDICION_VIENTO,PRIORI_AGENTE,PRIORI_CIRCUNSTANCIAL,PRIORI_HORIZ_CEDA,PRIORI_HORIZ_STOP,PRIORI_SEMAFORO,PRIORI_VERT_CEDA,PRIORI_VERT_STOP,ANYO,MES,DIA,HORA,FRANJA_HORARIA,TIPO_DIA
0.5,2,0,0,12848,03076,Recta,Carretera,Lateral                                            ,,SERVIOLA,Camino vecinal,Municipal,Ambos,Seco y limpio,"Luz del día natural, solar",Despejado,,Nivel blanco,,Sin especificar,Sin especificar,Sin especificar,Sin especificar,Sin especificar,Sin especificar,Sin especificar,2020,8,DOMINGO,14,Tarde,Fines de semana
19.5,0,2,0,12849,03076,Curva señalizada,Carretera,Frontal                                            ,,CV-920,Carretera Convencional de calzada única,Autonómica,Ambos,Seco y limpio,"Amanecer o atardecer, sin luz artificial",Despejado,,Nivel blanco,,Sin especificar,Sin especificar,Sin especificar,Sin especificar,Sin especificar,Sin especificar,Sin especificar,2020,8,LUNES,21,Noche,Dias laborables
67.0,3,0,0,12850,03076,Curva señalizada,Carretera,Por alcance                                        ,,N-332,Carretera Convencional de doble calzada,Estatal,Descendente,Seco y limpio,"Luz del día natural, solar",Despejado,,Nivel verde,,No,No,No,No,No,No,No,2020,9,SÁBADO,17,Tarde,Fines de semana
4.0,2,0,0,12851,03076,Curva sin señalizar,Carretera,Fronto-lateral                                     ,,No inventariada,Camino vecinal,Otra,Ascendente,Seco y limpio,"Luz del día natural, solar",Despejado,,Nivel blanco,,Sin especificar,Sin especificar,Sin especificar,Sin especificar,Sin especificar,Sin especificar,Sin especificar,2020,10,MIÉRCOLES,10,Mañana,Dias laborables
70.1,1,0,0,12852,03076,Recta,Carretera,Salida de la vía por la izquierda con colisión     ,,N-332,Carretera Convencional de doble calzada,Estatal,Ascendente,Seco y limpio,Sin luz natural y con iluminación artificial encen,Despejado,Niebla ligera,Nivel blanco,,No,No,No,No,No,Sí,No,2020,11,DOMINGO,22,Noche,Fines de semana
66.3,1,0,0,12853,03076,Recta,Carretera,Por alcance                                        ,,N-332,Carretera Convencional de doble calzada,Estatal,Ascendente,Seco y limpio,Sin luz natural y con iluminación artificial no en,Despejado,,Nivel blanco,,Sin especificar,Sin especificar,Sin especificar,Sin especificar,Sin especificar,Sin especificar,Sin especificar,2020,11,LUNES,19,Noche,Dias laborables
1.0,0,0,1,12854,00000,Curva sin señalizar,Carretera,Salida de la vía por la derecha con despeñamiento  ,,No inventariada,Camino vecinal,Municipal,Ambos,Seco y limpio,"Luz del día natural, solar",Despejado,,Nivel blanco,,Sin especificar,Sin especificar,Sin especificar,Sin especificar,Sin especificar,Sin especificar,Sin especificar,2020,2,JUEVES,12,Tarde,Dias laborables
4.01,3,0,0,12855,00000,Recta,Carretera,Frontal                                            ,,CV-845,Carretera Convencional de calzada única,Autonómica,Descendente,Seco y limpio,"Luz del día natural, solar",Despejado,,Nivel blanco,,Sin especificar,Sin especificar,Sin especificar,Sin especificar,Sin especificar,Sin especificar,Sin especificar,2020,6,LUNES,13,Tarde,Dias laborables
0.1,1,0,0,12856,00000,Recta,Carretera,Lateral                                            ,,No inventariada,Camino vecinal,Municipal,Ambos,Seco y limpio,"Luz del día natural, solar",Despejado,,Nivel blanco,,No,No,No,No,No,No,No,2020,7,MIÉRCOLES,19,Noche,Dias laborables
0.0,1,0,0,12857,00000,Recta,Carretera,Fronto-lateral                                     ,,No inventariada,Camino vecinal,Municipal,Ambos,Seco y limpio,"Luz del día natural, solar",Despejado,,Nivel blanco,,No,No,No,No,No,No,Sí,2020,9,JUEVES,19,Noche,Dias laborables
12.3,1,0,0,12858,00000,Recta,Carretera,Fronto-lateral                                     ,,CV-873,Carretera Convencional de calzada única,"Provincial, Cabildo/Consell",Descendente,Seco y limpio,"Luz del día natural, solar",Despejado,,Nivel blanco,,Sin especificar,Sin especificar,Sin especificar,Sin especificar,Sin especificar,Sin especificar,Sin especificar,2020,6,MARTES,11,Mañana,Dias laborables
,1,0,0,12859,03079,No aplica,Calle,Lateral                                            ,,No inventariada,Calle,Municipal,Se desconoce,Seco y limpio,"Luz del día natural, solar",Despejado,,Nivel verde,,Sin especificar,Sin especificar,Sin especificar,Sin especificar,Sin especificar,Sin especificar,Sin especificar,2020,2,MARTES,16,Tarde,Dias laborables
,1,0,0,12860,03079,No aplica,Calle,Fronto-lateral                                     ,,No inventariada,Calle,Municipal,Se desconoce,Seco y limpio,Sin luz natural y con iluminación artificial encen,Despejado,,Nivel verde,,No,No,No,No,No,No,Sí,2020,2,SÁBADO,0,Madrugada,Fines de semana
3.2,1,0,0,12861,03079,Curva señalizada,Carretera,"Salida de la vía por la izquierda, otro tipo       ",,CV-801,Carretera Convencional de calzada única,Autonómica,Ascendente,Seco y limpio,"Luz del día natural, solar",Despejado,,Nivel blanco,,Sin especificar,Sin especificar,Sin especificar,Sin especificar,Sin especificar,Sin especificar,Sin especificar,2020,2,DOMINGO,11,Mañana,Fines de semana
,1,0,0,12862,03079,No aplica,Calle,Fronto-lateral                                     ,,No inventariada,Calle,Municipal,Se desconoce,Seco y limpio,"Luz del día natural, solar",Despejado,,Nivel blanco,,Sin especificar,Sin especificar,Sin especificar,Sin especificar,Sin especificar,Sin especificar,Sin especificar,2020,2,MARTES,13,Tarde,Dias laborables
,1,0,0,12863,03079,No aplica,Calle,Atropello a personas                               ,,No inventariada,Calle,Municipal,Se desconoce,Seco y limpio,"Luz del día natural, solar",Despejado,,Nivel verde,,Sin especificar,Sin especificar,Sin especificar,Sin especificar,Sin especificar,Sin especificar,Sin especificar,2020,2,VIERNES,11,Mañana,Dias laborables
,1,0,0,12864,03079,No aplica,Calle,Fronto-lateral                                     ,,No inventariada,Calle,Municipal,Se desconoce,Seco y limpio,"Luz del día natural, solar",Despejado,,Nivel verde,,Sin especificar,Sin especificar,Sin especificar,Sin especificar,Sin especificar,Sin especificar,Sin especificar,2020,3,VIERNES,7,Mañana,Dias laborables
,1,0,0,12865,03079,No aplica,Calle,Fronto-lateral                                     ,,No inventariada,Calle,Municipal,Se desconoce,Seco y limpio,"Luz del día natural, solar",Despejado,,Nivel blanco,,No,No,No,No,No,Sí,No,2020,3,MIÉRCOLES,12,Tarde,Dias laborables
,1,0,0,12866,03079,No aplica,Calle,Fronto-lateral                                     ,,No inventariada,Calle,Municipal,Se desconoce,Seco y limpio,"Luz del día natural, solar",Despejado,,Nivel blanco,,No,No,No,No,No,No,Sí,2020,5,MARTES,13,Tarde,Dias laborables
451.5,1,0,0,12867,03009,Recta,Carretera,Por alcance                                        ,,A-7,Autovía,Estatal,Descendente,Seco y limpio,"Luz del día natural, solar",Despejado,,Nivel blanco,,Sin especificar,Sin especificar,Sin especificar,Sin especificar,Sin especificar,Sin especificar,Sin especificar,2020,6,JUEVES,18,Noche,Dias laborables
2.5,1,0,0,12868,03079,Curva sin señalizar,Carretera,Salida de la vía por la izquierda con colisión     ,,CV-801,Carretera Convencional de calzada única,Autonómica,Descendente,Seco y limpio,Sin luz natural ni artificial,Despejado,,Nivel blanco,,Sin especificar,Sin especificar,Sin especificar,Sin especificar,Sin especificar,Sin especificar,Sin especificar,2020,6,SÁBADO,0,Madrugada,Fines de semana
460.8,3,0,0,12869,03079,Curva sin señalizar,Carretera,Fronto-lateral                                     ,DESCONOCID,A-7,Autovía,Estatal,Ambos,Seco y limpio,"Amanecer o atardecer, sin luz artificial",Despejado,,Nivel blanco,,No,No,No,No,No,Sí,No,2020,7,JUEVES,20,Noche,Dias laborables
464.9,1,0,0,12870,03079,Recta,Carretera,Por alcance                                        ,,A-7,Autovía,Estatal,Ascendente,Seco y limpio,"Luz del día natural, solar",Nublado,,Nivel blanco,,Sin especificar,Sin especificar,Sin especificar,Sin especificar,Sin especificar,Sin especificar,Sin especificar,2020,7,MIÉRCOLES,10,Mañana,Dias laborables
1.9,1,0,0,12871,03079,Curva señalizada,Carretera,Salida de la vía por la izquierda con colisión     ,,CV-805,Carretera Convencional de calzada única,Autonómica,Descendente,Seco y limpio,"Amanecer o atardecer, sin luz artificial",Despejado,,Nivel blanco,,No,No,No,No,No,Sí,No,2020,7,LUNES,21,Noche,Dias laborables
,1,0,0,12872,03079,No aplica,Calle,Fronto-lateral                                     ,,No inventariada,Calle,Otra,Se desconoce,Seco y limpio,Sin luz natural y con iluminación artificial encen,Despejado,,Nivel blanco,,No,No,No,No,No,Sí,No,2020,7,SÁBADO,23,Noche,Fines de semana
,1,0,0,12873,03079,No aplica,Calle,Atropello a personas                               ,,No inventariada,Calle,Municipal,Se desconoce,Seco y limpio,"Luz del día natural, solar",Despejado,,Nivel verde,,Sin especificar,Sin especificar,Sin especificar,Sin especificar,Sin especificar,Sin especificar,Sin especificar,2020,7,VIERNES,8,Mañana,Dias laborables
,1,0,0,12874,03079,No aplica,Calle,Por alcance                                        ,,No inventariada,Vía de servicio,Municipal,Se desconoce,Seco y limpio,"Luz del día natural, solar",Despejado,,Nivel blanco,,Sin especificar,Sin especificar,Sin especificar,Sin especificar,Sin especificar,Sin especificar,Sin especificar,2020,7,MIÉRCOLES,19,Noche,Dias laborables
2.1,1,0,0,12875,03079,Curva sin señalizar,Carretera,Salida de la vía por la derecha otro tipo          ,,CV-805,Carretera Convencional de calzada única,Autonómica,Ascendente,Seco y limpio,"Luz del día natural, solar",Despejado,,Nivel blanco,,Sin especificar,Sin especificar,Sin especificar,Sin especificar,Sin especificar,Sin especificar,Sin especificar,2020,8,DOMINGO,9,Mañana,Fines de semana
,1,0,0,12876,03079,No aplica,Calle,Caída                                              ,,No inventariada,Calle,Municipal,Se desconoce,Seco y limpio,"Luz del día natural, solar",Despejado,,Nivel verde,,Sin especificar,Sin especificar,Sin especificar,Sin especificar,Sin especificar,Sin especificar,Sin especificar,2020,8,JUEVES,7,Mañana,Dias laborables
458.7,3,0,0,12877,03079,Recta,Carretera,Caída                                              ,,A-7,Vía de servicio,Estatal,Ascendente,Otra,"Luz del día natural, solar",Despejado,,Nivel verde,,Sin especificar,Sin especificar,Sin especificar,Sin especificar,Sin especificar,Sin especificar,Sin especificar,2020,9,SÁBADO,8,Mañana,Fines de semana
1.9,1,0,0,12878,03079,Curva señalizada,Carretera,Fronto-lateral                                     ,,CV-805,Carretera Convencional de calzada única,Autonómica,Ascendente,Seco y limpio,"Luz del día natural, solar",Despejado,,Nivel verde,,No,No,No,No,No,Sí,No,2020,9,MARTES,14,Tarde,Dias laborables
10.5,2,0,0,12879,03079,Recta,Carretera,Caída                                              ,,CV-806,Carretera Convencional de calzada única,Autonómica,Ascendente,Seco y limpio,"Luz del día natural, solar",Despejado,,Nivel blanco,,Sin especificar,Sin especificar,Sin especificar,Sin especificar,Sin especificar,Sin especificar,Sin especificar,2020,9,DOMINGO,8,Mañana,Fines de semana
457.5,1,0,0,12880,03079,Recta,Carretera,Salida de la vía por la derecha con vuelco         ,,A-7,Autovía,Estatal,Ascendente,Seco y limpio,"Luz del día natural, solar",Despejado,,Nivel blanco,,Sin especificar,Sin especificar,Sin especificar,Sin especificar,Sin especificar,Sin especificar,Sin especificar,2020,10,SÁBADO,12,Tarde,Fines de semana
460.1,2,0,0,12881,03079,Recta,Carretera,Por alcance                                        ,,A-7,Autovía,Estatal,Descendente,Seco y limpio,"Luz del día natural, solar",Despejado,,Nivel blanco,,Sin especificar,Sin especificar,Sin especificar,Sin especificar,Sin especificar,Sin especificar,Sin especificar,2020,10,VIERNES,13,Tarde,Dias laborables
,2,0,0,12882,03079,No aplica,Calle,Caída                                              ,,No inventariada,Otro,Autonómica,Se desconoce,Otra,"Luz del día natural, solar",Despejado,,Nivel verde,,Sin especificar,Sin especificar,Sin especificar,Sin especificar,Sin especificar,Sin especificar,Sin especificar,2020,9,DOMINGO,8,Mañana,Fines de semana
,1,0,0,12883,03079,No aplica,Calle,Atropello a personas                               ,,No inventariada,Calle,Municipal,Se desconoce,Seco y limpio,"Luz del día natural, solar",Despejado,,Nivel verde,,Sin especificar,Sin especificar,Sin especificar,Sin especificar,Sin especificar,Sin especificar,Sin especificar,2020,10,JUEVES,10,Mañana,Dias laborables
,1,0,0,12884,03079,No aplica,Calle,Atropello a personas                               ,,No inventariada,Calle,Municipal,Se desconoce,Seco y limpio,"Luz del día natural, solar",Despejado,,Nivel verde,,Sin especificar,Sin especificar,Sin especificar,Sin especificar,Sin especificar,Sin especificar,Sin especificar,2020,10,MARTES,12,Tarde,Dias laborables
0.7,1,0,0,12885,03079,Recta,Carretera,Salida de la vía por la derecha con colisión       ,,CV-7982,Carretera Convencional de calzada única,Autonómica,Descendente,Seco y limpio,Sin luz natural ni artificial,Despejado,,Nivel blanco,,Sin especificar,Sin especificar,Sin especificar,Sin especificar,Sin especificar,Sin especificar,Sin especificar,2020,11,DOMINGO,19,Noche,Fines de semana
460.0,1,0,0,12886,03079,Curva señalizada,Carretera,Fronto-lateral                                     ,CV-806,A-7,Autovía,Estatal,Descendente,Seco y limpio,"Amanecer o atardecer, sin luz artificial",Nublado,,Nivel blanco,,No,No,No,No,No,Sí,No,2020,11,MIÉRCOLES,17,Tarde,Dias laborables
458.0,1,0,0,12887,03079,Recta,Carretera,Por alcance                                        ,,A-7,Autovía,Estatal,Ascendente,Con hielo,"Luz del día natural, solar",Granizando,,Nivel blanco,,Sin especificar,Sin especificar,Sin especificar,Sin especificar,Sin especificar,Sin especificar,Sin especificar,2020,11,VIERNES,8,Mañana,Dias laborables
11.5,1,0,0,12888,00000,Curva señalizada,Carretera,Salida de la vía por la izquierda con vuelco       ,,CV-95,Carretera Convencional de calzada única,Autonómica,Descendente,Otra,"Luz del día natural, solar",Despejado,,Nivel blanco,,Sin especificar,Sin especificar,Sin especificar,Sin especificar,Sin especificar,Sin especificar,Sin especificar,2020,7,MIÉRCOLES,15,Tarde,Dias laborables
1.9,1,1,0,12889,00000,Recta,Carretera,Fronto-lateral                                     ,,CV-920,Carretera Convencional de calzada única,Autonómica,Ambos,Seco y limpio,"Amanecer o atardecer, sin luz artificial",Despejado,,Nivel blanco,,No,No,No,Sí,No,No,Sí,2020,9,VIERNES,20,Noche,Dias laborables
8.0,1,0,0,12890,00000,Curva sin señalizar,Carretera,"Salida de la vía por la izquierda, otro tipo       ",,CV-749,Carretera Convencional de calzada única,"Provincial, Cabildo/Consell",Ascendente,Seco y limpio,Sin luz natural ni artificial,Despejado,,Nivel blanco,,Sin especificar,Sin especificar,Sin especificar,Sin especificar,Sin especificar,Sin especificar,Sin especificar,2020,4,JUEVES,22,Noche,Dias laborables
4.0,1,0,0,12891,03082,Recta,Carretera,Por alcance                                        ,,CV-742,Carretera Convencional de calzada única,"Provincial, Cabildo/Consell",Ascendente,Seco y limpio,"Luz del día natural, solar",Despejado,,Nivel blanco,,Sin especificar,Sin especificar,Sin especificar,Sin especificar,Sin especificar,Sin especificar,Sin especificar,2020,1,JUEVES,12,Tarde,Dias laborables
8.6,1,0,0,12892,03082,Curva sin señalizar,Carretera,Salida de la vía por la derecha otro tipo          ,,CV-740,Carretera Convencional de calzada única,"Provincial, Cabildo/Consell",Ascendente,Seco y limpio,"Luz del día natural, solar",Despejado,,Sin especificar,,Sin especificar,Sin especificar,Sin especificar,Sin especificar,Sin especificar,Sin especificar,Sin especificar,2020,3,DOMINGO,11,Mañana,Fines de semana
3.95,1,0,0,12893,03082,Curva señalizada,Carretera,Frontal                                            ,,CV-747,Carretera Convencional de calzada única,"Provincial, Cabildo/Consell",Ambos,Seco y limpio,"Luz del día natural, solar",Despejado,,Nivel blanco,,Sin especificar,Sin especificar,Sin especificar,Sin especificar,Sin especificar,Sin especificar,Sin especificar,2020,5,JUEVES,13,Tarde,Dias laborables
4.4,2,0,0,12894,03082,Curva sin señalizar,Carretera,Frontal                                            ,,CV-735,Carretera Convencional de calzada única,"Provincial, Cabildo/Consell",Ascendente,Seco y limpio,"Luz del día natural, solar",Despejado,,Nivel blanco,,Sin especificar,Sin especificar,Sin especificar,Sin especificar,Sin especificar,Sin especificar,Sin especificar,2020,7,MIÉRCOLES,14,Tarde,Dias laborables
6.6,0,1,0,12895,03082,Curva señalizada,Carretera,Frontal                                            ,,CV-736,Carretera Convencional de calzada única,Autonómica,Descendente,Seco y limpio,"Luz del día natural, solar",Despejado,,Nivel verde,,Sin especificar,Sin especificar,Sin especificar,Sin especificar,Sin especificar,Sin especificar,Sin especificar,2020,7,LUNES,10,Mañana,Dias laborables
11.3,1,0,0,12896,03082,Curva señalizada,Carretera,Salida de la vía por la derecha con vuelco         ,,CV-740,Carretera Convencional de calzada única,"Provincial, Cabildo/Consell",Ascendente,Seco y limpio,"Amanecer o atardecer, sin luz artificial",Despejado,,Nivel blanco,,Sin especificar,Sin especificar,Sin especificar,Sin especificar,Sin especificar,Sin especificar,Sin especificar,2020,7,MIÉRCOLES,21,Noche,Dias laborables
,1,0,0,12897,03082,No aplica,Calle,Caída                                              ,,No inventariada,Calle,Municipal,Se desconoce,Seco y limpio,Sin luz natural y con iluminación artificial encen,Despejado,,Nivel blanco,,Sin especificar,Sin especificar,Sin especificar,Sin especificar,Sin especificar,Sin especificar,Sin especificar,2020,7,SÁBADO,2,Madrugada,Fines de semana
2.5,1,0,0,12898,03082,Recta,Carretera,Fronto-lateral                                     ,,CV-742,Carretera Convencional de calzada única,"Provincial, Cabildo/Consell",Descendente,Seco y limpio,"Luz del día natural, solar",Despejado,,Nivel blanco,,No,No,No,No,No,No,No,2020,7,LUNES,8,Mañana,Dias laborables
8.6,1,0,0,12899,03082,Curva sin señalizar,Carretera,Fronto-lateral                                     ,,CV-742,Carretera Convencional de calzada única,"Provincial, Cabildo/Consell",Ambos,Seco y limpio,"Luz del día natural, solar",Despejado,,Nivel blanco,,No,No,No,No,No,No,No,2020,8,DOMINGO,9,Mañana,Fines de semana
9.8,1,0,0,12900,03082,Recta,Carretera,Salida de la vía por la derecha otro tipo          ,,CV-740,Carretera Convencional de calzada única,"Provincial, Cabildo/Consell",Descendente,Seco y limpio,"Luz del día natural, solar",Despejado,,Nivel blanco,,Sin especificar,Sin especificar,Sin especificar,Sin especificar,Sin especificar,Sin especificar,Sin especificar,2020,9,SÁBADO,19,Noche,Fines de semana
0.5,0,2,0,12901,03082,Recta,Carretera,Fronto-lateral                                     ,,CV-7362,Carretera Convencional de calzada única,"Provincial, Cabildo/Consell",Ascendente,Seco y limpio,"Luz del día natural, solar",Despejado,,Nivel verde,,No,No,No,No,No,No,No,2020,9,DOMINGO,17,Tarde,Fines de semana
10.6,1,0,0,12902,03063,Curva señalizada,Carretera,Salida de la vía por la derecha con despeñamiento  ,,CV-735,Carretera Convencional de calzada única,"Provincial, Cabildo/Consell",Descendente,Seco y limpio,"Luz del día natural, solar",Despejado,,Nivel blanco,,No,No,No,No,No,No,No,2020,10,SÁBADO,11,Mañana,Fines de semana
7.2,1,0,0,12903,03082,Curva señalizada,Carretera,Salida de la vía por la derecha con vuelco         ,,CV-736,Carretera Convencional de calzada única,Autonómica,Ascendente,Mojado,"Luz del día natural, solar",Lluvia débil,,Nivel blanco,,Sin especificar,Sin especificar,Sin especificar,Sin especificar,Sin especificar,Sin especificar,Sin especificar,2020,10,JUEVES,18,Noche,Dias laborables
7.8,1,0,0,12904,03082,Curva sin señalizar,Carretera,Salida de la vía por la derecha con colisión       ,,CV-736,Carretera Convencional de calzada única,Autonómica,Ascendente,Seco y limpio,"Luz del día natural, solar",Despejado,,Nivel blanco,,Sin especificar,Sin especificar,Sin especificar,Sin especificar,Sin especificar,Sin especificar,Sin especificar,2020,11,MARTES,11,Mañana,Dias laborables
,0,0,1,12905,03082,No aplica,Calle,Colisión contra obstáculo o elemento de la vía     ,,No inventariada,Calle,Municipal,Se desconoce,Seco y limpio,"Amanecer o atardecer, con luz artificial",Despejado,,Nivel verde,,Sin especificar,Sin especificar,Sin especificar,Sin especificar,Sin especificar,Sin especificar,Sin especificar,2020,12,VIERNES,18,Noche,Dias laborables
,1,0,0,12906,03082,No aplica,Calle,Salida de la vía por la izquierda con colisión     ,,No inventariada,Calle,Municipal,Se desconoce,Seco y limpio,"Luz del día natural, solar",Despejado,,Nivel blanco,,Sin especificar,Sin especificar,Sin especificar,Sin especificar,Sin especificar,Sin especificar,Sin especificar,2020,12,LUNES,15,Tarde,Dias laborables
27.4,0,1,0,12907,03083,Curva señalizada,Carretera,"Salida de la vía por la izquierda, otro tipo       ",,CV-800,Carretera Convencional de calzada única,Autonómica,Ascendente,Seco y limpio,"Luz del día natural, solar",Despejado,,Nivel blanco,,Sin especificar,Sin especificar,Sin especificar,Sin especificar,Sin especificar,Sin especificar,Sin especificar,2020,1,VIERNES,17,Tarde,Dias laborables
12.95,1,0,0,12908,03083,Curva señalizada,Carretera,Lateral                                            ,,CV-800,Carretera Convencional de calzada única,Autonómica,Ascendente,Seco y limpio,Sin luz natural ni artificial,Despejado,,Nivel blanco,,No,No,No,No,No,No,No,2020,1,VIERNES,5,Madrugada,Dias laborables
4.0,1,0,0,12909,03083,Curva sin señalizar,Carretera,Salida de la vía por la derecha otro tipo          ,,CV-780,Carretera Convencional de calzada única,"Provincial, Cabildo/Consell",Ascendente,Seco y limpio,"Luz del día natural, solar",Despejado,,Nivel blanco,,Sin especificar,Sin especificar,Sin especificar,Sin especificar,Sin especificar,Sin especificar,Sin especificar,2020,2,DOMINGO,10,Mañana,Fines de semana
12.3,0,1,0,12910,03083,Curva señalizada,Carretera,Salida de la vía por la derecha con colisión       ,,CV-800,Carretera Convencional de calzada única,Autonómica,Descendente,Seco y limpio,"Luz del día natural, solar",Despejado,,Nivel blanco,,Sin especificar,Sin especificar,Sin especificar,Sin especificar,Sin especificar,Sin especificar,Sin especificar,2020,2,DOMINGO,13,Tarde,Fines de semana
20.7,1,0,0,12911,03083,Curva señalizada,Carretera,Salida de la vía por la derecha otro tipo          ,,CV-800,Carretera Convencional de calzada única,Autonómica,Descendente,Seco y limpio,"Luz del día natural, solar",Despejado,,Nivel blanco,,Sin especificar,Sin especificar,Sin especificar,Sin especificar,Sin especificar,Sin especificar,Sin especificar,2020,2,SÁBADO,12,Tarde,Fines de semana
20.0,1,0,0,12912,03083,Curva señalizada,Carretera,Salida de la vía por la izquierda con vuelco       ,,CV-800,Carretera Convencional de calzada única,Autonómica,Descendente,Seco y limpio,"Luz del día natural, solar",Despejado,,Nivel blanco,Viento fuerte,Sin especificar,Sin especificar,Sin especificar,Sin especificar,Sin especificar,Sin especificar,Sin especificar,2020,3,MARTES,17,Tarde,Dias laborables
30.9,1,0,0,12913,03083,Curva señalizada,Carretera,Salida de la vía por la derecha con colisión       ,,CV-800,Carretera Convencional de calzada única,Autonómica,Ascendente,Seco y limpio,"Luz del día natural, solar",Despejado,,Nivel blanco,,Sin especificar,Sin especificar,Sin especificar,Sin especificar,Sin especificar,Sin especificar,Sin especificar,2020,2,MARTES,18,Noche,Dias laborables
18.2,1,0,0,12914,03083,Curva señalizada,Carretera,Caída                                              ,,CV-800,Carretera Convencional de calzada única,Autonómica,Descendente,Seco y limpio,"Luz del día natural, solar",Despejado,,Nivel blanco,,No,No,No,No,No,No,No,2020,5,DOMINGO,13,Tarde,Fines de semana
23.5,0,1,0,12915,03083,Curva señalizada,Carretera,Salida de la vía por la izquierda con vuelco       ,,CV-800,Carretera Convencional de calzada única,Autonómica,Descendente,Seco y limpio,"Amanecer o atardecer, sin luz artificial",Despejado,,Nivel blanco,,Sin especificar,Sin especificar,Sin especificar,Sin especificar,Sin especificar,Sin especificar,Sin especificar,2020,5,JUEVES,21,Noche,Dias laborables
22.7,1,0,0,12916,03083,Curva sin señalizar,Carretera,Salida de la vía por la derecha con colisión       ,,CV-800,Carretera Convencional de calzada única,Autonómica,Descendente,Seco y limpio,Sin luz natural y con iluminación artificial encen,Despejado,,Nivel blanco,,Sin especificar,Sin especificar,Sin especificar,Sin especificar,Sin especificar,Sin especificar,Sin especificar,2020,5,MARTES,20,Noche,Dias laborables
20.7,1,0,0,12917,03083,Curva señalizada,Carretera,Lateral                                            ,,CV-800,Carretera Convencional de calzada única,Autonómica,Descendente,Seco y limpio,"Luz del día natural, solar",Despejado,,Nivel blanco,,Sin especificar,Sin especificar,Sin especificar,Sin especificar,Sin especificar,Sin especificar,Sin especificar,2020,5,DOMINGO,13,Tarde,Fines de semana
32.3,1,0,0,12918,03083,Recta,Carretera,Caída                                              ,,CV-800,Carretera Convencional de calzada única,Autonómica,Ascendente,Mojado,Sin luz natural ni artificial,Lluvia débil,,Nivel blanco,,Sin especificar,Sin especificar,Sin especificar,Sin especificar,Sin especificar,Sin especificar,Sin especificar,2020,6,VIERNES,15,Tarde,Dias laborables
14.7,0,0,1,12919,03083,Curva señalizada,Carretera,Salida de la vía por la derecha con colisión       ,,CV-800,Carretera Convencional de calzada única,Autonómica,Descendente,Seco y limpio,"Luz del día natural, solar",Despejado,,Nivel blanco,,Sin especificar,Sin especificar,Sin especificar,Sin especificar,Sin especificar,Sin especificar,Sin especificar,2020,7,LUNES,9,Mañana,Dias laborables
22.7,1,0,0,12920,03083,Recta,Carretera,Caída                                              ,,CV800,Carretera Convencional de calzada única,Autonómica,Ascendente,Seco y limpio,"Luz del día natural, solar",Despejado,,Nivel blanco,,Sin especificar,Sin especificar,Sin especificar,Sin especificar,Sin especificar,Sin especificar,Sin especificar,2020,8,SÁBADO,11,Mañana,Fines de semana
30.8,1,0,0,12921,03083,Curva señalizada,Carretera,Salida de la vía por la derecha otro tipo          ,,CV-800,Carretera Convencional de calzada única,Autonómica,Ascendente,Seco y limpio,Sin luz natural ni artificial,Despejado,,Nivel blanco,,Sin especificar,Sin especificar,Sin especificar,Sin especificar,Sin especificar,Sin especificar,Sin especificar,2020,9,SÁBADO,22,Noche,Fines de semana
14.3,2,0,0,12922,03083,Curva señalizada,Carretera,Salida de la vía por la derecha otro tipo          ,,CV-800,Carretera Convencional de calzada única,Autonómica,Descendente,Muy encharcado o inundado,"Luz del día natural, solar",Lluvia fuerte,,Nivel blanco,,Sin especificar,Sin especificar,Sin especificar,Sin especificar,Sin especificar,Sin especificar,Sin especificar,2020,9,MIÉRCOLES,16,Tarde,Dias laborables
20.9,1,0,0,12923,03083,Curva señalizada,Carretera,"Salida de la vía por la izquierda, otro tipo       ",,CV-800,Carretera Convencional de calzada única,Autonómica,Descendente,Seco y limpio,"Luz del día natural, solar",Despejado,,Nivel blanco,,Sin especificar,Sin especificar,Sin especificar,Sin especificar,Sin especificar,Sin especificar,Sin especificar,2020,9,SÁBADO,14,Tarde,Fines de semana
,1,0,0,12924,03083,No aplica,Calle,Atropello a personas                               ,,No inventariada,Calle,Municipal,Se desconoce,Seco y limpio,Sin luz natural y con iluminación artificial encen,Despejado,,Nivel amarillo,,Sin especificar,Sin especificar,Sin especificar,Sin especificar,Sin especificar,Sin especificar,Sin especificar,2020,10,JUEVES,20,Noche,Dias laborables
33.6,1,0,0,12925,03083,Curva señalizada,Carretera,Salida de la vía por la derecha con colisión       ,,CV-800,Carretera Convencional de calzada única,Autonómica,Descendente,Seco y limpio,"Luz del día natural, solar",Despejado,,Nivel blanco,,Sin especificar,Sin especificar,Sin especificar,Sin especificar,Sin especificar,Sin especificar,Sin especificar,2020,9,SÁBADO,10,Mañana,Fines de semana