KM,TOTAL_HL24H,TOTAL_HG24H,TOTAL_MU24H,id,COD_MUNICIPIO,TRAZADO_PLANTA,ZONA,TIPO_ACCIDENTE,CARRETERA_CRUCE,CARRETERA,TIPO_VIA,TITULARIDAD_VIA,SENTIDO_1F,CONDICION_FIRME,CONDICION_ILUMINACION,CONDICION_METEO,CONDICION_NIEBLA,CONDICION_NIVEL_CIRCULA,CONDICION_VIENTO,PRIORI_AGENTE,PRIORI_CIRCUNSTANCIAL,PRIORI_HORIZ_CEDA,PRIORI_HORIZ_STOP,PRIORI_SEMAFORO,PRIORI_VERT_CEDA,PRIORI_VERT_STOP,ANYO,MES,DIA,HORA,FRANJA_HORARIA,TIPO_DIA
,2,0,0,13010,03093,No aplica,Calle,Por alcance                                        ,,No inventariada,Calle,Municipal,Se desconoce,Seco y limpio,Sin luz natural y con iluminación artificial encen,Despejado,,Nivel verde,,Sin especificar,Sin especificar,Sin especificar,Sin especificar,Sin especificar,Sin especificar,Sin especificar,2020,2,MARTES,18,Noche,Dias laborables
,2,0,0,13011,03093,No aplica,Calle,Fronto-lateral                                     ,,No inventariada,Calle,Municipal,Se desconoce,Seco y limpio,Sin luz natural y con iluminación artificial encen,Despejado,,Nivel verde,,No,No,No,No,No,No,Sí,2020,2,MARTES,18,Noche,Dias laborables
,1,0,0,13012,03093,No aplica,Calle,Atropello a personas                               ,,No inventariada,Calle,Municipal,Se desconoce,Seco y limpio,Sin luz natural y con iluminación artificial encen,Despejado,,Nivel verde,,No,No,No,No,No,No,Sí,2020,2,LUNES,20,Noche,Dias laborables
,1,0,0,13013,03093,No aplica,Calle,Colisión contra obstáculo o elemento de la vía     ,,No inventariada,Calle,Municipal,Se desconoce,Seco y limpio,Sin luz natural y con iluminación artificial encen,Despejado,,Nivel verde,,No,No,No,No,No,Sí,No,2020,2,DOMINGO,20,Noche,Fines de semana
211.9,2,0,1,13014,03093,Curva señalizada,Carretera,Salida de la vía por la izquierda con colisión     ,,A-31,Autovía,Estatal,Descendente,Seco y limpio,Sin luz natural ni artificial,Despejado,,Nivel blanco,,Sin especificar,Sin especificar,Sin especificar,Sin especificar,Sin especificar,Sin especificar,Sin especificar,2020,4,SÁBADO,21,Noche,Fines de semana
3.7,1,0,0,13015,03093,Curva señalizada,Carretera,Salida de la vía por la derecha otro tipo          ,CV-830,N-325,Carretera Convencional de calzada única,Estatal,Ascendente,Con barro o gravilla suelta,Sin luz natural ni artificial,Despejado,,Nivel blanco,,No,No,Sí,No,No,Sí,No,2020,5,SÁBADO,20,Noche,Fines de semana
17.95,0,1,0,13016,03088,Curva sin señalizar,Carretera,Fronto-lateral                                     ,,CV-820,Carretera Convencional de calzada única,Autonómica,Descendente,Seco y limpio,"Luz del día natural, solar",Despejado,,Nivel blanco,,Sin especificar,Sin especificar,Sin especificar,Sin especificar,Sin especificar,Sin especificar,Sin especificar,2020,5,LUNES,18,Noche,Dias laborables
4.8,1,0,0,13017,03093,Recta,Carretera,Por alcance                                        ,,CV-840,Carretera Convencional de calzada única,Autonómica,Ascendente,Seco y limpio,"Luz del día natural, solar",Despejado,,Nivel blanco,,No,No,No,No,No,No,No,2020,5,MIÉRCOLES,9,Mañana,Dias laborables
15.57,1,0,0,13018,03093,Curva señalizada,Carretera,Salida de la vía por la derecha con vuelco         ,,CV-820,Carretera Convencional de calzada única,Autonómica,Ascendente,Seco y limpio,"Luz del día natural, solar",Despejado,,Nivel blanco,,Sin especificar,Sin especificar,Sin especificar,Sin especificar,Sin especificar,Sin especificar,Sin especificar,2020,7,LUNES,17,Tarde,Dias laborables
211.5,1,0,0,13019,03093,Curva señalizada,Carretera,Colisión contra obstáculo o elemento de la vía     ,,A-31,Autovía,Estatal,Ascendente,Seco y limpio,"Luz del día natural, solar",Despejado,,Nivel blanco,,Sin especificar,Sin especificar,Sin especificar,Sin especificar,Sin especificar,Sin especificar,Sin especificar,2020,8,SÁBADO,15,Tarde,Fines de semana
213.0,5,0,0,13020,03093,Recta,Carretera,Frontal                                            ,,A-31,Autovía,Estatal,Ascendente,Seco y limpio,"Luz del día natural, solar",Despejado,,Nivel blanco,,Sin especificar,Sin especificar,Sin especificar,Sin especificar,Sin especificar,Sin especificar,Sin especificar,2020,9,DOMINGO,13,Tarde,Fines de semana
14.49,1,0,0,13021,03093,Curva señalizada,Carretera,Salida de la vía por la derecha otro tipo          ,,CV-84,Carretera Convencional de doble calzada,Autonómica,Descendente,Seco y limpio,Sin luz natural y con iluminación artificial encen,Despejado,,Nivel blanco,,No,No,Sí,No,No,Sí,No,2020,9,SÁBADO,22,Noche,Fines de semana
195.2,1,0,0,13022,03123,Recta,Carretera,Por alcance                                        ,A-31,A-31,Autovía,Estatal,Ascendente,Mojado,Sin luz natural y con iluminación artificial no en,Nublado,,Nivel blanco,,No,No,No,No,No,No,No,2020,10,VIERNES,20,Noche,Dias laborables
,1,0,0,13023,03093,No aplica,Calle,Lateral                                            ,,No inventariada,Calle,Municipal,Se desconoce,Seco y limpio,"Luz del día natural, solar",Despejado,,Nivel verde,,Sin especificar,Sin especificar,Sin especificar,Sin especificar,Sin especificar,Sin especificar,Sin especificar,2020,6,MARTES,17,Tarde,Dias laborables
,1,0,0,13024,03093,No aplica,Calle,Fronto-lateral                                     ,,No inventariada,Calle,Municipal,Se desconoce,Seco y limpio,"Luz del día natural, solar",Despejado,,Nivel verde,,No,No,No,No,No,No,Sí,2020,6,MIÉRCOLES,14,Tarde,Dias laborables
,0,2,0,13025,03093,No aplica,Calle,Atropello a personas                               ,,No inventariada,Calle,Municipal,Se desconoce,Seco y limpio,"Luz del día natural, solar",Despejado,,Nivel verde,,Sin especificar,Sin especificar,Sin especificar,Sin especificar,Sin especificar,Sin especificar,Sin especificar,2020,6,JUEVES,20,Noche,Dias laborables
,3,0,0,13026,03093,No aplica,Calle,Por alcance                                        ,,No inventariada,Calle,Municipal,Se desconoce,Seco y limpio,"Luz del día natural, solar",Despejado,,Nivel verde,,Sin especificar,Sin especificar,Sin especificar,Sin especificar,Sin especificar,Sin especificar,Sin especificar,2020,7,VIERNES,9,Mañana,Dias laborables
,1,0,0,13027,03093,No aplica,Calle,Caída                                              ,,No inventariada,Calle,Municipal,Se desconoce,Seco y limpio,"Luz del día natural, solar",Despejado,,Nivel verde,,No,No,No,No,No,No,Sí,2020,7,MARTES,13,Tarde,Dias laborables
0.6,0,1,0,13028,03093,Recta,Carretera,Vuelco                                             ,,N-325,Carretera Convencional de calzada única,Estatal,Ascendente,Seco y limpio,"Luz del día natural, solar",Despejado,,Nivel blanco,,Sin especificar,Sin especificar,Sin especificar,Sin especificar,Sin especificar,Sin especificar,Sin especificar,2020,12,DOMINGO,13,Tarde,Fines de semana
45.7,1,0,0,13029,03094,Recta,Carretera,Por alcance                                        ,,CV-70,Carretera Convencional de doble calzada,Autonómica,Descendente,Seco y limpio,"Luz del día natural, solar",Despejado,,Nivel blanco,,Sin especificar,Sin especificar,Sin especificar,Sin especificar,Sin especificar,Sin especificar,Sin especificar,2020,2,JUEVES,14,Tarde,Dias laborables
46.7,1,0,0,13030,03094,Recta,Carretera,Lateral                                            ,,CV-70,Carretera Convencional de doble calzada,Autonómica,Descendente,Seco y limpio,"Luz del día natural, solar",Despejado,,Nivel blanco,,No,No,No,No,No,Sí,No,2020,2,LUNES,10,Mañana,Dias laborables
45.1,1,0,0,13031,03094,Recta,Carretera,Por alcance                                        ,,CV-70,Carretera Convencional de doble calzada,Autonómica,Descendente,Seco y limpio,"Luz del día natural, solar",Despejado,,Nivel blanco,,Sin especificar,Sin especificar,Sin especificar,Sin especificar,Sin especificar,Sin especificar,Sin especificar,2020,4,MIÉRCOLES,11,Mañana,Dias laborables
46.2,1,0,0,13032,03094,Recta,Carretera,Fronto-lateral                                     ,,CV-70,Carretera Convencional de doble calzada,Autonómica,Ascendente,Seco y limpio,"Luz del día natural, solar",Despejado,,Nivel blanco,,No,No,Sí,No,No,Sí,No,2020,5,MARTES,7,Mañana,Dias laborables
45.7,2,0,0,13033,03094,Curva señalizada,Carretera,Lateral                                            ,CV-70,CV-70,Carretera Convencional de doble calzada,Autonómica,Descendente,Seco y limpio,"Luz del día natural, solar",Despejado,,Nivel blanco,,No,No,No,No,No,No,No,2020,8,LUNES,15,Tarde,Dias laborables
3.5,1,0,0,13034,03094,Curva señalizada,Carretera,Fronto-lateral                                     ,,CV-751,Carretera Convencional de calzada única,"Provincial, Cabildo/Consell",Ambos,Seco y limpio,"Luz del día natural, solar",Despejado,,Nivel blanco,,No,No,Sí,No,No,Sí,No,2020,8,SÁBADO,16,Tarde,Fines de semana
48.0,1,0,0,13035,03031,Recta,Carretera,Lateral                                            ,,CV-70,Carretera Convencional de doble calzada,Autonómica,Descendente,Seco y limpio,"Luz del día natural, solar",Despejado,,Nivel blanco,,Sin especificar,Sin especificar,Sin especificar,Sin especificar,Sin especificar,Sin especificar,Sin especificar,2020,9,SÁBADO,9,Mañana,Fines de semana
46.8,1,0,0,13036,03094,Recta,Carretera,Fronto-lateral                                     ,,CV-70,Carretera Convencional de doble calzada,Autonómica,Ascendente,Seco y limpio,"Luz del día natural, solar",Nublado,,Nivel amarillo,,No,No,No,No,No,No,No,2020,9,JUEVES,18,Noche,Dias laborables
46.1,1,0,0,13037,03094,Recta,Carretera,Caída                                              ,,CV-70,Carretera Convencional de doble calzada,Autonómica,Ascendente,Seco y limpio,"Luz del día natural, solar",Despejado,,Nivel blanco,,No,No,Sí,No,No,Sí,No,2020,11,JUEVES,13,Tarde,Dias laborables
48.0,1,0,0,13038,03031,Curva señalizada,Carretera,Fronto-lateral                                     ,,CV-70,Carretera Convencional de doble calzada,Autonómica,Ascendente,Seco y limpio,"Luz del día natural, solar",Despejado,,Nivel blanco,,No,No,Sí,No,No,Sí,No,2020,11,MIÉRCOLES,13,Tarde,Dias laborables
44.4,0,1,0,13039,03094,Recta,Carretera,Atropello a personas                               ,,CV-70,Carretera Convencional de doble calzada,Autonómica,Descendente,Mojado,Sin luz natural y con iluminación artificial encen,Lluvia débil,,Nivel blanco,,No,No,No,No,No,No,No,2020,11,VIERNES,18,Noche,Dias laborables
19.2,1,0,0,13040,03095,Recta,Carretera,Fronto-lateral                                     ,CV-725,N-332,Carretera Convencional de calzada única,Otra,Descendente,Seco y limpio,"Luz del día natural, solar",Despejado,,Nivel blanco,,No,No,Sí,No,No,No,No,2020,2,DOMINGO,19,Noche,Fines de semana
198.0,1,0,0,13041,03095,Curva señalizada,Carretera,Fronto-lateral                                     ,,N-332,Carretera Convencional de calzada única,Estatal,Descendente,Seco y limpio,"Luz del día natural, solar",Despejado,,Nivel blanco,,No,No,Sí,No,No,Sí,No,2020,8,VIERNES,10,Mañana,Dias laborables
606.7,1,0,0,13042,03095,Recta,Carretera,Salida de la vía por la izquierda con colisión     ,,AP-7,Autopista libre,Estatal,Ascendente,Seco y limpio,"Luz del día natural, solar",Despejado,,Nivel blanco,,Sin especificar,Sin especificar,Sin especificar,Sin especificar,Sin especificar,Sin especificar,Sin especificar,2020,8,SÁBADO,16,Tarde,Fines de semana
196.8,0,1,0,13043,03095,Recta,Carretera,Fronto-lateral                                     ,,N-332,Carretera Convencional de calzada única,Estatal,Ascendente,Seco y limpio,"Luz del día natural, solar",Despejado,,Nivel verde,,No,No,No,No,No,No,No,2020,12,VIERNES,16,Tarde,Dias laborables
6.5,1,0,0,13044,03096,Curva señalizada,Carretera,Fronto-lateral                                     ,,CV-802,Carretera Convencional de calzada única,"Provincial, Cabildo/Consell",Ambos,Seco y limpio,"Luz del día natural, solar",Despejado,,Nivel blanco,,Sin especificar,Sin especificar,Sin especificar,Sin especificar,Sin especificar,Sin especificar,Sin especificar,2020,1,VIERNES,11,Mañana,Dias laborables
4.3,0,1,0,13045,03096,Recta,Carretera,Fronto-lateral                                     ,,CV-816,Carretera Convencional de calzada única,"Provincial, Cabildo/Consell",Ascendente,Seco y limpio,"Luz del día natural, solar",Despejado,,Nivel blanco,,No,No,No,No,No,No,No,2020,1,MIÉRCOLES,18,Noche,Dias laborables
1.9,1,0,0,13046,03096,Curva señalizada,Carretera,Lateral                                            ,,CV-815,Carretera Convencional de calzada única,Autonómica,Descendente,Seco y limpio,"Luz del día natural, solar",Despejado,,Nivel blanco,,No,No,No,No,No,Sí,No,2020,5,JUEVES,11,Mañana,Dias laborables
10.0,1,0,0,13047,03096,Curva señalizada,Carretera,Salida de la vía por la izquierda con vuelco       ,,CV-799,Carretera Convencional de calzada única,Autonómica,Ascendente,Seco y limpio,"Luz del día natural, solar",Despejado,,Nivel blanco,,No,No,No,Sí,No,No,Sí,2020,7,DOMINGO,15,Tarde,Fines de semana
4.8,1,0,0,13048,03096,Curva señalizada,Carretera,"Salida de la vía por la izquierda, otro tipo       ",,CV-803,Carretera Convencional de calzada única,"Provincial, Cabildo/Consell",Descendente,Seco y limpio,"Luz del día natural, solar",Despejado,,Nivel blanco,,Sin especificar,Sin especificar,Sin especificar,Sin especificar,Sin especificar,Sin especificar,Sin especificar,2020,6,SÁBADO,13,Tarde,Fines de semana
0.9,1,0,0,13049,03096,Curva señalizada,Carretera,Salida de la vía por la derecha otro tipo          ,,CV-802,Carretera Convencional de calzada única,"Provincial, Cabildo/Consell",Descendente,Seco y limpio,"Luz del día natural, solar",Despejado,,Nivel blanco,,Sin especificar,Sin especificar,Sin especificar,Sin especificar,Sin especificar,Sin especificar,Sin especificar,2020,7,MARTES,10,Mañana,Dias laborables
4.5,1,0,0,13050,03096,Curva señalizada,Carretera,Salida de la vía por la izquierda con colisión     ,,CV-803,Carretera Convencional de calzada única,"Provincial, Cabildo/Consell",Ascendente,Seco y limpio,"Luz del día natural, solar",Nublado,,Nivel blanco,,Sin especificar,Sin especificar,Sin especificar,Sin especificar,Sin especificar,Sin especificar,Sin especificar,2020,8,SÁBADO,15,Tarde,Fines de semana
7.0,1,0,0,13051,03096,Curva señalizada,Carretera,"Salida de la vía por la izquierda, otro tipo       ",,CV-802,Carretera Convencional de calzada única,"Provincial, Cabildo/Consell",Descendente,Seco y limpio,"Luz del día natural, solar",Despejado,,Nivel blanco,,Sin especificar,Sin especificar,Sin especificar,Sin especificar,Sin especificar,Sin especificar,Sin especificar,2020,9,DOMINGO,8,Mañana,Fines de semana
4.2,1,0,0,13052,03096,Recta,Carretera,Fronto-lateral                                     ,CV-802,CV-802,Carretera Convencional de calzada única,"Provincial, Cabildo/Consell",Ascendente,Seco y limpio,"Luz del día natural, solar",Despejado,,Nivel blanco,,No,No,No,No,No,No,Sí,2020,10,MARTES,12,Tarde,Dias laborables
0.0,1,0,0,13053,00000,Recta,Carretera,Salida de la vía por la derecha con vuelco         ,,No inventariada,Camino vecinal,Municipal,Ascendente,Seco y limpio,"Luz del día natural, solar",Nublado,,Nivel blanco,,No,No,No,Sí,No,No,Sí,2020,1,MARTES,17,Tarde,Dias laborables
6.8,1,0,0,13054,00000,Recta,Carretera,Fronto-lateral                                     ,,CV-770,Carretera Convencional de calzada única,"Provincial, Cabildo/Consell",Ascendente,Seco y limpio,"Luz del día natural, solar",Despejado,,Nivel blanco,,No,No,No,Sí,No,No,Sí,2020,6,LUNES,14,Tarde,Dias laborables
3.5,1,0,0,13055,03099,Curva sin señalizar,Carretera,"Salida de la vía por la izquierda, otro tipo       ",,CV-868,Carretera Convencional de calzada única,"Provincial, Cabildo/Consell",Ascendente,Seco y limpio,"Amanecer o atardecer, sin luz artificial",Despejado,,Nivel blanco,,Sin especificar,Sin especificar,Sin especificar,Sin especificar,Sin especificar,Sin especificar,Sin especificar,2020,1,MIÉRCOLES,8,Mañana,Dias laborables
2.6,2,0,0,13056,03099,Recta,Carretera,Salida de la vía por la derecha con despeñamiento  ,,CV-923,Carretera Convencional de calzada única,"Provincial, Cabildo/Consell",Ascendente,Seco y limpio,"Luz del día natural, solar",Despejado,,Nivel blanco,,Sin especificar,Sin especificar,Sin especificar,Sin especificar,Sin especificar,Sin especificar,Sin especificar,2020,1,VIERNES,10,Mañana,Dias laborables
3.0,1,0,0,13057,03099,Recta,Carretera,Vuelco                                             ,,CV-930,Carretera Convencional de calzada única,Autonómica,Descendente,Seco y limpio,"Amanecer o atardecer, sin luz artificial",Despejado,,Nivel verde,,Sin especificar,Sin especificar,Sin especificar,Sin especificar,Sin especificar,Sin especificar,Sin especificar,2020,1,LUNES,7,Mañana,Dias laborables
,1,0,0,13058,03099,No aplica,Calle,Lateral                                            ,,No inventariada,Calle,Municipal,Se desconoce,Seco y limpio,"Luz del día natural, solar",Despejado,,Nivel verde,,No,No,No,No,No,No,No,2020,1,JUEVES,16,Tarde,Dias laborables
,2,0,0,13059,03099,No aplica,Calle,Salida de la vía por la derecha con colisión       ,,No inventariada,Calle,Municipal,Se desconoce,Seco y limpio,"Luz del día natural, solar",Despejado,,Nivel blanco,,Sin especificar,Sin especificar,Sin especificar,Sin especificar,Sin especificar,Sin especificar,Sin especificar,2020,1,DOMINGO,15,Tarde,Fines de semana
3.5,1,0,0,13060,03099,Curva señalizada,Carretera,Por alcance                                        ,CV-91,CV-930,Carretera Convencional de calzada única,Autonómica,Ascendente,Seco y limpio,"Luz del día natural, solar",Despejado,,Nivel verde,,No,No,No,No,No,Sí,No,2020,1,JUEVES,10,Mañana,Dias laborables
1.0,2,0,0,13061,03099,Recta,Carretera,Colisión contra obstáculo o elemento de la vía     ,,CV-91,Carretera Convencional de calzada única,Autonómica,Ambos,Mojado,"Luz del día natural, solar",Lluvia débil,,Nivel blanco,Viento fuerte,Sin especificar,Sin especificar,Sin especificar,Sin especificar,Sin especificar,Sin especificar,Sin especificar,2020,1,LUNES,7,Mañana,Dias laborables
2.5,2,0,0,13062,03099,Curva señalizada,Travesía,Lateral                                            ,,CV-915,Carretera Convencional de calzada única,Autonómica,Ascendente,Seco y limpio,"Luz del día natural, solar",Nublado,,Nivel amarillo,,No,No,No,No,No,Sí,No,2020,1,VIERNES,16,Tarde,Dias laborables
688.2,1,0,0,13063,03099,Recta,Carretera,Por alcance                                        ,N-340,N-340,Carretera Convencional de calzada única,Estatal,Descendente,Seco y limpio,"Amanecer o atardecer, sin luz artificial",Despejado,,Nivel blanco,,No,No,No,No,No,Sí,No,2020,2,MARTES,17,Tarde,Dias laborables
0.65,1,0,0,13064,03099,Curva señalizada,Carretera,Lateral                                            ,,CV-868,Carretera Convencional de calzada única,"Provincial, Cabildo/Consell",Ascendente,Seco y limpio,"Luz del día natural, solar",Despejado,,Nivel blanco,,No,No,No,No,No,No,No,2020,2,MARTES,18,Noche,Dias laborables
679.3,0,1,0,13065,03099,Recta,Carretera,Fronto-lateral                                     ,,N-340,Carretera Convencional de calzada única,Estatal,Descendente,Seco y limpio,"Luz del día natural, solar",Despejado,,Nivel blanco,,No,No,No,No,No,No,No,2020,2,VIERNES,12,Tarde,Dias laborables
,1,0,0,13066,03099,No aplica,Calle,Caída                                              ,,No inventariada,Calle,Municipal,Se desconoce,Seco y limpio,Sin luz natural y con iluminación artificial encen,Despejado,,Nivel amarillo,,No,No,No,No,No,Sí,No,2020,1,VIERNES,21,Noche,Dias laborables
6.35,4,0,0,13067,03099,Recta,Carretera,Fronto-lateral                                     ,,CV-941,Carretera Convencional de calzada única,Autonómica,Descendente,Seco y limpio,"Luz del día natural, solar",Despejado,,Nivel blanco,,No,No,No,No,No,No,No,2020,2,MARTES,7,Mañana,Dias laborables
5.0,1,0,0,13068,03099,Recta,Carretera,Por alcance                                        ,,CV-930,Carretera Convencional de calzada única,Autonómica,Descendente,Seco y limpio,"Luz del día natural, solar",Despejado,,Nivel blanco,,Sin especificar,Sin especificar,Sin especificar,Sin especificar,Sin especificar,Sin especificar,Sin especificar,2020,2,JUEVES,17,Tarde,Dias laborables
685.5,2,0,0,13069,03099,Recta,Carretera,Múltiple o en caravana                             ,,N-340,Carretera Convencional de calzada única,Estatal,Descendente,Seco y limpio,"Luz del día natural, solar",Despejado,,Nivel blanco,,No,No,No,No,No,No,Sí,2020,2,LUNES,14,Tarde,Dias laborables
550.5,2,0,0,13070,03099,Recta,Carretera,Por alcance                                        ,,A-7,Autovía,Estatal,Descendente,Seco y limpio,"Luz del día natural, solar",Despejado,,Nivel blanco,,Sin especificar,Sin especificar,Sin especificar,Sin especificar,Sin especificar,Sin especificar,Sin especificar,2020,2,MIÉRCOLES,10,Mañana,Dias laborables
4.9,1,0,0,13071,03099,Recta,Carretera,Por alcance                                        ,,CV-930,Carretera Convencional de calzada única,Autonómica,Ascendente,Seco y limpio,Sin luz natural y con iluminación artificial no en,Despejado,,Nivel blanco,,No,No,No,No,No,Sí,No,2020,2,JUEVES,19,Noche,Dias laborables
,3,0,0,13072,03099,No aplica,Calle,Múltiple o en caravana                             ,,No inventariada,Calle,Municipal,Se desconoce,Seco y limpio,"Luz del día natural, solar",Despejado,,Nivel blanco,,No,No,No,No,No,No,No,2020,2,LUNES,10,Mañana,Dias laborables
,2,0,0,13073,03099,No aplica,Calle,Por alcance                                        ,,No inventariada,Calle,Municipal,Se desconoce,Seco y limpio,"Luz del día natural, solar",Despejado,,Nivel verde,,Sin especificar,Sin especificar,Sin especificar,Sin especificar,Sin especificar,Sin especificar,Sin especificar,2020,2,MARTES,9,Mañana,Dias laborables
687.0,2,0,0,13074,03099,Recta,Carretera,Múltiple o en caravana                             ,,N-340,Carretera Convencional de calzada única,Estatal,Ascendente,Seco y limpio,"Luz del día natural, solar",Despejado,,Nivel amarillo,,Sin especificar,Sin especificar,Sin especificar,Sin especificar,Sin especificar,Sin especificar,Sin especificar,2020,2,VIERNES,14,Tarde,Dias laborables
50.1,2,0,0,13075,03099,Recta,Carretera,Múltiple o en caravana                             ,,N-332,Carretera Convencional de doble calzada,Estatal,Descendente,Mojado,"Luz del día natural, solar",Lluvia débil,,Nivel amarillo,,Sin especificar,Sin especificar,Sin especificar,Sin especificar,Sin especificar,Sin especificar,Sin especificar,2020,2,MARTES,11,Mañana,Dias laborables
3.0,2,0,0,13076,03099,Recta,Travesía,Por alcance                                        ,,CV-91,Carretera Convencional de calzada única,Autonómica,Descendente,Seco y limpio,"Luz del día natural, solar",Despejado,,Nivel verde,,Sin especificar,Sin especificar,Sin especificar,Sin especificar,Sin especificar,Sin especificar,Sin especificar,2020,2,MIÉRCOLES,12,Tarde,Dias laborables
,1,0,0,13077,03099,No aplica,Calle,Lateral                                            ,,No inventariada,Calle,Municipal,Se desconoce,Seco y limpio,Sin luz natural y con iluminación artificial encen,Despejado,,Nivel rojo,,Sin especificar,Sin especificar,Sin especificar,Sin especificar,Sin especificar,Sin especificar,Sin especificar,2020,2,MIÉRCOLES,18,Noche,Dias laborables
,2,0,0,13078,03099,No aplica,Calle,Fronto-lateral                                     ,,No inventariada,Calle,Municipal,Se desconoce,Seco y limpio,Sin luz natural y con iluminación artificial encen,Despejado,,Nivel amarillo,,No,No,No,No,No,Sí,No,2020,2,MIÉRCOLES,19,Noche,Dias laborables
,1,0,0,13079,03099,No aplica,Calle,Por alcance                                        ,,No inventariada,Calle,Municipal,Se desconoce,Seco y limpio,Sin luz natural y con iluminación artificial encen,Despejado,,Nivel blanco,,Sin especificar,Sin especificar,Sin especificar,Sin especificar,Sin especificar,Sin especificar,Sin especificar,2020,2,SÁBADO,19,Noche,Fines de semana
2.0,2,0,0,13080,03099,Recta,Travesía,Por alcance                                        ,,CV-900,Carretera Convencional de calzada única,Autonómica,Ascendente,Seco y limpio,Sin luz natural y con iluminación artificial encen,Despejado,,Nivel verde,,Sin especificar,Sin especificar,Sin especificar,Sin especificar,Sin especificar,Sin especificar,Sin especificar,2020,2,SÁBADO,20,Noche,Fines de semana
,1,0,0,13081,03099,No aplica,Calle,Por alcance                                        ,,No inventariada,Calle,Municipal,Se desconoce,Seco y limpio,"Luz del día natural, solar",Despejado,,Nivel rojo,,Sin especificar,Sin especificar,Sin especificar,Sin especificar,Sin especificar,Sin especificar,Sin especificar,2020,2,MIÉRCOLES,13,Tarde,Dias laborables
,1,0,0,13082,03099,No aplica,Calle,Por alcance                                        ,,No inventariada,Calle,Municipal,Se desconoce,Seco y limpio,"Luz del día natural, solar",Despejado,,Nivel verde,,Sin especificar,Sin especificar,Sin especificar,Sin especificar,Sin especificar,Sin especificar,Sin especificar,2020,2,JUEVES,14,Tarde,Dias laborables
,1,0,0,13083,03099,No aplica,Calle,Lateral                                            ,,No inventariada,Calle,Municipal,Se desconoce,Seco y limpio,"Luz del día natural, solar",Despejado,,Nivel verde,,Sin especificar,Sin especificar,Sin especificar,Sin especificar,Sin especificar,Sin especificar,Sin especificar,2020,2,LUNES,11,Mañana,Dias laborables
,0,1,0,13084,03099,No aplica,Calle,Fronto-lateral                                     ,,No inventariada,Calle,Autonómica,Se desconoce,Seco y limpio,Sin luz natural y con iluminación artificial encen,Despejado,,Nivel blanco,,No,No,No,No,No,No,Sí,2020,1,LUNES,19,Noche,Dias laborables
2.25,1,0,0,13085,03099,Curva señalizada,Travesía,Por alcance                                        ,,CV-915,Carretera Convencional de calzada única,Autonómica,Ascendente,Seco y limpio,"Luz del día natural, solar",Despejado,,Nivel amarillo,,No,No,No,No,No,Sí,No,2020,2,MARTES,13,Tarde,Dias laborables
50.0,1,0,0,13086,03099,Curva señalizada,Carretera,Fronto-lateral                                     ,,N-332,Carretera Convencional de doble calzada,Estatal,Ascendente,Seco y limpio,"Luz del día natural, solar",Despejado,,Nivel blanco,,No,No,Sí,No,No,No,No,2020,3,VIERNES,19,Noche,Dias laborables
9.1,1,0,0,13087,03024,Curva señalizada,Carretera,Salida de la vía por la derecha con vuelco         ,,CV-91,Carretera Convencional de calzada única,Autonómica,Descendente,Seco y limpio,"Luz del día natural, solar",Nublado,,Nivel blanco,,Sin especificar,Sin especificar,Sin especificar,Sin especificar,Sin especificar,Sin especificar,Sin especificar,2020,3,LUNES,18,Noche,Dias laborables
7.6,1,0,0,13088,03099,Curva señalizada,Carretera,Vuelco                                             ,CV-911,CV-91,Carretera Convencional de calzada única,Autonómica,Ascendente,Con aceite,"Luz del día natural, solar",Despejado,,Sin especificar,,No,No,Sí,No,No,Sí,No,2020,3,DOMINGO,12,Tarde,Fines de semana
,1,0,0,13089,03099,No aplica,Calle,Fronto-lateral                                     ,,No inventariada,Calle,Municipal,Se desconoce,Seco y limpio,"Luz del día natural, solar",Despejado,,Nivel blanco,,No,No,No,No,No,No,Sí,2020,3,JUEVES,7,Mañana,Dias laborables
5.3,1,0,0,13090,03099,Recta,Carretera,Salida de la vía por la izquierda con despeñamiento,,CV-923,Carretera Convencional de calzada única,"Provincial, Cabildo/Consell",Descendente,Seco y limpio,"Luz del día natural, solar",Despejado,,Nivel blanco,,Sin especificar,Sin especificar,Sin especificar,Sin especificar,Sin especificar,Sin especificar,Sin especificar,2020,4,VIERNES,14,Tarde,Dias laborables
,1,0,0,13091,03099,No aplica,Calle,Caída                                              ,,No inventariada,Calle,Municipal,Se desconoce,Con barro o gravilla suelta,"Luz del día natural, solar",Despejado,,Nivel blanco,,Sin especificar,Sin especificar,Sin especificar,Sin especificar,Sin especificar,Sin especificar,Sin especificar,2020,4,MARTES,20,Noche,Dias laborables
,1,0,0,13092,03099,No aplica,Calle,Caída                                              ,,No inventariada,Calle,Municipal,Se desconoce,Seco y limpio,Sin luz natural y con iluminación artificial encen,Despejado,,Nivel blanco,,Sin especificar,Sin especificar,Sin especificar,Sin especificar,Sin especificar,Sin especificar,Sin especificar,2020,4,MIÉRCOLES,21,Noche,Dias laborables
683.0,1,0,0,13093,03099,Curva señalizada,Carretera,Salida de la vía por la derecha otro tipo          ,,N-340,Carretera Convencional de calzada única,Estatal,Ascendente,Seco y limpio,"Luz del día natural, solar",Despejado,,Nivel blanco,,No,No,No,No,No,No,Sí,2020,5,SÁBADO,9,Mañana,Fines de semana