KM,TOTAL_HL24H,TOTAL_HG24H,TOTAL_MU24H,id,COD_MUNICIPIO,TRAZADO_PLANTA,ZONA,TIPO_ACCIDENTE,CARRETERA_CRUCE,CARRETERA,TIPO_VIA,TITULARIDAD_VIA,SENTIDO_1F,CONDICION_FIRME,CONDICION_ILUMINACION,CONDICION_METEO,CONDICION_NIEBLA,CONDICION_NIVEL_CIRCULA,CONDICION_VIENTO,PRIORI_AGENTE,PRIORI_CIRCUNSTANCIAL,PRIORI_HORIZ_CEDA,PRIORI_HORIZ_STOP,PRIORI_SEMAFORO,PRIORI_VERT_CEDA,PRIORI_VERT_STOP,ANYO,MES,DIA,HORA,FRANJA_HORARIA,TIPO_DIA
1.0,1,0,0,13094,03099,Recta,Carretera,Por alcance                                        ,,CV-95,Carretera Convencional de calzada única,Autonómica,Ascendente,Seco y limpio,"Luz del día natural, solar",Nublado,,Nivel amarillo,,Sin especificar,Sin especificar,Sin especificar,Sin especificar,Sin especificar,Sin especificar,Sin especificar,2020,5,VIERNES,20,Noche,Dias laborables
51.6,1,0,0,13095,03099,Recta,Carretera,Atropello a animales                               ,,N-332,Carretera Convencional de doble calzada,Estatal,Ascendente,Seco y limpio,Sin luz natural y con iluminación artificial encen,Despejado,,Nivel blanco,,No,No,No,No,No,No,No,2020,5,MARTES,5,Madrugada,Dias laborables
688.1,1,0,0,13096,03099,Recta,Carretera,Frontal                                            ,,N-340,Carretera Convencional de calzada única,Estatal,Ascendente,Seco y limpio,"Luz del día natural, solar",Despejado,,Nivel blanco,,No,No,No,No,No,No,No,2020,5,JUEVES,14,Tarde,Dias laborables
1.8,1,0,0,13097,03099,Recta,Carretera,Salida de la vía por la derecha con colisión       ,,CV-91,Carretera Convencional de calzada única,Autonómica,Ascendente,Seco y limpio,Sin luz natural ni artificial,Despejado,,Nivel blanco,,Sin especificar,Sin especificar,Sin especificar,Sin especificar,Sin especificar,Sin especificar,Sin especificar,2020,5,JUEVES,21,Noche,Dias laborables
,1,0,0,13098,03099,No aplica,Calle,Fronto-lateral                                     ,,No inventariada,Calle,Municipal,Se desconoce,Seco y limpio,"Amanecer o atardecer, con luz artificial",Nublado,,Nivel verde,,No,No,No,No,No,No,No,2020,5,LUNES,21,Noche,Dias laborables
,1,0,0,13099,03099,No aplica,Calle,Por alcance                                        ,,No inventariada,Calle,Municipal,Se desconoce,Seco y limpio,"Luz del día natural, solar",Despejado,,Nivel blanco,,No,No,No,No,No,No,No,2020,5,DOMINGO,16,Tarde,Fines de semana
6.0,1,0,0,13100,03099,Curva señalizada,Carretera,"Salida de la vía por la izquierda, otro tipo       ",,CV-941,Carretera Convencional de calzada única,Autonómica,Ascendente,Seco y limpio,Sin luz natural ni artificial,Despejado,,Nivel blanco,,Sin especificar,Sin especificar,Sin especificar,Sin especificar,Sin especificar,Sin especificar,Sin especificar,2020,6,LUNES,22,Noche,Dias laborables
695.6,2,0,0,13101,03058,Recta,Carretera,Por alcance                                        ,,N-340,Carretera Convencional de calzada única,Estatal,Descendente,Seco y limpio,Sin luz natural ni artificial,Despejado,,Nivel blanco,,Sin especificar,Sin especificar,Sin especificar,Sin especificar,Sin especificar,Sin especificar,Sin especificar,2020,5,DOMINGO,22,Noche,Fines de semana
3.9,1,0,0,13102,03099,Recta,Carretera,Caída                                              ,N-340,CV-930,Carretera Convencional de calzada única,Autonómica,Ascendente,Seco y limpio,"Luz del día natural, solar",Despejado,,Nivel blanco,,No,No,Sí,No,No,No,No,2020,6,MIÉRCOLES,11,Mañana,Dias laborables
683.7,1,0,0,13103,03099,Curva señalizada,Carretera,Fronto-lateral                                     ,,N-340,Carretera Convencional de calzada única,Estatal,Descendente,Con barro o gravilla suelta,"Luz del día natural, solar",Despejado,,Nivel blanco,,No,No,No,No,No,No,No,2020,6,LUNES,17,Tarde,Dias laborables
,0,1,0,13104,03099,No aplica,Calle,Fronto-lateral                                     ,62597.0,No inventariada,Vía de servicio,Municipal,Se desconoce,Seco y limpio,"Luz del día natural, solar",Despejado,,Nivel verde,,No,No,No,Sí,No,No,Sí,2020,5,SÁBADO,7,Mañana,Fines de semana
684.8,1,0,0,13105,03099,Recta,Carretera,Fronto-lateral                                     ,,N-340,Carretera Convencional de calzada única,Estatal,Ascendente,Seco y limpio,"Luz del día natural, solar",Despejado,,Nivel blanco,,Sin especificar,Sin especificar,Sin especificar,Sin especificar,Sin especificar,Sin especificar,Sin especificar,2020,6,JUEVES,8,Mañana,Dias laborables
0.1,1,0,0,13106,03099,Curva señalizada,Carretera,Fronto-lateral                                     ,,CV-925,Carretera Convencional de calzada única,Autonómica,Ascendente,Seco y limpio,"Luz del día natural, solar",Despejado,,Nivel blanco,,No,No,No,No,No,Sí,No,2020,6,SÁBADO,17,Tarde,Fines de semana
4.0,1,0,0,13107,03099,Recta,Carretera,Fronto-lateral                                     ,,CV-915,Carretera Convencional de calzada única,Autonómica,Descendente,Seco y limpio,"Luz del día natural, solar",Despejado,,Nivel blanco,,No,No,No,No,No,No,No,2020,6,VIERNES,9,Mañana,Dias laborables
1.2,1,0,0,13108,03099,Recta,Carretera,Fronto-lateral                                     ,CV-868,CV-870,Carretera Convencional de calzada única,Autonómica,Ambos,Seco y limpio,"Luz del día natural, solar",Despejado,,Nivel blanco,,No,No,No,No,No,No,Sí,2020,6,LUNES,20,Noche,Dias laborables
768.3,0,1,0,13109,03099,Recta,Carretera,Por alcance                                        ,,AP-7,Autopista libre,Estatal,Descendente,Seco y limpio,"Luz del día natural, solar",Despejado,,Nivel blanco,,Sin especificar,Sin especificar,Sin especificar,Sin especificar,Sin especificar,Sin especificar,Sin especificar,2020,6,MARTES,15,Tarde,Dias laborables
763.0,6,1,0,13110,03099,Recta,Carretera,Múltiple o en caravana                             ,,AP-7,Autopista libre,Estatal,Descendente,Seco y limpio,"Luz del día natural, solar",Despejado,,Nivel blanco,,Sin especificar,Sin especificar,Sin especificar,Sin especificar,Sin especificar,Sin especificar,Sin especificar,2020,6,SÁBADO,17,Tarde,Fines de semana
0.1,0,1,0,13111,03099,Recta,Carretera,Caída                                              ,,CV-921,Carretera Convencional de calzada única,"Provincial, Cabildo/Consell",Ascendente,Seco y limpio,"Luz del día natural, solar",Despejado,,Nivel verde,,Sin especificar,Sin especificar,Sin especificar,Sin especificar,Sin especificar,Sin especificar,Sin especificar,2020,6,JUEVES,13,Tarde,Dias laborables
687.5,2,0,0,13112,03099,Recta,Carretera,Por alcance                                        ,,N-340,Carretera Convencional de calzada única,Estatal,Ascendente,Seco y limpio,"Luz del día natural, solar",Despejado,,Nivel rojo,,Sin especificar,Sin especificar,Sin especificar,Sin especificar,Sin especificar,Sin especificar,Sin especificar,2020,7,LUNES,19,Noche,Dias laborables
,1,0,0,13113,03099,No aplica,Calle,Salida de la vía por la derecha con colisión       ,,No inventariada,Calle,Municipal,Se desconoce,Seco y limpio,"Luz del día natural, solar",Nublado,,Nivel verde,,No,No,No,No,No,No,No,2020,6,VIERNES,19,Noche,Dias laborables
685.4,1,0,0,13114,03099,Recta,Carretera,Por alcance                                        ,,N-340,Carretera Convencional de calzada única,Estatal,Descendente,Seco y limpio,"Luz del día natural, solar",Despejado,,Nivel blanco,,Sin especificar,Sin especificar,Sin especificar,Sin especificar,Sin especificar,Sin especificar,Sin especificar,2020,7,MARTES,14,Tarde,Dias laborables
,1,0,0,13115,03099,No aplica,Calle,Caída                                              ,,No inventariada,Calle,Municipal,Se desconoce,Seco y limpio,"Amanecer o atardecer, sin luz artificial",Despejado,,Nivel verde,,No,No,No,No,No,No,Sí,2020,7,MIÉRCOLES,20,Noche,Dias laborables
688.4,1,0,0,13116,03099,Curva señalizada,Carretera,Otro tipo de accidente                             ,CV-930,N-340,Carretera Convencional de calzada única,Estatal,Ascendente,Seco y limpio,"Luz del día natural, solar",Despejado,,Nivel blanco,,No,No,No,No,No,No,No,2020,7,JUEVES,10,Mañana,Dias laborables
19.5,1,0,0,13117,03099,Curva señalizada,Carretera,Salida de la vía por la derecha otro tipo          ,,CV-925,Carretera Convencional de calzada única,Autonómica,Descendente,Seco y limpio,"Luz del día natural, solar",Despejado,,Nivel blanco,,No,No,No,No,No,No,No,2020,7,DOMINGO,14,Tarde,Fines de semana
0.1,3,0,0,13118,03099,Curva señalizada,Carretera,Lateral                                            ,CV-930,CV-95,Carretera Convencional de calzada única,Autonómica,Ascendente,Seco y limpio,"Luz del día natural, solar",Despejado,,Nivel verde,,No,No,No,No,No,No,No,2020,7,VIERNES,15,Tarde,Dias laborables
3.15,1,0,0,13119,03099,Recta,Carretera,Por alcance                                        ,,CV-920,Carretera Convencional de calzada única,Autonómica,Ascendente,Seco y limpio,"Luz del día natural, solar",Despejado,,Nivel blanco,,No,No,No,No,No,No,No,2020,7,SÁBADO,20,Noche,Fines de semana
0.0,1,0,0,13120,03099,Recta,Carretera,Lateral                                            ,,No inventariada,Carretera Convencional de calzada única,Municipal,Descendente,Seco y limpio,"Luz del día natural, solar",Despejado,,Nivel blanco,,Sin especificar,Sin especificar,Sin especificar,Sin especificar,Sin especificar,Sin especificar,Sin especificar,2020,7,MIÉRCOLES,19,Noche,Dias laborables
48.8,2,0,0,13121,03099,Recta,Carretera,Por alcance                                        ,,N-332,Carretera Convencional de doble calzada,Estatal,Descendente,Seco y limpio,Sin luz natural y con iluminación artificial encen,Despejado,,Nivel blanco,,No,No,No,Sí,No,Sí,No,2020,7,JUEVES,0,Madrugada,Dias laborables
3.85,1,0,0,13122,03099,Curva señalizada,Carretera,Salida de la vía por la derecha con colisión       ,,CV-950,Carretera Convencional de calzada única,Autonómica,Descendente,Seco y limpio,Sin luz natural ni artificial,Despejado,,Nivel blanco,,Sin especificar,Sin especificar,Sin especificar,Sin especificar,Sin especificar,Sin especificar,Sin especificar,2020,7,DOMINGO,2,Madrugada,Fines de semana
696.6,1,0,0,13123,03058,Recta,Carretera,Fronto-lateral                                     ,,N-340,Carretera Convencional de calzada única,Estatal,Ascendente,Seco y limpio,"Luz del día natural, solar",Despejado,,Nivel blanco,,No,No,No,No,No,No,Sí,2020,8,JUEVES,12,Tarde,Dias laborables
50.0,3,0,0,13124,03099,Curva señalizada,Carretera,Salida de la vía por la izquierda con colisión     ,,N-332,Carretera Convencional de doble calzada,Estatal,Ascendente,Mojado,"Amanecer o atardecer, sin luz artificial",Despejado,,Nivel blanco,,No,No,No,No,No,No,No,2020,8,JUEVES,21,Noche,Dias laborables
,1,0,0,13125,03099,No aplica,Calle,Por alcance                                        ,,No inventariada,Calle,Municipal,Se desconoce,Seco y limpio,"Luz del día natural, solar",Despejado,,Nivel verde,,Sin especificar,Sin especificar,Sin especificar,Sin especificar,Sin especificar,Sin especificar,Sin especificar,2020,8,JUEVES,19,Noche,Dias laborables
,1,0,0,13126,03099,No aplica,Calle,Por alcance                                        ,,No inventariada,Calle,Municipal,Se desconoce,Seco y limpio,"Luz del día natural, solar",Despejado,,Nivel verde,,No,No,No,No,No,Sí,No,2020,8,MARTES,12,Tarde,Dias laborables
,1,0,0,13127,03099,No aplica,Calle,Por alcance                                        ,,No inventariada,Calle,Municipal,Se desconoce,Seco y limpio,"Luz del día natural, solar",Despejado,,Nivel blanco,,No,No,No,No,No,No,No,2020,8,SÁBADO,12,Tarde,Fines de semana
0.5,1,1,0,13128,03099,Curva señalizada,Carretera,Salida de la vía por la derecha con colisión       ,,CV-949,Carretera Convencional de calzada única,Autonómica,Descendente,Seco y limpio,"Luz del día natural, solar",Despejado,,Nivel blanco,,Sin especificar,Sin especificar,Sin especificar,Sin especificar,Sin especificar,Sin especificar,Sin especificar,2020,8,DOMINGO,14,Tarde,Fines de semana
547.6,3,0,0,13129,03099,Recta,Carretera,Por alcance                                        ,,A-7,Autovía,Estatal,Descendente,Seco y limpio,Sin luz natural y con iluminación artificial no en,Despejado,,Nivel blanco,,Sin especificar,Sin especificar,Sin especificar,Sin especificar,Sin especificar,Sin especificar,Sin especificar,2020,8,MIÉRCOLES,6,Mañana,Dias laborables
0.0,1,0,0,13130,03099,Recta,Carretera,Por alcance                                        ,,LOS TUBOS,Camino vecinal,Otra,Ambos,Seco y limpio,Sin luz natural ni artificial,Despejado,,Nivel blanco,,Sin especificar,Sin especificar,Sin especificar,Sin especificar,Sin especificar,Sin especificar,Sin especificar,2020,9,VIERNES,21,Noche,Dias laborables
,1,0,0,13131,03099,No aplica,Calle,Atropello a personas                               ,,No inventariada,Calle,Municipal,Se desconoce,Seco y limpio,"Luz del día natural, solar",Despejado,,Nivel blanco,,No,No,No,No,No,No,No,2020,9,MARTES,9,Mañana,Dias laborables
550.2,3,0,0,13132,03099,Recta,Carretera,Salida de la vía por la derecha con colisión       ,,A-7,Autovía,Estatal,Descendente,Seco y limpio,"Luz del día natural, solar",Despejado,,Nivel blanco,,Sin especificar,Sin especificar,Sin especificar,Sin especificar,Sin especificar,Sin especificar,Sin especificar,2020,9,SÁBADO,12,Tarde,Fines de semana
,2,0,0,13133,03099,No aplica,Calle,Múltiple o en caravana                             ,,No inventariada,Calle,Municipal,Se desconoce,Seco y limpio,"Luz del día natural, solar",Despejado,,Nivel amarillo,,Sin especificar,Sin especificar,Sin especificar,Sin especificar,Sin especificar,Sin especificar,Sin especificar,2020,9,VIERNES,19,Noche,Dias laborables
0.3,2,0,0,13134,03099,Recta,Carretera,Vuelco                                             ,CV-869,CV-867,Carretera Convencional de calzada única,"Provincial, Cabildo/Consell",Descendente,Seco y limpio,"Luz del día natural, solar",Despejado,,Nivel blanco,,No,No,No,No,No,No,Sí,2020,9,DOMINGO,13,Tarde,Fines de semana
,1,0,0,13135,03099,No aplica,Calle,Caída                                              ,,No inventariada,Calle,Municipal,Se desconoce,Seco y limpio,"Luz del día natural, solar",Despejado,,Nivel blanco,,No,No,No,No,No,No,No,2020,9,MIÉRCOLES,18,Noche,Dias laborables
,3,0,0,13136,03099,No aplica,Calle,Múltiple o en caravana                             ,,No inventariada,Calle,Municipal,Se desconoce,Seco y limpio,"Luz del día natural, solar",Despejado,,Nivel verde,,Sin especificar,Sin especificar,Sin especificar,Sin especificar,Sin especificar,Sin especificar,Sin especificar,2020,9,JUEVES,15,Tarde,Dias laborables
0.6,1,0,0,13137,03099,Recta,Travesía,Fronto-lateral                                     ,,CV-915,Carretera Convencional de calzada única,Autonómica,Descendente,Seco y limpio,"Luz del día natural, solar",Despejado,,Nivel amarillo,,No,No,No,No,No,No,No,2020,9,JUEVES,18,Noche,Dias laborables
48.1,1,0,0,13138,03099,Recta,Carretera,Salida de la vía por la derecha con vuelco         ,,N-332,Carretera Convencional de doble calzada,Estatal,Ascendente,Seco y limpio,"Luz del día natural, solar",Nublado,,Nivel verde,,Sin especificar,Sin especificar,Sin especificar,Sin especificar,Sin especificar,Sin especificar,Sin especificar,2020,9,MIÉRCOLES,11,Mañana,Dias laborables
4.1,1,0,0,13139,03099,Curva señalizada,Carretera,Salida de la vía por la derecha otro tipo          ,,CV-951,Carretera Convencional de doble calzada,Autonómica,Ascendente,Seco y limpio,"Luz del día natural, solar",Despejado,,Nivel blanco,,Sin especificar,Sin especificar,Sin especificar,Sin especificar,Sin especificar,Sin especificar,Sin especificar,2020,9,MARTES,16,Tarde,Dias laborables
5.1,1,0,0,13140,03099,Curva señalizada,Carretera,Salida de la vía por la izquierda con colisión     ,,CV-950,Carretera Convencional de calzada única,Autonómica,Descendente,Seco y limpio,"Luz del día natural, solar",Despejado,,Nivel blanco,,Sin especificar,Sin especificar,Sin especificar,Sin especificar,Sin especificar,Sin especificar,Sin especificar,2020,9,DOMINGO,10,Mañana,Fines de semana
685.5,1,0,0,13141,03099,Recta,Carretera,Vuelco                                             ,,N-340,Carretera Convencional de calzada única,Estatal,Descendente,Seco y limpio,"Luz del día natural, solar",Despejado,,Nivel blanco,Viento fuerte,Sin especificar,Sin especificar,Sin especificar,Sin especificar,Sin especificar,Sin especificar,Sin especificar,2020,10,VIERNES,15,Tarde,Dias laborables
,1,0,0,13142,03099,No aplica,Calle,Otro tipo de accidente                             ,,No inventariada,Calle,Municipal,Se desconoce,Seco y limpio,"Luz del día natural, solar",Despejado,,Nivel blanco,,No,No,No,No,No,No,No,2020,9,LUNES,9,Mañana,Dias laborables
687.5,1,0,0,13143,03099,Recta,Carretera,Por alcance                                        ,,N-340,Carretera Convencional de calzada única,Estatal,Ascendente,Mojado,"Luz del día natural, solar",Lluvia débil,,Nivel blanco,Viento fuerte,Sin especificar,Sin especificar,Sin especificar,Sin especificar,Sin especificar,Sin especificar,Sin especificar,2020,10,VIERNES,17,Tarde,Dias laborables
689.0,3,0,0,13144,03099,Recta,Carretera,Fronto-lateral                                     ,,N-340,Carretera Convencional de calzada única,Estatal,Ambos,Mojado,"Luz del día natural, solar",Lluvia débil,,Nivel blanco,,No,No,No,No,No,No,Sí,2020,10,VIERNES,18,Noche,Dias laborables
4.35,1,0,0,13145,00000,Curva sin señalizar,Carretera,Por alcance                                        ,,CV-871,Carretera Convencional de calzada única,"Provincial, Cabildo/Consell",Ascendente,Seco y limpio,Sin luz natural ni artificial,Despejado,,Nivel blanco,,No,No,No,No,No,No,No,2020,10,JUEVES,20,Noche,Dias laborables
0.1,1,0,0,13146,03099,Curva señalizada,Carretera,Caída                                              ,,CV-870,Carretera Convencional de calzada única,Autonómica,Descendente,Seco y limpio,"Luz del día natural, solar",Nublado,,Nivel blanco,,No,No,No,No,No,Sí,No,2020,10,SÁBADO,9,Mañana,Fines de semana
,1,0,0,13147,03099,No aplica,Calle,Por alcance                                        ,,No inventariada,Calle,Municipal,Se desconoce,Seco y limpio,"Luz del día natural, solar",Despejado,,Nivel amarillo,,No,No,Sí,No,No,Sí,No,2020,10,MIÉRCOLES,10,Mañana,Dias laborables
550.4,2,0,0,13148,03099,Recta,Carretera,Lateral                                            ,,A-7,Autovía,Estatal,Ascendente,Seco y limpio,Sin luz natural ni artificial,Despejado,,Nivel rojo,,Sin especificar,Sin especificar,Sin especificar,Sin especificar,Sin especificar,Sin especificar,Sin especificar,2020,10,VIERNES,5,Madrugada,Dias laborables
550.6,1,0,0,13149,03099,Curva señalizada,Carretera,Salida de la vía por la izquierda con colisión     ,,A-7,Autovía,Estatal,Ascendente,Seco y limpio,Sin luz natural ni artificial,Despejado,,Nivel blanco,,Sin especificar,Sin especificar,Sin especificar,Sin especificar,Sin especificar,Sin especificar,Sin especificar,2020,10,VIERNES,5,Madrugada,Dias laborables
1.8,0,1,0,13150,03099,Curva señalizada,Carretera,Salida de la vía por la derecha otro tipo          ,,CV-950,Carretera Convencional de calzada única,Autonómica,Descendente,Seco y limpio,"Luz del día natural, solar",Despejado,,Nivel blanco,,Sin especificar,Sin especificar,Sin especificar,Sin especificar,Sin especificar,Sin especificar,Sin especificar,2020,10,JUEVES,15,Tarde,Dias laborables
3.75,3,0,0,13151,03099,Recta,Carretera,Múltiple o en caravana                             ,,CV-91,Carretera Convencional de calzada única,Autonómica,Descendente,Seco y limpio,"Amanecer o atardecer, sin luz artificial",Despejado,,Nivel blanco,,No,No,No,No,No,No,No,2020,10,VIERNES,18,Noche,Dias laborables
0.25,1,0,0,13152,03049,Recta,Carretera,Lateral                                            ,,CV-911,Carretera Convencional de calzada única,Autonómica,Descendente,Seco y limpio,"Luz del día natural, solar",Despejado,,Nivel blanco,,Sin especificar,Sin especificar,Sin especificar,Sin especificar,Sin especificar,Sin especificar,Sin especificar,2020,11,DOMINGO,11,Mañana,Fines de semana
686.0,1,0,0,13153,03099,Recta,Carretera,Múltiple o en caravana                             ,,N-340,Carretera Convencional de calzada única,Estatal,Descendente,Mojado,"Luz del día natural, solar",Despejado,,Se desconoce,,Sin especificar,Sin especificar,Sin especificar,Sin especificar,Sin especificar,Sin especificar,Sin especificar,2020,11,SÁBADO,11,Mañana,Fines de semana
687.5,2,0,0,13154,03099,Recta,Carretera,Frontal                                            ,,N-340,Carretera Convencional de calzada única,Estatal,Ascendente,Seco y limpio,"Luz del día natural, solar",Despejado,,Nivel blanco,,Sin especificar,Sin especificar,Sin especificar,Sin especificar,Sin especificar,Sin especificar,Sin especificar,2020,11,VIERNES,13,Tarde,Dias laborables
6.1,6,0,0,13155,03099,Recta,Carretera,Por alcance                                        ,,CV-91,Carretera Convencional de calzada única,Autonómica,Ascendente,Seco y limpio,"Luz del día natural, solar",Despejado,,Nivel blanco,,No,No,No,No,No,No,Sí,2020,11,LUNES,18,Noche,Dias laborables
3.6,1,0,0,13156,03099,Curva señalizada,Carretera,Lateral                                            ,,CV-916,Carretera Convencional de calzada única,"Provincial, Cabildo/Consell",Descendente,Seco y limpio,"Luz del día natural, solar",Despejado,,Nivel blanco,,Sin especificar,Sin especificar,Sin especificar,Sin especificar,Sin especificar,Sin especificar,Sin especificar,2020,11,JUEVES,10,Mañana,Dias laborables
761.4,1,0,0,13157,03099,Curva señalizada,Carretera,Salida de la vía por la derecha con vuelco         ,,AP-7,Autopista libre,Estatal,Descendente,Seco y limpio,"Luz del día natural, solar",Despejado,,Nivel blanco,,Sin especificar,Sin especificar,Sin especificar,Sin especificar,Sin especificar,Sin especificar,Sin especificar,2020,11,DOMINGO,16,Tarde,Fines de semana
48.8,1,0,0,13158,03099,Recta,Carretera,Fronto-lateral                                     ,,N-332,Carretera Convencional de doble calzada,Estatal,Ascendente,Seco y limpio,Sin luz natural ni artificial,Despejado,,Nivel blanco,,No,No,No,No,No,No,No,2020,11,MARTES,18,Noche,Dias laborables
552.4,2,1,0,13159,03099,Recta,Carretera,Múltiple o en caravana                             ,,A-7,Autovía,Estatal,Ascendente,Seco y limpio,"Luz del día natural, solar",Despejado,,Nivel amarillo,,Sin especificar,Sin especificar,Sin especificar,Sin especificar,Sin especificar,Sin especificar,Sin especificar,2020,11,VIERNES,17,Tarde,Dias laborables
551.4,2,0,0,13160,03099,Recta,Carretera,Por alcance                                        ,,A-7,Autovía,Estatal,Descendente,Seco y limpio,"Amanecer o atardecer, sin luz artificial",Despejado,,Nivel amarillo,,Sin especificar,Sin especificar,Sin especificar,Sin especificar,Sin especificar,Sin especificar,Sin especificar,2020,11,MIÉRCOLES,18,Noche,Dias laborables
2.9,1,0,0,13161,03099,Recta,Carretera,Por alcance                                        ,,CV-911,Carretera Convencional de calzada única,Autonómica,Ascendente,Seco y limpio,"Luz del día natural, solar",Despejado,,Nivel rojo,,Sin especificar,Sin especificar,Sin especificar,Sin especificar,Sin especificar,Sin especificar,Sin especificar,2020,11,MARTES,8,Mañana,Dias laborables
0.0,3,0,0,13162,03099,Recta,Carretera,Fronto-lateral                                     ,,LOS TUBOS,Camino vecinal,Municipal,Ambos,Seco y limpio,"Luz del día natural, solar",Despejado,,Nivel blanco,,No,No,No,No,No,No,Sí,2020,12,MIÉRCOLES,14,Tarde,Dias laborables
2.6,2,0,0,13163,00000,Curva señalizada,Carretera,"Salida de la vía por la izquierda, otro tipo       ",,CV-870,Carretera Convencional de calzada única,Autonómica,Ascendente,Seco y limpio,Sin luz natural y con iluminación artificial encen,Despejado,,Nivel blanco,,No,No,No,No,No,No,No,2020,12,SÁBADO,22,Noche,Fines de semana
0.3,1,0,0,13164,03099,Recta,Carretera,Por alcance                                        ,,CV-95,Carretera Convencional de calzada única,Autonómica,Descendente,Seco y limpio,"Luz del día natural, solar",Despejado,,Nivel rojo,,Sin especificar,Sin especificar,Sin especificar,Sin especificar,Sin especificar,Sin especificar,Sin especificar,2020,11,JUEVES,13,Tarde,Dias laborables
1.9,3,0,0,13165,03099,Curva señalizada,Carretera,"Salida de la vía por la izquierda, otro tipo       ",,CV-950,Carretera Convencional de calzada única,Autonómica,Ascendente,Mojado,"Luz del día natural, solar",Lluvia débil,,Nivel blanco,,Sin especificar,Sin especificar,Sin especificar,Sin especificar,Sin especificar,Sin especificar,Sin especificar,2020,12,VIERNES,15,Tarde,Dias laborables
1.74,0,1,0,13166,03099,Recta,Carretera,Lateral                                            ,,CV-871,Carretera Convencional de calzada única,"Provincial, Cabildo/Consell",Descendente,Seco y limpio,"Luz del día natural, solar",Despejado,,Nivel blanco,,Sin especificar,Sin especificar,Sin especificar,Sin especificar,Sin especificar,Sin especificar,Sin especificar,2020,12,SÁBADO,11,Mañana,Fines de semana
544.9,3,0,0,13167,03111,Recta,Carretera,Por alcance                                        ,,A-7,Autovía,Estatal,Descendente,Seco y limpio,"Luz del día natural, solar",Despejado,,Nivel rojo,,No,No,No,No,No,Sí,No,2020,12,JUEVES,17,Tarde,Dias laborables
681.9,1,0,0,13168,03099,Curva señalizada,Carretera,Por alcance                                        ,,N-340,Carretera Convencional de calzada única,Estatal,Ascendente,Seco y limpio,Sin luz natural ni artificial,Despejado,,Nivel blanco,,No,No,No,No,No,No,No,2020,12,VIERNES,20,Noche,Dias laborables
4.15,1,0,0,13169,03099,Curva señalizada,Carretera,Salida de la vía por la derecha otro tipo          ,,CV-950,Carretera Convencional de calzada única,Autonómica,Ascendente,Seco y limpio,"Amanecer o atardecer, sin luz artificial",Nublado,,Nivel blanco,,Sin especificar,Sin especificar,Sin especificar,Sin especificar,Sin especificar,Sin especificar,Sin especificar,2020,12,SÁBADO,17,Tarde,Fines de semana
49.2,1,0,0,13170,03099,Recta,Carretera,Salida de la vía por la derecha con colisión       ,,N-332,Carretera Convencional de doble calzada,Estatal,Ascendente,Seco y limpio,"Luz del día natural, solar",Despejado,,Nivel blanco,,Sin especificar,Sin especificar,Sin especificar,Sin especificar,Sin especificar,Sin especificar,Sin especificar,2020,12,JUEVES,14,Tarde,Dias laborables
31.5,1,0,0,13171,00000,Curva señalizada,Carretera,Múltiple o en caravana                             ,,CV-715,Carretera Convencional de calzada única,Autonómica,Descendente,Seco y limpio,Sin luz natural ni artificial,Despejado,,Nivel blanco,,Sin especificar,Sin especificar,Sin especificar,Sin especificar,Sin especificar,Sin especificar,Sin especificar,2020,8,DOMINGO,1,Madrugada,Fines de semana
48.5,1,0,0,13172,03101,Recta,Carretera,Caída                                              ,,CV-720,Carretera Convencional de calzada única,Autonómica,Ascendente,Seco y limpio,"Luz del día natural, solar",Despejado,,Nivel blanco,,Sin especificar,Sin especificar,Sin especificar,Sin especificar,Sin especificar,Sin especificar,Sin especificar,2020,1,VIERNES,15,Tarde,Dias laborables
48.5,1,0,0,13173,03031,Curva señalizada,Carretera,Salida de la vía por la derecha otro tipo          ,,CV-70,Carretera Convencional de doble calzada,Autonómica,Ascendente,Seco y limpio,"Luz del día natural, solar",Despejado,,Nivel blanco,,Sin especificar,Sin especificar,Sin especificar,Sin especificar,Sin especificar,Sin especificar,Sin especificar,2020,1,VIERNES,17,Tarde,Dias laborables
,1,0,0,13174,03101,No aplica,Calle,Fronto-lateral                                     ,,No inventariada,Calle,"Provincial, Cabildo/Consell",Se desconoce,Seco y limpio,"Luz del día natural, solar",Despejado,,Nivel blanco,,No,No,No,Sí,No,No,Sí,2020,7,JUEVES,10,Mañana,Dias laborables
191.2,1,0,0,13175,03071,Recta,Carretera,Múltiple o en caravana                             ,,N-332,Carretera Convencional de calzada única,Estatal,Descendente,Seco y limpio,"Luz del día natural, solar",Despejado,,Nivel verde,,No,No,No,No,No,No,No,2020,7,VIERNES,14,Tarde,Dias laborables
195.7,1,0,0,13176,03101,Recta,Carretera,Salida de la vía por la derecha con vuelco         ,,N-332,Carretera Convencional de calzada única,Estatal,Ascendente,Seco y limpio,"Amanecer o atardecer, sin luz artificial",Despejado,,Nivel blanco,,Sin especificar,Sin especificar,Sin especificar,Sin especificar,Sin especificar,Sin especificar,Sin especificar,2020,8,JUEVES,7,Mañana,Dias laborables
612.0,1,0,0,13177,03101,Recta,Carretera,Salida de la vía por la izquierda con colisión     ,,AP-7,Autopista libre,Estatal,Descendente,Seco y limpio,Sin luz natural ni artificial,Despejado,,Nivel blanco,,Sin especificar,Sin especificar,Sin especificar,Sin especificar,Sin especificar,Sin especificar,Sin especificar,2020,8,VIERNES,4,Madrugada,Dias laborables