KM,TOTAL_HL24H,TOTAL_HG24H,TOTAL_MU24H,id,COD_MUNICIPIO,TRAZADO_PLANTA,ZONA,TIPO_ACCIDENTE,CARRETERA_CRUCE,CARRETERA,TIPO_VIA,TITULARIDAD_VIA,SENTIDO_1F,CONDICION_FIRME,CONDICION_ILUMINACION,CONDICION_METEO,CONDICION_NIEBLA,CONDICION_NIVEL_CIRCULA,CONDICION_VIENTO,PRIORI_AGENTE,PRIORI_CIRCUNSTANCIAL,PRIORI_HORIZ_CEDA,PRIORI_HORIZ_STOP,PRIORI_SEMAFORO,PRIORI_VERT_CEDA,PRIORI_VERT_STOP,ANYO,MES,DIA,HORA,FRANJA_HORARIA,TIPO_DIA
18.0,2,0,0,13262,03113,Recta,Carretera,Fronto-lateral                                     ,CV-860,CV-920,Carretera Convencional de calzada única,Autonómica,Descendente,Seco y limpio,"Luz del día natural, solar",Despejado,,Nivel blanco,,No,No,No,Sí,No,No,Sí,2020,7,MIÉRCOLES,18,Noche,Dias laborables
21.0,1,0,0,13263,03113,Curva sin señalizar,Carretera,"Salida de la vía por la izquierda, otro tipo       ",,CV-91,Carretera Convencional de calzada única,Autonómica,Descendente,Seco y limpio,"Luz del día natural, solar",Despejado,,Nivel blanco,,Sin especificar,Sin especificar,Sin especificar,Sin especificar,Sin especificar,Sin especificar,Sin especificar,2020,9,MIÉRCOLES,8,Mañana,Dias laborables
3.8,1,0,0,13264,03113,Recta,Carretera,Fronto-lateral                                     ,CV-905,CV-905,Carretera Convencional de doble calzada,Autonómica,Descendente,Seco y limpio,"Luz del día natural, solar",Despejado,,Nivel blanco,,No,No,No,No,No,Sí,No,2020,11,LUNES,13,Tarde,Dias laborables
2.25,0,0,1,13265,03113,Recta,Carretera,Atropello a personas                               ,,CV-905,Carretera Convencional de doble calzada,Autonómica,Ascendente,Seco y limpio,Sin luz natural y con iluminación artificial no en,Despejado,,Nivel blanco,,Sin especificar,Sin especificar,Sin especificar,Sin especificar,Sin especificar,Sin especificar,Sin especificar,2020,12,SÁBADO,18,Noche,Fines de semana
16.0,7,0,0,13266,00000,Recta,Carretera,Atropello a personas                               ,,CV-920,Carretera Convencional de calzada única,Autonómica,Ascendente,Seco y limpio,Sin luz natural y con iluminación artificial encen,Despejado,,Nivel blanco,,Sin especificar,Sin especificar,Sin especificar,Sin especificar,Sin especificar,Sin especificar,Sin especificar,2020,11,SÁBADO,19,Noche,Fines de semana
8.2,3,0,0,13267,00000,Recta,Carretera,Frontal                                            ,,CV-846,Carretera Convencional de calzada única,"Provincial, Cabildo/Consell",Ambos,Seco y limpio,"Luz del día natural, solar",Despejado,,Nivel blanco,,Sin especificar,Sin especificar,Sin especificar,Sin especificar,Sin especificar,Sin especificar,Sin especificar,2020,1,DOMINGO,12,Tarde,Fines de semana
18.0,2,1,0,13268,00000,Recta,Carretera,Por alcance                                        ,,CV-840,Carretera Convencional de calzada única,Autonómica,Descendente,Seco y limpio,"Luz del día natural, solar",Despejado,,Nivel blanco,,Sin especificar,Sin especificar,Sin especificar,Sin especificar,Sin especificar,Sin especificar,Sin especificar,2020,7,VIERNES,8,Mañana,Dias laborables
,2,0,0,13269,00000,No aplica,Calle,Fronto-lateral                                     ,,No inventariada,Calle,Municipal,Se desconoce,Seco y limpio,"Luz del día natural, solar",Despejado,,Nivel blanco,,No,No,No,No,No,Sí,No,2020,7,VIERNES,18,Noche,Dias laborables
15.3,1,0,0,13270,00000,Curva señalizada,Carretera,Salida de la vía por la derecha otro tipo          ,,CV-845,Carretera Convencional de calzada única,Autonómica,Ascendente,Seco y limpio,Sin luz natural ni artificial,Despejado,,Nivel blanco,,Sin especificar,Sin especificar,Sin especificar,Sin especificar,Sin especificar,Sin especificar,Sin especificar,2020,11,DOMINGO,22,Noche,Fines de semana
13.0,1,0,0,13271,00000,Curva señalizada,Carretera,Salida de la vía por la izquierda con vuelco       ,,CV-840,Carretera Convencional de calzada única,Autonómica,Descendente,Seco y limpio,"Luz del día natural, solar",Despejado,,Nivel blanco,,Sin especificar,Sin especificar,Sin especificar,Sin especificar,Sin especificar,Sin especificar,Sin especificar,2020,11,MARTES,14,Tarde,Dias laborables
16.6,2,0,0,13272,00000,Recta,Carretera,Fronto-lateral                                     ,CV-729,CV-715,Carretera Convencional de calzada única,Autonómica,Ascendente,Seco y limpio,"Luz del día natural, solar",Despejado,,Nivel blanco,,No,No,No,Sí,Sí,No,Sí,2020,11,DOMINGO,17,Tarde,Fines de semana
3.5,1,0,0,13273,00000,Curva sin señalizar,Carretera,Salida de la vía por la derecha con colisión       ,,CAMINO A V,Carretera Convencional de calzada única,Municipal,Ascendente,Seco y limpio,"Luz del día natural, solar",Despejado,,Nivel verde,,Sin especificar,Sin especificar,Sin especificar,Sin especificar,Sin especificar,Sin especificar,Sin especificar,2020,9,MIÉRCOLES,16,Tarde,Dias laborables
6.1,1,0,0,13274,03118,Recta,Carretera,Fronto-lateral                                     ,,CV-859,Carretera Convencional de calzada única,"Provincial, Cabildo/Consell",Descendente,Seco y limpio,"Luz del día natural, solar",Despejado,,Nivel blanco,,Sin especificar,Sin especificar,Sin especificar,Sin especificar,Sin especificar,Sin especificar,Sin especificar,2020,1,MARTES,9,Mañana,Dias laborables
4.5,1,0,0,13275,03118,Curva señalizada,Carretera,Fronto-lateral                                     ,,CV-860,Carretera Convencional de calzada única,Autonómica,Descendente,Seco y limpio,"Luz del día natural, solar",Despejado,,Nivel blanco,,No,No,Sí,No,No,No,No,2020,2,MIÉRCOLES,12,Tarde,Dias laborables
74.7,1,0,0,13276,03118,Curva señalizada,Carretera,Salida de la vía por la izquierda con colisión     ,,N-332,Carretera Convencional de calzada única,Estatal,Descendente,Seco y limpio,"Luz del día natural, solar",Despejado,,Nivel blanco,,No,No,Sí,No,No,No,No,2020,3,SÁBADO,15,Tarde,Fines de semana
2.9,1,0,0,13277,03118,Recta,Carretera,Fronto-lateral                                     ,,CV-858,Carretera Convencional de calzada única,"Provincial, Cabildo/Consell",Ascendente,Seco y limpio,"Amanecer o atardecer, sin luz artificial",Despejado,,Nivel blanco,,Sin especificar,Sin especificar,Sin especificar,Sin especificar,Sin especificar,Sin especificar,Sin especificar,2020,3,VIERNES,20,Noche,Dias laborables
2.5,0,1,0,13278,03064,Recta,Carretera,Fronto-lateral                                     ,,CV-859,Carretera Convencional de calzada única,"Provincial, Cabildo/Consell",Ascendente,Seco y limpio,"Luz del día natural, solar",Despejado,,Nivel verde,,No,No,No,Sí,No,No,Sí,2020,5,JUEVES,16,Tarde,Dias laborables
74.9,1,0,0,13279,03118,Curva señalizada,Carretera,Por alcance                                        ,,N-332,Carretera Convencional de calzada única,Estatal,Ascendente,Seco y limpio,"Luz del día natural, solar",Despejado,,Nivel blanco,,No,No,No,No,No,No,No,2020,7,MARTES,19,Noche,Dias laborables
74.5,2,0,0,13280,03118,Recta,Carretera,Por alcance                                        ,,N-332,Carretera Convencional de calzada única,Estatal,Descendente,Seco y limpio,"Luz del día natural, solar",Despejado,,Nivel amarillo,,No,No,No,No,No,No,No,2020,8,MARTES,14,Tarde,Dias laborables
3.2,1,0,0,13281,03118,Recta,Carretera,Fronto-lateral                                     ,,CV-860,Carretera Convencional de calzada única,Autonómica,Ascendente,Seco y limpio,"Luz del día natural, solar",Despejado,,Nivel verde,,No,No,No,Sí,No,No,Sí,2020,10,SÁBADO,11,Mañana,Fines de semana
74.2,2,0,0,13282,03118,Recta,Carretera,Frontal                                            ,,N-332,Carretera Convencional de calzada única,Estatal,Ambos,Seco y limpio,"Luz del día natural, solar",Despejado,,Nivel blanco,,No,No,No,No,No,No,No,2020,11,LUNES,16,Tarde,Dias laborables
,1,0,0,13283,03119,No aplica,Calle,Atropello a personas                               ,,No inventariada,Calle,Municipal,Se desconoce,Seco y limpio,"Luz del día natural, solar",Despejado,,Nivel verde,,Sí,Sí,No,No,No,No,No,2020,1,MIÉRCOLES,12,Tarde,Dias laborables
,1,0,0,13284,03119,No aplica,Calle,Caída                                              ,,No inventariada,Calle,Municipal,Se desconoce,Mojado,"Luz del día natural, solar",Lluvia débil,,Nivel blanco,,No,No,No,No,No,No,No,2020,2,MIÉRCOLES,10,Mañana,Dias laborables
,2,0,0,13285,03119,No aplica,Calle,Fronto-lateral                                     ,,No inventariada,Calle,Municipal,Se desconoce,Seco y limpio,"Luz del día natural, solar",Despejado,,Nivel blanco,,No,No,No,No,No,No,Sí,2020,2,JUEVES,13,Tarde,Dias laborables
,1,0,0,13286,03119,No aplica,Calle,Fronto-lateral                                     ,,No inventariada,Calle,Municipal,Se desconoce,Seco y limpio,"Luz del día natural, solar",Nublado,,Nivel blanco,,No,No,No,No,No,Sí,No,2020,2,MIÉRCOLES,11,Mañana,Dias laborables
,1,0,0,13287,03119,No aplica,Calle,Fronto-lateral                                     ,,No inventariada,Calle,Municipal,Se desconoce,Seco y limpio,"Luz del día natural, solar",Despejado,,Nivel blanco,,No,No,No,No,No,No,Sí,2020,7,MARTES,13,Tarde,Dias laborables
,1,0,0,13288,03119,No aplica,Calle,Lateral                                            ,,No inventariada,Calle,Municipal,Se desconoce,Seco y limpio,Sin luz natural y con iluminación artificial encen,Despejado,,Se desconoce,,Sin especificar,Sin especificar,Sin especificar,Sin especificar,Sin especificar,Sin especificar,Sin especificar,2020,2,JUEVES,0,Madrugada,Dias laborables
,0,1,0,13289,03119,No aplica,Calle,Salida de la vía por la derecha con colisión       ,,No inventariada,Calle,Municipal,Se desconoce,Seco y limpio,"Amanecer o atardecer, con luz artificial",Despejado,,Se desconoce,,Sin especificar,Sin especificar,Sin especificar,Sin especificar,Sin especificar,Sin especificar,Sin especificar,2020,8,LUNES,0,Madrugada,Dias laborables
,1,0,0,13290,03119,No aplica,Calle,Atropello a personas                               ,,No inventariada,Calle,Municipal,Se desconoce,Seco y limpio,"Luz del día natural, solar",Despejado,,Nivel verde,,No,No,No,No,No,Sí,No,2020,10,MARTES,11,Mañana,Dias laborables
,2,0,0,13291,03119,No aplica,Calle,Fronto-lateral                                     ,,No inventariada,Calle,Municipal,Se desconoce,Seco y limpio,"Luz del día natural, solar",Despejado,,Nivel verde,,No,No,No,No,No,Sí,No,2020,11,MIÉRCOLES,9,Mañana,Dias laborables
,1,0,0,13292,03119,No aplica,Calle,Colisión contra obstáculo o elemento de la vía     ,,No inventariada,Calle,Municipal,Se desconoce,Seco y limpio,"Luz del día natural, solar",Despejado,,Nivel verde,,No,No,No,No,No,Sí,No,2020,12,MIÉRCOLES,13,Tarde,Dias laborables
5.4,1,0,0,13293,03014,Recta,Carretera,Por alcance                                        ,,CV-821,Carretera Convencional de doble calzada,Autonómica,Ascendente,Seco y limpio,"Luz del día natural, solar",Despejado,,Nivel blanco,,Sin especificar,Sin especificar,Sin especificar,Sin especificar,Sin especificar,Sin especificar,Sin especificar,2020,12,JUEVES,9,Mañana,Dias laborables
,0,1,0,13294,03119,No aplica,Calle,Atropello a personas                               ,,No inventariada,Calle,Municipal,Se desconoce,Seco y limpio,"Luz del día natural, solar",Despejado,,Nivel blanco,,Sin especificar,Sin especificar,Sin especificar,Sin especificar,Sin especificar,Sin especificar,Sin especificar,2020,8,JUEVES,10,Mañana,Dias laborables
,3,0,0,13295,03119,No aplica,Calle,Fronto-lateral                                     ,,No inventariada,Calle,Municipal,Se desconoce,Seco y limpio,"Amanecer o atardecer, con luz artificial",Despejado,,Nivel blanco,,No,No,Sí,No,No,Sí,No,2020,8,VIERNES,20,Noche,Dias laborables
9.0,1,0,0,13296,03120,Recta,Carretera,Fronto-lateral                                     ,,CV-941,Carretera Convencional de calzada única,Autonómica,Descendente,Seco y limpio,"Luz del día natural, solar",Despejado,,Nivel verde,,No,No,No,Sí,No,No,Sí,2020,1,VIERNES,11,Mañana,Dias laborables
,1,0,0,13297,03120,No aplica,Calle,Salida de la vía por la derecha con vuelco         ,,No inventariada,Senda ciclable,Municipal,Se desconoce,Con aceite,"Luz del día natural, solar",Despejado,,Nivel blanco,,Sin especificar,Sin especificar,Sin especificar,Sin especificar,Sin especificar,Sin especificar,Sin especificar,2020,2,JUEVES,10,Mañana,Dias laborables
17.5,2,0,0,13298,03120,Recta,Carretera,Salida de la vía por la derecha otro tipo          ,,CV-95,Carretera Convencional de calzada única,Autonómica,Descendente,Seco y limpio,Sin luz natural ni artificial,Despejado,,Nivel blanco,,Sin especificar,Sin especificar,Sin especificar,Sin especificar,Sin especificar,Sin especificar,Sin especificar,2020,3,DOMINGO,5,Madrugada,Fines de semana
21.53,1,0,0,13299,03120,Recta,Carretera,Salida de la vía por la derecha otro tipo          ,,CV-95,Carretera Convencional de calzada única,Autonómica,Ascendente,Seco y limpio,Sin luz natural ni artificial,Despejado,,Nivel blanco,,Sin especificar,Sin especificar,Sin especificar,Sin especificar,Sin especificar,Sin especificar,Sin especificar,2020,6,LUNES,0,Madrugada,Dias laborables
16.73,2,0,0,13300,03120,Recta,Carretera,Fronto-lateral                                     ,,CV-95,Carretera Convencional de calzada única,Autonómica,Descendente,Seco y limpio,"Luz del día natural, solar",Despejado,,Nivel blanco,,Sin especificar,Sin especificar,Sin especificar,Sin especificar,Sin especificar,Sin especificar,Sin especificar,2020,6,MARTES,17,Tarde,Dias laborables
16.0,1,0,0,13301,03120,Recta,Carretera,Fronto-lateral                                     ,CV-945,CV-95,Carretera Convencional de calzada única,Autonómica,Descendente,Seco y limpio,"Luz del día natural, solar",Despejado,,Nivel blanco,,No,No,No,Sí,No,No,No,2020,8,VIERNES,9,Mañana,Dias laborables
15.4,1,0,0,13302,03120,Curva señalizada,Carretera,Salida de la vía por la derecha con vuelco         ,,CV-95,Carretera Convencional de calzada única,Autonómica,Descendente,Seco y limpio,Sin luz natural ni artificial,Despejado,,Nivel blanco,,Sin especificar,Sin especificar,Sin especificar,Sin especificar,Sin especificar,Sin especificar,Sin especificar,2020,9,SÁBADO,21,Noche,Fines de semana
17.5,1,0,0,13303,03120,Recta,Carretera,Caída                                              ,,CV-95,Carretera Convencional de calzada única,Autonómica,Descendente,Seco y limpio,"Luz del día natural, solar",Despejado,,Nivel blanco,,Sin especificar,Sin especificar,Sin especificar,Sin especificar,Sin especificar,Sin especificar,Sin especificar,2020,10,MIÉRCOLES,17,Tarde,Dias laborables
7.2,1,0,0,13304,03120,Curva señalizada,Carretera,Salida de la vía por la derecha otro tipo          ,,CV-941,Carretera Convencional de calzada única,Autonómica,Descendente,Seco y limpio,"Luz del día natural, solar",Despejado,,Nivel blanco,,Sin especificar,Sin especificar,Sin especificar,Sin especificar,Sin especificar,Sin especificar,Sin especificar,2020,10,SÁBADO,10,Mañana,Fines de semana
16.5,1,0,0,13305,03120,Curva señalizada,Carretera,Salida de la vía por la derecha con vuelco         ,,CV-95,Carretera Convencional de calzada única,Autonómica,Ascendente,Seco y limpio,"Luz del día natural, solar",Despejado,,Nivel verde,,Sin especificar,Sin especificar,Sin especificar,Sin especificar,Sin especificar,Sin especificar,Sin especificar,2020,10,VIERNES,17,Tarde,Dias laborables
7.0,1,0,0,13306,03120,Recta,Carretera,Salida de la vía por la izquierda con colisión     ,,No inventariada,Carretera Convencional de calzada única,Municipal,Ambos,Mojado,"Luz del día natural, solar",Lluvia débil,,Nivel blanco,,Sin especificar,Sin especificar,Sin especificar,Sin especificar,Sin especificar,Sin especificar,Sin especificar,2020,11,JUEVES,14,Tarde,Dias laborables
16.05,1,0,0,13307,03121,Curva sin señalizar,Carretera,Fronto-lateral                                     ,CV-856,CV 851,Carretera Convencional de calzada única,Autonómica,Ascendente,Seco y limpio,"Luz del día natural, solar",Despejado,,Nivel verde,,No,No,No,Sí,No,No,Sí,2020,1,VIERNES,14,Tarde,Dias laborables
91.9,1,0,0,13308,03121,Recta,Carretera,Por alcance                                        ,,N-332,Carretera Convencional de calzada única,Estatal,Descendente,Seco y limpio,"Luz del día natural, solar",Despejado,,Sin especificar,,Sin especificar,Sin especificar,Sin especificar,Sin especificar,Sin especificar,Sin especificar,Sin especificar,2020,1,MIÉRCOLES,15,Tarde,Dias laborables
11.8,1,0,0,13309,03121,Recta,Carretera,Fronto-lateral                                     ,CV-865,CV-865,Carretera Convencional de doble calzada,Autonómica,Descendente,Seco y limpio,"Luz del día natural, solar",Nublado,,Nivel blanco,,No,No,No,No,No,Sí,No,2020,1,VIERNES,12,Tarde,Dias laborables
84.0,1,0,0,13310,03121,Recta,Carretera,Lateral                                            ,,N-332,Carretera Convencional de calzada única,Estatal,Ascendente,Seco y limpio,"Luz del día natural, solar",Despejado,,Nivel blanco,,Sin especificar,Sin especificar,Sin especificar,Sin especificar,Sin especificar,Sin especificar,Sin especificar,2020,2,LUNES,13,Tarde,Dias laborables
,1,0,0,13311,03121,No aplica,Calle,Fronto-lateral                                     ,,No inventariada,Calle,Municipal,Se desconoce,Seco y limpio,"Luz del día natural, solar",Despejado,,Nivel verde,,No,No,No,Sí,No,No,Sí,2020,1,JUEVES,10,Mañana,Dias laborables
87.9,0,0,1,13312,03121,Recta,Carretera,Atropello a personas                               ,,N-332,Carretera Convencional de calzada única,Estatal,Descendente,Seco y limpio,Sin luz natural ni artificial,Despejado,,Nivel blanco,,Sin especificar,Sin especificar,Sin especificar,Sin especificar,Sin especificar,Sin especificar,Sin especificar,2020,2,SÁBADO,3,Madrugada,Fines de semana
88.1,1,0,0,13313,03121,Curva señalizada,Carretera,Múltiple o en caravana                             ,,N-332,Carretera Convencional de calzada única,Estatal,Ascendente,Seco y limpio,"Luz del día natural, solar",Despejado,,Nivel blanco,,No,No,No,Sí,No,No,No,2020,2,DOMINGO,16,Tarde,Fines de semana
,0,1,0,13314,03121,No aplica,Calle,Atropello a personas                               ,,No inventariada,Recinto delimitado,Municipal,Se desconoce,Seco y limpio,"Amanecer o atardecer, sin luz artificial",Nublado,Niebla ligera,Nivel blanco,,Sin especificar,Sin especificar,Sin especificar,Sin especificar,Sin especificar,Sin especificar,Sin especificar,2020,2,DOMINGO,0,Madrugada,Fines de semana
,0,1,0,13315,03121,No aplica,Calle,Caída                                              ,,No inventariada,Calle,Municipal,Se desconoce,Otra,"Luz del día natural, solar",Despejado,,Nivel blanco,,Sin especificar,Sin especificar,Sin especificar,Sin especificar,Sin especificar,Sin especificar,Sin especificar,2020,5,LUNES,9,Mañana,Dias laborables
88.1,1,0,0,13316,03121,Curva señalizada,Carretera,Fronto-lateral                                     ,,N-332,Carretera Convencional de calzada única,Estatal,Ambos,Seco y limpio,"Luz del día natural, solar",Despejado,,Nivel blanco,,No,No,No,Sí,No,No,No,2020,6,SÁBADO,20,Noche,Fines de semana
,1,0,0,13317,03121,No aplica,Calle,Salida de la vía por la derecha otro tipo          ,,No inventariada,Calle,Municipal,Se desconoce,Seco y limpio,"Luz del día natural, solar",Despejado,,Nivel amarillo,,Sin especificar,Sin especificar,Sin especificar,Sin especificar,Sin especificar,Sin especificar,Sin especificar,2020,6,LUNES,13,Tarde,Dias laborables
81.2,1,0,0,13318,03121,Recta,Carretera,Salida de la vía por la derecha con colisión       ,,N-332,Carretera Convencional de calzada única,Estatal,Descendente,Seco y limpio,"Luz del día natural, solar",Despejado,,Nivel blanco,,No,No,No,No,No,No,Sí,2020,6,LUNES,14,Tarde,Dias laborables
88.1,3,0,0,13319,03121,Recta,Carretera,Fronto-lateral                                     ,,N-332,Carretera Convencional de calzada única,Estatal,Ambos,Seco y limpio,"Luz del día natural, solar",Despejado,,Nivel verde,,No,No,No,Sí,No,No,No,2020,6,SÁBADO,20,Noche,Fines de semana
88.3,1,0,0,13320,03121,Recta,Carretera,Fronto-lateral                                     ,,N-332,Carretera Convencional de calzada única,Estatal,Ambos,Seco y limpio,"Luz del día natural, solar",Despejado,,Nivel blanco,,No,No,No,No,No,No,No,2020,6,LUNES,12,Tarde,Dias laborables
84.2,3,0,0,13321,03121,Curva señalizada,Carretera,Fronto-lateral                                     ,,N-332,Carretera Convencional de calzada única,Estatal,Ascendente,Seco y limpio,"Luz del día natural, solar",Despejado,,Nivel blanco,,No,No,No,No,No,No,Sí,2020,6,DOMINGO,18,Noche,Fines de semana
,1,0,0,13322,03121,No aplica,Calle,Lateral                                            ,,No inventariada,Calle,Municipal,Se desconoce,Seco y limpio,"Luz del día natural, solar",Despejado,,Nivel amarillo,,No,No,No,Sí,No,No,Sí,2020,6,SÁBADO,12,Tarde,Fines de semana
,1,0,0,13323,03121,No aplica,Calle,Frontal                                            ,,No inventariada,Calle,Municipal,Se desconoce,Seco y limpio,"Luz del día natural, solar",Despejado,,Nivel verde,,No,No,No,No,No,No,Sí,2020,7,SÁBADO,13,Tarde,Fines de semana
11.8,1,0,0,13324,03121,Recta,Carretera,Fronto-lateral                                     ,,CV-865,Carretera Convencional de doble calzada,Autonómica,Descendente,Seco y limpio,"Luz del día natural, solar",Despejado,,Nivel blanco,,No,No,Sí,No,No,Sí,No,2020,7,MIÉRCOLES,19,Noche,Dias laborables
88.4,3,0,0,13325,03121,Recta,Carretera,Lateral                                            ,N-332,N-332,Carretera Convencional de calzada única,Estatal,Descendente,Seco y limpio,"Luz del día natural, solar",Despejado,,Nivel blanco,,No,No,No,No,No,No,No,2020,7,VIERNES,10,Mañana,Dias laborables
9.1,1,0,0,13326,03121,Curva señalizada,Carretera,Fronto-lateral                                     ,CV-865,CV-865,Carretera Convencional de doble calzada,Autonómica,Descendente,Seco y limpio,"Luz del día natural, solar",Despejado,,Nivel blanco,,No,No,No,No,No,Sí,No,2020,7,JUEVES,19,Noche,Dias laborables
88.2,3,0,0,13327,03121,Curva señalizada,Carretera,Por alcance                                        ,,N-332,Carretera Convencional de calzada única,Estatal,Ascendente,Seco y limpio,"Luz del día natural, solar",Despejado,,Nivel verde,,No,No,No,No,No,No,No,2020,8,VIERNES,16,Tarde,Dias laborables
80.4,0,1,0,13328,03121,Recta,Carretera,Atropello a personas                               ,,N-332,Carretera Convencional de calzada única,Estatal,Descendente,Seco y limpio,Sin luz natural ni artificial,Despejado,,Nivel blanco,,Sin especificar,Sin especificar,Sin especificar,Sin especificar,Sin especificar,Sin especificar,Sin especificar,2020,9,DOMINGO,5,Madrugada,Fines de semana
,1,0,0,13329,03121,No aplica,Calle,Caída                                              ,,No inventariada,Calle,Municipal,Se desconoce,Seco y limpio,"Luz del día natural, solar",Despejado,,Nivel verde,,No,No,No,No,No,No,Sí,2020,8,SÁBADO,11,Mañana,Fines de semana
,1,0,0,13330,03121,No aplica,Calle,Atropello a personas                               ,,No inventariada,Calle,Municipal,Se desconoce,Seco y limpio,"Luz del día natural, solar",Despejado,,Nivel amarillo,,Sin especificar,Sin especificar,Sin especificar,Sin especificar,Sin especificar,Sin especificar,Sin especificar,2020,7,MARTES,20,Noche,Dias laborables
88.1,3,0,0,13331,03121,Curva señalizada,Carretera,Frontal                                            ,,N-332,Carretera Convencional de calzada única,Estatal,Ambos,Seco y limpio,"Luz del día natural, solar",Despejado,,Nivel blanco,,No,No,No,Sí,No,No,No,2020,9,VIERNES,16,Tarde,Dias laborables
,1,0,0,13332,03121,No aplica,Calle,Atropello a personas                               ,,No inventariada,Calle,Municipal,Se desconoce,Seco y limpio,"Luz del día natural, solar",Despejado,,Nivel verde,,Sin especificar,Sin especificar,Sin especificar,Sin especificar,Sin especificar,Sin especificar,Sin especificar,2020,10,VIERNES,11,Mañana,Dias laborables
,1,0,0,13333,03121,No aplica,Calle,Otro tipo de accidente                             ,,No inventariada,Calle,Municipal,Se desconoce,Seco y limpio,"Luz del día natural, solar",Despejado,,Nivel blanco,,Sin especificar,Sin especificar,Sin especificar,Sin especificar,Sin especificar,Sin especificar,Sin especificar,2020,10,SÁBADO,10,Mañana,Fines de semana
88.9,1,0,0,13334,03121,Recta,Carretera,Por alcance                                        ,,N-332,Carretera Convencional de calzada única,Estatal,Descendente,Seco y limpio,"Luz del día natural, solar",Despejado,,Nivel blanco,,No,No,No,No,No,No,No,2020,11,MIÉRCOLES,13,Tarde,Dias laborables
,3,1,0,13335,03121,No aplica,Calle,Por alcance                                        ,,No inventariada,Calle,Municipal,Se desconoce,Seco y limpio,"Luz del día natural, solar",Despejado,,Nivel amarillo,,No,No,No,No,No,No,No,2020,11,MIÉRCOLES,13,Tarde,Dias laborables
91.9,1,0,0,13336,03121,Recta,Carretera,Por alcance                                        ,,N-332,Carretera Convencional de calzada única,Estatal,Ascendente,Seco y limpio,"Luz del día natural, solar",Despejado,,Nivel blanco,,Sin especificar,Sin especificar,Sin especificar,Sin especificar,Sin especificar,Sin especificar,Sin especificar,2020,12,LUNES,10,Mañana,Dias laborables
80.0,1,0,0,13337,03065,Recta,Carretera,Por alcance                                        ,,N-332,Carretera Convencional de calzada única,Estatal,Ambos,Seco y limpio,Sin luz natural ni artificial,Nublado,,Nivel blanco,,Sin especificar,Sin especificar,Sin especificar,Sin especificar,Sin especificar,Sin especificar,Sin especificar,2020,12,LUNES,7,Mañana,Dias laborables
,2,0,0,13338,03121,No aplica,Calle,Caída                                              ,,No inventariada,Calle,Municipal,Se desconoce,Mojado,"Luz del día natural, solar",Lluvia débil,,Nivel blanco,,No,No,No,Sí,No,No,No,2020,6,JUEVES,19,Noche,Dias laborables
,1,0,0,13339,03121,No aplica,Calle,Atropello a personas                               ,,No inventariada,Calle,Municipal,Se desconoce,Seco y limpio,"Luz del día natural, solar",Despejado,,Nivel blanco,,No,No,No,Sí,No,No,Sí,2020,6,MIÉRCOLES,14,Tarde,Dias laborables
,1,0,0,13340,03121,No aplica,Calle,Fronto-lateral                                     ,,No inventariada,Calle,Municipal,Se desconoce,Seco y limpio,"Luz del día natural, solar",Despejado,,Nivel blanco,,No,No,No,No,No,Sí,No,2020,6,LUNES,19,Noche,Dias laborables
,1,0,0,13341,03121,No aplica,Calle,Fronto-lateral                                     ,,No inventariada,Calle,Municipal,Se desconoce,Seco y limpio,"Luz del día natural, solar",Despejado,,Nivel blanco,,No,No,No,Sí,No,No,Sí,2020,7,VIERNES,17,Tarde,Dias laborables
,1,0,0,13342,03121,No aplica,Calle,Caída                                              ,,No inventariada,Calle,Municipal,Se desconoce,Seco y limpio,"Luz del día natural, solar",Despejado,,Nivel blanco,,Sin especificar,Sin especificar,Sin especificar,Sin especificar,Sin especificar,Sin especificar,Sin especificar,2020,5,LUNES,11,Mañana,Dias laborables
,0,1,0,13343,03121,No aplica,Calle,Lateral                                            ,,No inventariada,Calle,Municipal,Se desconoce,Seco y limpio,"Luz del día natural, solar",Despejado,,Nivel verde,,No,No,No,No,No,Sí,No,2020,5,MIÉRCOLES,8,Mañana,Dias laborables
,0,1,0,13344,03121,No aplica,Calle,Lateral                                            ,,No inventariada,Calle,Municipal,Se desconoce,Seco y limpio,"Luz del día natural, solar",Despejado,,Nivel verde,,No,No,No,No,No,No,No,2020,7,JUEVES,10,Mañana,Dias laborables
,0,1,0,13345,03121,No aplica,Calle,Lateral                                            ,,No inventariada,Calle,Municipal,Se desconoce,Seco y limpio,"Luz del día natural, solar",Despejado,,Nivel blanco,,No,No,No,No,Sí,No,Sí,2020,9,JUEVES,10,Mañana,Dias laborables
,1,0,0,13346,03121,No aplica,Calle,Fronto-lateral                                     ,,No inventariada,Calle,Municipal,Se desconoce,Seco y limpio,"Luz del día natural, solar",Despejado,,Nivel blanco,,No,No,No,No,No,No,Sí,2020,10,SÁBADO,15,Tarde,Fines de semana
,2,0,0,13347,03121,No aplica,Calle,Otro tipo de accidente                             ,,No inventariada,Calle,Municipal,Se desconoce,Seco y limpio,"Luz del día natural, solar",Despejado,,Nivel verde,,No,No,No,No,No,No,Sí,2020,10,JUEVES,15,Tarde,Dias laborables
,1,0,0,13348,03121,No aplica,Calle,Atropello a personas                               ,,No inventariada,Calle,Municipal,Se desconoce,Seco y limpio,"Luz del día natural, solar",Despejado,,Nivel blanco,,Sin especificar,Sin especificar,Sin especificar,Sin especificar,Sin especificar,Sin especificar,Sin especificar,2020,9,SÁBADO,20,Noche,Fines de semana
,1,0,0,13349,03121,No aplica,Calle,Fronto-lateral                                     ,,No inventariada,Calle,Municipal,Se desconoce,Seco y limpio,"Amanecer o atardecer, con luz artificial",Despejado,,Nivel blanco,,No,No,Sí,No,No,Sí,No,2020,9,MIÉRCOLES,19,Noche,Dias laborables