KM,TOTAL_HL24H,TOTAL_HG24H,TOTAL_MU24H,id,COD_MUNICIPIO,TRAZADO_PLANTA,ZONA,TIPO_ACCIDENTE,CARRETERA_CRUCE,CARRETERA,TIPO_VIA,TITULARIDAD_VIA,SENTIDO_1F,CONDICION_FIRME,CONDICION_ILUMINACION,CONDICION_METEO,CONDICION_NIEBLA,CONDICION_NIVEL_CIRCULA,CONDICION_VIENTO,PRIORI_AGENTE,PRIORI_CIRCUNSTANCIAL,PRIORI_HORIZ_CEDA,PRIORI_HORIZ_STOP,PRIORI_SEMAFORO,PRIORI_VERT_CEDA,PRIORI_VERT_STOP,ANYO,MES,DIA,HORA,FRANJA_HORARIA,TIPO_DIA
,1,0,0,13350,03121,No aplica,Calle,Caída                                              ,,No inventariada,Calle,Municipal,Se desconoce,Seco y limpio,"Luz del día natural, solar",Despejado,,Nivel verde,,Sin especificar,Sin especificar,Sin especificar,Sin especificar,Sin especificar,Sin especificar,Sin especificar,2020,9,JUEVES,12,Tarde,Dias laborables
,1,0,0,13351,03121,No aplica,Calle,Atropello a personas                               ,,No inventariada,Calle,Municipal,Se desconoce,Seco y limpio,"Amanecer o atardecer, con luz artificial",Despejado,,Nivel blanco,,No,No,No,No,No,No,No,2020,8,SÁBADO,20,Noche,Fines de semana
,1,0,0,13352,03121,No aplica,Calle,Lateral                                            ,,No inventariada,Calle,Municipal,Se desconoce,Seco y limpio,"Luz del día natural, solar",Despejado,,Nivel blanco,,No,No,No,No,No,No,Sí,2020,7,MIÉRCOLES,18,Noche,Dias laborables
,1,0,0,13353,03121,No aplica,Calle,Salida de la vía por la derecha con vuelco         ,,No inventariada,Calle,Municipal,Se desconoce,Seco y limpio,"Luz del día natural, solar",Despejado,,Nivel blanco,,Sin especificar,Sin especificar,Sin especificar,Sin especificar,Sin especificar,Sin especificar,Sin especificar,2020,7,VIERNES,15,Tarde,Dias laborables
,2,0,0,13354,03121,No aplica,Calle,Salida de la vía por la izquierda con colisión     ,,No inventariada,Calle,Municipal,Se desconoce,Seco y limpio,Sin luz natural y con iluminación artificial encen,Despejado,Niebla ligera,Sin especificar,,Sin especificar,Sin especificar,Sin especificar,Sin especificar,Sin especificar,Sin especificar,Sin especificar,2020,6,VIERNES,23,Noche,Dias laborables
2.8,1,0,0,13355,03122,Recta,Carretera,Caída                                              ,,CV-821,Carretera Convencional de doble calzada,Autonómica,Descendente,Seco y limpio,"Luz del día natural, solar",Despejado,,Nivel blanco,,Sin especificar,Sin especificar,Sin especificar,Sin especificar,Sin especificar,Sin especificar,Sin especificar,2020,1,MARTES,10,Mañana,Dias laborables
3.7,1,0,0,13356,03122,Recta,Carretera,Por alcance                                        ,CV-824,A-77a,Autovía,Estatal,Descendente,Seco y limpio,Sin luz natural y con iluminación artificial no en,Despejado,,Nivel blanco,,No,No,No,No,No,No,No,2020,1,LUNES,18,Noche,Dias laborables
0.8,1,0,0,13357,03122,Curva señalizada,Carretera,Por alcance                                        ,,A-77a,Autovía,Estatal,Descendente,Seco y limpio,Sin luz natural ni artificial,Despejado,,Nivel verde,,No,No,No,No,No,Sí,No,2020,2,JUEVES,20,Noche,Dias laborables
0.8,1,0,0,13358,03122,Recta,Carretera,Por alcance                                        ,,A-77a,Autovía,Estatal,Descendente,Seco y limpio,"Luz del día natural, solar",Despejado,,Nivel amarillo,,No,No,No,Sí,No,No,Sí,2020,2,MIÉRCOLES,14,Tarde,Dias laborables
0.1,2,0,0,13359,03014,Recta,Carretera,Por alcance                                        ,A-77a,A-77a,Autovía,Estatal,Descendente,Seco y limpio,"Luz del día natural, solar",Despejado,,Nivel blanco,,No,No,No,No,No,Sí,No,2020,2,VIERNES,12,Tarde,Dias laborables
4.0,1,0,0,13360,03122,Recta,Carretera,Lateral                                            ,,A-77a,Autovía,Estatal,Ascendente,Seco y limpio,"Luz del día natural, solar",Despejado,,Nivel blanco,,Sin especificar,Sin especificar,Sin especificar,Sin especificar,Sin especificar,Sin especificar,Sin especificar,2020,5,VIERNES,17,Tarde,Dias laborables
7.0,1,0,0,13361,03122,Curva señalizada,Carretera,Fronto-lateral                                     ,,A-77,Autovía,Estatal,Descendente,Seco y limpio,"Luz del día natural, solar",Despejado,,Nivel blanco,,No,No,No,No,No,Sí,No,2020,6,VIERNES,8,Mañana,Dias laborables
4.3,1,0,0,13362,03122,Recta,Carretera,Salida de la vía por la derecha con vuelco         ,,A-77,Autovía,Estatal,Ascendente,Otra,"Luz del día natural, solar",Despejado,,Nivel blanco,,Sin especificar,Sin especificar,Sin especificar,Sin especificar,Sin especificar,Sin especificar,Sin especificar,2020,7,SÁBADO,8,Mañana,Fines de semana
0.9,1,0,0,13363,03122,Curva señalizada,Carretera,Lateral                                            ,,A-77a,Autovía,Estatal,Ascendente,Seco y limpio,"Luz del día natural, solar",Despejado,,Nivel blanco,,No,No,Sí,No,No,Sí,No,2020,7,LUNES,13,Tarde,Dias laborables
6.9,3,0,0,13364,03122,Curva señalizada,Carretera,Salida de la vía por la izquierda con colisión     ,,A-77,Autovía,Estatal,Descendente,Seco y limpio,"Luz del día natural, solar",Despejado,,Nivel verde,,Sin especificar,Sin especificar,Sin especificar,Sin especificar,Sin especificar,Sin especificar,Sin especificar,2020,8,MARTES,17,Tarde,Dias laborables
0.0,1,0,0,13365,03122,Recta,Carretera,Por alcance                                        ,A-77a,A-77a,Autovía,Estatal,Descendente,Seco y limpio,"Luz del día natural, solar",Despejado,,Nivel blanco,,No,No,No,No,No,Sí,No,2020,8,MARTES,10,Mañana,Dias laborables
2.5,1,0,0,13366,03122,Recta,Carretera,"Salida de la vía por la izquierda, otro tipo       ",,CV-821,Carretera Convencional de doble calzada,Autonómica,Ambos,Seco y limpio,"Luz del día natural, solar",Despejado,,Nivel blanco,,Sin especificar,Sin especificar,Sin especificar,Sin especificar,Sin especificar,Sin especificar,Sin especificar,2020,8,LUNES,12,Tarde,Dias laborables
0.8,1,0,0,13367,03122,Recta,Carretera,Por alcance                                        ,,A-77a,Autovía,Estatal,Ascendente,Seco y limpio,"Luz del día natural, solar",Despejado,,Nivel blanco,,No,No,Sí,No,No,Sí,No,2020,9,MARTES,9,Mañana,Dias laborables
2.5,1,0,0,13368,03014,Curva señalizada,Carretera,Fronto-lateral                                     ,,CV-821,Carretera Convencional de doble calzada,Autonómica,Ascendente,Seco y limpio,"Luz del día natural, solar",Despejado,,Nivel blanco,,No,No,No,No,No,No,No,2020,9,LUNES,8,Mañana,Dias laborables
0.0,1,0,0,13369,03122,Curva señalizada,Carretera,"Salida de la vía por la izquierda, otro tipo       ",,A-77a,Autovía,Estatal,Ascendente,Seco y limpio,"Luz del día natural, solar",Despejado,,Nivel blanco,,No,No,No,No,No,No,No,2020,9,MIÉRCOLES,15,Tarde,Dias laborables
0.8,0,2,0,13370,03122,Curva señalizada,Carretera,Fronto-lateral                                     ,A-77a,A-77a,Autovía,Estatal,Ascendente,Seco y limpio,"Luz del día natural, solar",Despejado,,Nivel blanco,,No,No,Sí,No,No,No,No,2020,10,JUEVES,18,Noche,Dias laborables
3.0,2,0,0,13371,03014,Recta,Carretera,Fronto-lateral                                     ,,CV-820,Carretera Convencional de calzada única,Autonómica,Descendente,Seco y limpio,"Luz del día natural, solar",Despejado,,Nivel blanco,,No,No,Sí,No,No,No,Sí,2020,11,MIÉRCOLES,14,Tarde,Dias laborables
1.5,2,0,0,13372,03122,Curva sin señalizar,Carretera,Caída                                              ,,A-77a,Ramal de enlace,Estatal,Ascendente,Otra,"Luz del día natural, solar",Despejado,,Nivel blanco,,No,No,No,No,No,No,No,2020,12,DOMINGO,12,Tarde,Fines de semana
,0,0,1,13373,03122,No aplica,Calle,Atropello a personas                               ,,No inventariada,Calle,Municipal,Se desconoce,Seco y limpio,"Luz del día natural, solar",Despejado,,Nivel verde,,No,No,No,No,Sí,No,No,2020,11,LUNES,11,Mañana,Dias laborables
0.5,1,0,0,13374,03014,Recta,Carretera,Por alcance                                        ,,A-77a,Autovía,Estatal,Ascendente,Seco y limpio,Sin luz natural y con iluminación artificial encen,Despejado,,Nivel blanco,,Sin especificar,Sin especificar,Sin especificar,Sin especificar,Sin especificar,Sin especificar,Sin especificar,2020,12,VIERNES,19,Noche,Dias laborables
14.17,1,0,0,13375,03123,Recta,Carretera,Por alcance                                        ,,CV-830,Carretera Convencional de calzada única,Autonómica,Ascendente,Seco y limpio,"Luz del día natural, solar",Despejado,,Nivel blanco,,No,No,No,Sí,No,No,No,2020,2,JUEVES,12,Tarde,Dias laborables
192.0,0,1,0,13376,03123,Recta,Carretera,Atropello a personas                               ,A-31,A-31,Autovía,Estatal,Descendente,Seco y limpio,Sin luz natural ni artificial,Despejado,,Nivel blanco,,No,No,No,No,No,No,No,2020,2,LUNES,22,Noche,Dias laborables
194.3,1,0,0,13377,03123,Recta,Carretera,Por alcance                                        ,,A-31,Autovía,Estatal,Ascendente,Mojado,"Luz del día natural, solar",Lluvia débil,,Nivel blanco,,Sin especificar,Sin especificar,Sin especificar,Sin especificar,Sin especificar,Sin especificar,Sin especificar,2020,2,MARTES,11,Mañana,Dias laborables
1.4,1,0,0,13378,03123,Curva sin señalizar,Carretera,Caída                                              ,,C.PEÑARRUB,Camino vecinal,Municipal,Descendente,Con barro o gravilla suelta,"Luz del día natural, solar",Despejado,,Nivel blanco,,Sin especificar,Sin especificar,Sin especificar,Sin especificar,Sin especificar,Sin especificar,Sin especificar,2020,6,MARTES,15,Tarde,Dias laborables
2.8,2,0,0,13379,03123,Recta,Carretera,Atropello a personas                               ,,C-71,Camino vecinal,"Provincial, Cabildo/Consell",Ascendente,Seco y limpio,"Luz del día natural, solar",Despejado,,Nivel blanco,,Sin especificar,Sin especificar,Sin especificar,Sin especificar,Sin especificar,Sin especificar,Sin especificar,2020,7,VIERNES,20,Noche,Dias laborables
197.2,1,0,0,13380,03123,Recta,Carretera,Salida de la vía por la derecha con colisión       ,,A-31,Vía de servicio,Estatal,Descendente,Seco y limpio,"Luz del día natural, solar",Despejado,,Nivel blanco,,No,No,No,No,No,No,No,2020,8,VIERNES,7,Mañana,Dias laborables
16.0,3,1,0,13381,03123,Curva señalizada,Carretera,Salida de la vía por la derecha con vuelco         ,,CV-830,Carretera Convencional de calzada única,Autonómica,Ascendente,Seco y limpio,"Luz del día natural, solar",Despejado,,Nivel blanco,,Sin especificar,Sin especificar,Sin especificar,Sin especificar,Sin especificar,Sin especificar,Sin especificar,2020,8,JUEVES,18,Noche,Dias laborables
196.8,0,1,0,13382,03123,Curva señalizada,Carretera,Salida de la vía por la izquierda con colisión     ,,A-31,Autovía,Estatal,Descendente,Seco y limpio,"Amanecer o atardecer, sin luz artificial",Despejado,,Nivel blanco,,Sin especificar,Sin especificar,Sin especificar,Sin especificar,Sin especificar,Sin especificar,Sin especificar,2020,8,SÁBADO,7,Mañana,Fines de semana
197.2,1,0,0,13383,03123,Recta,Carretera,Lateral                                            ,,A-31,Vía de servicio,Estatal,Ascendente,Seco y limpio,Sin luz natural y con iluminación artificial no en,Despejado,,Nivel blanco,,Sin especificar,Sin especificar,Sin especificar,Sin especificar,Sin especificar,Sin especificar,Sin especificar,2020,8,VIERNES,5,Madrugada,Dias laborables
4.5,1,0,0,13384,03123,Recta,Carretera,Atropello a animales                               ,,CV-80,Autovía,Autonómica,Ascendente,Seco y limpio,"Luz del día natural, solar",Despejado,,Nivel blanco,,Sin especificar,Sin especificar,Sin especificar,Sin especificar,Sin especificar,Sin especificar,Sin especificar,2020,9,LUNES,22,Noche,Dias laborables
6.05,1,0,0,13385,03123,Recta,Carretera,Lateral                                            ,,CV-833,Carretera Convencional de calzada única,"Provincial, Cabildo/Consell",Descendente,Seco y limpio,"Luz del día natural, solar",Despejado,,Nivel blanco,,Sin especificar,Sin especificar,Sin especificar,Sin especificar,Sin especificar,Sin especificar,Sin especificar,2020,10,MARTES,9,Mañana,Dias laborables
0.4,1,0,0,13386,03123,Curva sin señalizar,Carretera,"Salida de la vía por la izquierda, otro tipo       ",,No inventariada,Camino vecinal,Municipal,Descendente,Seco y limpio,Sin luz natural ni artificial,Despejado,,Nivel blanco,,Sin especificar,Sin especificar,Sin especificar,Sin especificar,Sin especificar,Sin especificar,Sin especificar,2020,12,MARTES,20,Noche,Dias laborables
21.9,1,1,0,13387,00000,Curva señalizada,Carretera,Caída                                              ,,CV-770,Carretera Convencional de calzada única,"Provincial, Cabildo/Consell",Descendente,Mojado,"Luz del día natural, solar",Despejado,,Nivel blanco,,Sin especificar,Sin especificar,Sin especificar,Sin especificar,Sin especificar,Sin especificar,Sin especificar,2020,2,DOMINGO,11,Mañana,Fines de semana
15.2,1,0,0,13388,00000,Recta,Carretera,Salida de la vía por la derecha con vuelco         ,,CV-770,Carretera Convencional de calzada única,"Provincial, Cabildo/Consell",Ascendente,Seco y limpio,"Luz del día natural, solar",Despejado,,Nivel blanco,,Sin especificar,Sin especificar,Sin especificar,Sin especificar,Sin especificar,Sin especificar,Sin especificar,2020,5,DOMINGO,13,Tarde,Fines de semana
12.9,0,1,0,13389,00000,Recta,Carretera,Salida de la vía por la derecha con vuelco         ,,CV-770,Carretera Convencional de calzada única,"Provincial, Cabildo/Consell",Descendente,Seco y limpio,"Luz del día natural, solar",Despejado,,Nivel blanco,,Sin especificar,Sin especificar,Sin especificar,Sin especificar,Sin especificar,Sin especificar,Sin especificar,2020,8,SÁBADO,13,Tarde,Fines de semana
33.7,1,0,0,13390,00000,Recta,Carretera,Salida de la vía por la derecha con vuelco         ,,CV-715,Carretera Convencional de calzada única,Autonómica,Ascendente,Seco y limpio,"Luz del día natural, solar",Despejado,,Nivel blanco,,Sin especificar,Sin especificar,Sin especificar,Sin especificar,Sin especificar,Sin especificar,Sin especificar,2020,1,SÁBADO,13,Tarde,Fines de semana
4.7,1,0,0,13391,00000,Curva sin señalizar,Carretera,Salida de la vía por la derecha con colisión       ,,CV-752,Carretera Convencional de calzada única,"Provincial, Cabildo/Consell",Descendente,Seco y limpio,"Luz del día natural, solar",Despejado,,Nivel blanco,,Sin especificar,Sin especificar,Sin especificar,Sin especificar,Sin especificar,Sin especificar,Sin especificar,2020,6,DOMINGO,13,Tarde,Fines de semana
7.3,1,0,0,13392,03128,Curva señalizada,Carretera,Caída                                              ,,CV-746,Carretera Convencional de calzada única,"Provincial, Cabildo/Consell",Ascendente,Seco y limpio,"Luz del día natural, solar",Despejado,,Nivel blanco,,Sin especificar,Sin especificar,Sin especificar,Sin especificar,Sin especificar,Sin especificar,Sin especificar,2020,2,MIÉRCOLES,11,Mañana,Dias laborables
2.6,0,0,1,13393,03128,Recta,Carretera,Fronto-lateral                                     ,,CV-737,Carretera Convencional de calzada única,"Provincial, Cabildo/Consell",Ascendente,Seco y limpio,"Luz del día natural, solar",Despejado,,Nivel verde,,No,No,No,Sí,No,No,Sí,2020,6,VIERNES,15,Tarde,Dias laborables
2.05,1,0,0,13394,03128,Recta,Carretera,Múltiple o en caravana                             ,,CV-741,Carretera Convencional de calzada única,"Provincial, Cabildo/Consell",Descendente,Seco y limpio,"Luz del día natural, solar",Despejado,,Nivel blanco,,No,No,No,No,No,No,No,2020,8,VIERNES,15,Tarde,Dias laborables
8.0,1,0,0,13395,03128,Recta,Carretera,Atropello a personas                               ,,CV-746,Carretera Convencional de calzada única,"Provincial, Cabildo/Consell",Ambos,Seco y limpio,"Amanecer o atardecer, con luz artificial",Despejado,,Nivel blanco,,No,No,No,No,No,No,No,2020,8,JUEVES,20,Noche,Dias laborables
183.1,1,0,0,13396,03128,Curva señalizada,Carretera,Múltiple o en caravana                             ,,N-332,Carretera Convencional de calzada única,Estatal,Ambos,Seco y limpio,"Luz del día natural, solar",Nublado,,Sin especificar,,Sin especificar,Sin especificar,Sin especificar,Sin especificar,Sin especificar,Sin especificar,Sin especificar,2020,11,MIÉRCOLES,9,Mañana,Dias laborables
1.0,1,0,0,13397,03128,Curva señalizada,Carretera,Salida de la vía por la derecha con vuelco         ,,CV-743,Carretera Convencional de calzada única,"Provincial, Cabildo/Consell",Ascendente,Seco y limpio,Sin luz natural ni artificial,Despejado,,Sin especificar,,Sin especificar,Sin especificar,Sin especificar,Sin especificar,Sin especificar,Sin especificar,Sin especificar,2020,11,MARTES,21,Noche,Dias laborables
5.0,1,0,0,13398,00000,Curva señalizada,Carretera,Salida de la vía por la izquierda con colisión     ,,CV-810,Carretera Convencional de calzada única,"Provincial, Cabildo/Consell",Ascendente,Seco y limpio,"Luz del día natural, solar",Despejado,,Nivel blanco,,Sin especificar,Sin especificar,Sin especificar,Sin especificar,Sin especificar,Sin especificar,Sin especificar,2020,2,DOMINGO,11,Mañana,Fines de semana
477.2,2,0,0,13399,00000,Curva sin señalizar,Carretera,Salida de la vía por la derecha con colisión       ,,A-7,Autovía,Estatal,Descendente,Seco y limpio,"Luz del día natural, solar",Despejado,,Nivel blanco,,Sin especificar,Sin especificar,Sin especificar,Sin especificar,Sin especificar,Sin especificar,Sin especificar,2020,5,VIERNES,14,Tarde,Dias laborables
21.9,1,0,0,13400,00000,Curva señalizada,Carretera,Salida de la vía por la izquierda con vuelco       ,,CV-800,Carretera Convencional de calzada única,Autonómica,Descendente,Mojado,"Luz del día natural, solar",Despejado,,Nivel blanco,,Sin especificar,Sin especificar,Sin especificar,Sin especificar,Sin especificar,Sin especificar,Sin especificar,2020,7,MIÉRCOLES,11,Mañana,Dias laborables
482.0,1,0,0,13401,00000,Recta,Carretera,Atropello a personas                               ,,A-7,Autovía,Estatal,Ascendente,Seco y limpio,Sin luz natural ni artificial,Despejado,,Nivel blanco,,Sin especificar,Sin especificar,Sin especificar,Sin especificar,Sin especificar,Sin especificar,Sin especificar,2020,8,SÁBADO,0,Madrugada,Fines de semana
482.5,2,0,0,13402,00000,Recta,Carretera,Por alcance                                        ,,A-7,Vía de servicio,Estatal,Descendente,Seco y limpio,"Luz del día natural, solar",Despejado,,Nivel blanco,,Sin especificar,Sin especificar,Sin especificar,Sin especificar,Sin especificar,Sin especificar,Sin especificar,2020,9,SÁBADO,10,Mañana,Fines de semana
8.56,1,0,0,13403,00000,Curva señalizada,Carretera,Salida de la vía por la derecha otro tipo          ,,CV-810,Carretera Convencional de calzada única,"Provincial, Cabildo/Consell",Descendente,Seco y limpio,"Luz del día natural, solar",Despejado,,Nivel blanco,,Sin especificar,Sin especificar,Sin especificar,Sin especificar,Sin especificar,Sin especificar,Sin especificar,2020,9,DOMINGO,8,Mañana,Fines de semana
485.0,0,1,0,13404,00000,Curva sin señalizar,Carretera,Salida de la vía por la derecha con colisión       ,,A-7,Vía de servicio,Estatal,Ascendente,Con barro o gravilla suelta,"Luz del día natural, solar",Despejado,,Nivel blanco,,Sin especificar,Sin especificar,Sin especificar,Sin especificar,Sin especificar,Sin especificar,Sin especificar,2020,10,LUNES,13,Tarde,Dias laborables
12.8,1,0,0,13405,00000,Curva señalizada,Carretera,Salida de la vía por la derecha otro tipo          ,,CV-8151,Carretera Convencional de calzada única,Autonómica,Ascendente,Seco y limpio,"Luz del día natural, solar",Despejado,,Nivel blanco,,Sin especificar,Sin especificar,Sin especificar,Sin especificar,Sin especificar,Sin especificar,Sin especificar,2020,11,DOMINGO,13,Tarde,Fines de semana
483.1,0,1,0,13406,00000,Curva sin señalizar,Carretera,Salida de la vía por la izquierda con vuelco       ,,A-7,Autovía,Estatal,Ascendente,Seco y limpio,Sin luz natural ni artificial,Despejado,,Nivel blanco,,No,No,No,No,No,No,No,2020,12,SÁBADO,6,Mañana,Fines de semana
12.1,1,0,0,13407,00000,Curva señalizada,Carretera,Salida de la vía por la derecha con colisión       ,,CV-780,Carretera Convencional de calzada única,"Provincial, Cabildo/Consell",Descendente,Seco y limpio,"Luz del día natural, solar",Nublado,,Nivel blanco,,Sin especificar,Sin especificar,Sin especificar,Sin especificar,Sin especificar,Sin especificar,Sin especificar,2020,6,DOMINGO,11,Mañana,Fines de semana
7.3,1,0,0,13408,03133,Recta,Carretera,Atropello a personas                               ,,CV-905,Carretera Convencional de doble calzada,Autonómica,Ascendente,Seco y limpio,Sin luz natural y con iluminación artificial encen,Despejado,,Nivel blanco,,No,No,Sí,No,No,No,No,2020,1,LUNES,18,Noche,Dias laborables
55.2,2,0,0,13409,03133,Recta,Carretera,Por alcance                                        ,,N-332,Carretera Convencional de calzada única,Estatal,Descendente,Seco y limpio,"Luz del día natural, solar",Despejado,,Nivel amarillo,,Sin especificar,Sin especificar,Sin especificar,Sin especificar,Sin especificar,Sin especificar,Sin especificar,2020,1,MARTES,12,Tarde,Dias laborables
56.3,1,0,0,13410,03133,Recta,Carretera,Por alcance                                        ,,N-332,Carretera Convencional de calzada única,Estatal,Ascendente,Seco y limpio,Sin luz natural y con iluminación artificial encen,Despejado,,Nivel amarillo,,Sin especificar,Sin especificar,Sin especificar,Sin especificar,Sin especificar,Sin especificar,Sin especificar,2020,1,JUEVES,18,Noche,Dias laborables
56.0,3,0,0,13411,03133,Recta,Carretera,Por alcance                                        ,,N-332,Carretera Convencional de calzada única,Estatal,Descendente,Seco y limpio,"Luz del día natural, solar",Despejado,,Nivel amarillo,,Sin especificar,Sin especificar,Sin especificar,Sin especificar,Sin especificar,Sin especificar,Sin especificar,2020,1,JUEVES,14,Tarde,Dias laborables
56.3,1,0,0,13412,03133,Recta,Carretera,Por alcance                                        ,,N-332,Carretera Convencional de calzada única,Estatal,Descendente,Seco y limpio,"Luz del día natural, solar",Despejado,,Nivel amarillo,,Sin especificar,Sin especificar,Sin especificar,Sin especificar,Sin especificar,Sin especificar,Sin especificar,2020,1,LUNES,8,Mañana,Dias laborables
24.0,1,0,0,13413,03133,Recta,Carretera,Por alcance                                        ,,CV-905,Carretera Convencional de doble calzada,Autonómica,Descendente,Seco y limpio,Sin luz natural y con iluminación artificial encen,Despejado,,Nivel verde,,Sin especificar,Sin especificar,Sin especificar,Sin especificar,Sin especificar,Sin especificar,Sin especificar,2020,2,JUEVES,19,Noche,Dias laborables
1.0,1,0,0,13414,03133,Curva señalizada,Carretera,Por alcance                                        ,,CV-95,Carretera Convencional de calzada única,Autonómica,Ascendente,Seco y limpio,"Luz del día natural, solar",Despejado,,Nivel verde,,No,No,No,No,No,Sí,No,2020,1,SÁBADO,17,Tarde,Fines de semana
,3,0,0,13415,03133,No aplica,Calle,Fronto-lateral                                     ,,No inventariada,Calle,Municipal,Se desconoce,Seco y limpio,"Luz del día natural, solar",Despejado,,Nivel verde,,No,No,No,No,No,No,Sí,2020,1,SÁBADO,17,Tarde,Fines de semana
,1,0,0,13416,03133,No aplica,Calle,Caída                                              ,,No inventariada,Calle,Municipal,Se desconoce,Seco y limpio,"Luz del día natural, solar",Despejado,,Nivel verde,,Sin especificar,Sin especificar,Sin especificar,Sin especificar,Sin especificar,Sin especificar,Sin especificar,2020,2,SÁBADO,9,Mañana,Fines de semana
,1,0,0,13417,03133,No aplica,Calle,Fronto-lateral                                     ,,No inventariada,Calle,Municipal,Se desconoce,Seco y limpio,"Amanecer o atardecer, sin luz artificial",Despejado,,Nivel verde,,No,No,No,Sí,No,No,Sí,2020,2,MIÉRCOLES,18,Noche,Dias laborables
,1,0,0,13418,03133,No aplica,Calle,Frontal                                            ,,No inventariada,Calle,Municipal,Se desconoce,Seco y limpio,"Luz del día natural, solar",Despejado,,Nivel blanco,,Sin especificar,Sin especificar,Sin especificar,Sin especificar,Sin especificar,Sin especificar,Sin especificar,2020,2,SÁBADO,12,Tarde,Fines de semana
,2,0,0,13419,03133,No aplica,Calle,Salida de la vía por la derecha con colisión       ,,No inventariada,Calle,Municipal,Se desconoce,Seco y limpio,"Luz del día natural, solar",Despejado,,Nivel verde,,No,No,No,Sí,No,No,Sí,2020,2,MARTES,16,Tarde,Dias laborables
,1,0,0,13420,03133,No aplica,Calle,Salida de la vía por la izquierda con colisión     ,,No inventariada,Calle,Municipal,Se desconoce,Seco y limpio,"Luz del día natural, solar",Despejado,,Nivel amarillo,,No,No,No,Sí,Sí,No,Sí,2020,2,MIÉRCOLES,15,Tarde,Dias laborables
,1,0,0,13421,03133,No aplica,Calle,Por alcance                                        ,,No inventariada,Calle,Municipal,Se desconoce,Seco y limpio,"Luz del día natural, solar",Despejado,,Nivel verde,,No,No,No,No,No,No,Sí,2020,2,DOMINGO,13,Tarde,Fines de semana
,0,1,0,13422,03133,No aplica,Calle,Caída                                              ,,No inventariada,Calle,Municipal,Se desconoce,Seco y limpio,"Luz del día natural, solar",Despejado,,Nivel blanco,,Sin especificar,Sin especificar,Sin especificar,Sin especificar,Sin especificar,Sin especificar,Sin especificar,2020,1,SÁBADO,16,Tarde,Fines de semana
,0,1,0,13423,03133,No aplica,Calle,Fronto-lateral                                     ,,No inventariada,Calle,Municipal,Se desconoce,Seco y limpio,Sin luz natural y con iluminación artificial encen,Despejado,,Nivel blanco,,No,No,No,Sí,No,No,Sí,2020,2,SÁBADO,22,Noche,Fines de semana
,2,0,0,13424,03133,No aplica,Calle,Fronto-lateral                                     ,,No inventariada,Calle,Municipal,Se desconoce,Seco y limpio,"Luz del día natural, solar",Despejado,,Nivel rojo,,No,No,No,Sí,No,No,Sí,2020,2,LUNES,13,Tarde,Dias laborables
,2,0,0,13425,03133,No aplica,Calle,Atropello a personas                               ,,No inventariada,Calle,Municipal,Se desconoce,Seco y limpio,"Luz del día natural, solar",Despejado,,Nivel verde,,Sin especificar,Sin especificar,Sin especificar,Sin especificar,Sin especificar,Sin especificar,Sin especificar,2020,2,MIÉRCOLES,16,Tarde,Dias laborables
,1,0,0,13426,03133,No aplica,Calle,Por alcance                                        ,,No inventariada,Calle,Municipal,Se desconoce,Seco y limpio,"Luz del día natural, solar",Despejado,,Nivel rojo,,No,No,No,No,No,No,No,2020,2,JUEVES,12,Tarde,Dias laborables
53.0,2,0,0,13427,03133,Curva señalizada,Carretera,Salida de la vía por la izquierda con colisión     ,,N-332,Carretera Convencional de doble calzada,Estatal,Descendente,Seco y limpio,Sin luz natural y con iluminación artificial encen,Despejado,,Nivel blanco,,No,No,Sí,No,No,Sí,No,2020,2,DOMINGO,20,Noche,Fines de semana
57.0,1,0,0,13428,03133,Recta,Carretera,Por alcance                                        ,,N-332,Carretera Convencional de calzada única,Estatal,Descendente,Seco y limpio,"Luz del día natural, solar",Despejado,,Nivel blanco,,Sin especificar,Sin especificar,Sin especificar,Sin especificar,Sin especificar,Sin especificar,Sin especificar,2020,2,JUEVES,18,Noche,Dias laborables
,0,1,0,13429,03133,No aplica,Calle,Fronto-lateral                                     ,,No inventariada,Calle,Municipal,Se desconoce,Seco y limpio,"Luz del día natural, solar",Despejado,,Nivel blanco,,No,No,No,Sí,No,No,Sí,2020,2,DOMINGO,13,Tarde,Fines de semana
,0,0,1,13430,03133,No aplica,Calle,Atropello a personas                               ,,No inventariada,Calle,Municipal,Se desconoce,Seco y limpio,"Amanecer o atardecer, sin luz artificial",Despejado,,Nivel amarillo,,Sin especificar,Sin especificar,Sin especificar,Sin especificar,Sin especificar,Sin especificar,Sin especificar,2020,2,MIÉRCOLES,20,Noche,Dias laborables
8.04,1,0,0,13431,03133,Recta,Carretera,Colisión contra obstáculo o elemento de la vía     ,,CV-905,Carretera Convencional de doble calzada,Autonómica,Ascendente,Seco y limpio,Sin luz natural y con iluminación artificial encen,Despejado,,Nivel blanco,,Sin especificar,Sin especificar,Sin especificar,Sin especificar,Sin especificar,Sin especificar,Sin especificar,2020,3,MARTES,21,Noche,Dias laborables
57.8,1,0,0,13432,03133,Recta,Carretera,Por alcance                                        ,,N-332,Carretera Convencional de calzada única,Estatal,Descendente,Seco y limpio,"Luz del día natural, solar",Despejado,,Nivel verde,,Sin especificar,Sin especificar,Sin especificar,Sin especificar,Sin especificar,Sin especificar,Sin especificar,2020,3,SÁBADO,14,Tarde,Fines de semana
,1,0,0,13433,03133,No aplica,Calle,Por alcance                                        ,,No inventariada,Calle,Municipal,Se desconoce,Seco y limpio,"Luz del día natural, solar",Despejado,,Nivel blanco,,Sin especificar,Sin especificar,Sin especificar,Sin especificar,Sin especificar,Sin especificar,Sin especificar,2020,1,MARTES,16,Tarde,Dias laborables