KM,TOTAL_HL24H,TOTAL_HG24H,TOTAL_MU24H,id,COD_MUNICIPIO,TRAZADO_PLANTA,ZONA,TIPO_ACCIDENTE,CARRETERA_CRUCE,CARRETERA,TIPO_VIA,TITULARIDAD_VIA,SENTIDO_1F,CONDICION_FIRME,CONDICION_ILUMINACION,CONDICION_METEO,CONDICION_NIEBLA,CONDICION_NIVEL_CIRCULA,CONDICION_VIENTO,PRIORI_AGENTE,PRIORI_CIRCUNSTANCIAL,PRIORI_HORIZ_CEDA,PRIORI_HORIZ_STOP,PRIORI_SEMAFORO,PRIORI_VERT_CEDA,PRIORI_VERT_STOP,ANYO,MES,DIA,HORA,FRANJA_HORARIA,TIPO_DIA
,1,0,0,13527,03133,No aplica,Calle,Atropello a personas                               ,,No inventariada,Calle,Municipal,Se desconoce,Seco y limpio,Sin luz natural y con iluminación artificial encen,Despejado,,Nivel blanco,,Sin especificar,Sin especificar,Sin especificar,Sin especificar,Sin especificar,Sin especificar,Sin especificar,2020,9,VIERNES,21,Noche,Dias laborables
,1,0,0,13528,03133,No aplica,Calle,Salida de la vía por la derecha con colisión       ,,No inventariada,Calle,Municipal,Se desconoce,Seco y limpio,Sin luz natural y con iluminación artificial encen,Despejado,,Nivel blanco,,No,No,No,Sí,No,No,Sí,2020,11,SÁBADO,0,Madrugada,Fines de semana
,2,0,0,13529,03133,No aplica,Calle,Fronto-lateral                                     ,,No inventariada,Calle,Municipal,Se desconoce,Seco y limpio,Sin luz natural y con iluminación artificial encen,Despejado,,Nivel verde,,No,No,No,Sí,No,No,Sí,2020,12,VIERNES,17,Tarde,Dias laborables
1.0,1,0,0,13530,03133,Recta,Carretera,Por alcance                                        ,N-332,CV-95,Carretera Convencional de calzada única,Autonómica,Descendente,Seco y limpio,"Luz del día natural, solar",Despejado,,Nivel rojo,,No,No,Sí,No,No,No,No,2020,10,JUEVES,10,Mañana,Dias laborables
,1,0,0,13531,03133,No aplica,Calle,Fronto-lateral                                     ,,No inventariada,Calle,Municipal,Se desconoce,Seco y limpio,Sin luz natural y con iluminación artificial encen,Despejado,,Nivel verde,,No,No,No,Sí,No,No,Sí,2020,11,JUEVES,18,Noche,Dias laborables
,1,0,0,13532,03133,No aplica,Calle,Salida de la vía por la derecha con colisión       ,,No inventariada,Calle,Municipal,Se desconoce,Mojado,Sin luz natural y con iluminación artificial encen,Lluvia débil,,Nivel blanco,,Sin especificar,Sin especificar,Sin especificar,Sin especificar,Sin especificar,Sin especificar,Sin especificar,2020,11,DOMINGO,1,Madrugada,Fines de semana
,1,0,0,13533,03133,No aplica,Calle,Fronto-lateral                                     ,,No inventariada,Calle,Municipal,Se desconoce,Seco y limpio,Sin luz natural y con iluminación artificial encen,Despejado,,Nivel blanco,,No,No,Sí,No,No,Sí,No,2020,11,MARTES,23,Noche,Dias laborables
,2,0,0,13534,03133,No aplica,Calle,Fronto-lateral                                     ,,No inventariada,Calle,Municipal,Se desconoce,Seco y limpio,"Luz del día natural, solar",Despejado,,Nivel rojo,,No,No,No,Sí,No,No,Sí,2020,10,VIERNES,13,Tarde,Dias laborables
,1,0,0,13535,03133,No aplica,Calle,Por alcance                                        ,,No inventariada,Calle,Municipal,Se desconoce,Seco y limpio,"Luz del día natural, solar",Despejado,,Nivel amarillo,,No,No,No,Sí,No,No,Sí,2020,9,VIERNES,9,Mañana,Dias laborables
,8,0,0,13536,03133,No aplica,Calle,Salida de la vía por la izquierda con colisión     ,,No inventariada,Calle,Municipal,Se desconoce,Seco y limpio,Sin luz natural y con iluminación artificial encen,Despejado,,Nivel amarillo,,No,No,No,Sí,No,No,Sí,2020,10,MARTES,1,Madrugada,Dias laborables
,1,0,0,13537,03133,No aplica,Calle,Atropello a personas                               ,,No inventariada,Calle,Municipal,Se desconoce,Seco y limpio,"Luz del día natural, solar",Despejado,,Nivel verde,,No,No,No,Sí,No,No,Sí,2020,10,VIERNES,12,Tarde,Dias laborables
,4,0,0,13538,03133,No aplica,Calle,Salida de la vía por la derecha con colisión       ,,No inventariada,Calle,Municipal,Se desconoce,Seco y limpio,"Luz del día natural, solar",Despejado,,Nivel verde,,No,No,No,Sí,No,No,Sí,2020,10,JUEVES,17,Tarde,Dias laborables
,1,0,0,13539,03133,No aplica,Calle,Fronto-lateral                                     ,,No inventariada,Calle,Municipal,Se desconoce,Seco y limpio,"Luz del día natural, solar",Despejado,,Nivel blanco,,No,No,No,Sí,No,No,Sí,2020,10,SÁBADO,10,Mañana,Fines de semana
,1,0,0,13540,03133,No aplica,Calle,Fronto-lateral                                     ,,No inventariada,Calle,Municipal,Se desconoce,Seco y limpio,Sin luz natural y con iluminación artificial encen,Despejado,,Nivel blanco,,No,No,Sí,No,No,Sí,No,2020,10,JUEVES,22,Noche,Dias laborables
,1,0,0,13541,03133,No aplica,Calle,Fronto-lateral                                     ,,No inventariada,Calle,Municipal,Se desconoce,Seco y limpio,"Luz del día natural, solar",Despejado,,Nivel blanco,,Sin especificar,Sin especificar,Sin especificar,Sin especificar,Sin especificar,Sin especificar,Sin especificar,2020,9,MIÉRCOLES,15,Tarde,Dias laborables
,1,0,0,13542,03133,No aplica,Calle,Fronto-lateral                                     ,,No inventariada,Calle,Municipal,Se desconoce,Seco y limpio,"Luz del día natural, solar",Despejado,,Nivel verde,,Sin especificar,Sin especificar,Sin especificar,Sin especificar,Sin especificar,Sin especificar,Sin especificar,2020,8,LUNES,12,Tarde,Dias laborables
,2,0,0,13543,03133,No aplica,Calle,Por alcance                                        ,,No inventariada,Calle,Municipal,Se desconoce,Seco y limpio,"Luz del día natural, solar",Despejado,,Nivel rojo,,Sin especificar,Sin especificar,Sin especificar,Sin especificar,Sin especificar,Sin especificar,Sin especificar,2020,9,JUEVES,13,Tarde,Dias laborables
,1,0,0,13544,03133,No aplica,Calle,Fronto-lateral                                     ,,No inventariada,Calle,Municipal,Se desconoce,Seco y limpio,Sin luz natural y con iluminación artificial encen,Despejado,,Nivel blanco,,No,No,No,Sí,No,No,Sí,2020,8,DOMINGO,22,Noche,Fines de semana
,4,0,0,13545,03133,No aplica,Calle,Fronto-lateral                                     ,,No inventariada,Calle,Municipal,Se desconoce,Seco y limpio,Sin luz natural y con iluminación artificial encen,Despejado,,Nivel blanco,,No,No,No,Sí,No,No,Sí,2020,8,MIÉRCOLES,0,Madrugada,Dias laborables
,1,0,0,13546,03133,No aplica,Calle,Salida de la vía por la derecha con colisión       ,,No inventariada,Calle,Municipal,Se desconoce,Seco y limpio,Sin luz natural y con iluminación artificial encen,Despejado,,Nivel blanco,,No,No,No,No,No,No,Sí,2020,8,DOMINGO,0,Madrugada,Fines de semana
,1,0,0,13547,03133,No aplica,Calle,Fronto-lateral                                     ,,No inventariada,Calle,Municipal,Se desconoce,Seco y limpio,"Luz del día natural, solar",Despejado,,Nivel blanco,,No,No,No,Sí,No,No,Sí,2020,8,DOMINGO,12,Tarde,Fines de semana
,2,0,0,13548,03133,No aplica,Calle,Salida de la vía por la derecha con colisión       ,,No inventariada,Calle,Municipal,Se desconoce,Seco y limpio,"Luz del día natural, solar",Despejado,,Nivel blanco,,No,No,No,Sí,No,No,Sí,2020,9,VIERNES,17,Tarde,Dias laborables
,1,0,0,13549,03133,No aplica,Calle,Salida de la vía por la derecha con colisión       ,,No inventariada,Calle,Municipal,Se desconoce,Mojado,"Luz del día natural, solar",Lluvia débil,,Nivel blanco,,No,No,No,No,No,No,Sí,2020,9,VIERNES,14,Tarde,Dias laborables
,1,0,0,13550,03133,No aplica,Calle,Atropello a personas                               ,,No inventariada,Calle,Municipal,Se desconoce,Seco y limpio,Sin luz natural y con iluminación artificial encen,Despejado,,Nivel amarillo,,No,No,No,Sí,No,No,Sí,2020,9,LUNES,1,Madrugada,Dias laborables
,2,0,0,13551,03133,No aplica,Calle,Salida de la vía por la derecha con colisión       ,,No inventariada,Calle,Municipal,Se desconoce,Seco y limpio,"Luz del día natural, solar",Despejado,,Nivel blanco,,No,No,No,Sí,No,No,Sí,2020,9,LUNES,16,Tarde,Dias laborables
22.6,2,0,0,13552,03133,Recta,Carretera,Fronto-lateral                                     ,,CV-95,Carretera Convencional de calzada única,Autonómica,Ascendente,Seco y limpio,"Luz del día natural, solar",Despejado,,Nivel blanco,,Sin especificar,Sin especificar,Sin especificar,Sin especificar,Sin especificar,Sin especificar,Sin especificar,2020,12,DOMINGO,12,Tarde,Fines de semana
25.4,1,0,0,13553,00000,Curva señalizada,Carretera,"Salida de la vía por la izquierda, otro tipo       ",,CV-712,Carretera Convencional de calzada única,"Provincial, Cabildo/Consell",Ascendente,Seco y limpio,"Luz del día natural, solar",Despejado,,Nivel blanco,,Sin especificar,Sin especificar,Sin especificar,Sin especificar,Sin especificar,Sin especificar,Sin especificar,2020,2,DOMINGO,11,Mañana,Fines de semana
10.9,1,0,0,13554,00000,Curva señalizada,Carretera,Salida de la vía por la derecha con despeñamiento  ,,CV-712,Carretera Convencional de calzada única,"Provincial, Cabildo/Consell",Descendente,Seco y limpio,"Luz del día natural, solar",Despejado,,Nivel blanco,,Sin especificar,Sin especificar,Sin especificar,Sin especificar,Sin especificar,Sin especificar,Sin especificar,2020,2,DOMINGO,11,Mañana,Fines de semana
14.15,0,0,1,13555,00000,Curva señalizada,Carretera,Salida de la vía por la derecha con colisión       ,,CV-712,Carretera Convencional de calzada única,"Provincial, Cabildo/Consell",Ascendente,Seco y limpio,"Luz del día natural, solar",Despejado,,Nivel blanco,,Sin especificar,Sin especificar,Sin especificar,Sin especificar,Sin especificar,Sin especificar,Sin especificar,2020,8,SÁBADO,9,Mañana,Fines de semana
36.9,1,0,0,13556,00000,Curva sin señalizar,Carretera,Salida de la vía por la derecha con vuelco         ,,CV-700,Carretera Convencional de calzada única,Autonómica,Ascendente,Seco y limpio,"Luz del día natural, solar",Despejado,,Nivel blanco,,Sin especificar,Sin especificar,Sin especificar,Sin especificar,Sin especificar,Sin especificar,Sin especificar,2020,5,DOMINGO,11,Mañana,Fines de semana
,1,0,0,13557,00000,No aplica,Calle,Salida de la vía por la derecha con despeñamiento  ,,No inventariada,Senda ciclable,Municipal,Se desconoce,Seco y limpio,"Luz del día natural, solar",Despejado,,Nivel blanco,,Sin especificar,Sin especificar,Sin especificar,Sin especificar,Sin especificar,Sin especificar,Sin especificar,2020,9,SÁBADO,19,Noche,Fines de semana
66.3,1,0,0,13558,00000,Recta,Carretera,Por alcance                                        ,,CV-700,Carretera Convencional de calzada única,Autonómica,Descendente,Seco y limpio,"Luz del día natural, solar",Despejado,,Nivel blanco,,Sin especificar,Sin especificar,Sin especificar,Sin especificar,Sin especificar,Sin especificar,Sin especificar,2020,1,LUNES,16,Tarde,Dias laborables
,3,0,0,13559,00000,No aplica,Calle,Por alcance                                        ,,No inventariada,Calle,Municipal,Se desconoce,Seco y limpio,Sin luz natural y con iluminación artificial encen,Despejado,,Nivel blanco,,Sin especificar,Sin especificar,Sin especificar,Sin especificar,Sin especificar,Sin especificar,Sin especificar,2020,1,MARTES,19,Noche,Dias laborables
200.0,1,0,0,13560,00000,Curva señalizada,Carretera,Fronto-lateral                                     ,,N-332,Carretera Convencional de calzada única,Estatal,Descendente,Seco y limpio,Sin luz natural y con iluminación artificial encen,Despejado,,Nivel blanco,,No,No,Sí,No,No,Sí,No,2020,6,MIÉRCOLES,22,Noche,Dias laborables
,1,0,0,13561,00000,No aplica,Calle,Fronto-lateral                                     ,,No inventariada,Calle,Municipal,Se desconoce,Seco y limpio,"Luz del día natural, solar",Despejado,,Nivel blanco,,No,No,Sí,No,No,Sí,No,2020,6,JUEVES,18,Noche,Dias laborables
153.7,0,1,0,13562,03011,Recta,Carretera,Salida de la vía por la derecha con colisión       ,,N-332,Carretera Convencional de calzada única,Estatal,Ascendente,Seco y limpio,"Luz del día natural, solar",Despejado,,Nivel blanco,,Sin especificar,Sin especificar,Sin especificar,Sin especificar,Sin especificar,Sin especificar,Sin especificar,2020,2,JUEVES,15,Tarde,Dias laborables
666.1,0,1,0,13563,03139,Curva sin señalizar,Carretera,Atropello a personas                               ,,AP-7,Autopista libre,Estatal,Ascendente,Seco y limpio,Sin luz natural ni artificial,Despejado,,Nivel verde,,Sin especificar,Sin especificar,Sin especificar,Sin especificar,Sin especificar,Sin especificar,Sin especificar,2020,2,VIERNES,20,Noche,Dias laborables
,1,0,0,13564,03139,No aplica,Calle,Fronto-lateral                                     ,,No inventariada,Calle,Municipal,Se desconoce,Seco y limpio,Sin luz natural y con iluminación artificial encen,Despejado,,Nivel blanco,,No,No,No,No,No,Sí,No,2020,1,SÁBADO,23,Noche,Fines de semana
,1,0,0,13565,03139,No aplica,Calle,Por alcance                                        ,,No inventariada,Calle,Municipal,Se desconoce,Seco y limpio,"Luz del día natural, solar",Despejado,,Nivel blanco,,Sin especificar,Sin especificar,Sin especificar,Sin especificar,Sin especificar,Sin especificar,Sin especificar,2020,1,LUNES,21,Noche,Dias laborables
,1,0,0,13566,03139,No aplica,Calle,Salida de la vía por la izquierda con despeñamiento,,No inventariada,Calle,Municipal,Se desconoce,Seco y limpio,"Amanecer o atardecer, con luz artificial",Despejado,,Nivel blanco,,Sin especificar,Sin especificar,Sin especificar,Sin especificar,Sin especificar,Sin especificar,Sin especificar,2020,1,MARTES,20,Noche,Dias laborables
,1,0,0,13567,03139,No aplica,Calle,Fronto-lateral                                     ,,No inventariada,Calle,Municipal,Se desconoce,Seco y limpio,"Amanecer o atardecer, con luz artificial",Despejado,,Nivel blanco,,No,No,No,No,No,No,No,2020,1,JUEVES,19,Noche,Dias laborables
,1,0,0,13568,03139,No aplica,Calle,Fronto-lateral                                     ,,No inventariada,Calle,Municipal,Se desconoce,Seco y limpio,"Luz del día natural, solar",Despejado,,Nivel blanco,,No,No,No,No,No,No,No,2020,2,LUNES,9,Mañana,Dias laborables
,1,0,0,13569,03139,No aplica,Calle,Otro tipo de accidente                             ,,No inventariada,Calle,Municipal,Se desconoce,Seco y limpio,"Luz del día natural, solar",Despejado,,Nivel verde,,Sin especificar,Sin especificar,Sin especificar,Sin especificar,Sin especificar,Sin especificar,Sin especificar,2020,2,MARTES,7,Mañana,Dias laborables
,1,0,0,13570,03139,No aplica,Calle,Por alcance                                        ,,No inventariada,Calle,Municipal,Se desconoce,Seco y limpio,"Luz del día natural, solar",Despejado,,Nivel blanco,,Sin especificar,Sin especificar,Sin especificar,Sin especificar,Sin especificar,Sin especificar,Sin especificar,2020,2,JUEVES,17,Tarde,Dias laborables
,1,0,0,13571,03139,No aplica,Calle,Caída                                              ,,No inventariada,Calle,Municipal,Se desconoce,Con aceite,"Luz del día natural, solar",Despejado,,Nivel blanco,,Sin especificar,Sin especificar,Sin especificar,Sin especificar,Sin especificar,Sin especificar,Sin especificar,2020,2,LUNES,10,Mañana,Dias laborables
,1,0,0,13572,03139,No aplica,Calle,Múltiple o en caravana                             ,,No inventariada,Calle,Municipal,Se desconoce,Seco y limpio,"Luz del día natural, solar",Despejado,,Nivel blanco,,No,No,No,No,Sí,No,No,2020,2,SÁBADO,13,Tarde,Fines de semana
,0,1,0,13573,03139,No aplica,Calle,Fronto-lateral                                     ,,No inventariada,Calle,Municipal,Se desconoce,Seco y limpio,Sin luz natural y con iluminación artificial encen,Despejado,,Nivel verde,,No,No,No,No,No,No,No,2020,2,SÁBADO,22,Noche,Fines de semana
,1,0,0,13574,03139,No aplica,Calle,Por alcance                                        ,,No inventariada,Calle,Municipal,Se desconoce,Seco y limpio,"Luz del día natural, solar",Despejado,,Nivel blanco,,Sin especificar,Sin especificar,Sin especificar,Sin especificar,Sin especificar,Sin especificar,Sin especificar,2020,3,SÁBADO,18,Noche,Fines de semana
,1,0,0,13575,03139,No aplica,Calle,Atropello a personas                               ,,No inventariada,Calle,Municipal,Se desconoce,Seco y limpio,"Luz del día natural, solar",Despejado,,Nivel blanco,,No,No,No,No,No,No,No,2020,3,MIÉRCOLES,9,Mañana,Dias laborables
,1,0,0,13576,03139,No aplica,Calle,Lateral                                            ,,No inventariada,Calle,Municipal,Se desconoce,Seco y limpio,"Luz del día natural, solar",Despejado,,Nivel blanco,,Sin especificar,Sin especificar,Sin especificar,Sin especificar,Sin especificar,Sin especificar,Sin especificar,2020,3,MIÉRCOLES,13,Tarde,Dias laborables
,1,0,0,13577,03139,No aplica,Calle,Por alcance                                        ,,No inventariada,Calle,Municipal,Se desconoce,Seco y limpio,Sin luz natural y con iluminación artificial encen,Despejado,,Nivel blanco,,Sin especificar,Sin especificar,Sin especificar,Sin especificar,Sin especificar,Sin especificar,Sin especificar,2020,3,JUEVES,19,Noche,Dias laborables
,0,0,1,13578,03139,No aplica,Calle,Salida de la vía por la izquierda con colisión     ,,No inventariada,Calle,Municipal,Se desconoce,Seco y limpio,Sin luz natural y con iluminación artificial encen,Despejado,,Sin especificar,,No,No,Sí,No,No,Sí,No,2020,5,LUNES,23,Noche,Dias laborables
6.8,2,0,0,13579,03139,Recta,Carretera,Frontal                                            ,,CV-770,Carretera Convencional de calzada única,"Provincial, Cabildo/Consell",Ascendente,Seco y limpio,"Luz del día natural, solar",Despejado,,Nivel blanco,,No,No,No,No,No,No,Sí,2020,5,VIERNES,10,Mañana,Dias laborables
659.0,1,0,0,13580,03139,Curva señalizada,Carretera,Caída                                              ,,AP-7,Autopista libre,Estatal,Descendente,Seco y limpio,"Luz del día natural, solar",Despejado,,Nivel blanco,,No,No,No,No,No,No,No,2020,5,MARTES,13,Tarde,Dias laborables
,1,0,0,13581,03139,No aplica,Calle,Por alcance                                        ,,No inventariada,Calle,Municipal,Se desconoce,Seco y limpio,"Amanecer o atardecer, sin luz artificial",Despejado,,Nivel blanco,,No,No,Sí,No,No,No,No,2020,6,MIÉRCOLES,21,Noche,Dias laborables
,1,0,0,13582,03139,No aplica,Calle,Caída                                              ,,No inventariada,Calle,Municipal,Se desconoce,Mojado,"Amanecer o atardecer, con luz artificial",Lluvia fuerte,,Nivel blanco,,Sin especificar,Sin especificar,Sin especificar,Sin especificar,Sin especificar,Sin especificar,Sin especificar,2020,6,DOMINGO,21,Noche,Fines de semana
132.0,1,0,0,13583,03139,Recta,Carretera,Fronto-lateral                                     ,,N-332,Carretera Convencional de calzada única,Estatal,Descendente,Seco y limpio,"Luz del día natural, solar",Despejado,,Nivel amarillo,,No,No,No,No,No,No,No,2020,8,MIÉRCOLES,12,Tarde,Dias laborables
2.8,1,0,0,13584,03139,Recta,Carretera,Fronto-lateral                                     ,CV-770,CV-770,Carretera Convencional de calzada única,"Provincial, Cabildo/Consell",Ambos,Seco y limpio,"Luz del día natural, solar",Despejado,,Nivel blanco,,No,No,No,No,No,Sí,No,2020,8,VIERNES,7,Mañana,Dias laborables
3.6,1,0,0,13585,03139,Curva señalizada,Carretera,Salida de la vía por la derecha otro tipo          ,,CV-770,Carretera Convencional de calzada única,"Provincial, Cabildo/Consell",Descendente,Seco y limpio,Sin luz natural ni artificial,Despejado,,Nivel blanco,,Sin especificar,Sin especificar,Sin especificar,Sin especificar,Sin especificar,Sin especificar,Sin especificar,2020,8,JUEVES,0,Madrugada,Dias laborables
656.7,1,0,0,13586,03139,Curva sin señalizar,Carretera,Colisión contra obstáculo o elemento de la vía     ,,AP-7,Autopista libre,Estatal,Descendente,Seco y limpio,"Luz del día natural, solar",Despejado,,Nivel blanco,,Sin especificar,Sin especificar,Sin especificar,Sin especificar,Sin especificar,Sin especificar,Sin especificar,2020,9,LUNES,13,Tarde,Dias laborables
134.7,1,0,0,13587,03139,Recta,Carretera,Salida de la vía por la derecha con vuelco         ,,N-332,Carretera Convencional de calzada única,Estatal,Descendente,Seco y limpio,"Luz del día natural, solar",Despejado,,Nivel blanco,,Sin especificar,Sin especificar,Sin especificar,Sin especificar,Sin especificar,Sin especificar,Sin especificar,2020,9,LUNES,12,Tarde,Dias laborables
1.8,1,0,0,13588,03139,Curva señalizada,Carretera,Fronto-lateral                                     ,,CV-770,Carretera Convencional de calzada única,"Provincial, Cabildo/Consell",Ascendente,Seco y limpio,"Luz del día natural, solar",Despejado,,Nivel blanco,,No,No,Sí,No,No,Sí,No,2020,9,VIERNES,12,Tarde,Dias laborables
142.8,1,0,0,13589,03139,Recta,Carretera,Caída                                              ,,N-332a,Carretera Convencional de calzada única,Municipal,Descendente,Seco y limpio,Sin luz natural y con iluminación artificial encen,Despejado,,Nivel blanco,,Sin especificar,Sin especificar,Sin especificar,Sin especificar,Sin especificar,Sin especificar,Sin especificar,2020,9,VIERNES,21,Noche,Dias laborables
1.0,1,0,0,13590,03139,Curva señalizada,Carretera,Fronto-lateral                                     ,N-332,CV-770,Carretera Convencional de calzada única,"Provincial, Cabildo/Consell",Descendente,Seco y limpio,"Luz del día natural, solar",Despejado,,Nivel blanco,,No,No,No,No,No,No,No,2020,10,MARTES,12,Tarde,Dias laborables
143.7,1,0,0,13591,03069,Curva señalizada,Carretera,Fronto-lateral                                     ,N-332,N-332,Carretera Convencional de calzada única,Estatal,Ascendente,Seco y limpio,Sin luz natural ni artificial,Despejado,,Nivel blanco,,No,No,Sí,No,No,Sí,No,2020,10,DOMINGO,19,Noche,Fines de semana
133.8,0,1,0,13592,03139,Curva sin señalizar,Carretera,Frontal                                            ,,N-332,Carretera Convencional de calzada única,Estatal,Descendente,Seco y limpio,"Luz del día natural, solar",Despejado,,Nivel blanco,,No,No,No,No,No,No,No,2020,10,VIERNES,14,Tarde,Dias laborables
5.15,1,0,0,13593,03139,Recta,Carretera,Lateral                                            ,,CV-770,Carretera Convencional de calzada única,"Provincial, Cabildo/Consell",Descendente,Seco y limpio,"Luz del día natural, solar",Despejado,,Nivel blanco,,Sin especificar,Sin especificar,Sin especificar,Sin especificar,Sin especificar,Sin especificar,Sin especificar,2020,11,MARTES,13,Tarde,Dias laborables
141.0,0,1,0,13594,03139,Recta,Carretera,Lateral                                            ,,N-332,Carretera Convencional de calzada única,Estatal,Descendente,Seco y limpio,"Luz del día natural, solar",Despejado,,Nivel blanco,,Sin especificar,Sin especificar,Sin especificar,Sin especificar,Sin especificar,Sin especificar,Sin especificar,2020,11,DOMINGO,15,Tarde,Fines de semana
141.0,5,0,0,13595,03139,Recta,Carretera,Por alcance                                        ,,N-332,Carretera Convencional de calzada única,Estatal,Ascendente,Seco y limpio,"Luz del día natural, solar",Despejado,,Nivel amarillo,,Sin especificar,Sin especificar,Sin especificar,Sin especificar,Sin especificar,Sin especificar,Sin especificar,2020,11,DOMINGO,16,Tarde,Fines de semana
0.5,1,0,0,13596,03139,Recta,Carretera,Fronto-lateral                                     ,,CV-770,Carretera Convencional de calzada única,"Provincial, Cabildo/Consell",Ascendente,Seco y limpio,"Luz del día natural, solar",Despejado,,Nivel blanco,,Sin especificar,Sin especificar,Sin especificar,Sin especificar,Sin especificar,Sin especificar,Sin especificar,2020,11,DOMINGO,10,Mañana,Fines de semana
2.15,1,0,0,13597,03139,Recta,Carretera,Fronto-lateral                                     ,,CV-770,Carretera Convencional de calzada única,"Provincial, Cabildo/Consell",Descendente,Seco y limpio,"Amanecer o atardecer, con luz artificial",Despejado,,Nivel blanco,,No,No,No,No,No,No,Sí,2020,12,MARTES,18,Noche,Dias laborables
184.8,1,0,0,13598,03140,Curva señalizada,Carretera,Salida de la vía por la izquierda con vuelco       ,,A-31,Autovía,Estatal,Descendente,Seco y limpio,Sin luz natural ni artificial,Despejado,,Nivel blanco,,Sin especificar,Sin especificar,Sin especificar,Sin especificar,Sin especificar,Sin especificar,Sin especificar,2020,1,DOMINGO,2,Madrugada,Fines de semana
83.2,1,0,0,13599,03140,Recta,Carretera,Salida de la vía por la derecha otro tipo          ,,A-33,Autovía,Estatal,Descendente,Seco y limpio,"Luz del día natural, solar",Despejado,,Nivel blanco,,Sin especificar,Sin especificar,Sin especificar,Sin especificar,Sin especificar,Sin especificar,Sin especificar,2020,1,SÁBADO,11,Mañana,Fines de semana
,1,0,0,13600,03140,No aplica,Calle,Atropello a personas                               ,,No inventariada,Calle,Municipal,Se desconoce,Seco y limpio,"Luz del día natural, solar",Despejado,,Nivel blanco,,Sin especificar,Sin especificar,Sin especificar,Sin especificar,Sin especificar,Sin especificar,Sin especificar,2020,1,SÁBADO,17,Tarde,Fines de semana
51.65,1,0,0,13601,03140,Recta,Carretera,Por alcance                                        ,,CV-81,Carretera Convencional de calzada única,Autonómica,Ascendente,Seco y limpio,"Luz del día natural, solar",Despejado,,Nivel blanco,,No,No,No,No,No,No,No,2020,1,MIÉRCOLES,15,Tarde,Dias laborables
55.0,1,0,0,13602,03140,Recta,Carretera,Salida de la vía por la derecha otro tipo          ,,CV-81,Carretera Convencional de calzada única,Autonómica,Descendente,Seco y limpio,"Luz del día natural, solar",Nublado,,Nivel blanco,,Sin especificar,Sin especificar,Sin especificar,Sin especificar,Sin especificar,Sin especificar,Sin especificar,2020,1,MARTES,10,Mañana,Dias laborables
2.95,1,0,0,13603,03140,Recta,Carretera,Fronto-lateral                                     ,,CV-814,Carretera Convencional de calzada única,"Provincial, Cabildo/Consell",Ascendente,Seco y limpio,"Luz del día natural, solar",Nublado,,Nivel blanco,,No,No,No,Sí,No,No,Sí,2020,1,MARTES,16,Tarde,Dias laborables
188.2,0,1,0,13604,03140,Recta,Carretera,Por alcance                                        ,,A-31,Autovía,Estatal,Ascendente,Seco y limpio,"Amanecer o atardecer, sin luz artificial",Despejado,,Nivel blanco,,Sin especificar,Sin especificar,Sin especificar,Sin especificar,Sin especificar,Sin especificar,Sin especificar,2020,2,MIÉRCOLES,6,Mañana,Dias laborables
,1,0,0,13605,03140,No aplica,Calle,Atropello a personas                               ,,No inventariada,Calle,Municipal,Se desconoce,Seco y limpio,"Luz del día natural, solar",Despejado,,Nivel amarillo,,Sin especificar,Sin especificar,Sin especificar,Sin especificar,Sin especificar,Sin especificar,Sin especificar,2020,1,SÁBADO,13,Tarde,Fines de semana
,0,1,0,13606,03140,No aplica,Calle,Atropello a personas                               ,,No inventariada,Calle,Municipal,Se desconoce,Seco y limpio,"Luz del día natural, solar",Despejado,,Nivel blanco,,No,No,No,No,No,No,No,2020,1,LUNES,16,Tarde,Dias laborables
36.8,4,1,0,13607,03140,Recta,Carretera,Frontal                                            ,,CV-81,Carretera Convencional de calzada única,Autonómica,Ascendente,Seco y limpio,"Amanecer o atardecer, sin luz artificial",Despejado,,Nivel blanco,,Sin especificar,Sin especificar,Sin especificar,Sin especificar,Sin especificar,Sin especificar,Sin especificar,2020,3,MARTES,19,Noche,Dias laborables
182.0,1,0,0,13608,03140,Recta,Carretera,Salida de la vía por la derecha con colisión       ,,A-31,Autovía,Estatal,Descendente,Seco y limpio,"Luz del día natural, solar",Despejado,,Nivel blanco,,Sin especificar,Sin especificar,Sin especificar,Sin especificar,Sin especificar,Sin especificar,Sin especificar,2020,3,JUEVES,12,Tarde,Dias laborables
79.7,1,1,1,13609,03140,Curva sin señalizar,Carretera,Por alcance                                        ,,No inventariada,Autovía,Otra,Ascendente,Mojado,Sin luz natural ni artificial,Nublado,,Nivel blanco,,Sin especificar,Sin especificar,Sin especificar,Sin especificar,Sin especificar,Sin especificar,Sin especificar,2020,3,SÁBADO,0,Madrugada,Fines de semana
2.1,1,0,0,13610,03140,Se desconoce,Carretera,Caída                                              ,,CV-829,Carretera Convencional de calzada única,"Provincial, Cabildo/Consell",Ascendente,Seco y limpio,"Luz del día natural, solar",Despejado,,Nivel blanco,,Sin especificar,Sin especificar,Sin especificar,Sin especificar,Sin especificar,Sin especificar,Sin especificar,2020,5,MIÉRCOLES,16,Tarde,Dias laborables
48.2,1,0,0,13611,03140,Curva señalizada,Carretera,Salida de la vía por la izquierda con colisión     ,,CV-81,Carretera Convencional de calzada única,Autonómica,Ascendente,Seco y limpio,"Luz del día natural, solar",Despejado,,Nivel blanco,,Sin especificar,Sin especificar,Sin especificar,Sin especificar,Sin especificar,Sin especificar,Sin especificar,2020,6,VIERNES,7,Mañana,Dias laborables