KM,TOTAL_HL24H,TOTAL_HG24H,TOTAL_MU24H,id,COD_MUNICIPIO,TRAZADO_PLANTA,ZONA,TIPO_ACCIDENTE,CARRETERA_CRUCE,CARRETERA,TIPO_VIA,TITULARIDAD_VIA,SENTIDO_1F,CONDICION_FIRME,CONDICION_ILUMINACION,CONDICION_METEO,CONDICION_NIEBLA,CONDICION_NIVEL_CIRCULA,CONDICION_VIENTO,PRIORI_AGENTE,PRIORI_CIRCUNSTANCIAL,PRIORI_HORIZ_CEDA,PRIORI_HORIZ_STOP,PRIORI_SEMAFORO,PRIORI_VERT_CEDA,PRIORI_VERT_STOP,ANYO,MES,DIA,HORA,FRANJA_HORARIA,TIPO_DIA
,1,0,0,13701,03093,No aplica,Calle,Fronto-lateral                                     ,,No inventariada,Calle,Municipal,Se desconoce,Seco y limpio,Sin luz natural y con iluminación artificial encen,Despejado,,Nivel blanco,,No,No,No,Sí,No,No,No,2020,11,VIERNES,21,Noche,Dias laborables
,1,0,0,13702,03093,No aplica,Calle,Caída                                              ,,No inventariada,Recinto delimitado,Municipal,Se desconoce,Seco y limpio,Sin luz natural y con iluminación artificial encen,Despejado,,Nivel blanco,,Sin especificar,Sin especificar,Sin especificar,Sin especificar,Sin especificar,Sin especificar,Sin especificar,2020,12,MIÉRCOLES,22,Noche,Dias laborables
,0,1,0,13703,03093,No aplica,Calle,Fronto-lateral                                     ,,No inventariada,Calle,Municipal,Se desconoce,Seco y limpio,Sin luz natural y con iluminación artificial encen,Despejado,,Nivel blanco,,No,No,No,No,No,Sí,No,2020,12,SÁBADO,21,Noche,Fines de semana
,1,0,0,13704,03093,No aplica,Calle,Fronto-lateral                                     ,,No inventariada,Calle,Municipal,Se desconoce,Seco y limpio,"Luz del día natural, solar",Despejado,,Nivel verde,,No,No,No,No,No,No,Sí,2020,12,DOMINGO,15,Tarde,Fines de semana
,1,0,0,13705,03099,No aplica,Calle,Fronto-lateral                                     ,,No inventariada,Calle,Municipal,Se desconoce,Seco y limpio,Sin luz natural y con iluminación artificial encen,Despejado,,Nivel blanco,,No,No,No,No,No,No,Sí,2020,12,JUEVES,20,Noche,Dias laborables
,3,0,0,13706,03099,No aplica,Calle,Por alcance                                        ,,No inventariada,Calle,Autonómica,Se desconoce,Seco y limpio,"Luz del día natural, solar",Nublado,,Nivel rojo,,No,No,No,No,Sí,No,No,2020,12,MARTES,13,Tarde,Dias laborables
,1,0,0,13707,03099,No aplica,Calle,Fronto-lateral                                     ,,No inventariada,Calle,Municipal,Se desconoce,Seco y limpio,"Luz del día natural, solar",Despejado,,Nivel verde,,No,No,No,No,No,Sí,No,2020,12,SÁBADO,17,Tarde,Fines de semana
,1,0,0,13708,03104,No aplica,Calle,Lateral                                            ,,No inventariada,Calle,Municipal,Se desconoce,Seco y limpio,"Luz del día natural, solar",Despejado,,Nivel blanco,,No,No,No,No,No,No,No,2020,11,MARTES,10,Mañana,Dias laborables
,1,0,0,13709,03104,No aplica,Calle,Atropello a personas                               ,,No inventariada,Calle,Municipal,Se desconoce,Mojado,"Luz del día natural, solar",Se desconoce,,Nivel blanco,,Sin especificar,Sin especificar,Sin especificar,Sin especificar,Sin especificar,Sin especificar,Sin especificar,2020,11,VIERNES,11,Mañana,Dias laborables
,1,0,0,13710,03104,No aplica,Calle,Fronto-lateral                                     ,,No inventariada,Calle,Municipal,Se desconoce,Seco y limpio,Sin luz natural y con iluminación artificial encen,Despejado,,Sin especificar,,No,No,No,No,No,No,Sí,2020,11,MIÉRCOLES,23,Noche,Dias laborables
,1,0,0,13711,03104,No aplica,Calle,Atropello a personas                               ,,No inventariada,Calle,Municipal,Se desconoce,Seco y limpio,"Luz del día natural, solar",Despejado,,Sin especificar,,Sin especificar,Sin especificar,Sin especificar,Sin especificar,Sin especificar,Sin especificar,Sin especificar,2020,11,JUEVES,13,Tarde,Dias laborables
,1,1,2,13712,03105,No aplica,Calle,Fronto-lateral                                     ,,No inventariada,Calle,Municipal,Se desconoce,Seco y limpio,"Luz del día natural, solar",Despejado,,Nivel blanco,,No,No,No,No,No,No,No,2020,7,DOMINGO,15,Tarde,Fines de semana
,0,1,0,13713,03119,No aplica,Calle,Atropello a personas                               ,,No inventariada,Calle,Municipal,Se desconoce,Seco y limpio,"Luz del día natural, solar",Despejado,,Nivel blanco,,No,No,No,No,No,No,No,2020,9,MIÉRCOLES,8,Mañana,Dias laborables
,0,1,0,13714,03119,No aplica,Calle,Fronto-lateral                                     ,,No inventariada,Calle,Municipal,Se desconoce,Seco y limpio,"Luz del día natural, solar",Despejado,,Nivel blanco,,No,No,No,No,No,Sí,No,2020,12,JUEVES,17,Tarde,Dias laborables
0.8,1,0,0,13715,03122,Curva señalizada,Carretera,Salida de la vía por la derecha con colisión       ,A-77a,A-77a,Autovía,Estatal,Descendente,Seco y limpio,Sin luz natural y con iluminación artificial encen,Despejado,,Nivel blanco,,No,No,No,No,No,Sí,No,2020,12,SÁBADO,19,Noche,Fines de semana
,1,0,0,13716,03133,No aplica,Calle,Fronto-lateral                                     ,,No inventariada,Calle,Municipal,Se desconoce,Seco y limpio,"Luz del día natural, solar",Despejado,,Nivel blanco,,No,No,No,Sí,No,No,Sí,2020,10,SÁBADO,13,Tarde,Fines de semana
,3,0,0,13717,03133,No aplica,Calle,Fronto-lateral                                     ,,No inventariada,Calle,Municipal,Se desconoce,Seco y limpio,Sin luz natural y con iluminación artificial encen,Despejado,,Nivel blanco,,No,No,No,Sí,No,No,Sí,2020,12,DOMINGO,0,Madrugada,Fines de semana
,1,0,0,13718,03133,No aplica,Calle,Por alcance                                        ,,No inventariada,Calle,Municipal,Se desconoce,Seco y limpio,Sin luz natural y con iluminación artificial encen,Despejado,,Nivel amarillo,,No,No,No,Sí,No,No,Sí,2020,12,MIÉRCOLES,21,Noche,Dias laborables
,1,0,0,13719,03133,No aplica,Calle,Fronto-lateral                                     ,,No inventariada,Calle,Municipal,Se desconoce,Seco y limpio,Sin luz natural y con iluminación artificial encen,Despejado,,Nivel rojo,,No,No,No,Sí,No,No,Sí,2020,12,MIÉRCOLES,18,Noche,Dias laborables
,1,0,0,13720,03133,No aplica,Calle,Fronto-lateral                                     ,,No inventariada,Calle,Municipal,Se desconoce,Seco y limpio,Sin luz natural y con iluminación artificial encen,Despejado,,Nivel verde,,No,No,No,Sí,No,No,Sí,2020,12,DOMINGO,22,Noche,Fines de semana
,3,0,0,13721,03133,No aplica,Calle,Por alcance                                        ,,No inventariada,Calle,Municipal,Se desconoce,Seco y limpio,Sin luz natural y con iluminación artificial encen,Despejado,,Nivel blanco,,Sin especificar,Sin especificar,Sin especificar,Sin especificar,Sin especificar,Sin especificar,Sin especificar,2020,9,MIÉRCOLES,23,Noche,Dias laborables
,1,0,0,13722,03133,No aplica,Calle,Caída                                              ,,No inventariada,Calle,Municipal,Se desconoce,Seco y limpio,"Luz del día natural, solar",Despejado,,Nivel blanco,,No,No,Sí,No,No,Sí,No,2020,11,DOMINGO,10,Mañana,Fines de semana
,2,0,0,13723,03133,No aplica,Calle,Fronto-lateral                                     ,,No inventariada,Calle,Municipal,Se desconoce,Seco y limpio,Sin luz natural y con iluminación artificial encen,Despejado,,Nivel blanco,,No,No,Sí,No,No,Sí,No,2020,11,SÁBADO,21,Noche,Fines de semana
6.5,1,0,0,13724,03133,Curva señalizada,Carretera,Fronto-lateral                                     ,,CV-905,Carretera Convencional de doble calzada,Autonómica,Ascendente,Seco y limpio,"Luz del día natural, solar",Despejado,,Sin especificar,,No,No,No,No,No,No,No,2020,12,LUNES,10,Mañana,Dias laborables
,0,1,0,13725,03133,No aplica,Calle,Atropello a personas                               ,,No inventariada,Calle,Municipal,Se desconoce,Seco y limpio,"Luz del día natural, solar",Despejado,,Nivel amarillo,,Sin especificar,Sin especificar,Sin especificar,Sin especificar,Sin especificar,Sin especificar,Sin especificar,2020,9,MIÉRCOLES,11,Mañana,Dias laborables
,1,0,0,13726,03133,No aplica,Calle,Salida de la vía por la izquierda con colisión     ,,No inventariada,Calle,Municipal,Se desconoce,Seco y limpio,"Luz del día natural, solar",Despejado,,Nivel verde,,No,No,No,Sí,No,No,Sí,2020,11,LUNES,7,Mañana,Dias laborables
,1,0,0,13727,03133,No aplica,Calle,Fronto-lateral                                     ,,No inventariada,Calle,Municipal,Se desconoce,Seco y limpio,Sin luz natural y con iluminación artificial encen,Despejado,,Nivel blanco,,Sin especificar,Sin especificar,Sin especificar,Sin especificar,Sin especificar,Sin especificar,Sin especificar,2020,11,SÁBADO,22,Noche,Fines de semana
,1,0,0,13728,00000,No aplica,Calle,Fronto-lateral                                     ,,No inventariada,Calle,Municipal,Se desconoce,Seco y limpio,"Luz del día natural, solar",Despejado,,Nivel blanco,,No,No,No,Sí,No,No,Sí,2020,10,LUNES,15,Tarde,Dias laborables
,1,0,0,13729,00000,No aplica,Calle,Fronto-lateral                                     ,,No inventariada,Calle,Municipal,Se desconoce,Seco y limpio,"Luz del día natural, solar",Despejado,,Nivel blanco,,Sin especificar,Sin especificar,Sin especificar,Sin especificar,Sin especificar,Sin especificar,Sin especificar,2020,11,DOMINGO,9,Mañana,Fines de semana
,0,1,0,13730,00000,No aplica,Calle,Atropello a personas                               ,,No inventariada,Calle,Municipal,Se desconoce,Mojado,Sin luz natural y con iluminación artificial encen,Lluvia débil,,Nivel blanco,,Sin especificar,Sin especificar,Sin especificar,Sin especificar,Sin especificar,Sin especificar,Sin especificar,2020,1,MIÉRCOLES,19,Noche,Dias laborables
,0,1,0,13731,03139,No aplica,Calle,Fronto-lateral                                     ,,No inventariada,Calle,Municipal,Se desconoce,Seco y limpio,"Luz del día natural, solar",Despejado,,Nivel blanco,,No,No,No,No,Sí,Sí,No,2020,8,JUEVES,20,Noche,Dias laborables
,1,0,0,13732,03139,No aplica,Calle,Frontal                                            ,,No inventariada,Calle,Municipal,Se desconoce,Seco y limpio,"Amanecer o atardecer, sin luz artificial",Despejado,,Nivel verde,,Sin especificar,Sin especificar,Sin especificar,Sin especificar,Sin especificar,Sin especificar,Sin especificar,2020,8,DOMINGO,10,Mañana,Fines de semana
,1,0,0,13733,03139,No aplica,Calle,Fronto-lateral                                     ,,No inventariada,Calle,Municipal,Se desconoce,Seco y limpio,"Luz del día natural, solar",Despejado,,Nivel blanco,,No,No,No,No,No,Sí,No,2020,8,LUNES,18,Noche,Dias laborables
,1,0,0,13734,03139,No aplica,Calle,Por alcance                                        ,,No inventariada,Calle,Municipal,Se desconoce,Seco y limpio,"Luz del día natural, solar",Despejado,,Nivel amarillo,,Sin especificar,Sin especificar,Sin especificar,Sin especificar,Sin especificar,Sin especificar,Sin especificar,2020,8,JUEVES,14,Tarde,Dias laborables
,1,0,0,13735,03139,No aplica,Calle,Por alcance                                        ,,No inventariada,Calle,Municipal,Se desconoce,Seco y limpio,Sin luz natural y con iluminación artificial encen,Despejado,,Nivel blanco,,Sin especificar,Sin especificar,Sin especificar,Sin especificar,Sin especificar,Sin especificar,Sin especificar,2020,8,MIÉRCOLES,21,Noche,Dias laborables
,2,0,0,13736,03139,No aplica,Calle,Fronto-lateral                                     ,,No inventariada,Calle,Municipal,Se desconoce,Seco y limpio,"Luz del día natural, solar",Despejado,,Nivel blanco,,No,No,No,No,No,No,Sí,2020,8,VIERNES,20,Noche,Dias laborables
,1,0,0,13737,03139,No aplica,Calle,Fronto-lateral                                     ,,No inventariada,Calle,Municipal,Se desconoce,Seco y limpio,Sin luz natural y con iluminación artificial encen,Despejado,,Nivel blanco,,No,No,No,No,Sí,No,No,2020,9,MIÉRCOLES,21,Noche,Dias laborables
,2,0,0,13738,03140,No aplica,Calle,Fronto-lateral                                     ,,No inventariada,Calle,Municipal,Se desconoce,Seco y limpio,Sin luz natural y con iluminación artificial encen,Despejado,,Nivel blanco,,No,No,No,No,No,No,Sí,2020,12,MIÉRCOLES,20,Noche,Dias laborables
1.9,1,0,0,13739,00000,Recta,Carretera,Lateral                                            ,,CV-717,Carretera Convencional de calzada única,"Provincial, Cabildo/Consell",Ascendente,Seco y limpio,"Luz del día natural, solar",Despejado,,Sin especificar,,No,No,No,No,No,No,No,2021,8,MIÉRCOLES,19,Noche,Dias laborables
4.9,1,0,0,13740,00000,Curva señalizada,Carretera,Salida de la vía por la derecha con colisión       ,,CV-827,Carretera Convencional de calzada única,Autonómica,Descendente,Con barro o gravilla suelta,"Luz del día natural, solar",Despejado,,Nivel blanco,,Sin especificar,Sin especificar,Sin especificar,Sin especificar,Sin especificar,Sin especificar,Sin especificar,2021,6,DOMINGO,9,Mañana,Fines de semana
7.7,3,0,0,13741,00000,Curva señalizada,Carretera,Fronto-lateral                                     ,,CV-827,Carretera Convencional de calzada única,Autonómica,Ascendente,Seco y limpio,"Luz del día natural, solar",Despejado,,Nivel blanco,,Sin especificar,Sin especificar,Sin especificar,Sin especificar,Sin especificar,Sin especificar,Sin especificar,2021,12,SÁBADO,12,Tarde,Fines de semana
7.0,1,0,0,13742,00000,Curva señalizada,Carretera,Salida de la vía por la derecha otro tipo          ,,CV-700,Carretera Convencional de calzada única,Autonómica,Descendente,Seco y limpio,"Luz del día natural, solar",Despejado,,Nivel blanco,,Sin especificar,Sin especificar,Sin especificar,Sin especificar,Sin especificar,Sin especificar,Sin especificar,2021,5,LUNES,13,Tarde,Dias laborables
8.248,1,0,0,13743,00000,Recta,Carretera,Lateral                                            ,,CV-700,Ramal de enlace,Autonómica,Ascendente,Seco y limpio,"Luz del día natural, solar",Despejado,,Nivel verde,,No,No,No,No,No,No,No,2021,6,LUNES,19,Noche,Dias laborables
9.7,1,0,0,13744,00000,Curva señalizada,Carretera,Salida de la vía por la derecha con colisión       ,,CV-700,Carretera Convencional de calzada única,Autonómica,Ascendente,Seco y limpio,"Luz del día natural, solar",Despejado,,Nivel blanco,,Sin especificar,Sin especificar,Sin especificar,Sin especificar,Sin especificar,Sin especificar,Sin especificar,2021,8,LUNES,12,Tarde,Dias laborables
11.2,0,1,0,13745,00000,Recta,Carretera,Vuelco                                             ,,CV-700,Carretera Convencional de calzada única,Autonómica,Ascendente,Otra,"Luz del día natural, solar",Despejado,,Nivel blanco,,Sin especificar,Sin especificar,Sin especificar,Sin especificar,Sin especificar,Sin especificar,Sin especificar,2021,9,DOMINGO,16,Tarde,Fines de semana
12.437,1,0,0,13746,00000,Curva señalizada,Carretera,Caída                                              ,,CV-775,Carretera Convencional de calzada única,Autonómica,Descendente,Seco y limpio,"Amanecer o atardecer, sin luz artificial",Despejado,,Nivel blanco,,Sin especificar,Sin especificar,Sin especificar,Sin especificar,Sin especificar,Sin especificar,Sin especificar,2021,9,SÁBADO,19,Noche,Fines de semana
0.0,1,0,0,13747,03005,Recta,Carretera,Salida de la vía por la derecha otro tipo          ,,No inventariada,Camino vecinal,Municipal,Ambos,Mojado,"Amanecer o atardecer, sin luz artificial",Lluvia débil,,Nivel blanco,,Sin especificar,Sin especificar,Sin especificar,Sin especificar,Sin especificar,Sin especificar,Sin especificar,2021,1,MIÉRCOLES,18,Noche,Dias laborables
697.5,1,0,0,13748,03005,Curva señalizada,Carretera,Fronto-lateral                                     ,,N-340,Carretera Convencional de calzada única,Estatal,Descendente,Seco y limpio,"Luz del día natural, solar",Despejado,,Nivel blanco,,No,No,No,No,No,No,Sí,2021,3,MARTES,18,Noche,Dias laborables
696.9,1,0,0,13749,03005,Recta,Carretera,Fronto-lateral                                     ,,N-340,Carretera Convencional de calzada única,Estatal,Descendente,Seco y limpio,Sin luz natural y con iluminación artificial encen,Despejado,,Nivel blanco,,No,No,No,No,No,No,Sí,2021,3,MIÉRCOLES,21,Noche,Dias laborables
,1,0,0,13750,03005,No aplica,Calle,Fronto-lateral                                     ,,No inventariada,Calle,Municipal,Se desconoce,Seco y limpio,"Luz del día natural, solar",Despejado,,Nivel blanco,,No,No,No,No,No,No,Sí,2021,4,MARTES,11,Mañana,Dias laborables
,2,0,0,13751,03005,No aplica,Calle,Fronto-lateral                                     ,,No inventariada,Calle,Municipal,Se desconoce,Seco y limpio,"Luz del día natural, solar",Nublado,,Nivel blanco,,No,No,No,Sí,No,No,Sí,2021,4,SÁBADO,16,Tarde,Fines de semana
,1,0,0,13752,03005,No aplica,Calle,Atropello a personas                               ,,No inventariada,Calle,Municipal,Se desconoce,Seco y limpio,Sin luz natural y con iluminación artificial encen,Despejado,,Nivel blanco,,No,No,No,Sí,No,No,Sí,2021,2,LUNES,19,Noche,Dias laborables
5.393,1,0,0,13753,00000,Curva sin señalizar,Carretera,Por alcance                                        ,,CV-909,Carretera Convencional de calzada única,"Provincial, Cabildo/Consell",Descendente,Seco y limpio,"Luz del día natural, solar",Despejado,,Nivel blanco,,No,No,No,No,No,No,No,2021,5,VIERNES,18,Noche,Dias laborables
,1,0,0,13754,03005,No aplica,Calle,Atropello a personas                               ,,No inventariada,Calle,Municipal,Se desconoce,Seco y limpio,"Luz del día natural, solar",Despejado,,Nivel blanco,,No,No,No,Sí,No,No,Sí,2021,5,MIÉRCOLES,19,Noche,Dias laborables
534.9,1,0,0,13755,00000,Recta,Carretera,Por alcance                                        ,,A-7,Autovía,Estatal,Ascendente,Seco y limpio,"Luz del día natural, solar",Despejado,,Nivel blanco,,Sin especificar,Sin especificar,Sin especificar,Sin especificar,Sin especificar,Sin especificar,Sin especificar,2021,5,JUEVES,9,Mañana,Dias laborables
,1,0,0,13756,03005,No aplica,Calle,Lateral                                            ,,No inventariada,Calle,Municipal,Se desconoce,Seco y limpio,"Luz del día natural, solar",Despejado,,Nivel blanco,,Sin especificar,Sin especificar,Sin especificar,Sin especificar,Sin especificar,Sin especificar,Sin especificar,2021,5,JUEVES,19,Noche,Dias laborables
697.4,2,0,0,13757,03005,Recta,Carretera,Fronto-lateral                                     ,N-340,N-340,Carretera Convencional de doble calzada,Estatal,Descendente,Seco y limpio,"Luz del día natural, solar",Despejado,,Se desconoce,,No,No,No,No,No,No,Sí,2021,6,MARTES,14,Tarde,Dias laborables
0.578,1,0,0,13758,03005,Recta,Carretera,Salida de la vía por la izquierda con colisión     ,N-340,CV-9009,Carretera Convencional de doble calzada,"Provincial, Cabildo/Consell",Ascendente,Seco y limpio,"Luz del día natural, solar",Despejado,,Nivel blanco,,No,No,No,No,No,Sí,No,2021,6,SÁBADO,16,Tarde,Fines de semana
,2,0,0,13759,03005,No aplica,Calle,Fronto-lateral                                     ,,No inventariada,Calle,Municipal,Se desconoce,Seco y limpio,"Luz del día natural, solar",Despejado,,Nivel blanco,,No,No,No,No,No,Sí,No,2021,6,LUNES,21,Noche,Dias laborables
532.2,2,0,0,13760,03005,Recta,Carretera,Salida de la vía por la izquierda con colisión     ,,A-7,Autovía,Estatal,Ascendente,Seco y limpio,"Luz del día natural, solar",Despejado,,Nivel blanco,,Sin especificar,Sin especificar,Sin especificar,Sin especificar,Sin especificar,Sin especificar,Sin especificar,2021,8,DOMINGO,7,Mañana,Fines de semana
0.9,1,0,0,13761,03005,Recta,Carretera,Fronto-lateral                                     ,,TAJO-SEGUR,Vía de servicio,Otra,Ambos,Seco y limpio,"Amanecer o atardecer, sin luz artificial",Despejado,,Nivel blanco,,No,No,No,No,No,No,No,2021,8,JUEVES,20,Noche,Dias laborables
697.4,1,0,0,13762,03005,Recta,Carretera,Fronto-lateral                                     ,CV-900,N-340,Carretera Convencional de calzada única,Estatal,Ambos,Seco y limpio,"Luz del día natural, solar",Despejado,,Nivel blanco,,No,No,No,No,No,No,Sí,2021,8,JUEVES,12,Tarde,Dias laborables
697.45,1,0,0,13763,03005,Curva señalizada,Carretera,Frontal                                            ,CV-900,N-340,Carretera Convencional de calzada única,Estatal,Ascendente,Seco y limpio,Sin luz natural y con iluminación artificial encen,Despejado,,Nivel blanco,,No,No,No,Sí,No,No,Sí,2021,8,SÁBADO,1,Madrugada,Fines de semana
,1,0,0,13764,03005,No aplica,Calle,Lateral                                            ,,No inventariada,Calle,Municipal,Se desconoce,Seco y limpio,"Luz del día natural, solar",Despejado,,Nivel blanco,,No,No,No,No,No,Sí,No,2021,8,VIERNES,15,Tarde,Dias laborables
5.5,1,0,0,13765,03005,Curva sin señalizar,Carretera,Salida de la vía por la derecha otro tipo          ,,CV-909,Carretera Convencional de calzada única,"Provincial, Cabildo/Consell",Descendente,Seco y limpio,"Luz del día natural, solar",Despejado,,Nivel blanco,,Sin especificar,Sin especificar,Sin especificar,Sin especificar,Sin especificar,Sin especificar,Sin especificar,2021,9,SÁBADO,13,Tarde,Fines de semana
,0,1,0,13766,03005,No aplica,Calle,Fronto-lateral                                     ,,No inventariada,Calle,Municipal,Se desconoce,Seco y limpio,"Luz del día natural, solar",Despejado,,Nivel blanco,,No,No,No,No,No,No,Sí,2021,9,MARTES,19,Noche,Dias laborables
,1,0,0,13767,03005,No aplica,Calle,Frontal                                            ,,No inventariada,Calle,Municipal,Se desconoce,Seco y limpio,Sin luz natural y con iluminación artificial encen,Despejado,,Nivel verde,,No,No,No,No,No,Sí,No,2021,9,SÁBADO,22,Noche,Fines de semana
,1,0,0,13768,03005,No aplica,Calle,Caída                                              ,,No inventariada,Calle,Municipal,Se desconoce,Seco y limpio,"Luz del día natural, solar",Despejado,,Sin especificar,,No,No,No,No,No,Sí,No,2021,10,DOMINGO,19,Noche,Fines de semana
701.7,1,0,0,13769,03005,Recta,Carretera,Por alcance                                        ,,N-340,Carretera Convencional de calzada única,Estatal,Descendente,Seco y limpio,Sin luz natural ni artificial,Despejado,,Nivel blanco,,Sin especificar,Sin especificar,Sin especificar,Sin especificar,Sin especificar,Sin especificar,Sin especificar,2021,10,LUNES,7,Mañana,Dias laborables
7.9,1,0,0,13770,03005,Curva señalizada,Carretera,Salida de la vía por la derecha otro tipo          ,,CV-873,Carretera Convencional de calzada única,"Provincial, Cabildo/Consell",Descendente,Con barro o gravilla suelta,"Amanecer o atardecer, sin luz artificial",Despejado,,Nivel blanco,,Sin especificar,Sin especificar,Sin especificar,Sin especificar,Sin especificar,Sin especificar,Sin especificar,2021,10,SÁBADO,19,Noche,Fines de semana
1.0,1,0,0,13771,03099,Recta,Carretera,Salida de la vía por la izquierda con vuelco       ,,CV-871,Carretera Convencional de calzada única,Autonómica,Ascendente,Seco y limpio,Sin luz natural ni artificial,Despejado,Niebla ligera,Nivel blanco,,Sin especificar,Sin especificar,Sin especificar,Sin especificar,Sin especificar,Sin especificar,Sin especificar,2021,11,MIÉRCOLES,20,Noche,Dias laborables
,1,0,0,13772,03005,No aplica,Calle,Atropello a personas                               ,,No inventariada,Calle,Municipal,Se desconoce,Seco y limpio,"Amanecer o atardecer, con luz artificial",Despejado,,Nivel blanco,,No,No,No,No,Sí,No,Sí,2021,10,JUEVES,20,Noche,Dias laborables
3.365,2,0,0,13773,03005,Recta,Carretera,Salida de la vía por la izquierda con vuelco       ,,C.VECINAL,Camino vecinal,Municipal,Ascendente,Seco y limpio,"Luz del día natural, solar",Despejado,,Nivel blanco,,No,No,No,No,No,No,No,2021,11,MIÉRCOLES,11,Mañana,Dias laborables
,3,0,0,13774,03005,No aplica,Calle,Fronto-lateral                                     ,,No inventariada,Calle,Municipal,Se desconoce,Seco y limpio,"Luz del día natural, solar",Despejado,,Nivel blanco,,No,No,No,No,Sí,No,No,2021,11,MARTES,14,Tarde,Dias laborables
47.1,1,0,0,13775,00000,Curva señalizada,Carretera,Frontal                                            ,,CV-720,Carretera Convencional de calzada única,Autonómica,Ambos,Mojado,"Luz del día natural, solar",Nublado,,Nivel verde,,Sin especificar,Sin especificar,Sin especificar,Sin especificar,Sin especificar,Sin especificar,Sin especificar,2021,11,MARTES,9,Mañana,Dias laborables
27.798,1,0,0,13776,00000,Recta,Carretera,Lateral                                            ,,CV-770,Carretera Convencional de calzada única,"Provincial, Cabildo/Consell",Descendente,Seco y limpio,"Luz del día natural, solar",Despejado,,Nivel blanco,,Sin especificar,Sin especificar,Sin especificar,Sin especificar,Sin especificar,Sin especificar,Sin especificar,2021,7,DOMINGO,11,Mañana,Fines de semana
,1,0,0,13777,03009,No aplica,Calle,Atropello a personas                               ,,No inventariada,Calle,Otra,Se desconoce,Seco y limpio,"Luz del día natural, solar",Despejado,,Nivel blanco,,No,No,No,No,Sí,Sí,No,2021,1,JUEVES,15,Tarde,Dias laborables
10.0,1,0,0,13778,03009,Recta,Carretera,Por alcance                                        ,,CV-795,Carretera Convencional de calzada única,"Provincial, Cabildo/Consell",Descendente,Seco y limpio,Sin luz natural ni artificial,Despejado,,Nivel blanco,,Sin especificar,Sin especificar,Sin especificar,Sin especificar,Sin especificar,Sin especificar,Sin especificar,2021,1,JUEVES,20,Noche,Dias laborables
,0,2,0,13779,03009,No aplica,Calle,Atropello a personas                               ,,No inventariada,Calle,Municipal,Se desconoce,Seco y limpio,"Luz del día natural, solar",Despejado,,Nivel blanco,,Sin especificar,Sin especificar,Sin especificar,Sin especificar,Sin especificar,Sin especificar,Sin especificar,2021,1,DOMINGO,13,Tarde,Fines de semana
,1,0,0,13780,03009,No aplica,Calle,Fronto-lateral                                     ,,No inventariada,Calle,Municipal,Se desconoce,Seco y limpio,"Amanecer o atardecer, con luz artificial",Despejado,,Nivel blanco,,No,No,No,No,No,No,Sí,2021,2,VIERNES,20,Noche,Dias laborables
13.0,1,0,0,13781,03009,Curva señalizada,Carretera,"Salida de la vía por la izquierda, otro tipo       ",,CV-795,Carretera Convencional de calzada única,"Provincial, Cabildo/Consell",Ascendente,Mojado,"Luz del día natural, solar",Lluvia débil,,Nivel blanco,,Sin especificar,Sin especificar,Sin especificar,Sin especificar,Sin especificar,Sin especificar,Sin especificar,2021,2,LUNES,14,Tarde,Dias laborables
,1,0,0,13782,03009,No aplica,Calle,Atropello a personas                               ,,No inventariada,Calle,Municipal,Se desconoce,Seco y limpio,"Luz del día natural, solar",Despejado,,Nivel blanco,,No,No,No,No,Sí,No,No,2021,2,LUNES,11,Mañana,Dias laborables
,1,0,0,13783,03009,No aplica,Calle,Fronto-lateral                                     ,,No inventariada,Calle,Municipal,Se desconoce,Seco y limpio,"Luz del día natural, solar",Despejado,,Nivel blanco,,No,No,No,No,No,No,No,2021,2,VIERNES,7,Mañana,Dias laborables
2.5,1,0,0,13784,03009,Curva señalizada,Carretera,Salida de la vía por la izquierda con colisión     ,,CV-795,Carretera Convencional de calzada única,Autonómica,Descendente,Seco y limpio,"Amanecer o atardecer, sin luz artificial",Despejado,,Nivel verde,,Sin especificar,Sin especificar,Sin especificar,Sin especificar,Sin especificar,Sin especificar,Sin especificar,2021,4,LUNES,18,Noche,Dias laborables
,1,0,0,13785,03009,No aplica,Calle,Caída                                              ,,No inventariada,Calle,Municipal,Se desconoce,Seco y limpio,"Luz del día natural, solar",Despejado,,Nivel blanco,,Sin especificar,Sin especificar,Sin especificar,Sin especificar,Sin especificar,Sin especificar,Sin especificar,2021,3,JUEVES,16,Tarde,Dias laborables
,2,0,0,13786,03009,No aplica,Calle,Por alcance                                        ,,No inventariada,Calle,Municipal,Se desconoce,Seco y limpio,"Luz del día natural, solar",Despejado,,Nivel blanco,,Sin especificar,Sin especificar,Sin especificar,Sin especificar,Sin especificar,Sin especificar,Sin especificar,2021,3,MIÉRCOLES,13,Tarde,Dias laborables
,2,0,0,13787,03009,No aplica,Calle,Por alcance                                        ,,No inventariada,Calle,Municipal,Se desconoce,Seco y limpio,"Luz del día natural, solar",Despejado,Niebla intensa,Nivel blanco,,Sin especificar,Sin especificar,Sin especificar,Sin especificar,Sin especificar,Sin especificar,Sin especificar,2021,4,LUNES,14,Tarde,Dias laborables
12.7,2,0,0,13788,03009,Curva señalizada,Carretera,"Salida de la vía por la izquierda, otro tipo       ",,CV-795,Carretera Convencional de calzada única,"Provincial, Cabildo/Consell",Descendente,Mojado,"Luz del día natural, solar",Nublado,,Nivel blanco,,Sin especificar,Sin especificar,Sin especificar,Sin especificar,Sin especificar,Sin especificar,Sin especificar,2021,4,SÁBADO,14,Tarde,Fines de semana
,1,0,0,13789,03009,No aplica,Calle,Por alcance                                        ,,No inventariada,Calle,Municipal,Se desconoce,Seco y limpio,"Luz del día natural, solar",Despejado,,Nivel blanco,,Sin especificar,Sin especificar,Sin especificar,Sin especificar,Sin especificar,Sin especificar,Sin especificar,2021,3,LUNES,8,Mañana,Dias laborables