KM,TOTAL_HL24H,TOTAL_HG24H,TOTAL_MU24H,id,COD_MUNICIPIO,TRAZADO_PLANTA,ZONA,TIPO_ACCIDENTE,CARRETERA_CRUCE,CARRETERA,TIPO_VIA,TITULARIDAD_VIA,SENTIDO_1F,CONDICION_FIRME,CONDICION_ILUMINACION,CONDICION_METEO,CONDICION_NIEBLA,CONDICION_NIVEL_CIRCULA,CONDICION_VIENTO,PRIORI_AGENTE,PRIORI_CIRCUNSTANCIAL,PRIORI_HORIZ_CEDA,PRIORI_HORIZ_STOP,PRIORI_SEMAFORO,PRIORI_VERT_CEDA,PRIORI_VERT_STOP,ANYO,MES,DIA,HORA,FRANJA_HORARIA,TIPO_DIA
7.262,1,0,0,14210,03015,Recta,Carretera,Salida de la vía por la derecha con colisión       ,,CV-935,Carretera Convencional de doble calzada,Autonómica,Descendente,Seco y limpio,"Luz del día natural, solar",Despejado,,Nivel blanco,,Sin especificar,Sin especificar,Sin especificar,Sin especificar,Sin especificar,Sin especificar,Sin especificar,2021,7,MARTES,16,Tarde,Dias laborables
0.0,1,0,0,14211,03015,Recta,Carretera,Fronto-lateral                                     ,,CV-935,Ramal de enlace,Autonómica,Ascendente,Seco y limpio,"Luz del día natural, solar",Despejado,,Nivel blanco,,No,No,No,No,No,No,No,2021,7,LUNES,19,Noche,Dias laborables
737.0,2,0,0,14212,03015,Curva señalizada,Carretera,Salida de la vía por la izquierda con colisión     ,,AP-7,Autovía,Estatal,Ascendente,Seco y limpio,Sin luz natural y con iluminación artificial no en,Despejado,,Nivel blanco,,No,No,No,No,No,No,No,2021,8,MIÉRCOLES,23,Noche,Dias laborables
14.744,1,0,0,14213,03015,Curva señalizada,Carretera,Salida de la vía por la derecha otro tipo          ,CV-91,CV-91,Carretera Convencional de calzada única,Autonómica,Ascendente,Mojado,Sin luz natural ni artificial,Despejado,,Nivel blanco,,No,No,No,No,No,No,No,2021,8,MARTES,21,Noche,Dias laborables
5.5,1,0,0,14214,03015,Recta,Carretera,Caída                                              ,,CV-912,Carretera Convencional de calzada única,Autonómica,Ascendente,Seco y limpio,"Luz del día natural, solar",Nublado,,Nivel blanco,,Sin especificar,Sin especificar,Sin especificar,Sin especificar,Sin especificar,Sin especificar,Sin especificar,2021,9,LUNES,14,Tarde,Dias laborables
739.0,3,0,0,14215,00000,Recta,Carretera,Por alcance                                        ,,AP-7,Autopista libre,Estatal,Descendente,Seco y limpio,"Luz del día natural, solar",Despejado,,Nivel blanco,,Sin especificar,Sin especificar,Sin especificar,Sin especificar,Sin especificar,Sin especificar,Sin especificar,2021,9,JUEVES,13,Tarde,Dias laborables
12.6,2,0,0,14216,03015,Curva sin señalizar,Carretera,Fronto-lateral                                     ,CV-935,CV-91,Carretera Convencional de calzada única,Autonómica,Descendente,Seco y limpio,"Amanecer o atardecer, sin luz artificial",Nublado,,Nivel blanco,,No,No,Sí,No,No,Sí,No,2021,11,MARTES,7,Mañana,Dias laborables
2.0,5,0,0,14217,03015,Recta,Carretera,Fronto-lateral                                     ,,No inventariada,Camino vecinal,Municipal,Ascendente,Seco y limpio,"Amanecer o atardecer, sin luz artificial",Despejado,,Nivel blanco,,No,No,No,No,No,No,Sí,2021,11,DOMINGO,17,Tarde,Fines de semana
0.8,1,1,0,14218,03024,Recta,Carretera,Frontal                                            ,,CV-914,Carretera Convencional de calzada única,Autonómica,Ascendente,Seco y limpio,Sin luz natural y con iluminación artificial no en,Despejado,,Nivel blanco,,Sin especificar,Sin especificar,Sin especificar,Sin especificar,Sin especificar,Sin especificar,Sin especificar,2021,12,MIÉRCOLES,20,Noche,Dias laborables
17.2,3,0,0,14219,03015,Recta,Carretera,Por alcance                                        ,,CV-905A,Carretera Convencional de calzada única,"Provincial, Cabildo/Consell",Descendente,Seco y limpio,Sin luz natural ni artificial,Despejado,,Nivel blanco,,Sin especificar,Sin especificar,Sin especificar,Sin especificar,Sin especificar,Sin especificar,Sin especificar,2021,12,MIÉRCOLES,4,Madrugada,Dias laborables
,0,1,0,14220,03018,No aplica,Calle,Caída                                              ,,No inventariada,Calle,Municipal,Se desconoce,Seco y limpio,"Luz del día natural, solar",Despejado,,Nivel verde,,No,No,No,No,No,No,No,2021,2,VIERNES,11,Mañana,Dias laborables
,1,0,0,14221,03018,No aplica,Calle,Salida de la vía por la derecha otro tipo          ,,No inventariada,Calle,Municipal,Se desconoce,Seco y limpio,"Luz del día natural, solar",Despejado,,Nivel verde,,Sin especificar,Sin especificar,Sin especificar,Sin especificar,Sin especificar,Sin especificar,Sin especificar,2021,3,JUEVES,11,Mañana,Dias laborables
,1,0,0,14222,03018,No aplica,Calle,Frontal                                            ,,No inventariada,Calle,Municipal,Se desconoce,Seco y limpio,"Luz del día natural, solar",Despejado,,Nivel amarillo,,Sin especificar,Sin especificar,Sin especificar,Sin especificar,Sin especificar,Sin especificar,Sin especificar,2021,2,LUNES,8,Mañana,Dias laborables
164.2,1,0,0,14223,03018,Recta,Carretera,Lateral                                            ,,N-332,Carretera Convencional de calzada única,Estatal,Descendente,Seco y limpio,"Luz del día natural, solar",Despejado,,Nivel verde,,No,No,No,No,No,No,No,2021,4,LUNES,18,Noche,Dias laborables
164.2,1,0,0,14224,03018,Curva señalizada,Carretera,Lateral                                            ,,N-332,Carretera Convencional de calzada única,Estatal,Ambos,Mojado,"Luz del día natural, solar",Lluvia débil,,Sin especificar,,Sin especificar,Sin especificar,Sin especificar,Sin especificar,Sin especificar,Sin especificar,Sin especificar,2021,4,SÁBADO,11,Mañana,Fines de semana
,1,0,0,14225,03018,No aplica,Calle,Por alcance                                        ,,No inventariada,Calle,Municipal,Se desconoce,Seco y limpio,"Luz del día natural, solar",Despejado,,Se desconoce,,Sin especificar,Sin especificar,Sin especificar,Sin especificar,Sin especificar,Sin especificar,Sin especificar,2021,1,MIÉRCOLES,13,Tarde,Dias laborables
,0,1,0,14226,03018,No aplica,Calle,Atropello a personas                               ,,No inventariada,Calle,Municipal,Se desconoce,Seco y limpio,"Luz del día natural, solar",Despejado,,Se desconoce,,Sin especificar,Sin especificar,Sin especificar,Sin especificar,Sin especificar,Sin especificar,Sin especificar,2021,3,MARTES,17,Tarde,Dias laborables
,5,0,0,14227,03018,No aplica,Calle,Fronto-lateral                                     ,,No inventariada,Calle,Municipal,Se desconoce,Seco y limpio,"Luz del día natural, solar",Despejado,,Nivel verde,,No,Sí,No,No,Sí,No,No,2021,4,SÁBADO,17,Tarde,Fines de semana
,1,0,0,14228,03018,No aplica,Calle,Fronto-lateral                                     ,,No inventariada,Otro,Municipal,Se desconoce,Seco y limpio,"Luz del día natural, solar",Despejado,,Nivel blanco,,Sin especificar,Sin especificar,Sin especificar,Sin especificar,Sin especificar,Sin especificar,Sin especificar,2021,4,LUNES,19,Noche,Dias laborables
162.324,3,0,0,14229,03018,Curva señalizada,Carretera,Múltiple o en caravana                             ,,N-332,Carretera Convencional de doble calzada,Estatal,Descendente,Seco y limpio,"Luz del día natural, solar",Despejado,,Nivel blanco,,No,No,No,Sí,No,No,No,2021,5,DOMINGO,13,Tarde,Fines de semana
,1,0,0,14230,03018,No aplica,Calle,Por alcance                                        ,,No inventariada,Calle,Municipal,Se desconoce,Mojado,"Luz del día natural, solar",Lluvia débil,,Sin especificar,,Sin especificar,Sin especificar,Sin especificar,Sin especificar,Sin especificar,Sin especificar,Sin especificar,2021,4,JUEVES,14,Tarde,Dias laborables
,1,0,0,14231,03018,No aplica,Calle,Otro tipo de accidente                             ,,No inventariada,Otro,Municipal,Se desconoce,Se desconoce,"Luz del día natural, solar",Se desconoce,,Se desconoce,,Sin especificar,Sin especificar,Sin especificar,Sin especificar,Sin especificar,Sin especificar,Sin especificar,2021,5,MARTES,13,Tarde,Dias laborables
21.8,1,0,0,14232,03018,Recta,Carretera,Fronto-lateral                                     ,N-332,CV-755,Carretera Convencional de calzada única,Autonómica,Descendente,Seco y limpio,"Luz del día natural, solar",Despejado,,Nivel blanco,,No,No,No,Sí,No,No,No,2021,5,SÁBADO,14,Tarde,Fines de semana
,1,0,0,14233,03018,No aplica,Calle,Fronto-lateral                                     ,,No inventariada,Otro,Municipal,Se desconoce,Seco y limpio,"Luz del día natural, solar",Despejado,,Se desconoce,,Sin especificar,Sin especificar,Sin especificar,Sin especificar,Sin especificar,Sin especificar,Sin especificar,2021,5,JUEVES,14,Tarde,Dias laborables
,1,0,0,14234,03018,No aplica,Calle,Otro tipo de accidente                             ,,No inventariada,Otro,Municipal,Se desconoce,Seco y limpio,"Luz del día natural, solar",Despejado,,Sin especificar,,No,No,No,No,No,No,No,2021,5,JUEVES,17,Tarde,Dias laborables
1.7,1,0,0,14235,03018,Curva señalizada,Carretera,Caída                                              ,,CV-760,Carretera Convencional de calzada única,"Provincial, Cabildo/Consell",Descendente,Seco y limpio,Sin luz natural ni artificial,Despejado,,Nivel blanco,,Sin especificar,Sin especificar,Sin especificar,Sin especificar,Sin especificar,Sin especificar,Sin especificar,2021,5,VIERNES,0,Madrugada,Dias laborables
,1,0,0,14236,03018,No aplica,Calle,Frontal                                            ,,No inventariada,Otro,Municipal,Se desconoce,Seco y limpio,"Amanecer o atardecer, sin luz artificial",Despejado,,Sin especificar,,Sin especificar,Sin especificar,Sin especificar,Sin especificar,Sin especificar,Sin especificar,Sin especificar,2021,5,LUNES,20,Noche,Dias laborables
,1,0,0,14237,03018,No aplica,Calle,Por alcance                                        ,,No inventariada,Otro,Municipal,Se desconoce,Seco y limpio,"Luz del día natural, solar",Despejado,,Sin especificar,,Sin especificar,Sin especificar,Sin especificar,Sin especificar,Sin especificar,Sin especificar,Sin especificar,2021,6,JUEVES,9,Mañana,Dias laborables
,1,0,0,14238,03018,No aplica,Calle,Atropello a personas                               ,,No inventariada,Calle,Municipal,Se desconoce,Seco y limpio,"Luz del día natural, solar",Despejado,,Sin especificar,,No,No,No,No,No,No,No,2021,5,LUNES,13,Tarde,Dias laborables
,3,0,0,14239,03018,No aplica,Calle,Por alcance                                        ,,No inventariada,Calle,Municipal,Se desconoce,Seco y limpio,Sin luz natural y con iluminación artificial encen,Despejado,,Sin especificar,,Sin especificar,Sin especificar,Sin especificar,Sin especificar,Sin especificar,Sin especificar,Sin especificar,2021,5,LUNES,23,Noche,Dias laborables
154.85,3,0,0,14240,03018,Recta,Carretera,Lateral                                            ,,N-332,Carretera Convencional de calzada única,Estatal,Ambos,Seco y limpio,"Luz del día natural, solar",Despejado,,Sin especificar,,Sin especificar,Sin especificar,Sin especificar,Sin especificar,Sin especificar,Sin especificar,Sin especificar,2021,6,SÁBADO,11,Mañana,Fines de semana
,0,1,0,14241,03018,No aplica,Calle,Colisión contra obstáculo o elemento de la vía     ,,No inventariada,Otro,Municipal,Se desconoce,Otra,Sin luz natural ni artificial,Despejado,,Se desconoce,,Sin especificar,Sin especificar,Sin especificar,Sin especificar,Sin especificar,Sin especificar,Sin especificar,2021,6,DOMINGO,0,Madrugada,Fines de semana
,1,0,0,14242,03018,No aplica,Calle,Frontal                                            ,,No inventariada,Calle,Municipal,Se desconoce,Seco y limpio,"Luz del día natural, solar",Despejado,,Sin especificar,,No,No,No,Sí,No,No,Sí,2021,6,LUNES,18,Noche,Dias laborables
162.4,1,0,0,14243,03018,Curva señalizada,Carretera,Salida de la vía por la derecha con colisión       ,,N-332,Carretera Convencional de calzada única,Estatal,Ascendente,Seco y limpio,Sin luz natural ni artificial,Despejado,,Nivel blanco,,Sin especificar,Sin especificar,Sin especificar,Sin especificar,Sin especificar,Sin especificar,Sin especificar,2021,6,JUEVES,0,Madrugada,Dias laborables
,1,0,0,14244,03018,No aplica,Calle,Atropello a personas                               ,,No inventariada,Calle,Municipal,Se desconoce,Seco y limpio,"Luz del día natural, solar",Despejado,,Se desconoce,,No,No,No,No,No,No,No,2021,6,MIÉRCOLES,8,Mañana,Dias laborables
,1,0,0,14245,03018,No aplica,Calle,Por alcance                                        ,,No inventariada,Otro,Municipal,Se desconoce,Seco y limpio,"Luz del día natural, solar",Despejado,,Se desconoce,,Sin especificar,Sin especificar,Sin especificar,Sin especificar,Sin especificar,Sin especificar,Sin especificar,2021,6,VIERNES,13,Tarde,Dias laborables
,1,0,0,14246,03018,No aplica,Calle,Fronto-lateral                                     ,,No inventariada,Otro,Municipal,Se desconoce,Seco y limpio,"Luz del día natural, solar",Despejado,,Sin especificar,,No,No,Sí,No,No,Sí,No,2021,6,MARTES,17,Tarde,Dias laborables
164.138,1,0,0,14247,03018,Recta,Carretera,Fronto-lateral                                     ,,N-332,Carretera Convencional de calzada única,Estatal,Ascendente,Seco y limpio,"Luz del día natural, solar",Despejado,,Nivel blanco,,No,No,No,Sí,No,No,No,2021,7,MIÉRCOLES,9,Mañana,Dias laborables
161.854,2,0,0,14248,03018,Recta,Carretera,Fronto-lateral                                     ,,N-332,Carretera Convencional de calzada única,Estatal,Descendente,Seco y limpio,"Luz del día natural, solar",Despejado,,Nivel blanco,,Sin especificar,Sin especificar,Sin especificar,Sin especificar,Sin especificar,Sin especificar,Sin especificar,2021,7,SÁBADO,18,Noche,Fines de semana
21.8,2,0,0,14249,03018,Recta,Carretera,Fronto-lateral                                     ,AP-7,CV-755,Ramal de enlace,Autonómica,Ascendente,Seco y limpio,"Luz del día natural, solar",Despejado,,Nivel verde,,No,No,No,Sí,No,No,No,2021,8,JUEVES,18,Noche,Dias laborables
,1,0,0,14250,03018,No aplica,Calle,Fronto-lateral                                     ,,No inventariada,Otro,Municipal,Se desconoce,Seco y limpio,"Luz del día natural, solar",Despejado,,Se desconoce,,No,No,No,No,No,No,No,2021,6,SÁBADO,11,Mañana,Fines de semana
,1,0,0,14251,03018,No aplica,Calle,Caída                                              ,,No inventariada,Calle,Municipal,Se desconoce,Seco y limpio,"Luz del día natural, solar",Despejado,,Sin especificar,,No,No,No,No,No,No,No,2021,6,DOMINGO,10,Mañana,Fines de semana
164.5,1,0,0,14252,03018,Recta,Carretera,Salida de la vía por la derecha con colisión       ,,N-332,Carretera Convencional de calzada única,Estatal,Descendente,Seco y limpio,"Luz del día natural, solar",Despejado,,Nivel verde,,Sin especificar,Sin especificar,Sin especificar,Sin especificar,Sin especificar,Sin especificar,Sin especificar,2021,8,VIERNES,16,Tarde,Dias laborables
641.0,1,0,0,14253,03018,Recta,Carretera,Lateral                                            ,,AP-7,Autopista libre,Estatal,Descendente,Seco y limpio,Sin luz natural ni artificial,Despejado,,Nivel blanco,,Sin especificar,Sin especificar,Sin especificar,Sin especificar,Sin especificar,Sin especificar,Sin especificar,2021,8,DOMINGO,0,Madrugada,Fines de semana
,0,2,0,14254,03018,No aplica,Calle,Fronto-lateral                                     ,,No inventariada,Otro,Municipal,Se desconoce,Seco y limpio,"Luz del día natural, solar",Despejado,,Se desconoce,,No,No,No,No,Sí,No,No,2021,7,VIERNES,16,Tarde,Dias laborables
,0,1,0,14255,03018,No aplica,Calle,Caída                                              ,,No inventariada,Otro,Municipal,Se desconoce,Otra,Sin luz natural ni artificial,Despejado,,Sin especificar,,No,No,No,No,No,No,No,2021,7,JUEVES,23,Noche,Dias laborables
,1,0,0,14256,03018,No aplica,Calle,Fronto-lateral                                     ,,No inventariada,Otro,Municipal,Se desconoce,Seco y limpio,Sin luz natural y con iluminación artificial encen,Despejado,,Se desconoce,,No,No,No,No,No,No,No,2021,7,SÁBADO,21,Noche,Fines de semana
,5,0,0,14257,03018,No aplica,Calle,Por alcance                                        ,,No inventariada,Otro,Municipal,Se desconoce,Seco y limpio,"Luz del día natural, solar",Despejado,,Sin especificar,,Sin especificar,Sin especificar,Sin especificar,Sin especificar,Sin especificar,Sin especificar,Sin especificar,2021,7,DOMINGO,11,Mañana,Fines de semana
,1,0,0,14258,03018,No aplica,Calle,Fronto-lateral                                     ,,No inventariada,Calle,Municipal,Se desconoce,Seco y limpio,"Luz del día natural, solar",Despejado,,Se desconoce,,Sin especificar,Sin especificar,Sin especificar,Sin especificar,Sin especificar,Sin especificar,Sin especificar,2021,7,MARTES,11,Mañana,Dias laborables
,0,1,0,14259,03018,No aplica,Calle,Caída                                              ,,No inventariada,Otro,Municipal,Se desconoce,Se desconoce,"Luz del día natural, solar",Se desconoce,,Sin especificar,,Sin especificar,Sin especificar,Sin especificar,Sin especificar,Sin especificar,Sin especificar,Sin especificar,2021,7,MARTES,8,Mañana,Dias laborables
,1,0,0,14260,03018,No aplica,Calle,Fronto-lateral                                     ,,No inventariada,Calle,Municipal,Se desconoce,Seco y limpio,"Luz del día natural, solar",Despejado,,Se desconoce,,No,No,Sí,No,No,Sí,No,2021,6,JUEVES,16,Tarde,Dias laborables
,0,1,0,14261,03018,No aplica,Calle,Fronto-lateral                                     ,,No inventariada,Calle,Municipal,Se desconoce,Otra,"Luz del día natural, solar",Se desconoce,,Se desconoce,,Sin especificar,Sin especificar,Sin especificar,Sin especificar,Sin especificar,Sin especificar,Sin especificar,2021,6,MIÉRCOLES,12,Tarde,Dias laborables
,1,0,0,14262,03018,No aplica,Calle,Atropello a personas                               ,,No inventariada,Otro,Municipal,Se desconoce,Seco y limpio,"Luz del día natural, solar",Despejado,,Sin especificar,,No,No,No,No,No,No,No,2021,7,SÁBADO,13,Tarde,Fines de semana
,2,0,0,14263,03018,No aplica,Calle,Caída                                              ,,No inventariada,Otro,Municipal,Se desconoce,Otra,"Luz del día natural, solar",Despejado,,Sin especificar,,No,No,No,No,No,No,No,2021,8,LUNES,15,Tarde,Dias laborables
,1,0,0,14264,03018,No aplica,Calle,Por alcance                                        ,,No inventariada,Calle,Municipal,Se desconoce,Seco y limpio,"Luz del día natural, solar",Despejado,,Sin especificar,,Sin especificar,Sin especificar,Sin especificar,Sin especificar,Sin especificar,Sin especificar,Sin especificar,2021,8,MARTES,11,Mañana,Dias laborables
,2,0,0,14265,03018,No aplica,Calle,Caída                                              ,,No inventariada,Otro,Municipal,Se desconoce,Con barro o gravilla suelta,"Luz del día natural, solar",Despejado,,Sin especificar,,Sin especificar,Sin especificar,Sin especificar,Sin especificar,Sin especificar,Sin especificar,Sin especificar,2021,8,MIÉRCOLES,14,Tarde,Dias laborables
,0,1,0,14266,03018,No aplica,Calle,Atropello a personas                               ,,No inventariada,Otro,Municipal,Se desconoce,Seco y limpio,Sin luz natural y con iluminación artificial encen,Despejado,,Sin especificar,,Sin especificar,Sin especificar,Sin especificar,Sin especificar,Sin especificar,Sin especificar,Sin especificar,2021,8,JUEVES,0,Madrugada,Dias laborables
,0,1,0,14267,03018,No aplica,Calle,Atropello a personas                               ,,No inventariada,Otro,Municipal,Se desconoce,Seco y limpio,"Luz del día natural, solar",Despejado,,Sin especificar,,Sin especificar,Sin especificar,Sin especificar,Sin especificar,Sin especificar,Sin especificar,Sin especificar,2021,8,MIÉRCOLES,13,Tarde,Dias laborables
,1,0,0,14268,03018,No aplica,Calle,Por alcance                                        ,,No inventariada,Calle,Municipal,Se desconoce,Seco y limpio,Sin luz natural y con iluminación artificial encen,Despejado,,Sin especificar,,Sin especificar,Sin especificar,Sin especificar,Sin especificar,Sin especificar,Sin especificar,Sin especificar,2021,8,VIERNES,22,Noche,Dias laborables
,1,0,0,14269,03018,No aplica,Calle,Por alcance                                        ,,No inventariada,Calle,Municipal,Se desconoce,Seco y limpio,"Luz del día natural, solar",Despejado,,Sin especificar,,Sin especificar,Sin especificar,Sin especificar,Sin especificar,Sin especificar,Sin especificar,Sin especificar,2021,8,MIÉRCOLES,12,Tarde,Dias laborables
,2,0,0,14270,03018,No aplica,Calle,Fronto-lateral                                     ,,No inventariada,Otro,Municipal,Se desconoce,Seco y limpio,"Luz del día natural, solar",Despejado,,Sin especificar,,No,No,No,No,No,No,No,2021,8,JUEVES,19,Noche,Dias laborables
,1,0,0,14271,03018,No aplica,Calle,Fronto-lateral                                     ,,No inventariada,Otro,Municipal,Se desconoce,Seco y limpio,"Luz del día natural, solar",Despejado,,Se desconoce,,Sin especificar,Sin especificar,Sin especificar,Sin especificar,Sin especificar,Sin especificar,Sin especificar,2021,8,MARTES,8,Mañana,Dias laborables
,1,0,0,14272,03018,No aplica,Calle,Por alcance                                        ,,No inventariada,Calle,Municipal,Se desconoce,Seco y limpio,"Luz del día natural, solar",Despejado,,Sin especificar,,Sin especificar,Sin especificar,Sin especificar,Sin especificar,Sin especificar,Sin especificar,Sin especificar,2021,6,MIÉRCOLES,18,Noche,Dias laborables
162.3,3,0,0,14273,03018,Curva señalizada,Carretera,Por alcance                                        ,,N-332,Carretera Convencional de calzada única,Estatal,Descendente,Seco y limpio,"Luz del día natural, solar",Despejado,,Nivel verde,,Sin especificar,Sin especificar,Sin especificar,Sin especificar,Sin especificar,Sin especificar,Sin especificar,2021,9,MARTES,13,Tarde,Dias laborables
638.0,1,0,0,14274,03018,Curva señalizada,Carretera,Salida de la vía por la derecha con vuelco         ,,AP-7,Autopista libre,Estatal,Descendente,Seco y limpio,"Luz del día natural, solar",Despejado,,Sin especificar,,Sin especificar,Sin especificar,Sin especificar,Sin especificar,Sin especificar,Sin especificar,Sin especificar,2021,10,SÁBADO,9,Mañana,Fines de semana
2.3,1,1,0,14275,03018,Recta,Carretera,Lateral                                            ,,CV-760,Carretera Convencional de calzada única,"Provincial, Cabildo/Consell",Descendente,Seco y limpio,"Luz del día natural, solar",Despejado,,Nivel blanco,,Sin especificar,Sin especificar,Sin especificar,Sin especificar,Sin especificar,Sin especificar,Sin especificar,2021,11,SÁBADO,14,Tarde,Fines de semana
12.672,1,0,0,14276,03019,Curva sin señalizar,Carretera,Salida de la vía por la izquierda con colisión     ,,N-325,Carretera Convencional de calzada única,Estatal,Descendente,Seco y limpio,"Amanecer o atardecer, sin luz artificial",Despejado,,Nivel blanco,,Sin especificar,Sin especificar,Sin especificar,Sin especificar,Sin especificar,Sin especificar,Sin especificar,2021,1,SÁBADO,17,Tarde,Fines de semana
5.7,1,0,0,14277,03019,Se desconoce,Carretera,Fronto-lateral                                     ,,N-325,Carretera Convencional de doble calzada,Estatal,Ambos,Seco y limpio,"Luz del día natural, solar",Despejado,,Nivel blanco,,No,No,No,No,No,No,No,2021,4,SÁBADO,14,Tarde,Fines de semana
1.9,0,1,0,14278,03019,Curva señalizada,Carretera,Salida de la vía por la derecha otro tipo          ,,CV-847,Carretera Convencional de calzada única,"Provincial, Cabildo/Consell",Descendente,Seco y limpio,"Luz del día natural, solar",Despejado,,Nivel blanco,,Sin especificar,Sin especificar,Sin especificar,Sin especificar,Sin especificar,Sin especificar,Sin especificar,2021,5,VIERNES,20,Noche,Dias laborables
1.4,1,0,0,14279,03065,Curva señalizada,Carretera,Fronto-lateral                                     ,,CV-84,Carretera Convencional de doble calzada,Autonómica,Ambos,Seco y limpio,"Luz del día natural, solar",Despejado,,Nivel blanco,,No,No,No,Sí,No,Sí,No,2021,5,VIERNES,20,Noche,Dias laborables
3.316,1,0,0,14280,03019,Curva sin señalizar,Carretera,Fronto-lateral                                     ,,CAMINO VIE,Camino vecinal,Municipal,Ascendente,Seco y limpio,"Luz del día natural, solar",Despejado,,Nivel blanco,,No,No,No,No,No,No,No,2021,6,MARTES,19,Noche,Dias laborables
0.0,1,0,0,14281,03019,Curva sin señalizar,Carretera,Frontal                                            ,,QUINCOCES,Camino vecinal,Municipal,Ascendente,Seco y limpio,"Luz del día natural, solar",Despejado,,Nivel blanco,,No,No,No,No,No,No,No,2021,7,MIÉRCOLES,12,Tarde,Dias laborables
0.7,2,0,0,14282,03019,Curva sin señalizar,Carretera,Fronto-lateral                                     ,,CV-846,Carretera Convencional de calzada única,"Provincial, Cabildo/Consell",Ascendente,Seco y limpio,Sin luz natural y con iluminación artificial encen,Despejado,,Nivel blanco,,No,No,No,No,No,No,Sí,2021,7,SÁBADO,23,Noche,Fines de semana
5.6,1,0,0,14283,03019,Curva señalizada,Carretera,Fronto-lateral                                     ,,CV-84,Carretera Convencional de doble calzada,Autonómica,Ambos,Seco y limpio,"Amanecer o atardecer, con luz artificial",Despejado,,Nivel blanco,,Sin especificar,Sin especificar,Sin especificar,Sin especificar,Sin especificar,Sin especificar,Sin especificar,2021,9,JUEVES,20,Noche,Dias laborables
2.42,1,0,0,14284,03019,Curva sin señalizar,Carretera,Fronto-lateral                                     ,,CV-847,Carretera Convencional de calzada única,"Provincial, Cabildo/Consell",Ascendente,Seco y limpio,"Luz del día natural, solar",Despejado,,Nivel blanco,,No,No,No,No,No,No,No,2021,9,MARTES,14,Tarde,Dias laborables
4.15,0,2,0,14285,03019,Curva señalizada,Carretera,Salida de la vía por la derecha con colisión       ,,CV-84,Carretera Convencional de doble calzada,Autonómica,Descendente,Seco y limpio,"Luz del día natural, solar",Despejado,,Nivel blanco,,Sin especificar,Sin especificar,Sin especificar,Sin especificar,Sin especificar,Sin especificar,Sin especificar,2021,9,SÁBADO,18,Noche,Fines de semana
5.65,1,0,0,14286,03019,Recta,Carretera,Lateral                                            ,N-325,N-325,Carretera Convencional de doble calzada,Estatal,Descendente,Seco y limpio,Sin luz natural y con iluminación artificial encen,Despejado,,Nivel blanco,,No,No,No,No,No,No,No,2021,10,JUEVES,20,Noche,Dias laborables
4.65,3,0,0,14287,03093,Curva señalizada,Carretera,Salida de la vía por la derecha con colisión       ,N-325,N-325,Carretera Convencional de doble calzada,Estatal,Ascendente,Mojado,"Luz del día natural, solar",Se desconoce,,Nivel blanco,,No,No,No,No,No,Sí,No,2021,10,VIERNES,14,Tarde,Dias laborables
6.1,11,0,0,14288,03019,Recta,Carretera,Por alcance                                        ,,CV-846,Carretera Convencional de calzada única,"Provincial, Cabildo/Consell",Ambos,Seco y limpio,"Amanecer o atardecer, sin luz artificial",Despejado,,Nivel blanco,,Sin especificar,Sin especificar,Sin especificar,Sin especificar,Sin especificar,Sin especificar,Sin especificar,2021,10,MARTES,7,Mañana,Dias laborables
1.409,1,0,0,14289,03019,Recta,Carretera,Fronto-lateral                                     ,,CV-847,Carretera Convencional de doble calzada,"Provincial, Cabildo/Consell",Ascendente,Seco y limpio,"Amanecer o atardecer, sin luz artificial",Despejado,,Nivel blanco,,No,No,No,No,No,No,No,2021,11,VIERNES,7,Mañana,Dias laborables
13.9,3,1,0,14290,03019,Curva señalizada,Carretera,Lateral                                            ,,N-325,Carretera Convencional de calzada única,Estatal,Ascendente,Seco y limpio,"Luz del día natural, solar",Despejado,,Nivel blanco,,Sin especificar,Sin especificar,Sin especificar,Sin especificar,Sin especificar,Sin especificar,Sin especificar,2021,12,LUNES,12,Tarde,Dias laborables
3.5,1,0,0,14291,03021,Curva sin señalizar,Carretera,Salida de la vía por la izquierda con colisión     ,,No inventariada,Camino vecinal,Otra,Ascendente,Seco y limpio,"Luz del día natural, solar",Despejado,,Nivel blanco,,Sin especificar,Sin especificar,Sin especificar,Sin especificar,Sin especificar,Sin especificar,Sin especificar,2021,1,JUEVES,16,Tarde,Dias laborables
7.0,1,0,0,14292,03021,Curva señalizada,Carretera,Salida de la vía por la derecha con colisión       ,,CV-803,Carretera Convencional de calzada única,"Provincial, Cabildo/Consell",Ascendente,Seco y limpio,"Luz del día natural, solar",Despejado,,Nivel blanco,,Sin especificar,Sin especificar,Sin especificar,Sin especificar,Sin especificar,Sin especificar,Sin especificar,2021,2,SÁBADO,10,Mañana,Fines de semana
22.67,3,0,0,14293,03021,Recta,Carretera,Por alcance                                        ,,CV-81,Carretera Convencional de doble calzada,Autonómica,Ascendente,Seco y limpio,"Luz del día natural, solar",Despejado,,Nivel blanco,,Sin especificar,Sin especificar,Sin especificar,Sin especificar,Sin especificar,Sin especificar,Sin especificar,2021,5,JUEVES,17,Tarde,Dias laborables