KM,TOTAL_HL24H,TOTAL_HG24H,TOTAL_MU24H,id,COD_MUNICIPIO,TRAZADO_PLANTA,ZONA,TIPO_ACCIDENTE,CARRETERA_CRUCE,CARRETERA,TIPO_VIA,TITULARIDAD_VIA,SENTIDO_1F,CONDICION_FIRME,CONDICION_ILUMINACION,CONDICION_METEO,CONDICION_NIEBLA,CONDICION_NIVEL_CIRCULA,CONDICION_VIENTO,PRIORI_AGENTE,PRIORI_CIRCUNSTANCIAL,PRIORI_HORIZ_CEDA,PRIORI_HORIZ_STOP,PRIORI_SEMAFORO,PRIORI_VERT_CEDA,PRIORI_VERT_STOP,ANYO,MES,DIA,HORA,FRANJA_HORARIA,TIPO_DIA
,1,0,0,14464,03031,No aplica,Calle,Caída                                              ,,No inventariada,Calle,Municipal,Se desconoce,Seco y limpio,"Luz del día natural, solar",Despejado,,Nivel blanco,,Sin especificar,Sin especificar,Sin especificar,Sin especificar,Sin especificar,Sin especificar,Sin especificar,2021,9,VIERNES,13,Tarde,Dias laborables
47.6,1,0,0,14465,03031,Curva señalizada,Carretera,Caída                                              ,,CV-70,Carretera Convencional de calzada única,Autonómica,Descendente,Seco y limpio,"Luz del día natural, solar",Despejado,,Nivel blanco,,No,No,No,No,No,No,No,2021,9,VIERNES,9,Mañana,Dias laborables
49.5,1,0,0,14466,03031,Recta,Carretera,Por alcance                                        ,CV-70,CV-70,Carretera Convencional de doble calzada,Autonómica,Ascendente,Seco y limpio,"Luz del día natural, solar",Despejado,,Se desconoce,,No,No,Sí,No,No,Sí,No,2021,9,SÁBADO,10,Mañana,Fines de semana
,1,0,0,14467,03031,No aplica,Calle,Por alcance                                        ,,No inventariada,Calle,Municipal,Se desconoce,Seco y limpio,Sin luz natural y con iluminación artificial encen,Despejado,,Sin especificar,,Sin especificar,Sin especificar,Sin especificar,Sin especificar,Sin especificar,Sin especificar,Sin especificar,2021,9,VIERNES,1,Madrugada,Dias laborables
,2,0,0,14468,03031,No aplica,Calle,Por alcance                                        ,,No inventariada,Calle,Municipal,Se desconoce,Seco y limpio,"Luz del día natural, solar",Despejado,,Nivel verde,,Sin especificar,Sin especificar,Sin especificar,Sin especificar,Sin especificar,Sin especificar,Sin especificar,2021,9,MARTES,18,Noche,Dias laborables
,1,0,0,14469,03031,No aplica,Calle,Fronto-lateral                                     ,,No inventariada,Calle,Municipal,Se desconoce,Seco y limpio,Sin luz natural y con iluminación artificial encen,Nublado,,Nivel verde,,No,No,No,No,No,No,Sí,2021,9,MIÉRCOLES,20,Noche,Dias laborables
148.0,2,0,0,14470,03031,Recta,Carretera,Múltiple o en caravana                             ,,N-332,Carretera Convencional de calzada única,Estatal,Descendente,Seco y limpio,"Luz del día natural, solar",Despejado,,Nivel blanco,,No,No,No,No,No,No,No,2021,9,SÁBADO,14,Tarde,Fines de semana
,1,0,0,14471,03031,No aplica,Calle,Otro tipo de accidente                             ,,No inventariada,Calle,Municipal,Se desconoce,Seco y limpio,"Luz del día natural, solar",Despejado,,Nivel verde,,No,No,No,No,No,No,No,2021,9,LUNES,19,Noche,Dias laborables
,1,0,0,14472,03031,No aplica,Calle,Fronto-lateral                                     ,,No inventariada,Calle,Municipal,Se desconoce,Seco y limpio,"Luz del día natural, solar",Despejado,,Nivel blanco,,No,No,No,No,No,Sí,No,2021,9,MARTES,17,Tarde,Dias laborables
,1,0,0,14473,03031,No aplica,Calle,Caída                                              ,,No inventariada,Calle,Municipal,Se desconoce,Seco y limpio,Sin luz natural y con iluminación artificial encen,Despejado,,Sin especificar,,No,No,No,No,Sí,No,No,2021,9,MIÉRCOLES,20,Noche,Dias laborables
,1,0,0,14474,03031,No aplica,Calle,Por alcance                                        ,,No inventariada,Calle,Municipal,Se desconoce,Seco y limpio,"Luz del día natural, solar",Despejado,,Sin especificar,,Sin especificar,Sin especificar,Sin especificar,Sin especificar,Sin especificar,Sin especificar,Sin especificar,2021,9,MARTES,10,Mañana,Dias laborables
,1,0,0,14475,03031,No aplica,Calle,Por alcance                                        ,,No inventariada,Calle,Municipal,Se desconoce,Seco y limpio,"Luz del día natural, solar",Despejado,,Nivel amarillo,,Sin especificar,Sin especificar,Sin especificar,Sin especificar,Sin especificar,Sin especificar,Sin especificar,2021,9,JUEVES,13,Tarde,Dias laborables
,1,0,0,14476,03031,No aplica,Calle,Fronto-lateral                                     ,,No inventariada,Calle,Municipal,Se desconoce,Seco y limpio,"Luz del día natural, solar",Despejado,,Nivel verde,,Sin especificar,Sin especificar,Sin especificar,Sin especificar,Sin especificar,Sin especificar,Sin especificar,2021,9,LUNES,13,Tarde,Dias laborables
,1,0,0,14477,03031,No aplica,Calle,Fronto-lateral                                     ,,No inventariada,Calle,Municipal,Se desconoce,Seco y limpio,"Luz del día natural, solar",Despejado,,Sin especificar,,Sin especificar,Sin especificar,Sin especificar,Sin especificar,Sin especificar,Sin especificar,Sin especificar,2021,9,MIÉRCOLES,8,Mañana,Dias laborables
,1,0,0,14478,03031,No aplica,Calle,Fronto-lateral                                     ,,No inventariada,Calle,Municipal,Se desconoce,Seco y limpio,"Luz del día natural, solar",Despejado,,Sin especificar,,No,No,Sí,No,No,Sí,No,2021,9,JUEVES,11,Mañana,Dias laborables
,1,0,0,14479,03031,No aplica,Calle,Atropello a personas                               ,,No inventariada,Calle,Municipal,Se desconoce,Seco y limpio,"Luz del día natural, solar",Despejado,,Nivel verde,,No,No,No,No,Sí,No,No,2021,10,VIERNES,11,Mañana,Dias laborables
,1,0,0,14480,03031,No aplica,Calle,Salida de la vía por la izquierda con vuelco       ,,No inventariada,Calle,"Provincial, Cabildo/Consell",Se desconoce,Mojado,"Amanecer o atardecer, con luz artificial",Lluvia débil,,Sin especificar,,Sin especificar,Sin especificar,Sin especificar,Sin especificar,Sin especificar,Sin especificar,Sin especificar,2021,9,SÁBADO,7,Mañana,Fines de semana
,1,0,0,14481,03031,No aplica,Calle,Salida de la vía por la derecha otro tipo          ,,No inventariada,Calle,Municipal,Se desconoce,Seco y limpio,Sin luz natural y con iluminación artificial encen,Despejado,,Nivel verde,,No,No,No,No,No,Sí,No,2021,10,VIERNES,22,Noche,Dias laborables
,1,0,0,14482,03031,No aplica,Calle,Lateral                                            ,,No inventariada,Calle,Municipal,Se desconoce,Mojado,"Luz del día natural, solar",Lluvia fuerte,,Nivel blanco,,No,No,Sí,No,No,No,No,2021,10,DOMINGO,16,Tarde,Fines de semana
,1,0,0,14483,03031,No aplica,Calle,Fronto-lateral                                     ,,No inventariada,Calle,Municipal,Se desconoce,Seco y limpio,"Luz del día natural, solar",Despejado,,Nivel blanco,,No,No,No,No,No,Sí,No,2021,10,MIÉRCOLES,14,Tarde,Dias laborables
,1,0,0,14484,03031,No aplica,Calle,Atropello a personas                               ,,No inventariada,Calle,Municipal,Se desconoce,Seco y limpio,"Luz del día natural, solar",Despejado,,Nivel verde,,No,No,No,No,Sí,No,No,2021,10,MARTES,19,Noche,Dias laborables
,1,0,0,14485,03031,No aplica,Calle,Caída                                              ,,No inventariada,Calle,Municipal,Se desconoce,Seco y limpio,Sin luz natural y con iluminación artificial encen,Despejado,,Sin especificar,,Sin especificar,Sin especificar,Sin especificar,Sin especificar,Sin especificar,Sin especificar,Sin especificar,2021,10,SÁBADO,21,Noche,Fines de semana
,0,1,0,14486,03031,No aplica,Calle,Atropello a personas                               ,,No inventariada,Calle,Municipal,Se desconoce,Seco y limpio,"Luz del día natural, solar",Despejado,,Nivel verde,,Sin especificar,Sin especificar,Sin especificar,Sin especificar,Sin especificar,Sin especificar,Sin especificar,2021,10,DOMINGO,11,Mañana,Fines de semana
,2,0,0,14487,03031,No aplica,Calle,Fronto-lateral                                     ,,No inventariada,Calle,Municipal,Se desconoce,Seco y limpio,"Luz del día natural, solar",Despejado,,Nivel amarillo,,No,No,No,No,No,No,No,2021,10,VIERNES,17,Tarde,Dias laborables
,2,0,0,14488,03031,No aplica,Calle,Por alcance                                        ,,No inventariada,Calle,Municipal,Se desconoce,Seco y limpio,"Luz del día natural, solar",Despejado,,Nivel amarillo,,Sin especificar,Sin especificar,Sin especificar,Sin especificar,Sin especificar,Sin especificar,Sin especificar,2021,10,VIERNES,18,Noche,Dias laborables
,1,0,0,14489,03031,No aplica,Calle,Fronto-lateral                                     ,,No inventariada,Calle,Municipal,Se desconoce,Seco y limpio,"Luz del día natural, solar",Despejado,,Nivel verde,,Sin especificar,Sin especificar,Sin especificar,Sin especificar,Sin especificar,Sin especificar,Sin especificar,2021,10,MIÉRCOLES,8,Mañana,Dias laborables
,1,0,0,14490,03031,No aplica,Calle,Fronto-lateral                                     ,,No inventariada,Calle,Municipal,Se desconoce,Seco y limpio,"Luz del día natural, solar",Despejado,,Nivel amarillo,,No,No,No,No,No,No,No,2021,10,MARTES,13,Tarde,Dias laborables
,1,0,0,14491,03031,No aplica,Calle,Por alcance                                        ,,No inventariada,Calle,Municipal,Se desconoce,Seco y limpio,"Luz del día natural, solar",Despejado,,Nivel verde,,No,No,No,No,No,No,No,2021,10,MARTES,13,Tarde,Dias laborables
,1,0,0,14492,03031,No aplica,Calle,Colisión contra obstáculo o elemento de la vía     ,,No inventariada,Calle,Municipal,Se desconoce,Seco y limpio,Sin luz natural y con iluminación artificial encen,Despejado,,Nivel blanco,,Sin especificar,Sin especificar,Sin especificar,Sin especificar,Sin especificar,Sin especificar,Sin especificar,2021,9,LUNES,3,Madrugada,Dias laborables
49.1,1,0,0,14493,03031,Recta,Carretera,Salida de la vía por la derecha con colisión       ,CV-70,CV-70,Carretera Convencional de calzada única,Autonómica,Descendente,Mojado,Sin luz natural y con iluminación artificial encen,Lluvia débil,,Nivel blanco,,No,No,No,No,No,Sí,No,2021,10,DOMINGO,0,Madrugada,Fines de semana
,2,0,0,14494,03031,No aplica,Calle,Por alcance                                        ,,No inventariada,Calle,Municipal,Se desconoce,Seco y limpio,Sin luz natural y con iluminación artificial encen,Despejado,,Nivel blanco,,Sin especificar,Sin especificar,Sin especificar,Sin especificar,Sin especificar,Sin especificar,Sin especificar,2021,10,MIÉRCOLES,3,Madrugada,Dias laborables
,2,0,0,14495,03031,No aplica,Calle,Múltiple o en caravana                             ,,No inventariada,Calle,Municipal,Se desconoce,Seco y limpio,"Amanecer o atardecer, sin luz artificial",Despejado,,Nivel verde,,Sin especificar,Sin especificar,Sin especificar,Sin especificar,Sin especificar,Sin especificar,Sin especificar,2021,11,VIERNES,18,Noche,Dias laborables
,2,0,0,14496,03031,No aplica,Calle,Por alcance                                        ,,No inventariada,Calle,Municipal,Se desconoce,Seco y limpio,Sin luz natural y con iluminación artificial encen,Despejado,,Nivel verde,,Sin especificar,Sin especificar,Sin especificar,Sin especificar,Sin especificar,Sin especificar,Sin especificar,2021,11,VIERNES,20,Noche,Dias laborables
,2,0,0,14497,03031,No aplica,Calle,Caída                                              ,,No inventariada,Calle,Municipal,Se desconoce,Mojado,"Luz del día natural, solar",Lluvia débil,,Nivel blanco,,No,No,No,No,No,No,No,2021,11,MARTES,8,Mañana,Dias laborables
,1,0,0,14498,03031,No aplica,Calle,Caída                                              ,,No inventariada,Calle,Municipal,Se desconoce,Seco y limpio,"Luz del día natural, solar",Despejado,,Nivel blanco,,Sin especificar,Sin especificar,Sin especificar,Sin especificar,Sin especificar,Sin especificar,Sin especificar,2021,11,VIERNES,11,Mañana,Dias laborables
,1,0,0,14499,03031,No aplica,Calle,Caída                                              ,,No inventariada,Calle,Municipal,Se desconoce,Seco y limpio,"Luz del día natural, solar",Despejado,,Nivel blanco,,Sin especificar,Sin especificar,Sin especificar,Sin especificar,Sin especificar,Sin especificar,Sin especificar,2021,10,JUEVES,11,Mañana,Dias laborables
,0,1,0,14500,03031,No aplica,Calle,Atropello a personas                               ,,No inventariada,Calle,Municipal,Se desconoce,Seco y limpio,"Luz del día natural, solar",Despejado,,Nivel blanco,,No,No,No,No,No,No,No,2021,10,VIERNES,18,Noche,Dias laborables
,1,0,0,14501,03031,No aplica,Calle,Atropello a personas                               ,,No inventariada,Calle,Municipal,Se desconoce,Seco y limpio,"Luz del día natural, solar",Despejado,,Sin especificar,,Sin especificar,Sin especificar,Sin especificar,Sin especificar,Sin especificar,Sin especificar,Sin especificar,2021,11,JUEVES,15,Tarde,Dias laborables
,1,0,0,14502,03031,No aplica,Calle,Atropello a personas                               ,,No inventariada,Calle,Municipal,Se desconoce,Seco y limpio,Sin luz natural y con iluminación artificial encen,Nublado,,Sin especificar,,Sin especificar,Sin especificar,Sin especificar,Sin especificar,Sin especificar,Sin especificar,Sin especificar,2021,11,SÁBADO,20,Noche,Fines de semana
,2,0,0,14503,03031,No aplica,Calle,Colisión contra obstáculo o elemento de la vía     ,,No inventariada,Calle,Municipal,Se desconoce,Seco y limpio,"Amanecer o atardecer, con luz artificial",Nublado,,Nivel blanco,,Sin especificar,Sin especificar,Sin especificar,Sin especificar,Sin especificar,Sin especificar,Sin especificar,2021,10,SÁBADO,8,Mañana,Fines de semana
,2,0,0,14504,03031,No aplica,Calle,Frontal                                            ,,No inventariada,Calle,Municipal,Se desconoce,Seco y limpio,Sin luz natural y con iluminación artificial encen,Despejado,,Nivel verde,,No,No,No,No,Sí,No,No,2021,11,MARTES,22,Noche,Dias laborables
,1,0,0,14505,03031,No aplica,Calle,Frontal                                            ,,No inventariada,Calle,Municipal,Se desconoce,Seco y limpio,"Luz del día natural, solar",Despejado,,Nivel blanco,,Sin especificar,Sin especificar,Sin especificar,Sin especificar,Sin especificar,Sin especificar,Sin especificar,2021,11,LUNES,13,Tarde,Dias laborables
,1,0,0,14506,03031,No aplica,Calle,Por alcance                                        ,,No inventariada,Calle,Municipal,Se desconoce,Seco y limpio,"Luz del día natural, solar",Despejado,,Nivel amarillo,,Sin especificar,Sin especificar,Sin especificar,Sin especificar,Sin especificar,Sin especificar,Sin especificar,2021,11,LUNES,14,Tarde,Dias laborables
,1,0,0,14507,03031,No aplica,Calle,Múltiple o en caravana                             ,,No inventariada,Calle,Municipal,Se desconoce,Seco y limpio,"Luz del día natural, solar",Despejado,,Nivel rojo,,Sin especificar,Sin especificar,Sin especificar,Sin especificar,Sin especificar,Sin especificar,Sin especificar,2021,11,MARTES,14,Tarde,Dias laborables
49.0,1,0,0,14508,03031,Recta,Carretera,Salida de la vía por la derecha otro tipo          ,,CV-70,Carretera Convencional de calzada única,Autonómica,Descendente,Seco y limpio,Sin luz natural y con iluminación artificial encen,Despejado,,Nivel blanco,,Sin especificar,Sin especificar,Sin especificar,Sin especificar,Sin especificar,Sin especificar,Sin especificar,2021,12,MIÉRCOLES,22,Noche,Dias laborables
,2,0,0,14509,03031,No aplica,Calle,Por alcance                                        ,,No inventariada,Calle,Municipal,Se desconoce,Seco y limpio,"Luz del día natural, solar",Despejado,,Nivel verde,,Sin especificar,Sin especificar,Sin especificar,Sin especificar,Sin especificar,Sin especificar,Sin especificar,2021,11,MIÉRCOLES,11,Mañana,Dias laborables
,0,1,0,14510,03031,No aplica,Calle,Fronto-lateral                                     ,,No inventariada,Calle,Municipal,Se desconoce,Seco y limpio,"Luz del día natural, solar",Despejado,,Sin especificar,,No,No,No,No,No,No,Sí,2021,12,LUNES,11,Mañana,Dias laborables
,0,1,0,14511,03031,No aplica,Calle,Fronto-lateral                                     ,,No inventariada,Calle,Municipal,Se desconoce,Seco y limpio,"Amanecer o atardecer, con luz artificial",Despejado,,Nivel verde,,No,No,Sí,No,No,No,No,2021,12,JUEVES,8,Mañana,Dias laborables
,1,0,0,14512,03031,No aplica,Calle,Caída                                              ,,No inventariada,Calle,Municipal,Se desconoce,Seco y limpio,"Luz del día natural, solar",Despejado,,Nivel blanco,,No,No,No,No,No,No,No,2021,12,SÁBADO,12,Tarde,Fines de semana
,1,0,0,14513,03031,No aplica,Calle,Por alcance                                        ,,No inventariada,Calle,Municipal,Se desconoce,Seco y limpio,"Luz del día natural, solar",Despejado,,Nivel blanco,,No,No,No,No,No,No,Sí,2021,12,MARTES,9,Mañana,Dias laborables
,1,0,0,14514,03031,No aplica,Calle,Lateral                                            ,,No inventariada,Calle,Municipal,Se desconoce,Seco y limpio,"Luz del día natural, solar",Despejado,,Nivel verde,,Sin especificar,Sin especificar,Sin especificar,Sin especificar,Sin especificar,Sin especificar,Sin especificar,2021,12,LUNES,13,Tarde,Dias laborables
,1,0,0,14515,03031,No aplica,Calle,Fronto-lateral                                     ,,No inventariada,Calle,Municipal,Se desconoce,Seco y limpio,"Luz del día natural, solar",Despejado,,Nivel verde,,No,No,No,No,No,No,Sí,2021,12,LUNES,13,Tarde,Dias laborables
,1,0,0,14516,03031,No aplica,Calle,Colisión contra obstáculo o elemento de la vía     ,,No inventariada,Calle,Municipal,Se desconoce,Seco y limpio,"Luz del día natural, solar",Despejado,,Nivel blanco,,Sin especificar,Sin especificar,Sin especificar,Sin especificar,Sin especificar,Sin especificar,Sin especificar,2021,12,DOMINGO,12,Tarde,Fines de semana
,1,0,0,14517,03031,No aplica,Calle,Colisión contra obstáculo o elemento de la vía     ,,No inventariada,Calle,Municipal,Se desconoce,Seco y limpio,"Luz del día natural, solar",Despejado,,Nivel blanco,,Sin especificar,Sin especificar,Sin especificar,Sin especificar,Sin especificar,Sin especificar,Sin especificar,2021,12,DOMINGO,12,Tarde,Fines de semana
,1,0,0,14518,03031,No aplica,Calle,Por alcance                                        ,,No inventariada,Calle,Municipal,Se desconoce,Seco y limpio,"Luz del día natural, solar",Nublado,,Nivel amarillo,,No,No,No,No,Sí,No,No,2021,12,JUEVES,12,Tarde,Dias laborables
,1,0,0,14519,03031,No aplica,Calle,Caída                                              ,,No inventariada,Calle,Municipal,Se desconoce,Seco y limpio,"Luz del día natural, solar",Despejado,,Nivel verde,,Sin especificar,Sin especificar,Sin especificar,Sin especificar,Sin especificar,Sin especificar,Sin especificar,2021,12,MARTES,15,Tarde,Dias laborables
,1,0,0,14520,03031,No aplica,Calle,Por alcance                                        ,,No inventariada,Calle,Municipal,Se desconoce,Seco y limpio,"Luz del día natural, solar",Despejado,,Nivel blanco,,No,No,No,No,No,No,Sí,2021,12,MARTES,13,Tarde,Dias laborables
2.5,1,0,0,14521,03009,Recta,Carretera,Atropello a animales                               ,,CV-785,Carretera Convencional de calzada única,"Provincial, Cabildo/Consell",Ascendente,Seco y limpio,"Luz del día natural, solar",Despejado,,Nivel blanco,,Sin especificar,Sin especificar,Sin especificar,Sin especificar,Sin especificar,Sin especificar,Sin especificar,2021,5,SÁBADO,9,Mañana,Fines de semana
27.227,1,0,0,14522,00000,Curva señalizada,Carretera,Salida de la vía por la izquierda con despeñamiento,,CV-70,Carretera Convencional de calzada única,Autonómica,Ascendente,Seco y limpio,"Luz del día natural, solar",Despejado,,Nivel blanco,,Sin especificar,Sin especificar,Sin especificar,Sin especificar,Sin especificar,Sin especificar,Sin especificar,2021,8,SÁBADO,12,Tarde,Fines de semana
12.052,1,0,0,14523,00000,Curva señalizada,Carretera,"Salida de la vía por la izquierda, otro tipo       ",,CV-940,Carretera Convencional de doble calzada,Autonómica,Ascendente,Seco y limpio,"Luz del día natural, solar",Nublado,,Nivel blanco,,Sin especificar,Sin especificar,Sin especificar,Sin especificar,Sin especificar,Sin especificar,Sin especificar,2021,4,JUEVES,10,Mañana,Dias laborables
12.0,1,0,0,14524,00000,Curva señalizada,Carretera,Salida de la vía por la derecha otro tipo          ,,CV-940,Carretera Convencional de calzada única,Autonómica,Descendente,Seco y limpio,Sin luz natural ni artificial,Despejado,,Nivel blanco,,Sin especificar,Sin especificar,Sin especificar,Sin especificar,Sin especificar,Sin especificar,Sin especificar,2021,8,MIÉRCOLES,22,Noche,Dias laborables
745.0,1,0,0,14525,00000,Recta,Carretera,Por alcance                                        ,CV-940,AP-7,Autopista libre,Estatal,Ascendente,Seco y limpio,"Luz del día natural, solar",Despejado,,Nivel amarillo,,No,No,Sí,No,No,Sí,No,2021,10,MIÉRCOLES,12,Tarde,Dias laborables
16.1,1,0,0,14526,00000,Curva señalizada,Carretera,Salida de la vía por la derecha otro tipo          ,,CV-920,Carretera Convencional de calzada única,Autonómica,Descendente,Seco y limpio,"Luz del día natural, solar",Despejado,,Nivel blanco,,No,No,No,No,No,Sí,No,2021,10,JUEVES,9,Mañana,Dias laborables
13.5,1,0,0,14527,00000,Recta,Carretera,Salida de la vía por la izquierda con vuelco       ,,CV-920,Carretera Convencional de calzada única,Autonómica,Ascendente,Seco y limpio,Sin luz natural ni artificial,Despejado,,Nivel blanco,,Sin especificar,Sin especificar,Sin especificar,Sin especificar,Sin especificar,Sin especificar,Sin especificar,2021,12,SÁBADO,21,Noche,Fines de semana
1.64,1,0,0,14528,00000,Recta,Carretera,"Salida de la vía por la izquierda, otro tipo       ",,CV-790,Carretera Convencional de calzada única,Autonómica,Descendente,Seco y limpio,"Luz del día natural, solar",Despejado,,Nivel blanco,,Sin especificar,Sin especificar,Sin especificar,Sin especificar,Sin especificar,Sin especificar,Sin especificar,2021,3,DOMINGO,11,Mañana,Fines de semana
6.15,1,0,0,14529,00000,Curva señalizada,Carretera,Salida de la vía por la derecha con colisión       ,,CV-70,Carretera Convencional de calzada única,Autonómica,Descendente,Con barro o gravilla suelta,"Luz del día natural, solar",Despejado,,Nivel blanco,,Sin especificar,Sin especificar,Sin especificar,Sin especificar,Sin especificar,Sin especificar,Sin especificar,2021,6,MIÉRCOLES,14,Tarde,Dias laborables
33.5,1,0,0,14530,00000,Curva señalizada,Carretera,Frontal                                            ,,CV-70,Carretera Convencional de calzada única,Autonómica,Ambos,Seco y limpio,Sin luz natural ni artificial,Despejado,,Nivel verde,,Sin especificar,Sin especificar,Sin especificar,Sin especificar,Sin especificar,Sin especificar,Sin especificar,2021,7,DOMINGO,2,Madrugada,Fines de semana
8.2,1,0,0,14531,00000,Curva señalizada,Carretera,"Salida de la vía por la izquierda, otro tipo       ",,CV-720,Carretera Convencional de calzada única,Autonómica,Descendente,Seco y limpio,"Luz del día natural, solar",Despejado,,Nivel blanco,,Sin especificar,Sin especificar,Sin especificar,Sin especificar,Sin especificar,Sin especificar,Sin especificar,2021,4,SÁBADO,12,Tarde,Fines de semana
8.5,1,0,0,14532,00000,Recta,Carretera,Caída                                              ,,CV-720,Carretera Convencional de calzada única,Autonómica,Descendente,Seco y limpio,"Luz del día natural, solar",Despejado,,Nivel blanco,,Sin especificar,Sin especificar,Sin especificar,Sin especificar,Sin especificar,Sin especificar,Sin especificar,2021,5,SÁBADO,10,Mañana,Fines de semana
0.1,1,0,0,14533,00000,Recta,Carretera,Caída                                              ,,CAMI BARRA,Otro,Municipal,Ambos,Seco y limpio,Sin luz natural ni artificial,Despejado,,Nivel blanco,,Sin especificar,Sin especificar,Sin especificar,Sin especificar,Sin especificar,Sin especificar,Sin especificar,2021,5,MIÉRCOLES,22,Noche,Dias laborables
,4,0,0,14534,03041,No aplica,Calle,Frontal                                            ,,No inventariada,Otro,Municipal,Se desconoce,Seco y limpio,"Luz del día natural, solar",Despejado,,Nivel blanco,,Sin especificar,Sin especificar,Sin especificar,Sin especificar,Sin especificar,Sin especificar,Sin especificar,2021,3,DOMINGO,10,Mañana,Fines de semana
622.0,1,0,0,14535,03041,Curva señalizada,Carretera,Salida de la vía por la izquierda con despeñamiento,AP-7,AP-7,Autopista libre,Estatal,Ascendente,Mojado,"Amanecer o atardecer, sin luz artificial",Lluvia débil,,Nivel blanco,,No,No,No,No,No,No,No,2021,4,VIERNES,20,Noche,Dias laborables
175.9,1,0,0,14536,03041,Curva señalizada,Carretera,Fronto-lateral                                     ,,N-332,Carretera Convencional de calzada única,Estatal,Descendente,Seco y limpio,"Luz del día natural, solar",Nublado,,Nivel amarillo,,No,No,No,Sí,No,No,Sí,2021,4,LUNES,12,Tarde,Dias laborables
181.0,1,0,0,14537,03041,Recta,Carretera,Salida de la vía por la izquierda con vuelco       ,,N-332,Carretera Convencional de calzada única,Estatal,Descendente,Seco y limpio,"Luz del día natural, solar",Despejado,,Nivel blanco,,Sin especificar,Sin especificar,Sin especificar,Sin especificar,Sin especificar,Sin especificar,Sin especificar,2021,5,SÁBADO,16,Tarde,Fines de semana
174.6,1,0,0,14538,03041,Recta,Carretera,Salida de la vía por la derecha otro tipo          ,,N-332,Carretera Convencional de calzada única,Estatal,Descendente,Seco y limpio,"Luz del día natural, solar",Despejado,,Nivel blanco,,Sin especificar,Sin especificar,Sin especificar,Sin especificar,Sin especificar,Sin especificar,Sin especificar,2021,6,SÁBADO,12,Tarde,Fines de semana
179.2,1,0,0,14539,03041,Recta,Carretera,Salida de la vía por la derecha con vuelco         ,,N-332,Carretera Convencional de calzada única,Estatal,Ascendente,Seco y limpio,"Luz del día natural, solar",Despejado,,Nivel blanco,,Sin especificar,Sin especificar,Sin especificar,Sin especificar,Sin especificar,Sin especificar,Sin especificar,2021,8,LUNES,17,Tarde,Dias laborables
0.5,1,0,0,14540,03041,Recta,Carretera,Fronto-lateral                                     ,CV-7470,CV-7470,Carretera Convencional de calzada única,Autonómica,Ambos,Seco y limpio,"Luz del día natural, solar",Despejado,,Nivel blanco,,No,No,No,No,No,Sí,No,2021,8,LUNES,18,Noche,Dias laborables
12.4,1,0,0,14541,03041,Curva señalizada,Carretera,Salida de la vía por la derecha otro tipo          ,,CV-745,Carretera Convencional de calzada única,"Provincial, Cabildo/Consell",Ascendente,Seco y limpio,Sin luz natural ni artificial,Despejado,,Nivel blanco,,Sin especificar,Sin especificar,Sin especificar,Sin especificar,Sin especificar,Sin especificar,Sin especificar,2021,9,JUEVES,6,Mañana,Dias laborables
8.196,2,0,0,14542,03041,Curva señalizada,Carretera,Salida de la vía por la derecha con colisión       ,,CV-745,Carretera Convencional de calzada única,"Provincial, Cabildo/Consell",Ascendente,Seco y limpio,"Luz del día natural, solar",Despejado,,Nivel blanco,,Sin especificar,Sin especificar,Sin especificar,Sin especificar,Sin especificar,Sin especificar,Sin especificar,2021,9,VIERNES,13,Tarde,Dias laborables
7.0,1,0,0,14543,03041,Curva señalizada,Carretera,Salida de la vía por la derecha otro tipo          ,,CV-746,Carretera Convencional de calzada única,"Provincial, Cabildo/Consell",Ascendente,Seco y limpio,"Luz del día natural, solar",Despejado,,Nivel verde,,Sin especificar,Sin especificar,Sin especificar,Sin especificar,Sin especificar,Sin especificar,Sin especificar,2021,9,SÁBADO,17,Tarde,Fines de semana
178.8,1,0,0,14544,03041,Se desconoce,Carretera,Por alcance                                        ,,N-332,Carretera Convencional de calzada única,Estatal,Ascendente,Seco y limpio,"Luz del día natural, solar",Despejado,,Nivel rojo,,Sin especificar,Sin especificar,Sin especificar,Sin especificar,Sin especificar,Sin especificar,Sin especificar,2021,10,MIÉRCOLES,12,Tarde,Dias laborables
170.4,1,0,0,14545,03041,Curva señalizada,Carretera,Salida de la vía por la derecha con vuelco         ,,N-332,Carretera Convencional de calzada única,Estatal,Descendente,Mojado,Sin luz natural ni artificial,Lluvia débil,,Nivel blanco,,Sin especificar,Sin especificar,Sin especificar,Sin especificar,Sin especificar,Sin especificar,Sin especificar,2021,10,JUEVES,23,Noche,Dias laborables
180.0,1,0,0,14546,03041,Recta,Carretera,Fronto-lateral                                     ,,N-332,Carretera Convencional de calzada única,Estatal,Ascendente,Seco y limpio,"Luz del día natural, solar",Despejado,,Nivel verde,,No,No,No,No,No,No,No,2021,11,JUEVES,12,Tarde,Dias laborables
627.0,1,0,0,14547,03041,Curva señalizada,Carretera,Salida de la vía por la derecha con colisión       ,,AP-7,Autopista libre,Estatal,Ascendente,Seco y limpio,Sin luz natural ni artificial,Despejado,,Nivel blanco,,Sin especificar,Sin especificar,Sin especificar,Sin especificar,Sin especificar,Sin especificar,Sin especificar,2021,11,MARTES,19,Noche,Dias laborables