KM,TOTAL_HL24H,TOTAL_HG24H,TOTAL_MU24H,id,COD_MUNICIPIO,TRAZADO_PLANTA,ZONA,TIPO_ACCIDENTE,CARRETERA_CRUCE,CARRETERA,TIPO_VIA,TITULARIDAD_VIA,SENTIDO_1F,CONDICION_FIRME,CONDICION_ILUMINACION,CONDICION_METEO,CONDICION_NIEBLA,CONDICION_NIVEL_CIRCULA,CONDICION_VIENTO,PRIORI_AGENTE,PRIORI_CIRCUNSTANCIAL,PRIORI_HORIZ_CEDA,PRIORI_HORIZ_STOP,PRIORI_SEMAFORO,PRIORI_VERT_CEDA,PRIORI_VERT_STOP,ANYO,MES,DIA,HORA,FRANJA_HORARIA,TIPO_DIA
173.272,2,0,0,14548,03041,Curva señalizada,Carretera,Frontal                                            ,,N-332,Carretera Convencional de calzada única,Estatal,Ambos,Seco y limpio,Sin luz natural ni artificial,Despejado,,Nivel blanco,,Sin especificar,Sin especificar,Sin especificar,Sin especificar,Sin especificar,Sin especificar,Sin especificar,2021,12,MARTES,21,Noche,Dias laborables
5.5,1,0,0,14549,03041,Curva señalizada,Carretera,Fronto-lateral                                     ,,CV-746,Carretera Convencional de calzada única,"Provincial, Cabildo/Consell",Ascendente,Seco y limpio,"Luz del día natural, solar",Despejado,,Nivel blanco,,No,No,No,No,No,No,No,2021,12,VIERNES,12,Tarde,Dias laborables
624.4,2,0,0,14550,03041,Recta,Carretera,Colisión contra obstáculo o elemento de la vía     ,,AP-7,Autopista libre,Estatal,Descendente,Seco y limpio,"Luz del día natural, solar",Despejado,,Nivel verde,,Sin especificar,Sin especificar,Sin especificar,Sin especificar,Sin especificar,Sin especificar,Sin especificar,2021,12,LUNES,16,Tarde,Dias laborables
6.8,1,0,0,14551,00000,Recta,Carretera,Caída                                              ,,CV-740,Carretera Convencional de calzada única,"Provincial, Cabildo/Consell",Descendente,Seco y limpio,"Luz del día natural, solar",Despejado,,Nivel blanco,,Sin especificar,Sin especificar,Sin especificar,Sin especificar,Sin especificar,Sin especificar,Sin especificar,2021,12,MIÉRCOLES,11,Mañana,Dias laborables
3.944,1,0,0,14552,00000,Curva señalizada,Carretera,Otro tipo de accidente                             ,,CV-807,Carretera Convencional de calzada única,"Provincial, Cabildo/Consell",Ambos,Seco y limpio,Sin luz natural ni artificial,Nublado,,Nivel blanco,,Sin especificar,Sin especificar,Sin especificar,Sin especificar,Sin especificar,Sin especificar,Sin especificar,2021,5,JUEVES,5,Madrugada,Dias laborables
0.8,1,0,0,14553,03099,Curva señalizada,Carretera,"Salida de la vía por la izquierda, otro tipo       ",,CV-923,Carretera Convencional de calzada única,"Provincial, Cabildo/Consell",Ascendente,Seco y limpio,Sin luz natural ni artificial,Nublado,,Nivel blanco,,Sin especificar,Sin especificar,Sin especificar,Sin especificar,Sin especificar,Sin especificar,Sin especificar,2021,2,JUEVES,3,Madrugada,Dias laborables
4.6,1,0,0,14554,03044,Recta,Carretera,Atropello a personas                               ,,CV-95,Carretera Convencional de calzada única,Autonómica,Ascendente,Seco y limpio,"Luz del día natural, solar",Despejado,,Nivel amarillo,,No,No,No,No,No,Sí,No,2021,5,LUNES,7,Mañana,Dias laborables
4.494,1,0,0,14555,03044,Recta,Carretera,"Salida de la vía por la izquierda, otro tipo       ",,CV-95,Carretera Convencional de doble calzada,Autonómica,Descendente,Seco y limpio,"Luz del día natural, solar",Despejado,,Nivel blanco,,Sin especificar,Sin especificar,Sin especificar,Sin especificar,Sin especificar,Sin especificar,Sin especificar,2021,6,SÁBADO,11,Mañana,Fines de semana
4.8,1,0,0,14556,03044,Recta,Carretera,Fronto-lateral                                     ,,CV-95,Carretera Convencional de calzada única,Autonómica,Descendente,Seco y limpio,"Luz del día natural, solar",Despejado,,Nivel blanco,,No,No,No,No,No,No,Sí,2021,7,VIERNES,20,Noche,Dias laborables
6.0,1,0,0,14557,03044,Curva señalizada,Carretera,Fronto-lateral                                     ,CV-920,CV-95,Carretera Convencional de calzada única,Autonómica,Ascendente,Seco y limpio,"Luz del día natural, solar",Despejado,,Nivel blanco,,No,No,No,No,No,Sí,No,2021,11,DOMINGO,7,Mañana,Fines de semana
47.5,1,0,0,14558,00000,Se desconoce,Carretera,Salida de la vía por la derecha otro tipo          ,,CV-715,Carretera Convencional de doble calzada,Autonómica,Ascendente,Seco y limpio,"Luz del día natural, solar",Despejado,,Nivel blanco,,Sin especificar,Sin especificar,Sin especificar,Sin especificar,Sin especificar,Sin especificar,Sin especificar,2021,8,DOMINGO,13,Tarde,Fines de semana
11.3,1,0,0,14559,00000,Se desconoce,Carretera,Salida de la vía por la derecha otro tipo          ,,CV-773,Carretera Convencional de doble calzada,Autonómica,Descendente,Seco y limpio,"Luz del día natural, solar",Despejado,,Nivel verde,,Sin especificar,Sin especificar,Sin especificar,Sin especificar,Sin especificar,Sin especificar,Sin especificar,2021,4,DOMINGO,9,Mañana,Fines de semana
5.0,1,0,0,14560,00000,Curva señalizada,Carretera,"Salida de la vía por la izquierda, otro tipo       ",,CV-774,Carretera Convencional de calzada única,"Provincial, Cabildo/Consell",Ascendente,Seco y limpio,"Luz del día natural, solar",Despejado,,Nivel blanco,,Sin especificar,Sin especificar,Sin especificar,Sin especificar,Sin especificar,Sin especificar,Sin especificar,2021,6,VIERNES,18,Noche,Dias laborables
10.4,1,0,0,14561,00000,Curva señalizada,Carretera,Salida de la vía por la derecha otro tipo          ,,CV-773,Carretera Convencional de calzada única,Autonómica,Descendente,Seco y limpio,"Luz del día natural, solar",Despejado,,Nivel blanco,,Sin especificar,Sin especificar,Sin especificar,Sin especificar,Sin especificar,Sin especificar,Sin especificar,2021,11,SÁBADO,11,Mañana,Fines de semana
1.7,1,0,0,14562,00000,Recta,Carretera,Salida de la vía por la derecha con despeñamiento  ,,CV-776,Carretera Convencional de calzada única,Autonómica,Descendente,Seco y limpio,"Luz del día natural, solar",Despejado,,Nivel blanco,,Sin especificar,Sin especificar,Sin especificar,Sin especificar,Sin especificar,Sin especificar,Sin especificar,2021,12,SÁBADO,12,Tarde,Fines de semana
165.95,1,0,0,14563,03047,Recta,Carretera,Caída                                              ,,N-332,Carretera Convencional de calzada única,Estatal,Ascendente,Seco y limpio,"Luz del día natural, solar",Despejado,,Nivel blanco,,Sin especificar,Sin especificar,Sin especificar,Sin especificar,Sin especificar,Sin especificar,Sin especificar,2021,1,MARTES,10,Mañana,Dias laborables
170.7,0,1,0,14564,03041,Curva señalizada,Carretera,Salida de la vía por la derecha otro tipo          ,,N-332,Carretera Convencional de calzada única,Estatal,Descendente,Seco y limpio,"Luz del día natural, solar",Despejado,,Nivel blanco,,Sin especificar,Sin especificar,Sin especificar,Sin especificar,Sin especificar,Sin especificar,Sin especificar,2021,2,DOMINGO,12,Tarde,Fines de semana
171.0,1,0,0,14565,03041,Curva señalizada,Carretera,Vuelco                                             ,,N-332,Carretera Convencional de calzada única,Estatal,Ascendente,Con aceite,"Luz del día natural, solar",Despejado,,Sin especificar,,Sin especificar,Sin especificar,Sin especificar,Sin especificar,Sin especificar,Sin especificar,Sin especificar,2021,3,SÁBADO,12,Tarde,Fines de semana
165.2,0,1,0,14566,03047,Curva sin señalizar,Carretera,Caída                                              ,,N-332,Carretera Convencional de calzada única,Estatal,Ascendente,Seco y limpio,"Luz del día natural, solar",Despejado,,Nivel blanco,,Sin especificar,Sin especificar,Sin especificar,Sin especificar,Sin especificar,Sin especificar,Sin especificar,2021,3,SÁBADO,18,Noche,Fines de semana
3.4,0,2,0,14567,03047,Curva sin señalizar,Carretera,Caída                                              ,,CV-7471,Carretera Convencional de calzada única,Autonómica,Ascendente,Mojado,"Luz del día natural, solar",Lluvia débil,,Nivel blanco,,Sin especificar,Sin especificar,Sin especificar,Sin especificar,Sin especificar,Sin especificar,Sin especificar,2021,4,MIÉRCOLES,12,Tarde,Dias laborables
164.45,1,0,0,14568,03018,Curva señalizada,Carretera,"Salida de la vía por la izquierda, otro tipo       ",,N-332,Carretera Convencional de calzada única,Estatal,Ascendente,Mojado,"Luz del día natural, solar",Lluvia débil,,Nivel blanco,,Sin especificar,Sin especificar,Sin especificar,Sin especificar,Sin especificar,Sin especificar,Sin especificar,2021,6,MARTES,12,Tarde,Dias laborables
165.5,1,0,0,14569,03047,Recta,Carretera,Por alcance                                        ,,N-332,Carretera Convencional de calzada única,Estatal,Ascendente,Seco y limpio,"Luz del día natural, solar",Despejado,,Sin especificar,,Sin especificar,Sin especificar,Sin especificar,Sin especificar,Sin especificar,Sin especificar,Sin especificar,2021,7,SÁBADO,18,Noche,Fines de semana
1.22,1,0,0,14570,03047,Recta,Carretera,Frontal                                            ,,CV-7471,Carretera Convencional de calzada única,Autonómica,Ascendente,Seco y limpio,"Luz del día natural, solar",Despejado,,Nivel blanco,,Sin especificar,Sin especificar,Sin especificar,Sin especificar,Sin especificar,Sin especificar,Sin especificar,2021,8,MIÉRCOLES,12,Tarde,Dias laborables
14.6,2,0,0,14571,03048,Curva señalizada,Carretera,Salida de la vía por la derecha con colisión       ,,CV-755,Carretera Convencional de calzada única,Autonómica,Descendente,Seco y limpio,"Luz del día natural, solar",Despejado,,Nivel blanco,,Sin especificar,Sin especificar,Sin especificar,Sin especificar,Sin especificar,Sin especificar,Sin especificar,2021,8,MIÉRCOLES,18,Noche,Dias laborables
15.7,0,1,0,14572,03048,Recta,Carretera,Salida de la vía por la derecha con despeñamiento  ,,CV-755,Carretera Convencional de calzada única,Autonómica,Ascendente,Seco y limpio,Sin luz natural y con iluminación artificial no en,Despejado,,Nivel blanco,,Sin especificar,Sin especificar,Sin especificar,Sin especificar,Sin especificar,Sin especificar,Sin especificar,2021,12,DOMINGO,19,Noche,Fines de semana
0.6,1,0,0,14573,03049,Recta,Carretera,Fronto-lateral                                     ,,CV-913,Carretera Convencional de calzada única,Autonómica,Ascendente,Seco y limpio,Sin luz natural y con iluminación artificial encen,Despejado,,Nivel blanco,,No,No,No,No,No,No,Sí,2021,3,VIERNES,20,Noche,Dias laborables
0.2,1,0,0,14574,03049,Curva señalizada,Carretera,Salida de la vía por la derecha con vuelco         ,,CV-911A,Carretera Convencional de calzada única,Autonómica,Descendente,Seco y limpio,"Luz del día natural, solar",Despejado,,Nivel blanco,,Sin especificar,Sin especificar,Sin especificar,Sin especificar,Sin especificar,Sin especificar,Sin especificar,2021,3,SÁBADO,14,Tarde,Fines de semana
6.1,1,0,0,14575,03049,Curva señalizada,Carretera,Lateral                                            ,CV-911,CV-900,Carretera Convencional de calzada única,Autonómica,Ascendente,Seco y limpio,"Luz del día natural, solar",Nublado,,Nivel blanco,,No,No,No,No,No,Sí,No,2021,4,DOMINGO,14,Tarde,Fines de semana
7.95,1,0,0,14576,03049,Curva señalizada,Carretera,Fronto-lateral                                     ,CV-913,CV-900,Carretera Convencional de calzada única,Autonómica,Ascendente,Mojado,Sin luz natural ni artificial,Nublado,,Nivel blanco,,No,No,No,No,No,Sí,No,2021,4,JUEVES,7,Mañana,Dias laborables
7.4,2,0,0,14577,03049,Recta,Carretera,Fronto-lateral                                     ,,CV-900,Carretera Convencional de calzada única,Autonómica,Ascendente,Seco y limpio,"Luz del día natural, solar",Despejado,,Nivel blanco,,Sin especificar,Sin especificar,Sin especificar,Sin especificar,Sin especificar,Sin especificar,Sin especificar,2021,5,SÁBADO,12,Tarde,Fines de semana
1.3,2,0,0,14578,03049,Recta,Carretera,Por alcance                                        ,,CV-913,Carretera Convencional de calzada única,Autonómica,Ascendente,Seco y limpio,"Luz del día natural, solar",Despejado,,Nivel blanco,,Sin especificar,Sin especificar,Sin especificar,Sin especificar,Sin especificar,Sin especificar,Sin especificar,2021,6,SÁBADO,16,Tarde,Fines de semana
2.0,1,0,0,14579,03049,Recta,Carretera,Vuelco                                             ,,CV-913,Carretera Convencional de calzada única,Autonómica,Descendente,Seco y limpio,"Luz del día natural, solar",Despejado,,Nivel blanco,,Sin especificar,Sin especificar,Sin especificar,Sin especificar,Sin especificar,Sin especificar,Sin especificar,2021,8,MARTES,13,Tarde,Dias laborables
0.5,1,0,0,14580,03049,Recta,Carretera,Salida de la vía por la derecha con vuelco         ,,CV-913,Carretera Convencional de calzada única,Autonómica,Descendente,Seco y limpio,"Luz del día natural, solar",Despejado,,Nivel blanco,,No,No,No,No,No,No,No,2021,9,MIÉRCOLES,11,Mañana,Dias laborables
692.723,2,0,0,14581,03049,Curva señalizada,Carretera,Múltiple o en caravana                             ,,N-340,Carretera Convencional de calzada única,Estatal,Ascendente,Mojado,"Luz del día natural, solar",Lluvia fuerte,,Nivel verde,,No,No,No,No,No,No,No,2021,10,VIERNES,11,Mañana,Dias laborables
3.4,1,0,0,14582,03049,Curva señalizada,Carretera,Salida de la vía por la derecha con colisión       ,,CV-913,Carretera Convencional de calzada única,Autonómica,Ascendente,Mojado,"Amanecer o atardecer, con luz artificial",Lluvia débil,,Nivel blanco,,No,No,Sí,No,No,Sí,No,2021,10,SÁBADO,8,Mañana,Fines de semana
1.75,1,0,0,14583,03050,Curva señalizada,Carretera,Lateral                                            ,,CV-775,Carretera Convencional de calzada única,Autonómica,Ascendente,Seco y limpio,"Luz del día natural, solar",Despejado,,Nivel blanco,,Sin especificar,Sin especificar,Sin especificar,Sin especificar,Sin especificar,Sin especificar,Sin especificar,2021,2,MARTES,10,Mañana,Dias laborables
12.1,1,0,0,14584,03050,Curva sin señalizar,Carretera,Salida de la vía por la derecha otro tipo          ,,CV-773,Carretera Convencional de calzada única,Autonómica,Descendente,Seco y limpio,"Luz del día natural, solar",Despejado,,Nivel blanco,,Sin especificar,Sin especificar,Sin especificar,Sin especificar,Sin especificar,Sin especificar,Sin especificar,2021,3,MIÉRCOLES,9,Mañana,Dias laborables
12.5,0,0,1,14585,03050,Curva señalizada,Carretera,Salida de la vía por la derecha con colisión       ,,CV-773,Carretera Convencional de calzada única,Autonómica,Ambos,Seco y limpio,"Luz del día natural, solar",Despejado,,Nivel blanco,,Sin especificar,Sin especificar,Sin especificar,Sin especificar,Sin especificar,Sin especificar,Sin especificar,2021,4,LUNES,10,Mañana,Dias laborables
0.6,2,0,0,14586,03050,Curva sin señalizar,Carretera,Salida de la vía por la izquierda con colisión     ,,CV-775,Carretera Convencional de calzada única,Autonómica,Ascendente,Seco y limpio,"Luz del día natural, solar",Despejado,,Nivel blanco,,Sin especificar,Sin especificar,Sin especificar,Sin especificar,Sin especificar,Sin especificar,Sin especificar,2021,5,SÁBADO,20,Noche,Fines de semana
122.591,2,0,0,14587,03050,Curva sin señalizar,Carretera,Salida de la vía por la derecha otro tipo          ,,N-332,Carretera Convencional de doble calzada,Estatal,Ascendente,Seco y limpio,"Luz del día natural, solar",Despejado,,Nivel amarillo,,No,No,No,No,No,No,No,2021,7,JUEVES,20,Noche,Dias laborables
676.2,1,0,0,14588,03050,Recta,Carretera,Salida de la vía por la derecha con colisión       ,,AP-7,Autopista libre,Estatal,Descendente,Seco y limpio,"Luz del día natural, solar",Despejado,,Nivel blanco,,Sin especificar,Sin especificar,Sin especificar,Sin especificar,Sin especificar,Sin especificar,Sin especificar,2021,8,DOMINGO,10,Mañana,Fines de semana
1.2,1,0,0,14589,03050,Curva señalizada,Carretera,Salida de la vía por la derecha con colisión       ,,CV-775,Carretera Convencional de calzada única,Autonómica,Ascendente,Seco y limpio,"Luz del día natural, solar",Despejado,,Nivel blanco,,Sin especificar,Sin especificar,Sin especificar,Sin especificar,Sin especificar,Sin especificar,Sin especificar,2021,8,VIERNES,9,Mañana,Dias laborables
0.5,1,0,0,14590,03050,Recta,Carretera,Fronto-lateral                                     ,CV-775,CV-775,Carretera Convencional de calzada única,Autonómica,Ascendente,Seco y limpio,"Luz del día natural, solar",Despejado,,Nivel blanco,,No,No,No,No,No,Sí,No,2021,8,JUEVES,17,Tarde,Dias laborables
1.3,2,0,0,14591,03050,Curva señalizada,Carretera,"Salida de la vía por la izquierda, otro tipo       ",,CV-775,Carretera Convencional de calzada única,Autonómica,Descendente,Seco y limpio,Sin luz natural ni artificial,Despejado,,Nivel blanco,,Sin especificar,Sin especificar,Sin especificar,Sin especificar,Sin especificar,Sin especificar,Sin especificar,2021,9,MARTES,22,Noche,Dias laborables
668.3,1,0,0,14592,03050,Curva señalizada,Carretera,Salida de la vía por la izquierda con colisión     ,,AP-7,Autopista libre,Estatal,Ascendente,Seco y limpio,"Luz del día natural, solar",Despejado,,Nivel blanco,,Sin especificar,Sin especificar,Sin especificar,Sin especificar,Sin especificar,Sin especificar,Sin especificar,2021,9,LUNES,8,Mañana,Dias laborables
669.0,2,0,0,14593,03050,Recta,Carretera,Por alcance                                        ,,AP-7,Autopista libre,Estatal,Descendente,Seco y limpio,"Luz del día natural, solar",Despejado,,Nivel blanco,,Sin especificar,Sin especificar,Sin especificar,Sin especificar,Sin especificar,Sin especificar,Sin especificar,2021,10,SÁBADO,23,Noche,Fines de semana
675.2,1,0,0,14594,03050,Recta,Carretera,Salida de la vía por la derecha con vuelco         ,,AP-7,Autopista libre,Estatal,Descendente,Seco y limpio,Sin luz natural ni artificial,Despejado,,Nivel blanco,,Sin especificar,Sin especificar,Sin especificar,Sin especificar,Sin especificar,Sin especificar,Sin especificar,2021,11,DOMINGO,4,Madrugada,Fines de semana
128.7,1,0,0,14595,03050,Recta,Carretera,Fronto-lateral                                     ,,N-332,Carretera Convencional de calzada única,Estatal,Ascendente,Seco y limpio,"Luz del día natural, solar",Despejado,,Nivel blanco,,No,No,No,No,No,No,No,2021,11,SÁBADO,14,Tarde,Fines de semana
122.5,2,0,0,14596,03050,Curva sin señalizar,Carretera,Salida de la vía por la derecha con despeñamiento  ,,N-332,Carretera Convencional de calzada única,Estatal,Ascendente,Mojado,"Luz del día natural, solar",Lluvia fuerte,,Nivel verde,,No,No,No,No,No,No,Sí,2021,11,JUEVES,11,Mañana,Dias laborables
674.6,1,0,0,14597,03050,Recta,Carretera,Salida de la vía por la izquierda con vuelco       ,,AP-7,Autopista libre,Estatal,Descendente,Seco y limpio,"Amanecer o atardecer, sin luz artificial",Despejado,,Nivel blanco,,Sin especificar,Sin especificar,Sin especificar,Sin especificar,Sin especificar,Sin especificar,Sin especificar,2021,11,SÁBADO,5,Madrugada,Fines de semana
3.471,1,0,0,14598,03014,Recta,Carretera,Por alcance                                        ,,CV-824,Carretera Convencional de doble calzada,"Provincial, Cabildo/Consell",Ascendente,Seco y limpio,"Luz del día natural, solar",Despejado,,Sin especificar,,Sin especificar,Sin especificar,Sin especificar,Sin especificar,Sin especificar,Sin especificar,Sin especificar,2021,2,SÁBADO,14,Tarde,Fines de semana
34.666,1,0,0,14599,00000,Recta,Carretera,Por alcance                                        ,,CV-81,Carretera Convencional de calzada única,Autonómica,Ascendente,Seco y limpio,Sin luz natural ni artificial,Despejado,,Nivel blanco,,No,No,No,No,No,No,No,2021,6,VIERNES,13,Tarde,Dias laborables
474.0,1,1,0,14600,03053,Recta,Carretera,Por alcance                                        ,,A-7,Autovía,Estatal,Ascendente,Seco y limpio,"Luz del día natural, solar",Despejado,,Nivel blanco,,Sin especificar,Sin especificar,Sin especificar,Sin especificar,Sin especificar,Sin especificar,Sin especificar,2021,1,MARTES,8,Mañana,Dias laborables
0.0,1,0,0,14601,03053,Curva señalizada,Carretera,Salida de la vía por la derecha con colisión       ,,CV-811,Carretera Convencional de calzada única,"Provincial, Cabildo/Consell",Ascendente,Seco y limpio,"Luz del día natural, solar",Despejado,,Nivel blanco,,No,No,No,No,No,No,No,2021,2,MIÉRCOLES,13,Tarde,Dias laborables
3.0,1,0,0,14602,03053,Curva señalizada,Carretera,Fronto-lateral                                     ,,CV-806,Carretera Convencional de calzada única,Autonómica,Descendente,Seco y limpio,"Luz del día natural, solar",Despejado,,Nivel blanco,,No,No,No,No,No,No,No,2021,2,VIERNES,12,Tarde,Dias laborables
1.6,1,0,0,14603,03096,Recta,Carretera,"Salida de la vía por la izquierda, otro tipo       ",,CV-8153,Carretera Convencional de doble calzada,Municipal,Descendente,Seco y limpio,"Luz del día natural, solar",Despejado,,Nivel blanco,,No,No,Sí,No,No,Sí,No,2021,3,MARTES,12,Tarde,Dias laborables
5.0,3,0,0,14604,03053,Curva sin señalizar,Carretera,Salida de la vía por la izquierda con colisión     ,,CV-798,Carretera Convencional de calzada única,"Provincial, Cabildo/Consell",Descendente,Seco y limpio,"Luz del día natural, solar",Despejado,,Nivel blanco,,Sin especificar,Sin especificar,Sin especificar,Sin especificar,Sin especificar,Sin especificar,Sin especificar,2021,4,VIERNES,16,Tarde,Dias laborables
1.8,1,0,0,14605,03053,Recta,Carretera,Por alcance                                        ,,CV-816,Carretera Convencional de calzada única,"Provincial, Cabildo/Consell",Ascendente,Seco y limpio,"Luz del día natural, solar",Despejado,,Nivel blanco,,Sin especificar,Sin especificar,Sin especificar,Sin especificar,Sin especificar,Sin especificar,Sin especificar,2021,7,JUEVES,19,Noche,Dias laborables
0.05,1,0,0,14606,03096,Recta,Carretera,Por alcance                                        ,,CV-806,Carretera Convencional de calzada única,Autonómica,Descendente,Seco y limpio,"Luz del día natural, solar",Despejado,,Nivel blanco,,Sin especificar,Sin especificar,Sin especificar,Sin especificar,Sin especificar,Sin especificar,Sin especificar,2021,9,SÁBADO,13,Tarde,Fines de semana
4.65,0,1,0,14607,03053,Recta,Carretera,Salida de la vía por la derecha con colisión       ,,CV-811,Carretera Convencional de calzada única,"Provincial, Cabildo/Consell",Descendente,Seco y limpio,"Luz del día natural, solar",Despejado,,Nivel blanco,,No,No,No,No,No,Sí,No,2021,9,SÁBADO,17,Tarde,Fines de semana
485.0,1,0,0,14608,00000,Curva señalizada,Carretera,Salida de la vía por la izquierda con colisión     ,,A-7,Autovía,Estatal,Ascendente,Seco y limpio,"Luz del día natural, solar",Despejado,,Nivel blanco,,Sin especificar,Sin especificar,Sin especificar,Sin especificar,Sin especificar,Sin especificar,Sin especificar,2021,10,VIERNES,14,Tarde,Dias laborables
18.2,1,0,0,14609,03053,Recta,Carretera,Fronto-lateral                                     ,,CV-80,Autovía,Estatal,Ascendente,Seco y limpio,Sin luz natural ni artificial,Nublado,,Nivel blanco,,Sin especificar,Sin especificar,Sin especificar,Sin especificar,Sin especificar,Sin especificar,Sin especificar,2021,11,MARTES,18,Noche,Dias laborables
7.5,0,1,0,14610,00000,Curva señalizada,Carretera,"Salida de la vía por la izquierda, otro tipo       ",,CV-752,Carretera Convencional de calzada única,"Provincial, Cabildo/Consell",Ascendente,Seco y limpio,"Luz del día natural, solar",Despejado,,Nivel blanco,,Sin especificar,Sin especificar,Sin especificar,Sin especificar,Sin especificar,Sin especificar,Sin especificar,2021,5,DOMINGO,10,Mañana,Fines de semana
730.0,1,0,0,14611,03059,Curva señalizada,Carretera,Salida de la vía por la izquierda con vuelco       ,,AP-7,Autopista libre,Estatal,Ascendente,Seco y limpio,"Luz del día natural, solar",Despejado,,Nivel blanco,,Sin especificar,Sin especificar,Sin especificar,Sin especificar,Sin especificar,Sin especificar,Sin especificar,2021,4,MARTES,14,Tarde,Dias laborables
,2,0,0,14612,03055,No aplica,Calle,Fronto-lateral                                     ,,No inventariada,Calle,Municipal,Se desconoce,Mojado,Sin luz natural y con iluminación artificial encen,Despejado,,Nivel blanco,,No,No,No,No,No,No,Sí,2021,1,SÁBADO,21,Noche,Fines de semana
0.0,2,0,0,14613,03055,Recta,Carretera,Por alcance                                        ,CV-913,CV-909,Carretera Convencional de calzada única,"Provincial, Cabildo/Consell",Descendente,Seco y limpio,"Luz del día natural, solar",Despejado,,Nivel blanco,,No,No,No,No,No,Sí,No,2021,9,LUNES,17,Tarde,Dias laborables
,1,0,0,14614,03055,No aplica,Calle,Atropello a personas                               ,,No inventariada,Calle,Municipal,Se desconoce,Seco y limpio,"Luz del día natural, solar",Despejado,,Nivel blanco,,Sin especificar,Sin especificar,Sin especificar,Sin especificar,Sin especificar,Sin especificar,Sin especificar,2021,2,MARTES,14,Tarde,Dias laborables
,1,0,0,14615,03055,No aplica,Calle,Por alcance                                        ,,No inventariada,Calle,Municipal,Se desconoce,Seco y limpio,"Luz del día natural, solar",Despejado,,Nivel verde,,Sin especificar,Sin especificar,Sin especificar,Sin especificar,Sin especificar,Sin especificar,Sin especificar,2021,3,MIÉRCOLES,9,Mañana,Dias laborables
,1,0,0,14616,03055,No aplica,Calle,Fronto-lateral                                     ,,No inventariada,Calle,Municipal,Se desconoce,Seco y limpio,"Luz del día natural, solar",Despejado,,Nivel blanco,,No,No,No,No,No,No,Sí,2021,4,LUNES,10,Mañana,Dias laborables
,2,0,0,14617,03055,No aplica,Calle,Frontal                                            ,,No inventariada,Calle,Municipal,Se desconoce,Seco y limpio,"Luz del día natural, solar",Despejado,,Nivel blanco,,Sin especificar,Sin especificar,Sin especificar,Sin especificar,Sin especificar,Sin especificar,Sin especificar,2021,5,JUEVES,15,Tarde,Dias laborables
5.5,1,0,0,14618,03055,Recta,Carretera,Salida de la vía por la izquierda con colisión     ,,CV-913,Carretera Convencional de calzada única,Autonómica,Descendente,Seco y limpio,Sin luz natural y con iluminación artificial encen,Despejado,,Nivel blanco,,Sin especificar,Sin especificar,Sin especificar,Sin especificar,Sin especificar,Sin especificar,Sin especificar,2021,9,LUNES,0,Madrugada,Dias laborables
734.0,0,1,0,14619,03055,Curva señalizada,Carretera,Colisión contra obstáculo o elemento de la vía     ,,AP-7,Autopista libre,Estatal,Ascendente,Seco y limpio,"Luz del día natural, solar",Despejado,,Nivel verde,,Sin especificar,Sin especificar,Sin especificar,Sin especificar,Sin especificar,Sin especificar,Sin especificar,2021,9,LUNES,16,Tarde,Dias laborables
2.3,1,0,0,14620,03059,Recta,Travesía,Por alcance                                        ,,CV-904,Camino vecinal,Autonómica,Ambos,Seco y limpio,"Luz del día natural, solar",Despejado,,Nivel blanco,,Sin especificar,Sin especificar,Sin especificar,Sin especificar,Sin especificar,Sin especificar,Sin especificar,2021,9,MIÉRCOLES,14,Tarde,Dias laborables
736.1,3,0,0,14621,03055,Recta,Carretera,Por alcance                                        ,,AP-7,Autopista libre,Estatal,Descendente,Mojado,Sin luz natural ni artificial,Lluvia débil,,Nivel verde,,Sin especificar,Sin especificar,Sin especificar,Sin especificar,Sin especificar,Sin especificar,Sin especificar,2021,10,DOMINGO,7,Mañana,Fines de semana
0.5,1,0,0,14622,03055,Recta,Carretera,Lateral                                            ,,CV-909,Carretera Convencional de calzada única,"Provincial, Cabildo/Consell",Descendente,Seco y limpio,Sin luz natural ni artificial,Despejado,,Nivel blanco,,Sin especificar,Sin especificar,Sin especificar,Sin especificar,Sin especificar,Sin especificar,Sin especificar,2021,10,MARTES,21,Noche,Dias laborables
736.5,1,0,0,14623,03055,Recta,Carretera,Por alcance                                        ,,AP-7,Autopista libre,Estatal,Ascendente,Seco y limpio,Sin luz natural ni artificial,Despejado,,Nivel blanco,,Sin especificar,Sin especificar,Sin especificar,Sin especificar,Sin especificar,Sin especificar,Sin especificar,2021,11,SÁBADO,5,Madrugada,Fines de semana
5.127,2,0,0,14624,03056,Curva señalizada,Carretera,Salida de la vía por la derecha con vuelco         ,,CV-790,Carretera Convencional de calzada única,Autonómica,Descendente,Mojado,"Luz del día natural, solar",Lluvia débil,,Nivel verde,,Sin especificar,Sin especificar,Sin especificar,Sin especificar,Sin especificar,Sin especificar,Sin especificar,2021,1,SÁBADO,11,Mañana,Fines de semana
0.9,2,0,0,14625,03056,Curva sin señalizar,Carretera,Salida de la vía por la izquierda con vuelco       ,,CAMINO,Camino vecinal,"Provincial, Cabildo/Consell",Ambos,Seco y limpio,"Luz del día natural, solar",Despejado,,Nivel rojo,,Sin especificar,Sin especificar,Sin especificar,Sin especificar,Sin especificar,Sin especificar,Sin especificar,2021,1,VIERNES,13,Tarde,Dias laborables
798.028,3,0,0,14626,03056,Recta,Carretera,Por alcance                                        ,,N-340,Carretera Convencional de calzada única,Estatal,Ascendente,Seco y limpio,"Luz del día natural, solar",Despejado,,Nivel blanco,,No,No,No,No,Sí,No,No,2021,2,MIÉRCOLES,13,Tarde,Dias laborables