KM,TOTAL_HL24H,TOTAL_HG24H,TOTAL_MU24H,id,COD_MUNICIPIO,TRAZADO_PLANTA,ZONA,TIPO_ACCIDENTE,CARRETERA_CRUCE,CARRETERA,TIPO_VIA,TITULARIDAD_VIA,SENTIDO_1F,CONDICION_FIRME,CONDICION_ILUMINACION,CONDICION_METEO,CONDICION_NIEBLA,CONDICION_NIVEL_CIRCULA,CONDICION_VIENTO,PRIORI_AGENTE,PRIORI_CIRCUNSTANCIAL,PRIORI_HORIZ_CEDA,PRIORI_HORIZ_STOP,PRIORI_SEMAFORO,PRIORI_VERT_CEDA,PRIORI_VERT_STOP,ANYO,MES,DIA,HORA,FRANJA_HORARIA,TIPO_DIA
3.1,1,0,0,14793,03065,Recta,Carretera,Caída                                              ,CV-849,CV-849,Carretera Convencional de calzada única,"Provincial, Cabildo/Consell",Ascendente,Seco y limpio,"Luz del día natural, solar",Despejado,,Nivel blanco,,No,No,No,No,No,Sí,No,2021,2,MARTES,10,Mañana,Dias laborables
27.0,2,0,0,14794,03065,Recta,Carretera,Múltiple o en caravana                             ,,A-70,Autovía,Estatal,Descendente,Seco y limpio,"Amanecer o atardecer, sin luz artificial",Nublado,Niebla intensa,Nivel amarillo,,Sin especificar,Sin especificar,Sin especificar,Sin especificar,Sin especificar,Sin especificar,Sin especificar,2021,2,JUEVES,8,Mañana,Dias laborables
8.8,1,0,0,14795,03065,Recta,Carretera,Fronto-lateral                                     ,CV-851,EL-20,Autovía,Estatal,Descendente,Seco y limpio,Sin luz natural y con iluminación artificial encen,Se desconoce,,Nivel amarillo,,No,No,Sí,No,No,Sí,No,2021,2,MIÉRCOLES,18,Noche,Dias laborables
5.2,1,0,0,14796,03065,Recta,Carretera,Por alcance                                        ,EL-20,EL-20,Autovía,Estatal,Ascendente,Seco y limpio,"Luz del día natural, solar",Despejado,,Nivel amarillo,,No,No,Sí,No,No,Sí,No,2021,2,JUEVES,7,Mañana,Dias laborables
2.95,3,0,0,14797,03065,Recta,Carretera,Frontal                                            ,,CV-853,Carretera Convencional de calzada única,"Provincial, Cabildo/Consell",Ascendente,Seco y limpio,"Luz del día natural, solar",Despejado,,Nivel blanco,,No,No,No,Sí,No,No,Sí,2021,2,DOMINGO,15,Tarde,Fines de semana
726.25,1,0,0,14798,03065,Curva señalizada,Carretera,Por alcance                                        ,N-340,N-340,Carretera Convencional de calzada única,Estatal,Ascendente,Seco y limpio,"Luz del día natural, solar",Despejado,,Nivel blanco,,No,No,Sí,No,No,Sí,No,2021,2,LUNES,15,Tarde,Dias laborables
1.3,1,0,0,14799,03065,Recta,Carretera,Por alcance                                        ,,CV-851,Carretera Convencional de calzada única,"Provincial, Cabildo/Consell",Ascendente,Mojado,"Luz del día natural, solar",Lluvia débil,,Nivel blanco,,Sin especificar,Sin especificar,Sin especificar,Sin especificar,Sin especificar,Sin especificar,Sin especificar,2021,2,LUNES,8,Mañana,Dias laborables
713.9,1,0,0,14800,03065,Curva señalizada,Carretera,Caída                                              ,,N-340,Carretera Convencional de doble calzada,Estatal,Ascendente,Otra,"Luz del día natural, solar",Despejado,,Nivel blanco,,No,No,No,No,No,No,No,2021,2,MARTES,9,Mañana,Dias laborables
733.386,0,1,0,14801,03065,Recta,Carretera,Caída                                              ,,N-340,Carretera Convencional de calzada única,Estatal,Ascendente,Seco y limpio,Sin luz natural ni artificial,Despejado,,Nivel blanco,,Sin especificar,Sin especificar,Sin especificar,Sin especificar,Sin especificar,Sin especificar,Sin especificar,2021,2,MIÉRCOLES,20,Noche,Dias laborables
0.9,1,0,0,14802,03065,Recta,Carretera,Fronto-lateral                                     ,,CV-857,Carretera Convencional de calzada única,"Provincial, Cabildo/Consell",Descendente,Seco y limpio,"Luz del día natural, solar",Nublado,,Nivel verde,,No,No,No,Sí,No,No,Sí,2021,3,LUNES,16,Tarde,Dias laborables
9.3,1,0,0,14803,03065,Recta,Carretera,Fronto-lateral                                     ,,CV-855,Carretera Convencional de calzada única,Autonómica,Descendente,Seco y limpio,"Luz del día natural, solar",Despejado,,Nivel blanco,,No,No,Sí,No,No,Sí,No,2021,3,JUEVES,8,Mañana,Dias laborables
722.5,1,0,0,14804,03065,Curva señalizada,Carretera,Fronto-lateral                                     ,,N-340,Carretera Convencional de calzada única,Estatal,Descendente,Seco y limpio,"Luz del día natural, solar",Despejado,,Nivel blanco,,No,No,Sí,No,No,Sí,No,2021,3,MIÉRCOLES,7,Mañana,Dias laborables
729.4,1,0,0,14805,03065,Recta,Carretera,Fronto-lateral                                     ,,N-340,Carretera Convencional de calzada única,Estatal,Descendente,Seco y limpio,"Luz del día natural, solar",Despejado,,Nivel blanco,,No,No,No,Sí,No,No,Sí,2021,3,LUNES,10,Mañana,Dias laborables
3.5,1,0,0,14806,03065,Recta,Carretera,Salida de la vía por la izquierda con vuelco       ,,CV-851,Carretera Convencional de calzada única,"Provincial, Cabildo/Consell",Descendente,Seco y limpio,Sin luz natural ni artificial,Despejado,,Nivel blanco,,Sin especificar,Sin especificar,Sin especificar,Sin especificar,Sin especificar,Sin especificar,Sin especificar,2021,3,MIÉRCOLES,21,Noche,Dias laborables
7.6,1,0,0,14807,03065,Recta,Carretera,Fronto-lateral                                     ,,CV-851,Carretera Convencional de calzada única,"Provincial, Cabildo/Consell",Ascendente,Seco y limpio,"Amanecer o atardecer, sin luz artificial",Despejado,,Nivel blanco,,No,No,No,No,No,No,Sí,2021,3,MIÉRCOLES,9,Mañana,Dias laborables
8.3,1,0,0,14808,03065,Recta,Carretera,Caída                                              ,,CV-853,Carretera Convencional de calzada única,"Provincial, Cabildo/Consell",Descendente,Seco y limpio,"Luz del día natural, solar",Despejado,,Nivel blanco,,No,No,No,No,No,No,No,2021,3,MIÉRCOLES,14,Tarde,Dias laborables
7.4,1,0,0,14809,03065,Curva señalizada,Carretera,Lateral                                            ,,EL-20,Autovía,Estatal,Descendente,Seco y limpio,"Luz del día natural, solar",Despejado,,Nivel blanco,,No,No,Sí,No,No,Sí,No,2021,3,MIÉRCOLES,7,Mañana,Dias laborables
1.849,1,0,0,14810,03065,Recta,Carretera,Por alcance                                        ,EL-20,EL-20,Autovía,Estatal,Descendente,Seco y limpio,"Luz del día natural, solar",Despejado,,Nivel amarillo,,No,No,No,No,No,No,No,2021,3,MIÉRCOLES,9,Mañana,Dias laborables
14.3,2,0,0,14811,03065,Curva señalizada,Carretera,Por alcance                                        ,EL-20,A-79,Autovía,Otra,Descendente,Seco y limpio,"Luz del día natural, solar",Despejado,,Nivel blanco,,No,No,Sí,No,No,Sí,No,2021,3,JUEVES,15,Tarde,Dias laborables
14.3,1,0,0,14812,03065,Curva señalizada,Carretera,"Salida de la vía por la izquierda, otro tipo       ",EL-20,CV-86,Carretera Convencional de doble calzada,Autonómica,Ascendente,Seco y limpio,"Luz del día natural, solar",Despejado,,Nivel blanco,,No,No,Sí,No,No,Sí,No,2021,4,VIERNES,13,Tarde,Dias laborables
2.5,1,0,0,14813,03065,Recta,Carretera,Fronto-lateral                                     ,,CV-849,Carretera Convencional de calzada única,"Provincial, Cabildo/Consell",Ascendente,Seco y limpio,"Luz del día natural, solar",Despejado,,Nivel blanco,,No,No,No,No,No,No,No,2021,4,DOMINGO,13,Tarde,Fines de semana
725.9,3,0,0,14814,03065,Recta,Carretera,Por alcance                                        ,,N-340,Carretera Convencional de calzada única,Estatal,Descendente,Seco y limpio,"Luz del día natural, solar",Despejado,,Nivel verde,,No,No,No,Sí,No,No,Sí,2021,4,JUEVES,13,Tarde,Dias laborables
5.5,1,0,0,14815,03065,Curva señalizada,Carretera,Salida de la vía por la derecha otro tipo          ,,EL-20,Autovía,Estatal,Descendente,Mojado,Sin luz natural y con iluminación artificial encen,Nublado,,Nivel blanco,,No,No,No,Sí,No,Sí,No,2021,4,JUEVES,22,Noche,Dias laborables
3.9,1,0,0,14816,03065,Recta,Carretera,Por alcance                                        ,,CV-851,Carretera Convencional de calzada única,"Provincial, Cabildo/Consell",Ascendente,Seco y limpio,"Luz del día natural, solar",Despejado,,Nivel blanco,,Sin especificar,Sin especificar,Sin especificar,Sin especificar,Sin especificar,Sin especificar,Sin especificar,2021,4,MIÉRCOLES,19,Noche,Dias laborables
516.6,1,0,0,14817,03065,Curva señalizada,Carretera,Lateral                                            ,,A-7,Autovía,Estatal,Ascendente,Seco y limpio,"Luz del día natural, solar",Despejado,,Nivel blanco,,Sin especificar,Sin especificar,Sin especificar,Sin especificar,Sin especificar,Sin especificar,Sin especificar,2021,4,VIERNES,15,Tarde,Dias laborables
2.488,1,0,0,14818,03065,Curva señalizada,Carretera,Por alcance                                        ,,CV-849,Carretera Convencional de calzada única,"Provincial, Cabildo/Consell",Descendente,Seco y limpio,"Luz del día natural, solar",Despejado,,Nivel blanco,,No,No,No,No,No,No,No,2021,4,VIERNES,10,Mañana,Dias laborables
523.292,1,0,0,14819,03065,Recta,Autopista o autovía urbana,Salida de la vía por la derecha otro tipo          ,,A-7,Autovía,Estatal,Ascendente,Muy encharcado o inundado,"Luz del día natural, solar",Lluvia fuerte,,Nivel blanco,,Sin especificar,Sin especificar,Sin especificar,Sin especificar,Sin especificar,Sin especificar,Sin especificar,2021,4,LUNES,9,Mañana,Dias laborables
712.69,1,0,0,14820,03065,Curva señalizada,Carretera,Salida de la vía por la derecha con vuelco         ,,N-340,Ramal de enlace,Estatal,Ascendente,Seco y limpio,"Luz del día natural, solar",Nublado,,Nivel blanco,,Sin especificar,Sin especificar,Sin especificar,Sin especificar,Sin especificar,Sin especificar,Sin especificar,2021,4,LUNES,12,Tarde,Dias laborables
7.1,1,0,0,14821,03065,Recta,Carretera,Fronto-lateral                                     ,CV-851,CV-855,Carretera Convencional de doble calzada,Autonómica,Ambos,Seco y limpio,"Luz del día natural, solar",Nublado,,Nivel blanco,,No,No,No,No,No,Sí,No,2021,4,JUEVES,8,Mañana,Dias laborables
8.0,1,0,0,14822,03065,Recta,Carretera,Fronto-lateral                                     ,,CV-853,Carretera Convencional de calzada única,"Provincial, Cabildo/Consell",Ascendente,Seco y limpio,"Luz del día natural, solar",Despejado,,Nivel blanco,,Sin especificar,Sin especificar,Sin especificar,Sin especificar,Sin especificar,Sin especificar,Sin especificar,2021,5,DOMINGO,11,Mañana,Fines de semana
4.0,0,1,0,14823,03065,Curva señalizada,Carretera,Caída                                              ,EL-20,EL-20,Autovía,Estatal,Descendente,Seco y limpio,"Luz del día natural, solar",Despejado,,Nivel blanco,,No,No,No,No,No,Sí,No,2021,5,MARTES,12,Tarde,Dias laborables
3.5,1,0,0,14824,03065,Recta,Carretera,Por alcance                                        ,,CV-853,Carretera Convencional de calzada única,"Provincial, Cabildo/Consell",Ascendente,Seco y limpio,"Luz del día natural, solar",Despejado,,Nivel blanco,,Sin especificar,Sin especificar,Sin especificar,Sin especificar,Sin especificar,Sin especificar,Sin especificar,2021,5,MARTES,9,Mañana,Dias laborables
3.8,2,0,0,14825,03065,Recta,Carretera,Por alcance                                        ,,CV-853,Carretera Convencional de calzada única,"Provincial, Cabildo/Consell",Descendente,Seco y limpio,"Luz del día natural, solar",Despejado,,Nivel blanco,,No,No,No,No,No,No,No,2021,5,MIÉRCOLES,9,Mañana,Dias laborables
8.0,2,0,0,14826,03065,Recta,Carretera,Salida de la vía por la izquierda con colisión     ,,CV-853,Carretera Convencional de doble calzada,"Provincial, Cabildo/Consell",Ascendente,Seco y limpio,"Luz del día natural, solar",Despejado,,Nivel blanco,,Sin especificar,Sin especificar,Sin especificar,Sin especificar,Sin especificar,Sin especificar,Sin especificar,2021,5,MARTES,17,Tarde,Dias laborables
0.1,1,0,0,14827,03065,Curva señalizada,Carretera,Atropello a personas                               ,EL-20,CV-853,Carretera Convencional de calzada única,"Provincial, Cabildo/Consell",Descendente,Seco y limpio,"Amanecer o atardecer, sin luz artificial",Despejado,,Nivel blanco,,No,No,No,No,No,No,No,2021,5,SÁBADO,20,Noche,Fines de semana
517.9,1,0,0,14828,03065,Curva sin señalizar,Autopista o autovía urbana,Por alcance                                        ,,A-7,Autovía,Estatal,Ascendente,Seco y limpio,"Luz del día natural, solar",Despejado,,Nivel blanco,,No,No,Sí,No,No,No,No,2021,5,MIÉRCOLES,11,Mañana,Dias laborables
523.299,1,0,0,14829,03065,Recta,Carretera,Salida de la vía por la izquierda con colisión     ,,A-7,Autovía,Estatal,Ascendente,Mojado,"Luz del día natural, solar",Lluvia débil,,Nivel verde,,Sin especificar,Sin especificar,Sin especificar,Sin especificar,Sin especificar,Sin especificar,Sin especificar,2021,5,DOMINGO,17,Tarde,Fines de semana
0.1,1,0,0,14830,03065,Curva señalizada,Carretera,Salida de la vía por la izquierda con vuelco       ,,N-338,Autovía,Estatal,Descendente,Seco y limpio,"Luz del día natural, solar",Despejado,,Nivel blanco,,No,No,No,No,No,No,No,2021,5,MARTES,14,Tarde,Dias laborables
14.4,1,0,0,14831,03065,Curva señalizada,Carretera,Salida de la vía por la derecha otro tipo          ,EL-20,CV-86,Carretera Convencional de doble calzada,Autonómica,Descendente,Seco y limpio,Sin luz natural y con iluminación artificial encen,Despejado,,Nivel blanco,,No,No,No,No,No,No,No,2021,6,MIÉRCOLES,22,Noche,Dias laborables
1.304,1,0,0,14832,03065,Recta,Carretera,Fronto-lateral                                     ,,CV-851,Carretera Convencional de calzada única,"Provincial, Cabildo/Consell",Ascendente,Seco y limpio,"Luz del día natural, solar",Nublado,,Nivel blanco,,No,No,No,No,No,No,No,2021,6,SÁBADO,16,Tarde,Fines de semana
13.2,0,1,0,14833,03065,Recta,Carretera,Por alcance                                        ,,CV-86,Carretera Convencional de doble calzada,Autonómica,Ascendente,Con barro o gravilla suelta,"Luz del día natural, solar",Despejado,,Nivel blanco,,Sin especificar,Sin especificar,Sin especificar,Sin especificar,Sin especificar,Sin especificar,Sin especificar,2021,6,MARTES,16,Tarde,Dias laborables
715.0,1,0,0,14834,03065,Curva señalizada,Carretera,Fronto-lateral                                     ,,N-340,Carretera Convencional de doble calzada,Estatal,Ascendente,Seco y limpio,"Amanecer o atardecer, sin luz artificial",Despejado,,Nivel blanco,,No,No,Sí,No,No,Sí,No,2021,6,LUNES,19,Noche,Dias laborables
22.0,1,0,0,14835,03014,Recta,Carretera,Múltiple o en caravana                             ,,A-70,Autovía,Estatal,Descendente,Seco y limpio,"Luz del día natural, solar",Despejado,,Nivel amarillo,,Sin especificar,Sin especificar,Sin especificar,Sin especificar,Sin especificar,Sin especificar,Sin especificar,2021,6,LUNES,8,Mañana,Dias laborables
2.95,2,0,0,14836,03065,Recta,Carretera,Fronto-lateral                                     ,,CV-853,Carretera Convencional de calzada única,"Provincial, Cabildo/Consell",Ascendente,Seco y limpio,"Luz del día natural, solar",Despejado,,Nivel blanco,,No,No,No,No,No,No,Sí,2021,6,LUNES,16,Tarde,Dias laborables
11.0,1,0,0,14837,03065,Recta,Carretera,Por alcance                                        ,,CV-86,Carretera Convencional de doble calzada,Autonómica,Ascendente,Seco y limpio,"Luz del día natural, solar",Despejado,,Nivel blanco,,Sin especificar,Sin especificar,Sin especificar,Sin especificar,Sin especificar,Sin especificar,Sin especificar,2021,6,SÁBADO,10,Mañana,Fines de semana
13.8,1,0,0,14838,03065,Recta,Carretera,Lateral                                            ,,CV-86,Carretera Convencional de doble calzada,Autonómica,Ascendente,Seco y limpio,"Luz del día natural, solar",Despejado,,Nivel blanco,,Sin especificar,Sin especificar,Sin especificar,Sin especificar,Sin especificar,Sin especificar,Sin especificar,2021,6,MARTES,10,Mañana,Dias laborables
729.0,1,0,0,14839,03065,Recta,Carretera,Salida de la vía por la derecha otro tipo          ,,N-340,Autovía,Estatal,Ascendente,Seco y limpio,"Luz del día natural, solar",Despejado,,Nivel blanco,,No,No,No,No,No,No,No,2021,6,MIÉRCOLES,11,Mañana,Dias laborables
30.6,3,0,0,14840,03065,Recta,Carretera,Múltiple o en caravana                             ,,A-70,Autovía,Estatal,Descendente,Seco y limpio,"Luz del día natural, solar",Despejado,,Nivel amarillo,,Sin especificar,Sin especificar,Sin especificar,Sin especificar,Sin especificar,Sin especificar,Sin especificar,2021,6,LUNES,8,Mañana,Dias laborables
3.3,1,0,0,14841,03065,Recta,Carretera,Otro tipo de accidente                             ,,CV-865,Carretera Convencional de calzada única,Autonómica,Ascendente,Seco y limpio,"Luz del día natural, solar",Despejado,,Nivel blanco,,Sin especificar,Sin especificar,Sin especificar,Sin especificar,Sin especificar,Sin especificar,Sin especificar,2021,6,MIÉRCOLES,12,Tarde,Dias laborables
6.05,1,0,0,14842,03065,Recta,Carretera,Lateral                                            ,,CV-853,Carretera Convencional de calzada única,"Provincial, Cabildo/Consell",Descendente,Seco y limpio,"Luz del día natural, solar",Nublado,,Se desconoce,,Sin especificar,Sin especificar,Sin especificar,Sin especificar,Sin especificar,Sin especificar,Sin especificar,2021,6,SÁBADO,10,Mañana,Fines de semana
515.0,1,0,0,14843,03065,Curva sin señalizar,Carretera,Fronto-lateral                                     ,,A-7,Autovía,Estatal,Descendente,Seco y limpio,"Luz del día natural, solar",Despejado,,Nivel blanco,,Sin especificar,Sin especificar,Sin especificar,Sin especificar,Sin especificar,Sin especificar,Sin especificar,2021,6,JUEVES,6,Mañana,Dias laborables
30.0,1,1,1,14844,03065,Recta,Carretera,Salida de la vía por la derecha con despeñamiento  ,,A-70,Autovía,Estatal,Ascendente,Seco y limpio,"Luz del día natural, solar",Despejado,,Nivel blanco,,Sin especificar,Sin especificar,Sin especificar,Sin especificar,Sin especificar,Sin especificar,Sin especificar,2021,6,SÁBADO,15,Tarde,Fines de semana
1.0,3,0,0,14845,03065,Curva sin señalizar,Carretera,Lateral                                            ,,No inventariada,Camino vecinal,Municipal,Ascendente,Mojado,"Amanecer o atardecer, sin luz artificial",Lluvia débil,,Nivel blanco,,Sin especificar,Sin especificar,Sin especificar,Sin especificar,Sin especificar,Sin especificar,Sin especificar,2021,6,SÁBADO,20,Noche,Fines de semana
29.0,2,0,0,14846,03065,Curva señalizada,Carretera,Múltiple o en caravana                             ,,A-70,Autovía,Estatal,Descendente,Seco y limpio,"Luz del día natural, solar",Despejado,,Nivel amarillo,,Sin especificar,Sin especificar,Sin especificar,Sin especificar,Sin especificar,Sin especificar,Sin especificar,2021,7,JUEVES,8,Mañana,Dias laborables
7.426,1,0,0,14847,03065,Curva señalizada,Carretera,Caída                                              ,CV-853,EL-20,Autovía,Estatal,Descendente,Seco y limpio,"Luz del día natural, solar",Despejado,,Nivel blanco,,No,No,Sí,No,No,Sí,No,2021,7,VIERNES,10,Mañana,Dias laborables
0.35,1,0,0,14848,03065,Curva señalizada,Carretera,Caída                                              ,EL-20,CV-851,Carretera Convencional de calzada única,"Provincial, Cabildo/Consell",Descendente,Con aceite,"Luz del día natural, solar",Despejado,,Nivel blanco,,No,No,No,No,No,Sí,No,2021,7,VIERNES,16,Tarde,Dias laborables
0.0,0,0,1,14849,03065,Recta,Carretera,Salida de la vía por la derecha con colisión       ,,CV-857,Carretera Convencional de calzada única,"Provincial, Cabildo/Consell",Ascendente,Seco y limpio,"Luz del día natural, solar",Despejado,,Sin especificar,,Sin especificar,Sin especificar,Sin especificar,Sin especificar,Sin especificar,Sin especificar,Sin especificar,2021,7,SÁBADO,20,Noche,Fines de semana
4.3,1,0,0,14850,03065,Curva señalizada,Carretera,Fronto-lateral                                     ,,EL-20,Autovía,Estatal,Ascendente,Seco y limpio,"Luz del día natural, solar",Despejado,,Nivel blanco,,No,No,Sí,No,No,Sí,No,2021,6,LUNES,7,Mañana,Dias laborables
732.0,2,0,0,14851,03065,Recta,Carretera,Por alcance                                        ,N-340,N-340,Carretera Convencional de calzada única,Estatal,Ascendente,Seco y limpio,"Luz del día natural, solar",Despejado,,Nivel blanco,,No,No,No,No,No,No,No,2021,6,MARTES,8,Mañana,Dias laborables
515.5,1,0,0,14852,03065,Curva señalizada,Carretera,Salida de la vía por la izquierda con colisión     ,,A-7,Autovía,Estatal,Descendente,Seco y limpio,Sin luz natural y con iluminación artificial no en,Despejado,,Nivel blanco,,Sin especificar,Sin especificar,Sin especificar,Sin especificar,Sin especificar,Sin especificar,Sin especificar,2021,6,MIÉRCOLES,4,Madrugada,Dias laborables
95.0,1,0,0,14853,03065,Recta,Carretera,Múltiple o en caravana                             ,,N-332,Carretera Convencional de calzada única,Estatal,Descendente,Seco y limpio,"Luz del día natural, solar",Se desconoce,,Sin especificar,,Sin especificar,Sin especificar,Sin especificar,Sin especificar,Sin especificar,Sin especificar,Sin especificar,2021,7,JUEVES,14,Tarde,Dias laborables
5.05,1,0,0,14854,03065,Recta,Carretera,Caída                                              ,CV-855,CV-855,Carretera Convencional de calzada única,Autonómica,Ascendente,Seco y limpio,"Luz del día natural, solar",Despejado,,Nivel blanco,,No,No,Sí,No,No,Sí,No,2021,7,JUEVES,12,Tarde,Dias laborables
520.35,0,0,1,14855,03065,Recta,Carretera,Lateral                                            ,,A-7,Autovía,Estatal,Ascendente,Seco y limpio,"Luz del día natural, solar",Despejado,,Nivel verde,,Sin especificar,Sin especificar,Sin especificar,Sin especificar,Sin especificar,Sin especificar,Sin especificar,2021,7,LUNES,19,Noche,Dias laborables
511.041,2,0,0,14856,03065,Se desconoce,Carretera,Salida de la vía por la izquierda con colisión     ,,A-7,Autovía,Estatal,Ascendente,Seco y limpio,"Amanecer o atardecer, con luz artificial",Despejado,,Nivel blanco,,Sin especificar,Sin especificar,Sin especificar,Sin especificar,Sin especificar,Sin especificar,Sin especificar,2021,7,MARTES,13,Tarde,Dias laborables
516.6,1,0,0,14857,03065,Recta,Carretera,Lateral                                            ,,A-7,Autovía,Estatal,Ascendente,Seco y limpio,"Luz del día natural, solar",Despejado,,Nivel verde,,Sin especificar,Sin especificar,Sin especificar,Sin especificar,Sin especificar,Sin especificar,Sin especificar,2021,7,LUNES,8,Mañana,Dias laborables
,0,1,0,14858,03065,No aplica,Calle,Atropello a personas                               ,,No inventariada,Calle,Municipal,Se desconoce,Seco y limpio,Sin luz natural y con iluminación artificial encen,Despejado,,Nivel blanco,,Sin especificar,Sin especificar,Sin especificar,Sin especificar,Sin especificar,Sin especificar,Sin especificar,2021,7,JUEVES,5,Madrugada,Dias laborables
2.8,4,0,0,14859,03119,Recta,Carretera,Por alcance                                        ,,A-70,Autovía,Estatal,Ascendente,Seco y limpio,Sin luz natural ni artificial,Despejado,,Nivel blanco,,Sin especificar,Sin especificar,Sin especificar,Sin especificar,Sin especificar,Sin especificar,Sin especificar,2021,7,MARTES,21,Noche,Dias laborables
81.0,3,0,0,14860,03121,Curva señalizada,Carretera,Frontal                                            ,,N-332,Carretera Convencional de calzada única,Estatal,Descendente,Seco y limpio,"Luz del día natural, solar",Despejado,,Nivel blanco,,Sin especificar,Sin especificar,Sin especificar,Sin especificar,Sin especificar,Sin especificar,Sin especificar,2021,7,MIÉRCOLES,9,Mañana,Dias laborables
78.3,1,0,0,14861,03065,Recta,Carretera,"Salida de la vía por la izquierda, otro tipo       ",,N-332,Carretera Convencional de doble calzada,Estatal,Descendente,Seco y limpio,"Luz del día natural, solar",Despejado,,Nivel blanco,,Sin especificar,Sin especificar,Sin especificar,Sin especificar,Sin especificar,Sin especificar,Sin especificar,2021,7,JUEVES,7,Mañana,Dias laborables
22.65,1,0,0,14862,03065,Recta,Carretera,Por alcance                                        ,,A-70,Autovía,Estatal,Ascendente,Seco y limpio,Sin luz natural ni artificial,Despejado,,Nivel amarillo,,Sin especificar,Sin especificar,Sin especificar,Sin especificar,Sin especificar,Sin especificar,Sin especificar,2021,7,MARTES,23,Noche,Dias laborables
1.4,1,0,0,14863,03065,Curva señalizada,Carretera,Salida de la vía por la derecha con colisión       ,,CV-855,Carretera Convencional de doble calzada,Autonómica,Descendente,Mojado,"Luz del día natural, solar",Lluvia débil,,Nivel blanco,,No,No,Sí,No,No,Sí,No,2021,7,LUNES,12,Tarde,Dias laborables
5.35,1,0,0,14864,03065,Curva señalizada,Carretera,Por alcance                                        ,,EL-20,Autovía,Estatal,Ascendente,Seco y limpio,"Luz del día natural, solar",Despejado,,Nivel blanco,,No,No,Sí,No,No,Sí,No,2021,7,JUEVES,13,Tarde,Dias laborables
2.159,1,0,0,14865,03065,Recta,Carretera,Fronto-lateral                                     ,,CV-849,Carretera Convencional de doble calzada,"Provincial, Cabildo/Consell",Descendente,Seco y limpio,"Luz del día natural, solar",Despejado,,Nivel blanco,,No,No,No,No,No,No,No,2021,8,DOMINGO,9,Mañana,Fines de semana
509.3,5,0,0,14866,03065,Recta,Carretera,Salida de la vía por la derecha con colisión       ,,A-7,Autovía,Estatal,Descendente,Seco y limpio,Sin luz natural y con iluminación artificial no en,Despejado,,Nivel blanco,,Sin especificar,Sin especificar,Sin especificar,Sin especificar,Sin especificar,Sin especificar,Sin especificar,2021,8,LUNES,2,Madrugada,Dias laborables
2.0,1,0,0,14867,03065,Curva señalizada,Carretera,Salida de la vía por la derecha otro tipo          ,,CV-849,Carretera Convencional de calzada única,"Provincial, Cabildo/Consell",Ascendente,Seco y limpio,"Luz del día natural, solar",Despejado,,Nivel blanco,,No,No,Sí,No,No,Sí,No,2021,8,DOMINGO,12,Tarde,Fines de semana
513.7,2,0,0,14868,03065,Recta,Carretera,Salida de la vía por la derecha con colisión       ,A-70,A-7,Autovía,Estatal,Descendente,Seco y limpio,"Luz del día natural, solar",Despejado,,Nivel blanco,,No,No,No,No,No,No,No,2021,8,SÁBADO,13,Tarde,Fines de semana
27.6,1,0,0,14869,03065,Recta,Carretera,Salida de la vía por la derecha otro tipo          ,,A-70,Autovía,Estatal,Descendente,Seco y limpio,"Luz del día natural, solar",Despejado,,Nivel blanco,,Sin especificar,Sin especificar,Sin especificar,Sin especificar,Sin especificar,Sin especificar,Sin especificar,2021,8,SÁBADO,13,Tarde,Fines de semana
722.6,1,0,0,14870,03065,Curva señalizada,Carretera,Fronto-lateral                                     ,N-340,N-340,Carretera Convencional de calzada única,Estatal,Ascendente,Seco y limpio,"Luz del día natural, solar",Nublado,,Nivel blanco,,No,No,Sí,No,No,Sí,No,2021,8,LUNES,11,Mañana,Dias laborables
95.3,1,0,0,14871,03065,Recta,Carretera,Múltiple o en caravana                             ,,N-332,Carretera Convencional de calzada única,Estatal,Descendente,Seco y limpio,"Amanecer o atardecer, sin luz artificial",Despejado,,Nivel amarillo,,Sin especificar,Sin especificar,Sin especificar,Sin especificar,Sin especificar,Sin especificar,Sin especificar,2021,8,MARTES,20,Noche,Dias laborables
80.57,2,0,0,14872,03121,Recta,Carretera,Lateral                                            ,CV-853,N-332,Carretera Convencional de calzada única,Estatal,Ambos,Seco y limpio,"Luz del día natural, solar",Despejado,,Nivel blanco,,No,No,No,No,No,No,No,2021,8,DOMINGO,16,Tarde,Fines de semana
11.416,1,0,0,14873,03065,Recta,Carretera,Caída                                              ,,CV-86,Carretera Convencional de doble calzada,Autonómica,Ascendente,Seco y limpio,"Luz del día natural, solar",Despejado,,Nivel blanco,,Sin especificar,Sin especificar,Sin especificar,Sin especificar,Sin especificar,Sin especificar,Sin especificar,2021,9,JUEVES,18,Noche,Dias laborables
2.9,2,0,0,14874,03065,Recta,Carretera,Por alcance                                        ,,CV-849,Carretera Convencional de calzada única,"Provincial, Cabildo/Consell",Ascendente,Seco y limpio,"Luz del día natural, solar",Despejado,,Nivel verde,,No,No,No,Sí,No,No,No,2021,8,SÁBADO,17,Tarde,Fines de semana
5.309,1,0,0,14875,03065,Curva señalizada,Autopista o autovía urbana,Salida de la vía por la derecha con colisión       ,CV-865,EL-20,Autovía,Estatal,Ascendente,Seco y limpio,"Luz del día natural, solar",Despejado,,Nivel blanco,,No,No,Sí,No,No,Sí,No,2021,9,JUEVES,11,Mañana,Dias laborables
97.7,1,0,0,14876,03065,Recta,Carretera,Por alcance                                        ,,N-332,Carretera Convencional de calzada única,Estatal,Descendente,Seco y limpio,"Luz del día natural, solar",Despejado,,Nivel blanco,,Sin especificar,Sin especificar,Sin especificar,Sin especificar,Sin especificar,Sin especificar,Sin especificar,2021,9,JUEVES,18,Noche,Dias laborables
1.25,1,0,0,14877,03065,Recta,Carretera,Fronto-lateral                                     ,,CV-851,Carretera Convencional de calzada única,"Provincial, Cabildo/Consell",Descendente,Seco y limpio,"Luz del día natural, solar",Despejado,,Nivel blanco,,No,No,No,No,No,No,No,2021,9,MARTES,16,Tarde,Dias laborables