KM,TOTAL_HL24H,TOTAL_HG24H,TOTAL_MU24H,id,COD_MUNICIPIO,TRAZADO_PLANTA,ZONA,TIPO_ACCIDENTE,CARRETERA_CRUCE,CARRETERA,TIPO_VIA,TITULARIDAD_VIA,SENTIDO_1F,CONDICION_FIRME,CONDICION_ILUMINACION,CONDICION_METEO,CONDICION_NIEBLA,CONDICION_NIVEL_CIRCULA,CONDICION_VIENTO,PRIORI_AGENTE,PRIORI_CIRCUNSTANCIAL,PRIORI_HORIZ_CEDA,PRIORI_HORIZ_STOP,PRIORI_SEMAFORO,PRIORI_VERT_CEDA,PRIORI_VERT_STOP,ANYO,MES,DIA,HORA,FRANJA_HORARIA,TIPO_DIA
1.4,2,0,0,14964,03069,Recta,Carretera,Fronto-lateral                                     ,,CV-767,Carretera Convencional de calzada única,"Provincial, Cabildo/Consell",Ambos,Seco y limpio,Sin luz natural ni artificial,Despejado,,Nivel blanco,,Sin especificar,Sin especificar,Sin especificar,Sin especificar,Sin especificar,Sin especificar,Sin especificar,2021,10,MIÉRCOLES,23,Noche,Dias laborables
,2,0,0,14965,03069,No aplica,Calle,Por alcance                                        ,,No inventariada,Calle,Municipal,Se desconoce,Seco y limpio,"Luz del día natural, solar",Despejado,,Sin especificar,,No,No,No,No,No,No,No,2021,10,MIÉRCOLES,19,Noche,Dias laborables
,1,0,0,14966,03069,No aplica,Calle,Fronto-lateral                                     ,,No inventariada,Calle,Municipal,Se desconoce,Seco y limpio,"Luz del día natural, solar",Despejado,,Sin especificar,,No,No,Sí,No,No,Sí,No,2021,9,LUNES,13,Tarde,Dias laborables
,1,0,0,14967,03069,No aplica,Calle,Fronto-lateral                                     ,,No inventariada,Calle,Municipal,Se desconoce,Seco y limpio,"Amanecer o atardecer, sin luz artificial",Despejado,,Sin especificar,,Sin especificar,Sin especificar,Sin especificar,Sin especificar,Sin especificar,Sin especificar,Sin especificar,2021,10,JUEVES,19,Noche,Dias laborables
,1,0,0,14968,03069,No aplica,Calle,Atropello a personas                               ,,No inventariada,Calle,Municipal,Se desconoce,Seco y limpio,"Luz del día natural, solar",Despejado,,Sin especificar,,Sin especificar,Sin especificar,Sin especificar,Sin especificar,Sin especificar,Sin especificar,Sin especificar,2021,11,MIÉRCOLES,10,Mañana,Dias laborables
1.7,1,0,0,14969,03069,Curva señalizada,Carretera,Salida de la vía por la izquierda con vuelco       ,,CV-767,Carretera Convencional de calzada única,"Provincial, Cabildo/Consell",Descendente,Seco y limpio,"Luz del día natural, solar",Despejado,,Sin especificar,,Sin especificar,Sin especificar,Sin especificar,Sin especificar,Sin especificar,Sin especificar,Sin especificar,2021,12,DOMINGO,8,Mañana,Fines de semana
144.4,3,0,0,14970,03069,Recta,Carretera,Múltiple o en caravana                             ,CV-767,N-332,Carretera Convencional de calzada única,Estatal,Descendente,Seco y limpio,Sin luz natural ni artificial,Despejado,,Nivel verde,,No,No,No,No,No,No,No,2021,12,VIERNES,12,Tarde,Dias laborables
,1,0,0,14971,03069,No aplica,Calle,Lateral                                            ,,No inventariada,Calle,Municipal,Se desconoce,Seco y limpio,"Luz del día natural, solar",Despejado,,Sin especificar,,Sin especificar,Sin especificar,Sin especificar,Sin especificar,Sin especificar,Sin especificar,Sin especificar,2021,10,MARTES,11,Mañana,Dias laborables
,1,0,0,14972,03069,No aplica,Calle,Frontal                                            ,,No inventariada,Calle,Municipal,Se desconoce,Seco y limpio,"Luz del día natural, solar",Despejado,,Sin especificar,,Sin especificar,Sin especificar,Sin especificar,Sin especificar,Sin especificar,Sin especificar,Sin especificar,2021,10,LUNES,15,Tarde,Dias laborables
,1,0,0,14973,03069,No aplica,Calle,Lateral                                            ,,No inventariada,Calle,Municipal,Se desconoce,Seco y limpio,"Luz del día natural, solar",Despejado,,Sin especificar,,No,No,Sí,No,No,Sí,No,2021,11,MARTES,13,Tarde,Dias laborables
4.9,1,0,0,14974,03069,Curva señalizada,Carretera,Salida de la vía por la derecha otro tipo          ,,CV-758,Carretera Convencional de doble calzada,"Provincial, Cabildo/Consell",Ascendente,Seco y limpio,Sin luz natural ni artificial,Despejado,,Nivel blanco,,Sin especificar,Sin especificar,Sin especificar,Sin especificar,Sin especificar,Sin especificar,Sin especificar,2021,12,VIERNES,0,Madrugada,Dias laborables
16.1,0,1,0,14975,00000,Recta,Carretera,Salida de la vía por la izquierda con vuelco       ,,CV-920,Carretera Convencional de calzada única,Autonómica,Ambos,Seco y limpio,Sin luz natural ni artificial,Despejado,,Nivel blanco,,No,No,No,No,No,Sí,No,2021,7,JUEVES,1,Madrugada,Dias laborables
2.1,4,0,0,14976,00000,Recta,Carretera,Fronto-lateral                                     ,,CV-9032,Carretera Convencional de calzada única,Municipal,Ascendente,Seco y limpio,"Luz del día natural, solar",Nublado,,Nivel blanco,,No,No,No,Sí,No,No,Sí,2021,7,LUNES,13,Tarde,Dias laborables
2.1,3,0,0,14977,00000,Recta,Carretera,Fronto-lateral                                     ,,CV-9032,Carretera Convencional de calzada única,Municipal,Ascendente,Seco y limpio,"Luz del día natural, solar",Despejado,,Nivel blanco,,No,No,No,Sí,No,No,Sí,2021,8,MARTES,15,Tarde,Dias laborables
,2,1,0,14978,00000,No aplica,Calle,Atropello a personas                               ,,No inventariada,Calle,Municipal,Se desconoce,Seco y limpio,"Luz del día natural, solar",Despejado,,Nivel rojo,,Sin especificar,Sin especificar,Sin especificar,Sin especificar,Sin especificar,Sin especificar,Sin especificar,2021,7,JUEVES,11,Mañana,Dias laborables
17.0,1,0,0,14979,00000,Recta,Carretera,Caída                                              ,CV-91,CV-920,Carretera Convencional de calzada única,Autonómica,Ascendente,Seco y limpio,"Luz del día natural, solar",Despejado,,Nivel blanco,,No,No,Sí,No,No,Sí,No,2021,9,JUEVES,10,Mañana,Dias laborables
16.0,0,0,1,14980,00000,Curva señalizada,Carretera,Fronto-lateral                                     ,,CV-920,Carretera Convencional de calzada única,Autonómica,Ascendente,Seco y limpio,"Luz del día natural, solar",Despejado,,Nivel blanco,,No,No,Sí,No,No,Sí,No,2021,10,LUNES,13,Tarde,Dias laborables
,1,0,0,14981,00000,No aplica,Calle,Lateral                                            ,,No inventariada,Otro,Municipal,Se desconoce,Seco y limpio,"Luz del día natural, solar",Despejado,,Se desconoce,,No,No,No,No,No,No,Sí,2021,10,JUEVES,11,Mañana,Dias laborables
15.8,1,0,0,14982,00000,Recta,Carretera,Por alcance                                        ,,CV-920,Carretera Convencional de calzada única,Autonómica,Ascendente,Seco y limpio,Sin luz natural y con iluminación artificial no en,Despejado,,Sin especificar,,No,No,No,No,No,No,No,2021,12,SÁBADO,20,Noche,Fines de semana
1.5,1,0,0,14983,03071,Curva señalizada,Carretera,Lateral                                            ,CV-734,CV-734,Carretera Convencional de calzada única,Autonómica,Ascendente,Seco y limpio,"Luz del día natural, solar",Despejado,,Sin especificar,,No,No,No,No,No,Sí,No,2021,4,VIERNES,10,Mañana,Dias laborables
2.3,1,0,0,14984,03082,Recta,Carretera,Múltiple o en caravana                             ,,CV-735,Carretera Convencional de calzada única,"Provincial, Cabildo/Consell",Ascendente,Seco y limpio,"Luz del día natural, solar",Despejado,,Nivel verde,,Sin especificar,Sin especificar,Sin especificar,Sin especificar,Sin especificar,Sin especificar,Sin especificar,2021,6,MARTES,13,Tarde,Dias laborables
616.5,1,0,0,14985,03071,Recta,Carretera,Salida de la vía por la izquierda con colisión     ,,AP-7,Autopista libre,Estatal,Descendente,Seco y limpio,"Luz del día natural, solar",Despejado,,Nivel blanco,,Sin especificar,Sin especificar,Sin especificar,Sin especificar,Sin especificar,Sin especificar,Sin especificar,2021,9,VIERNES,9,Mañana,Dias laborables
616.3,2,1,0,14986,03071,Curva sin señalizar,Carretera,Salida de la vía por la derecha con colisión       ,,AP-7,Autopista libre,Estatal,Ascendente,Seco y limpio,"Luz del día natural, solar",Despejado,,Nivel blanco,,Sin especificar,Sin especificar,Sin especificar,Sin especificar,Sin especificar,Sin especificar,Sin especificar,2021,12,LUNES,7,Mañana,Dias laborables
1.5,1,0,0,14987,03071,Recta,Carretera,Fronto-lateral                                     ,,CV-734,Carretera Convencional de calzada única,Autonómica,Ascendente,Seco y limpio,"Luz del día natural, solar",Despejado,,Nivel verde,,Sin especificar,Sin especificar,Sin especificar,Sin especificar,Sin especificar,Sin especificar,Sin especificar,2021,12,MIÉRCOLES,17,Tarde,Dias laborables
24.0,1,0,0,14988,03076,Curva señalizada,Carretera,Salida de la vía por la izquierda con vuelco       ,,CV-91,Carretera Convencional de doble calzada,Autonómica,Ascendente,Seco y limpio,Sin luz natural y con iluminación artificial encen,Nublado,Niebla intensa,Nivel blanco,,No,No,No,No,No,Sí,No,2021,1,MIÉRCOLES,6,Mañana,Dias laborables
5.38,1,0,0,14989,03076,Recta,Carretera,Por alcance                                        ,,CV-895,Carretera Convencional de calzada única,Autonómica,Ascendente,Seco y limpio,"Luz del día natural, solar",Despejado,,Nivel blanco,,No,No,No,No,No,No,No,2021,2,MARTES,13,Tarde,Dias laborables
70.1,1,0,0,14990,03076,Curva señalizada,Carretera,Fronto-lateral                                     ,,N-332,Carretera Convencional de calzada única,Estatal,Ascendente,Seco y limpio,"Luz del día natural, solar",Despejado,,Nivel blanco,,No,No,Sí,No,No,Sí,No,2021,4,JUEVES,20,Noche,Dias laborables
2.5,4,0,0,14991,03076,Recta,Carretera,Frontal                                            ,,No inventariada,Camino vecinal,Municipal,Ascendente,Seco y limpio,Sin luz natural ni artificial,Despejado,,Nivel blanco,,Sin especificar,Sin especificar,Sin especificar,Sin especificar,Sin especificar,Sin especificar,Sin especificar,2021,4,SÁBADO,21,Noche,Fines de semana
69.75,2,0,0,14992,03076,Curva señalizada,Carretera,Por alcance                                        ,,N-332,Carretera Convencional de calzada única,Estatal,Descendente,Seco y limpio,Sin luz natural y con iluminación artificial encen,Despejado,,Nivel verde,,No,No,Sí,No,No,Sí,No,2021,4,LUNES,21,Noche,Dias laborables
21.0,2,0,0,14993,03113,Recta,Carretera,Fronto-lateral                                     ,,CV-91,Carretera Convencional de calzada única,Autonómica,Ascendente,Seco y limpio,"Luz del día natural, solar",Despejado,,Nivel amarillo,,Sin especificar,Sin especificar,Sin especificar,Sin especificar,Sin especificar,Sin especificar,Sin especificar,2021,6,MARTES,10,Mañana,Dias laborables
23.95,1,0,0,14994,03076,Curva señalizada,Carretera,Lateral                                            ,N-332,CV-91,Carretera Convencional de calzada única,Autonómica,Ambos,Seco y limpio,"Luz del día natural, solar",Despejado,,Sin especificar,,No,No,Sí,No,No,Sí,No,2021,6,MIÉRCOLES,21,Noche,Dias laborables
70.6,1,0,0,14995,03076,Curva señalizada,Carretera,Fronto-lateral                                     ,,N-332,Carretera Convencional de calzada única,Estatal,Ascendente,Seco y limpio,"Luz del día natural, solar",Despejado,,Nivel blanco,,No,No,No,No,No,No,No,2021,8,DOMINGO,13,Tarde,Fines de semana
72.725,6,0,0,14996,03076,Recta,Carretera,Lateral                                            ,,N-332,Carretera Convencional de calzada única,Estatal,Descendente,Seco y limpio,"Amanecer o atardecer, sin luz artificial",Despejado,,Nivel blanco,,Sin especificar,Sin especificar,Sin especificar,Sin especificar,Sin especificar,Sin especificar,Sin especificar,2021,8,LUNES,21,Noche,Dias laborables
70.4,1,0,0,14997,03076,Curva señalizada,Carretera,Fronto-lateral                                     ,,N-332,Carretera Convencional de doble calzada,Estatal,Ascendente,Seco y limpio,"Luz del día natural, solar",Despejado,,Nivel blanco,,No,No,No,No,No,No,No,2021,8,MARTES,15,Tarde,Dias laborables
72.8,0,1,0,14998,03076,Recta,Carretera,Fronto-lateral                                     ,,N-332,Carretera Convencional de calzada única,Estatal,Descendente,Seco y limpio,"Luz del día natural, solar",Despejado,,Nivel verde,,No,No,No,No,No,No,No,2021,8,SÁBADO,10,Mañana,Fines de semana
64.9,2,0,0,14999,03076,Curva señalizada,Carretera,Salida de la vía por la izquierda con colisión     ,,N-332,Carretera Convencional de calzada única,Estatal,Descendente,Seco y limpio,"Luz del día natural, solar",Despejado,,Nivel blanco,,No,No,Sí,No,No,Sí,No,2021,8,DOMINGO,16,Tarde,Fines de semana
,1,0,0,15000,03076,No aplica,Calle,Atropello a personas                               ,,No inventariada,Calle,Municipal,Se desconoce,Seco y limpio,"Amanecer o atardecer, sin luz artificial",Despejado,,Se desconoce,,Sin especificar,Sin especificar,Sin especificar,Sin especificar,Sin especificar,Sin especificar,Sin especificar,2021,9,DOMINGO,18,Noche,Fines de semana
,1,0,0,15001,03076,No aplica,Calle,Atropello a personas                               ,,No inventariada,Calle,Municipal,Se desconoce,Seco y limpio,"Luz del día natural, solar",Despejado,,Se desconoce,,Sin especificar,Sin especificar,Sin especificar,Sin especificar,Sin especificar,Sin especificar,Sin especificar,2021,4,DOMINGO,14,Tarde,Fines de semana
,1,0,0,15002,03076,No aplica,Calle,Atropello a personas                               ,,No inventariada,Calle,Municipal,Se desconoce,Seco y limpio,"Luz del día natural, solar",Despejado,,Se desconoce,,No,No,No,No,No,No,No,2021,5,LUNES,9,Mañana,Dias laborables
,1,0,0,15003,03076,No aplica,Calle,Fronto-lateral                                     ,,No inventariada,Calle,Municipal,Se desconoce,Seco y limpio,"Luz del día natural, solar",Despejado,,Se desconoce,,No,No,No,No,No,No,No,2021,5,LUNES,8,Mañana,Dias laborables
,2,0,0,15004,03076,No aplica,Calle,Fronto-lateral                                     ,,No inventariada,Calle,Municipal,Se desconoce,Seco y limpio,"Luz del día natural, solar",Despejado,,Se desconoce,,No,No,No,No,No,Sí,No,2021,4,DOMINGO,16,Tarde,Fines de semana
,1,0,0,15005,03076,No aplica,Calle,Caída                                              ,,No inventariada,Calle,Municipal,Se desconoce,Otra,"Luz del día natural, solar",Despejado,,Se desconoce,,Sin especificar,Sin especificar,Sin especificar,Sin especificar,Sin especificar,Sin especificar,Sin especificar,2021,5,JUEVES,9,Mañana,Dias laborables
,1,0,0,15006,03076,No aplica,Calle,Fronto-lateral                                     ,,No inventariada,Calle,Municipal,Se desconoce,Seco y limpio,"Luz del día natural, solar",Despejado,,Se desconoce,,No,No,No,No,No,No,No,2021,6,MIÉRCOLES,14,Tarde,Dias laborables
,1,0,0,15007,03076,No aplica,Calle,Caída                                              ,,No inventariada,Calle,Municipal,Se desconoce,Seco y limpio,"Luz del día natural, solar",Despejado,,Se desconoce,,Sin especificar,Sin especificar,Sin especificar,Sin especificar,Sin especificar,Sin especificar,Sin especificar,2021,6,VIERNES,12,Tarde,Dias laborables
,1,0,0,15008,03076,No aplica,Calle,Fronto-lateral                                     ,,No inventariada,Calle,Municipal,Se desconoce,Seco y limpio,Sin luz natural y con iluminación artificial encen,Despejado,,Se desconoce,,No,No,No,No,No,No,Sí,2021,8,SÁBADO,0,Madrugada,Fines de semana
,1,0,0,15009,03076,No aplica,Calle,Caída                                              ,,No inventariada,Calle,Municipal,Se desconoce,Mojado,Sin luz natural y con iluminación artificial encen,Despejado,,Se desconoce,,No,No,No,No,No,Sí,No,2021,8,DOMINGO,23,Noche,Fines de semana
,4,0,0,15010,03076,No aplica,Calle,Fronto-lateral                                     ,,No inventariada,Calle,Municipal,Se desconoce,Seco y limpio,"Luz del día natural, solar",Despejado,,Se desconoce,,No,No,No,No,No,Sí,No,2021,9,MARTES,14,Tarde,Dias laborables
,3,0,0,15011,03076,No aplica,Calle,Colisión contra obstáculo o elemento de la vía     ,,No inventariada,Calle,Municipal,Se desconoce,Seco y limpio,"Luz del día natural, solar",Despejado,,Se desconoce,,Sin especificar,Sin especificar,Sin especificar,Sin especificar,Sin especificar,Sin especificar,Sin especificar,2021,9,VIERNES,15,Tarde,Dias laborables
4.8,1,0,0,15012,03076,Recta,Carretera,Por alcance                                        ,,CV-895,Carretera Convencional de calzada única,Autonómica,Descendente,Seco y limpio,"Luz del día natural, solar",Despejado,,Nivel blanco,,Sin especificar,Sin especificar,Sin especificar,Sin especificar,Sin especificar,Sin especificar,Sin especificar,2021,10,JUEVES,14,Tarde,Dias laborables
,1,0,0,15013,03076,No aplica,Calle,Atropello a personas                               ,,No inventariada,Calle,Municipal,Se desconoce,Seco y limpio,"Luz del día natural, solar",Despejado,,Se desconoce,,No,No,No,No,No,No,No,2021,10,DOMINGO,18,Noche,Fines de semana
,1,0,0,15014,03076,No aplica,Calle,Salida de la vía por la derecha con colisión       ,,No inventariada,Calle,Municipal,Se desconoce,Seco y limpio,Sin luz natural y con iluminación artificial encen,Despejado,,Se desconoce,,Sin especificar,Sin especificar,Sin especificar,Sin especificar,Sin especificar,Sin especificar,Sin especificar,2021,11,MIÉRCOLES,1,Madrugada,Dias laborables
73.42,2,0,0,15015,03076,Recta,Carretera,Frontal                                            ,,N-332,Carretera Convencional de calzada única,Estatal,Ambos,Seco y limpio,"Luz del día natural, solar",Despejado,,Nivel blanco,,Sin especificar,Sin especificar,Sin especificar,Sin especificar,Sin especificar,Sin especificar,Sin especificar,2021,11,MIÉRCOLES,14,Tarde,Dias laborables
70.658,1,0,0,15016,03076,Recta,Carretera,Caída                                              ,,N-332,Vía para automóviles,Estatal,Descendente,Mojado,"Amanecer o atardecer, sin luz artificial",Lluvia débil,,Nivel blanco,,No,No,No,No,No,No,No,2021,11,SÁBADO,17,Tarde,Fines de semana
69.5,2,0,0,15017,03076,Recta,Carretera,Salida de la vía por la derecha otro tipo          ,,N-332,Carretera Convencional de doble calzada,Estatal,Ascendente,Seco y limpio,Sin luz natural ni artificial,Despejado,,Nivel blanco,,Sin especificar,Sin especificar,Sin especificar,Sin especificar,Sin especificar,Sin especificar,Sin especificar,2021,11,DOMINGO,23,Noche,Fines de semana
0.7,1,0,0,15018,03076,Curva sin señalizar,Carretera,"Salida de la vía por la izquierda, otro tipo       ",,No inventariada,Camino vecinal,Municipal,Ambos,Seco y limpio,Sin luz natural ni artificial,Despejado,,Nivel blanco,,Sin especificar,Sin especificar,Sin especificar,Sin especificar,Sin especificar,Sin especificar,Sin especificar,2021,12,MIÉRCOLES,20,Noche,Dias laborables
5.0,1,0,0,15019,03076,Recta,Carretera,Frontal                                            ,,CV-895,Carretera Convencional de calzada única,Autonómica,Ascendente,Seco y limpio,"Luz del día natural, solar",Despejado,,Nivel blanco,,Sin especificar,Sin especificar,Sin especificar,Sin especificar,Sin especificar,Sin especificar,Sin especificar,2021,12,MARTES,12,Tarde,Dias laborables
9.6,2,0,0,15020,00000,Recta,Carretera,Salida de la vía por la izquierda con colisión     ,,CV-845,Carretera Convencional de calzada única,Autonómica,Ascendente,Seco y limpio,"Luz del día natural, solar",Despejado,,Nivel blanco,,Sin especificar,Sin especificar,Sin especificar,Sin especificar,Sin especificar,Sin especificar,Sin especificar,2021,8,JUEVES,15,Tarde,Dias laborables
2.4,2,0,0,15021,00000,Curva sin señalizar,Carretera,Frontal                                            ,,CAMINO RIN,Camino vecinal,Municipal,Ambos,Seco y limpio,"Luz del día natural, solar",Despejado,,Nivel blanco,,Sin especificar,Sin especificar,Sin especificar,Sin especificar,Sin especificar,Sin especificar,Sin especificar,2021,8,JUEVES,14,Tarde,Dias laborables
5.483,2,0,0,15022,00000,Curva señalizada,Carretera,"Salida de la vía por la izquierda, otro tipo       ",,CV-845,Carretera Convencional de doble calzada,Autonómica,Descendente,Seco y limpio,"Luz del día natural, solar",Despejado,,Nivel blanco,,Sin especificar,Sin especificar,Sin especificar,Sin especificar,Sin especificar,Sin especificar,Sin especificar,2021,12,DOMINGO,16,Tarde,Fines de semana
17.0,2,0,0,15023,00000,Curva señalizada,Carretera,Salida de la vía por la derecha otro tipo          ,,CV-845,Carretera Convencional de calzada única,Autonómica,Ascendente,Seco y limpio,"Luz del día natural, solar",Despejado,,Nivel blanco,,Sin especificar,Sin especificar,Sin especificar,Sin especificar,Sin especificar,Sin especificar,Sin especificar,2021,3,SÁBADO,11,Mañana,Fines de semana
460.1,1,0,0,15024,03079,Recta,Autopista o autovía urbana,Por alcance                                        ,,A-7,Autovía,Estatal,Descendente,Seco y limpio,Sin luz natural ni artificial,Despejado,,Nivel blanco,,Sin especificar,Sin especificar,Sin especificar,Sin especificar,Sin especificar,Sin especificar,Sin especificar,2021,1,DOMINGO,22,Noche,Fines de semana
461.4,0,1,0,15025,03079,Recta,Carretera,Por alcance                                        ,,A-7,Autovía,Estatal,Descendente,Seco y limpio,"Luz del día natural, solar",Despejado,,Nivel blanco,,Sin especificar,Sin especificar,Sin especificar,Sin especificar,Sin especificar,Sin especificar,Sin especificar,2021,2,MARTES,17,Tarde,Dias laborables
18.8,1,0,0,15026,03053,Recta,Carretera,Por alcance                                        ,,CV-80,Autovía,Estatal,Ascendente,Seco y limpio,"Luz del día natural, solar",Despejado,,Nivel blanco,,Sin especificar,Sin especificar,Sin especificar,Sin especificar,Sin especificar,Sin especificar,Sin especificar,2021,2,MIÉRCOLES,12,Tarde,Dias laborables
,1,0,0,15027,03079,No aplica,Calle,Fronto-lateral                                     ,,No inventariada,Calle,Municipal,Se desconoce,Seco y limpio,"Amanecer o atardecer, sin luz artificial",Despejado,,Nivel verde,,No,No,No,No,No,No,Sí,2021,2,MARTES,19,Noche,Dias laborables
,1,0,0,15028,03079,No aplica,Calle,Por alcance                                        ,,No inventariada,Calle,Municipal,Se desconoce,Seco y limpio,Sin luz natural y con iluminación artificial encen,Despejado,,Nivel blanco,,Sin especificar,Sin especificar,Sin especificar,Sin especificar,Sin especificar,Sin especificar,Sin especificar,2021,1,SÁBADO,20,Noche,Fines de semana
,2,0,0,15029,03079,No aplica,Calle,Fronto-lateral                                     ,,No inventariada,Calle,Municipal,Se desconoce,Seco y limpio,"Luz del día natural, solar",Despejado,,Nivel blanco,,No,No,No,No,No,Sí,No,2021,1,LUNES,13,Tarde,Dias laborables
,1,0,0,15030,03079,No aplica,Calle,Fronto-lateral                                     ,,No inventariada,Calle,Municipal,Se desconoce,Seco y limpio,Sin luz natural y con iluminación artificial encen,Despejado,,Nivel blanco,,No,No,No,Sí,No,No,No,2021,2,VIERNES,20,Noche,Dias laborables
12.0,1,0,0,15031,00000,Curva señalizada,Carretera,Lateral                                            ,,CV-805,Carretera Convencional de calzada única,Autonómica,Ascendente,Seco y limpio,"Luz del día natural, solar",Despejado,,Nivel blanco,,No,No,Sí,No,No,Sí,No,2021,2,VIERNES,15,Tarde,Dias laborables
5.9,1,0,0,15032,03079,Recta,Carretera,Lateral                                            ,,CV-806,Carretera Convencional de calzada única,Autonómica,Ascendente,Seco y limpio,"Luz del día natural, solar",Despejado,,Nivel blanco,,No,No,No,Sí,No,No,Sí,2021,3,MARTES,13,Tarde,Dias laborables
,1,0,0,15033,03079,No aplica,Calle,Colisión contra obstáculo o elemento de la vía     ,,No inventariada,Calle,Municipal,Se desconoce,Seco y limpio,"Luz del día natural, solar",Despejado,,Nivel verde,,Sin especificar,Sin especificar,Sin especificar,Sin especificar,Sin especificar,Sin especificar,Sin especificar,2021,3,MARTES,18,Noche,Dias laborables
,1,0,0,15034,03079,No aplica,Calle,Atropello a personas                               ,,No inventariada,Calle,Municipal,Se desconoce,Seco y limpio,"Luz del día natural, solar",Despejado,,Nivel verde,,Sin especificar,Sin especificar,Sin especificar,Sin especificar,Sin especificar,Sin especificar,Sin especificar,2021,3,VIERNES,15,Tarde,Dias laborables
,1,0,0,15035,03079,No aplica,Calle,Fronto-lateral                                     ,,No inventariada,Calle,Municipal,Se desconoce,Seco y limpio,"Luz del día natural, solar",Despejado,,Nivel verde,,No,No,No,No,No,Sí,No,2021,4,MARTES,14,Tarde,Dias laborables
,1,0,0,15036,03079,No aplica,Calle,Atropello a personas                               ,,No inventariada,Calle,Municipal,Se desconoce,Seco y limpio,"Luz del día natural, solar",Despejado,,Nivel verde,,Sin especificar,Sin especificar,Sin especificar,Sin especificar,Sin especificar,Sin especificar,Sin especificar,2021,3,VIERNES,15,Tarde,Dias laborables
,1,0,0,15037,03079,No aplica,Calle,Por alcance                                        ,,No inventariada,Calle,Municipal,Se desconoce,Seco y limpio,"Luz del día natural, solar",Despejado,,Nivel verde,,No,No,No,No,No,Sí,No,2021,4,MIÉRCOLES,11,Mañana,Dias laborables
,1,0,0,15038,03079,No aplica,Calle,Atropello a personas                               ,,No inventariada,Calle,Municipal,Se desconoce,Seco y limpio,"Luz del día natural, solar",Lluvia débil,,Nivel verde,,No,No,No,No,No,Sí,No,2021,4,LUNES,9,Mañana,Dias laborables
5.2,1,0,0,15039,03079,Curva sin señalizar,Carretera,Salida de la vía por la derecha otro tipo          ,,CV-801,Carretera Convencional de calzada única,Autonómica,Ascendente,Se desconoce,"Luz del día natural, solar",Despejado,,Nivel blanco,,Sin especificar,Sin especificar,Sin especificar,Sin especificar,Sin especificar,Sin especificar,Sin especificar,2021,4,DOMINGO,13,Tarde,Fines de semana
2.66,0,1,0,15040,03079,Curva señalizada,Carretera,Salida de la vía por la derecha otro tipo          ,,CV-801,Carretera Convencional de calzada única,Autonómica,Ascendente,Seco y limpio,"Luz del día natural, solar",Despejado,,Nivel blanco,,Sin especificar,Sin especificar,Sin especificar,Sin especificar,Sin especificar,Sin especificar,Sin especificar,2021,5,DOMINGO,16,Tarde,Fines de semana
,2,0,0,15041,03079,No aplica,Calle,Fronto-lateral                                     ,,No inventariada,Calle,Municipal,Se desconoce,Seco y limpio,"Luz del día natural, solar",Despejado,,Nivel verde,,No,No,No,No,No,No,Sí,2021,5,SÁBADO,14,Tarde,Fines de semana
,1,0,0,15042,03079,No aplica,Calle,Frontal                                            ,,No inventariada,Calle,Municipal,Se desconoce,Seco y limpio,Sin luz natural y con iluminación artificial encen,Despejado,,Nivel verde,,No,No,No,No,No,No,Sí,2021,5,LUNES,21,Noche,Dias laborables
,0,1,0,15043,03079,No aplica,Calle,Fronto-lateral                                     ,,No inventariada,Calle,Municipal,Se desconoce,Seco y limpio,"Luz del día natural, solar",Despejado,,Nivel verde,,No,No,No,No,No,No,No,2021,5,MARTES,18,Noche,Dias laborables
4.9,0,1,0,15044,03079,Curva señalizada,Carretera,Salida de la vía por la derecha con colisión       ,,CV-806,Carretera Convencional de calzada única,Autonómica,Descendente,Seco y limpio,Sin luz natural ni artificial,Despejado,,Nivel blanco,,Sin especificar,Sin especificar,Sin especificar,Sin especificar,Sin especificar,Sin especificar,Sin especificar,2021,6,VIERNES,2,Madrugada,Dias laborables
,1,0,0,15045,03079,No aplica,Calle,Fronto-lateral                                     ,,No inventariada,Calle,Municipal,Se desconoce,Seco y limpio,"Luz del día natural, solar",Despejado,,Nivel verde,,Sin especificar,Sin especificar,Sin especificar,Sin especificar,Sin especificar,Sin especificar,Sin especificar,2021,6,JUEVES,14,Tarde,Dias laborables
,1,0,0,15046,03079,No aplica,Calle,Fronto-lateral                                     ,,No inventariada,Calle,Municipal,Se desconoce,Seco y limpio,Sin luz natural y con iluminación artificial encen,Despejado,,Nivel verde,,Sin especificar,Sin especificar,Sin especificar,Sin especificar,Sin especificar,Sin especificar,Sin especificar,2021,7,JUEVES,22,Noche,Dias laborables
,1,0,0,15047,03079,No aplica,Calle,Atropello a personas                               ,,No inventariada,Calle,Municipal,Se desconoce,Seco y limpio,Sin luz natural y con iluminación artificial encen,Despejado,,Nivel verde,,Sin especificar,Sin especificar,Sin especificar,Sin especificar,Sin especificar,Sin especificar,Sin especificar,2021,5,VIERNES,21,Noche,Dias laborables
,1,0,0,15048,03079,No aplica,Calle,Atropello a personas                               ,,No inventariada,Calle,Municipal,Se desconoce,Seco y limpio,"Luz del día natural, solar",Despejado,,Nivel verde,,Sin especificar,Sin especificar,Sin especificar,Sin especificar,Sin especificar,Sin especificar,Sin especificar,2021,6,LUNES,18,Noche,Dias laborables
459.917,1,0,0,15049,03079,Curva sin señalizar,Carretera,Fronto-lateral                                     ,CV-806,A-7,Autovía,Estatal,Descendente,Seco y limpio,"Luz del día natural, solar",Despejado,,Nivel blanco,,No,No,No,No,No,Sí,No,2021,7,LUNES,11,Mañana,Dias laborables