KM,TOTAL_HL24H,TOTAL_HG24H,TOTAL_MU24H,id,COD_MUNICIPIO,TRAZADO_PLANTA,ZONA,TIPO_ACCIDENTE,CARRETERA_CRUCE,CARRETERA,TIPO_VIA,TITULARIDAD_VIA,SENTIDO_1F,CONDICION_FIRME,CONDICION_ILUMINACION,CONDICION_METEO,CONDICION_NIEBLA,CONDICION_NIVEL_CIRCULA,CONDICION_VIENTO,PRIORI_AGENTE,PRIORI_CIRCUNSTANCIAL,PRIORI_HORIZ_CEDA,PRIORI_HORIZ_STOP,PRIORI_SEMAFORO,PRIORI_VERT_CEDA,PRIORI_VERT_STOP,ANYO,MES,DIA,HORA,FRANJA_HORARIA,TIPO_DIA
459.935,1,0,0,15050,03079,Recta,Carretera,Salida de la vía por la izquierda con vuelco       ,CV-806,A-7,Ramal de enlace,Estatal,Descendente,Seco y limpio,Sin luz natural ni artificial,Despejado,,Nivel blanco,,No,No,Sí,No,No,Sí,No,2021,8,VIERNES,5,Madrugada,Dias laborables
10.9,2,0,0,15051,03079,Recta,Carretera,Fronto-lateral                                     ,,CV-806,Carretera Convencional de calzada única,Autonómica,Descendente,Seco y limpio,"Luz del día natural, solar",Despejado,,Nivel blanco,,No,No,No,No,No,No,No,2021,8,VIERNES,18,Noche,Dias laborables
,1,0,0,15052,03079,No aplica,Calle,Atropello a personas                               ,,No inventariada,Calle,Municipal,Se desconoce,Seco y limpio,"Luz del día natural, solar",Despejado,,Nivel verde,,Sin especificar,Sin especificar,Sin especificar,Sin especificar,Sin especificar,Sin especificar,Sin especificar,2021,8,LUNES,13,Tarde,Dias laborables
,1,0,0,15053,03079,No aplica,Calle,Atropello a personas                               ,,No inventariada,Calle,Municipal,Se desconoce,Seco y limpio,"Luz del día natural, solar",Despejado,,Nivel verde,,Sin especificar,Sin especificar,Sin especificar,Sin especificar,Sin especificar,Sin especificar,Sin especificar,2021,9,MARTES,13,Tarde,Dias laborables
,2,0,0,15054,03079,No aplica,Calle,Fronto-lateral                                     ,,No inventariada,Calle,Municipal,Se desconoce,Seco y limpio,"Luz del día natural, solar",Despejado,,Nivel verde,,No,No,No,Sí,No,No,No,2021,9,LUNES,9,Mañana,Dias laborables
0.667,1,0,0,15055,03079,Curva sin señalizar,Carretera,Salida de la vía por la derecha con colisión       ,,CV-801,Carretera Convencional de calzada única,Autonómica,Ascendente,Mojado,Sin luz natural ni artificial,Lluvia débil,,Nivel verde,,Sin especificar,Sin especificar,Sin especificar,Sin especificar,Sin especificar,Sin especificar,Sin especificar,2021,10,SÁBADO,1,Madrugada,Fines de semana
226.7,1,0,0,15056,03014,Recta,Carretera,Lateral                                            ,,A-31,Autovía,Estatal,Ascendente,Mojado,"Luz del día natural, solar",Lluvia débil,,Nivel blanco,,Sin especificar,Sin especificar,Sin especificar,Sin especificar,Sin especificar,Sin especificar,Sin especificar,2021,10,MARTES,14,Tarde,Dias laborables
,1,0,0,15057,03079,No aplica,Calle,Fronto-lateral                                     ,,No inventariada,Calle,Municipal,Se desconoce,Seco y limpio,"Luz del día natural, solar",Despejado,,Nivel verde,,No,No,No,No,No,No,Sí,2021,10,JUEVES,14,Tarde,Dias laborables
,1,0,0,15058,03079,No aplica,Calle,Fronto-lateral                                     ,,No inventariada,Calle,Municipal,Se desconoce,Seco y limpio,"Luz del día natural, solar",Despejado,,Nivel verde,,No,No,No,No,No,Sí,No,2021,9,JUEVES,12,Tarde,Dias laborables
,1,0,0,15059,03079,No aplica,Calle,Fronto-lateral                                     ,,No inventariada,Calle,Municipal,Se desconoce,Otra,"Luz del día natural, solar",Despejado,,Nivel verde,,No,No,No,No,No,No,Sí,2021,10,VIERNES,13,Tarde,Dias laborables
4.5,1,0,0,15060,03079,Recta,Carretera,Salida de la vía por la derecha otro tipo          ,,CV-806,Carretera Convencional de calzada única,Autonómica,Ascendente,Mojado,Sin luz natural y con iluminación artificial no en,Lluvia débil,,Nivel blanco,,Sin especificar,Sin especificar,Sin especificar,Sin especificar,Sin especificar,Sin especificar,Sin especificar,2021,10,VIERNES,19,Noche,Dias laborables
457.416,1,0,0,15061,03079,Recta,Carretera,Colisión contra obstáculo o elemento de la vía     ,,A-7,Autovía,Estatal,Ascendente,Mojado,"Luz del día natural, solar",Lluvia débil,,Nivel blanco,,Sin especificar,Sin especificar,Sin especificar,Sin especificar,Sin especificar,Sin especificar,Sin especificar,2021,11,JUEVES,13,Tarde,Dias laborables
2.557,3,0,0,15062,03079,Recta,Carretera,Salida de la vía por la izquierda con vuelco       ,,CV-805,Carretera Convencional de calzada única,Autonómica,Descendente,Seco y limpio,Sin luz natural ni artificial,Despejado,,Nivel blanco,,Sin especificar,Sin especificar,Sin especificar,Sin especificar,Sin especificar,Sin especificar,Sin especificar,2021,12,SÁBADO,19,Noche,Fines de semana
4.9,1,0,0,15063,03079,Recta,Carretera,Salida de la vía por la derecha con vuelco         ,,CV-801,Carretera Convencional de calzada única,Autonómica,Descendente,Seco y limpio,"Luz del día natural, solar",Nublado,,Nivel blanco,,Sin especificar,Sin especificar,Sin especificar,Sin especificar,Sin especificar,Sin especificar,Sin especificar,2021,12,DOMINGO,14,Tarde,Fines de semana
,1,0,0,15064,03079,No aplica,Calle,Fronto-lateral                                     ,,No inventariada,Calle,Municipal,Se desconoce,Seco y limpio,"Luz del día natural, solar",Despejado,,Nivel verde,,No,No,No,No,No,Sí,No,2021,11,VIERNES,21,Noche,Dias laborables
,2,0,0,15065,03079,No aplica,Calle,Fronto-lateral                                     ,,No inventariada,Calle,Municipal,Se desconoce,Seco y limpio,"Luz del día natural, solar",Despejado,,Nivel verde,,No,No,No,No,No,Sí,No,2021,10,DOMINGO,13,Tarde,Fines de semana
,2,0,0,15066,03079,No aplica,Calle,Caída                                              ,,No inventariada,Calle,Municipal,Se desconoce,Mojado,"Amanecer o atardecer, sin luz artificial",Lluvia débil,,Nivel verde,,No,No,No,No,No,Sí,No,2021,11,VIERNES,8,Mañana,Dias laborables
10.3,2,0,0,15067,00000,Curva señalizada,Carretera,Múltiple o en caravana                             ,,CV-95,Carretera Convencional de calzada única,Autonómica,Descendente,Seco y limpio,"Luz del día natural, solar",Despejado,,Nivel blanco,,Sin especificar,Sin especificar,Sin especificar,Sin especificar,Sin especificar,Sin especificar,Sin especificar,2021,5,JUEVES,12,Tarde,Dias laborables
11.4,2,0,0,15068,00000,Curva señalizada,Carretera,Salida de la vía por la izquierda con colisión     ,,CV-95,Carretera Convencional de calzada única,Autonómica,Descendente,Seco y limpio,Sin luz natural ni artificial,Despejado,,Nivel blanco,,Sin especificar,Sin especificar,Sin especificar,Sin especificar,Sin especificar,Sin especificar,Sin especificar,2021,5,DOMINGO,23,Noche,Fines de semana
1.0,1,0,0,15069,00000,Recta,Carretera,Por alcance                                        ,,CV-920,Carretera Convencional de calzada única,Autonómica,Ascendente,Seco y limpio,"Luz del día natural, solar",Despejado,,Nivel blanco,,Sin especificar,Sin especificar,Sin especificar,Sin especificar,Sin especificar,Sin especificar,Sin especificar,2021,11,MARTES,14,Tarde,Dias laborables
11.28,0,1,0,15070,00000,Curva señalizada,Carretera,Salida de la vía por la derecha con colisión       ,,CV-95,Carretera Convencional de calzada única,Autonómica,Ascendente,Mojado,Sin luz natural ni artificial,Nublado,,Nivel blanco,,Sin especificar,Sin especificar,Sin especificar,Sin especificar,Sin especificar,Sin especificar,Sin especificar,2021,12,SÁBADO,23,Noche,Fines de semana
7.0,2,0,0,15071,00000,Recta,Carretera,Múltiple o en caravana                             ,,CV-750,Carretera Convencional de calzada única,"Provincial, Cabildo/Consell",Ambos,Seco y limpio,"Luz del día natural, solar",Despejado,,Sin especificar,,Sin especificar,Sin especificar,Sin especificar,Sin especificar,Sin especificar,Sin especificar,Sin especificar,2021,10,LUNES,16,Tarde,Dias laborables
1.7,2,0,0,15072,00000,Recta,Carretera,Fronto-lateral                                     ,,CV-749,Carretera Convencional de calzada única,"Provincial, Cabildo/Consell",Descendente,Seco y limpio,"Luz del día natural, solar",Despejado,,Nivel amarillo,,No,No,No,No,No,No,Sí,2021,12,JUEVES,11,Mañana,Dias laborables
4.05,0,1,0,15073,00000,Recta,Carretera,Por alcance                                        ,,CV-750,Carretera Convencional de calzada única,"Provincial, Cabildo/Consell",Ascendente,Seco y limpio,"Luz del día natural, solar",Despejado,,Nivel blanco,,Sin especificar,Sin especificar,Sin especificar,Sin especificar,Sin especificar,Sin especificar,Sin especificar,2021,12,JUEVES,12,Tarde,Dias laborables
1.195,1,0,0,15074,03063,Curva señalizada,Carretera,Frontal                                            ,,CV-736,Carretera Convencional de calzada única,Autonómica,Ascendente,Seco y limpio,"Luz del día natural, solar",Despejado,,Nivel blanco,,Sin especificar,Sin especificar,Sin especificar,Sin especificar,Sin especificar,Sin especificar,Sin especificar,2021,1,SÁBADO,12,Tarde,Fines de semana
6.8,5,0,0,15075,03082,Curva señalizada,Carretera,Frontal                                            ,,CV-736,Carretera Convencional de calzada única,Autonómica,Ambos,Mojado,"Luz del día natural, solar",Nublado,,Sin especificar,,Sin especificar,Sin especificar,Sin especificar,Sin especificar,Sin especificar,Sin especificar,Sin especificar,2021,3,VIERNES,18,Noche,Dias laborables
3.4,1,0,0,15076,03082,Recta,Carretera,Lateral                                            ,,CV-742,Carretera Convencional de calzada única,"Provincial, Cabildo/Consell",Descendente,Seco y limpio,"Luz del día natural, solar",Despejado,,Nivel verde,,No,No,Sí,No,No,Sí,No,2021,5,MIÉRCOLES,13,Tarde,Dias laborables
6.0,1,0,0,15077,03082,Curva señalizada,Carretera,Salida de la vía por la derecha otro tipo          ,,CV-736,Carretera Convencional de calzada única,Autonómica,Ascendente,Seco y limpio,"Luz del día natural, solar",Despejado,,Nivel blanco,,Sin especificar,Sin especificar,Sin especificar,Sin especificar,Sin especificar,Sin especificar,Sin especificar,2021,5,DOMINGO,15,Tarde,Fines de semana
,1,0,0,15078,03082,No aplica,Calle,Colisión contra obstáculo o elemento de la vía     ,,No inventariada,Calle,Municipal,Se desconoce,Con barro o gravilla suelta,"Luz del día natural, solar",Despejado,,Se desconoce,,Sin especificar,Sin especificar,Sin especificar,Sin especificar,Sin especificar,Sin especificar,Sin especificar,2021,1,JUEVES,13,Tarde,Dias laborables
,1,0,0,15079,03082,No aplica,Calle,Vuelco                                             ,,No inventariada,Calle,Municipal,Se desconoce,Seco y limpio,"Luz del día natural, solar",Despejado,,Nivel blanco,,Sin especificar,Sin especificar,Sin especificar,Sin especificar,Sin especificar,Sin especificar,Sin especificar,2021,1,VIERNES,17,Tarde,Dias laborables
3.6,1,0,0,15080,03082,Recta,Carretera,Fronto-lateral                                     ,,CV-734,Carretera Convencional de calzada única,Autonómica,Descendente,Seco y limpio,"Luz del día natural, solar",Despejado,,Nivel blanco,,Sin especificar,Sin especificar,Sin especificar,Sin especificar,Sin especificar,Sin especificar,Sin especificar,2021,5,VIERNES,18,Noche,Dias laborables
9.055,1,0,0,15081,03082,Recta,Carretera,Caída                                              ,,CV-742,Carretera Convencional de calzada única,"Provincial, Cabildo/Consell",Ascendente,Seco y limpio,"Luz del día natural, solar",Despejado,,Nivel blanco,,No,No,No,No,No,No,Sí,2021,6,MIÉRCOLES,19,Noche,Dias laborables
8.391,2,0,0,15082,03082,Recta,Carretera,Atropello a animales                               ,,CV-742,Carretera Convencional de doble calzada,"Provincial, Cabildo/Consell",Ascendente,Seco y limpio,Sin luz natural y con iluminación artificial no en,Despejado,,Nivel blanco,,Sin especificar,Sin especificar,Sin especificar,Sin especificar,Sin especificar,Sin especificar,Sin especificar,2021,6,JUEVES,22,Noche,Dias laborables
1.5,1,0,0,15083,03082,Recta,Carretera,Salida de la vía por la derecha otro tipo          ,,CV-735,Carretera Convencional de calzada única,"Provincial, Cabildo/Consell",Ascendente,Seco y limpio,"Amanecer o atardecer, sin luz artificial",Despejado,,Nivel blanco,,Sin especificar,Sin especificar,Sin especificar,Sin especificar,Sin especificar,Sin especificar,Sin especificar,2021,7,DOMINGO,5,Madrugada,Fines de semana
3.2,1,0,0,15084,03082,Recta,Carretera,Por alcance                                        ,,CV-747,Carretera Convencional de calzada única,"Provincial, Cabildo/Consell",Ascendente,Seco y limpio,"Luz del día natural, solar",Despejado,,Nivel verde,,No,No,No,No,No,No,No,2021,7,JUEVES,20,Noche,Dias laborables
8.4,1,1,0,15085,03082,Curva señalizada,Carretera,Salida de la vía por la derecha otro tipo          ,,CV-740,Carretera Convencional de calzada única,"Provincial, Cabildo/Consell",Ascendente,Seco y limpio,Sin luz natural y con iluminación artificial no en,Despejado,,Nivel blanco,,Sin especificar,Sin especificar,Sin especificar,Sin especificar,Sin especificar,Sin especificar,Sin especificar,2021,8,JUEVES,0,Madrugada,Dias laborables
2.5,1,0,0,15086,03082,Recta,Carretera,Múltiple o en caravana                             ,,CV-742,Carretera Convencional de calzada única,"Provincial, Cabildo/Consell",Descendente,Seco y limpio,"Luz del día natural, solar",Despejado,,Nivel verde,,Sin especificar,Sin especificar,Sin especificar,Sin especificar,Sin especificar,Sin especificar,Sin especificar,2021,8,LUNES,18,Noche,Dias laborables
5.9,1,0,0,15087,03082,Curva señalizada,Carretera,Lateral                                            ,,CV-734,Carretera Convencional de calzada única,Autonómica,Descendente,Seco y limpio,"Luz del día natural, solar",Despejado,,Nivel amarillo,,No,No,No,No,No,No,No,2021,8,MARTES,18,Noche,Dias laborables
2.1,1,0,0,15088,03082,Curva sin señalizar,Carretera,Salida de la vía por la derecha con colisión       ,,CV-742,Carretera Convencional de calzada única,"Provincial, Cabildo/Consell",Ascendente,Seco y limpio,Sin luz natural ni artificial,Despejado,,Nivel blanco,,Sin especificar,Sin especificar,Sin especificar,Sin especificar,Sin especificar,Sin especificar,Sin especificar,2021,9,JUEVES,5,Madrugada,Dias laborables
3.2,1,1,0,15089,03082,Recta,Carretera,Lateral                                            ,,CV-734,Carretera Convencional de calzada única,Autonómica,Ascendente,Seco y limpio,"Luz del día natural, solar",Despejado,,Nivel blanco,,Sin especificar,Sin especificar,Sin especificar,Sin especificar,Sin especificar,Sin especificar,Sin especificar,2021,9,DOMINGO,7,Mañana,Fines de semana
6.437,3,0,0,15090,03082,Curva señalizada,Carretera,Frontal                                            ,,CV-736,Carretera Convencional de calzada única,Autonómica,Ambos,Mojado,Sin luz natural ni artificial,Lluvia débil,,Nivel blanco,,Sin especificar,Sin especificar,Sin especificar,Sin especificar,Sin especificar,Sin especificar,Sin especificar,2021,9,MARTES,12,Tarde,Dias laborables
,1,0,0,15091,03082,No aplica,Calle,Lateral                                            ,,No inventariada,Calle,Municipal,Se desconoce,Seco y limpio,"Luz del día natural, solar",Despejado,,Nivel blanco,,Sin especificar,Sin especificar,Sin especificar,Sin especificar,Sin especificar,Sin especificar,Sin especificar,2021,7,MIÉRCOLES,12,Tarde,Dias laborables
,1,0,0,15092,03082,No aplica,Calle,Atropello a personas                               ,,No inventariada,Calle,Municipal,Se desconoce,Seco y limpio,"Luz del día natural, solar",Despejado,,Nivel blanco,,Sin especificar,Sin especificar,Sin especificar,Sin especificar,Sin especificar,Sin especificar,Sin especificar,2021,7,DOMINGO,15,Tarde,Fines de semana
5.9,2,0,0,15093,03082,Curva señalizada,Carretera,Colisión contra obstáculo o elemento de la vía     ,,CV-736,Carretera Convencional de calzada única,Autonómica,Descendente,Seco y limpio,Sin luz natural y con iluminación artificial no en,Despejado,,Nivel blanco,,Sin especificar,Sin especificar,Sin especificar,Sin especificar,Sin especificar,Sin especificar,Sin especificar,2021,10,SÁBADO,1,Madrugada,Fines de semana
6.4,0,3,1,15094,03082,Curva señalizada,Carretera,Salida de la vía por la derecha con vuelco         ,,CV-734,Carretera Convencional de calzada única,Autonómica,Ascendente,Seco y limpio,Sin luz natural ni artificial,Despejado,,Nivel blanco,,Sin especificar,Sin especificar,Sin especificar,Sin especificar,Sin especificar,Sin especificar,Sin especificar,2021,10,MIÉRCOLES,20,Noche,Dias laborables
3.2,1,0,0,15095,03082,Recta,Carretera,Por alcance                                        ,,CV-734,Carretera Convencional de calzada única,Autonómica,Ascendente,Seco y limpio,"Luz del día natural, solar",Despejado,,Nivel verde,,Sin especificar,Sin especificar,Sin especificar,Sin especificar,Sin especificar,Sin especificar,Sin especificar,2021,11,JUEVES,11,Mañana,Dias laborables
1.8,3,0,0,15096,03082,Recta,Carretera,Fronto-lateral                                     ,,CV-735,Carretera Convencional de calzada única,"Provincial, Cabildo/Consell",Ambos,Seco y limpio,"Luz del día natural, solar",Despejado,,Nivel blanco,,Sin especificar,Sin especificar,Sin especificar,Sin especificar,Sin especificar,Sin especificar,Sin especificar,2021,11,MIÉRCOLES,9,Mañana,Dias laborables
10.644,1,0,0,15097,03082,Recta,Carretera,Por alcance                                        ,CV-742,CV-740,Carretera Convencional de calzada única,"Provincial, Cabildo/Consell",Descendente,Seco y limpio,"Luz del día natural, solar",Despejado,,Nivel blanco,,No,No,Sí,No,No,No,No,2021,12,VIERNES,16,Tarde,Dias laborables
4.2,1,0,0,15098,03082,Recta,Carretera,Por alcance                                        ,,CV-742,Carretera Convencional de calzada única,"Provincial, Cabildo/Consell",Ascendente,Seco y limpio,"Luz del día natural, solar",Despejado,,Nivel blanco,,No,No,No,Sí,No,No,No,2021,12,MARTES,12,Tarde,Dias laborables
1.2,0,1,0,15099,03083,Curva sin señalizar,Carretera,Caída                                              ,,CV-780,Carretera Convencional de calzada única,"Provincial, Cabildo/Consell",Ambos,Seco y limpio,"Luz del día natural, solar",Despejado,,Nivel blanco,,Sin especificar,Sin especificar,Sin especificar,Sin especificar,Sin especificar,Sin especificar,Sin especificar,2021,1,DOMINGO,11,Mañana,Fines de semana
20.0,1,0,0,15100,03083,Curva señalizada,Carretera,Múltiple o en caravana                             ,,CV-800,Carretera Convencional de calzada única,Autonómica,Descendente,Seco y limpio,"Luz del día natural, solar",Despejado,,Nivel blanco,,No,No,No,No,No,No,No,2021,2,SÁBADO,11,Mañana,Fines de semana
20.8,1,0,0,15101,03083,Curva señalizada,Carretera,Salida de la vía por la izquierda con colisión     ,,CV-800,Carretera Convencional de calzada única,Autonómica,Descendente,Seco y limpio,"Luz del día natural, solar",Despejado,,Nivel blanco,,Sin especificar,Sin especificar,Sin especificar,Sin especificar,Sin especificar,Sin especificar,Sin especificar,2021,2,SÁBADO,14,Tarde,Fines de semana
20.5,1,0,0,15102,03083,Curva señalizada,Carretera,Lateral                                            ,,CV-800,Carretera Convencional de calzada única,Autonómica,Descendente,Seco y limpio,"Luz del día natural, solar",Nublado,,Nivel blanco,,Sin especificar,Sin especificar,Sin especificar,Sin especificar,Sin especificar,Sin especificar,Sin especificar,2021,3,SÁBADO,14,Tarde,Fines de semana
11.0,1,0,0,15103,03083,Curva señalizada,Carretera,Salida de la vía por la izquierda con colisión     ,,CV-800,Carretera Convencional de calzada única,Autonómica,Ascendente,Seco y limpio,"Luz del día natural, solar",Despejado,,Nivel blanco,,Sin especificar,Sin especificar,Sin especificar,Sin especificar,Sin especificar,Sin especificar,Sin especificar,2021,3,VIERNES,8,Mañana,Dias laborables
5.0,1,0,0,15104,03083,Curva señalizada,Carretera,Salida de la vía por la izquierda con colisión     ,,CV-810,Carretera Convencional de calzada única,"Provincial, Cabildo/Consell",Ascendente,Seco y limpio,"Luz del día natural, solar",Despejado,,Nivel blanco,,Sin especificar,Sin especificar,Sin especificar,Sin especificar,Sin especificar,Sin especificar,Sin especificar,2021,4,DOMINGO,9,Mañana,Fines de semana
21.357,1,0,0,15105,03083,Curva señalizada,Carretera,Salida de la vía por la derecha con colisión       ,,CV-800,Carretera Convencional de calzada única,Autonómica,Descendente,Seco y limpio,"Luz del día natural, solar",Despejado,,Nivel blanco,,Sin especificar,Sin especificar,Sin especificar,Sin especificar,Sin especificar,Sin especificar,Sin especificar,2021,6,JUEVES,13,Tarde,Dias laborables
4.939,1,0,0,15106,03083,Curva señalizada,Carretera,Salida de la vía por la izquierda con colisión     ,,CV-810,Carretera Convencional de calzada única,"Provincial, Cabildo/Consell",Ascendente,Seco y limpio,"Luz del día natural, solar",Despejado,,Nivel blanco,,Sin especificar,Sin especificar,Sin especificar,Sin especificar,Sin especificar,Sin especificar,Sin especificar,2021,7,VIERNES,18,Noche,Dias laborables
22.035,1,0,0,15107,03083,Curva sin señalizar,Carretera,Salida de la vía por la derecha otro tipo          ,,CV-800,Carretera Convencional de calzada única,Autonómica,Ascendente,Con barro o gravilla suelta,"Luz del día natural, solar",Despejado,,Nivel blanco,,Sin especificar,Sin especificar,Sin especificar,Sin especificar,Sin especificar,Sin especificar,Sin especificar,2021,7,MIÉRCOLES,11,Mañana,Dias laborables
9.5,1,0,0,15108,03083,Recta,Carretera,Atropello a animales                               ,,CV-800,Carretera Convencional de calzada única,Autonómica,Ascendente,Seco y limpio,Sin luz natural ni artificial,Despejado,,Nivel blanco,,Sin especificar,Sin especificar,Sin especificar,Sin especificar,Sin especificar,Sin especificar,Sin especificar,2021,7,DOMINGO,5,Madrugada,Fines de semana
4.083,1,0,0,15109,03083,Curva señalizada,Carretera,Salida de la vía por la derecha otro tipo          ,,CV-780,Carretera Convencional de calzada única,"Provincial, Cabildo/Consell",Ascendente,Otra,"Luz del día natural, solar",Despejado,,Nivel blanco,,Sin especificar,Sin especificar,Sin especificar,Sin especificar,Sin especificar,Sin especificar,Sin especificar,2021,8,SÁBADO,9,Mañana,Fines de semana
22.5,1,0,0,15110,03083,Curva señalizada,Carretera,Salida de la vía por la derecha otro tipo          ,,CV-800,Carretera Convencional de calzada única,Autonómica,Descendente,Seco y limpio,"Luz del día natural, solar",Despejado,,Nivel blanco,,Sin especificar,Sin especificar,Sin especificar,Sin especificar,Sin especificar,Sin especificar,Sin especificar,2021,10,DOMINGO,12,Tarde,Fines de semana
4.0,1,0,1,15111,03083,Recta,Carretera,Salida de la vía por la derecha con vuelco         ,,CV-780,Carretera Convencional de calzada única,"Provincial, Cabildo/Consell",Ascendente,Seco y limpio,"Luz del día natural, solar",Despejado,,Nivel blanco,,Sin especificar,Sin especificar,Sin especificar,Sin especificar,Sin especificar,Sin especificar,Sin especificar,2021,10,LUNES,17,Tarde,Dias laborables
11.9,2,0,0,15112,03083,Curva señalizada,Carretera,"Salida de la vía por la izquierda, otro tipo       ",,CV-800,Carretera Convencional de calzada única,Autonómica,Descendente,Mojado,"Luz del día natural, solar",Lluvia débil,,Nivel blanco,,Sin especificar,Sin especificar,Sin especificar,Sin especificar,Sin especificar,Sin especificar,Sin especificar,2021,10,VIERNES,12,Tarde,Dias laborables
14.5,1,0,0,15113,03083,Curva señalizada,Carretera,Salida de la vía por la derecha con vuelco         ,,CV-800,Carretera Convencional de calzada única,Autonómica,Ambos,Mojado,"Luz del día natural, solar",Nublado,,Nivel blanco,,Sin especificar,Sin especificar,Sin especificar,Sin especificar,Sin especificar,Sin especificar,Sin especificar,2021,10,VIERNES,14,Tarde,Dias laborables
1.5,1,0,0,15114,03083,Curva sin señalizar,Carretera,Salida de la vía por la derecha con despeñamiento  ,,CAMINO DEL,Camino vecinal,Municipal,Ascendente,Seco y limpio,Sin luz natural ni artificial,Despejado,,Nivel blanco,,Sin especificar,Sin especificar,Sin especificar,Sin especificar,Sin especificar,Sin especificar,Sin especificar,2021,11,JUEVES,5,Madrugada,Dias laborables
22.5,1,0,0,15115,03083,Curva señalizada,Carretera,Salida de la vía por la izquierda con colisión     ,,CV-800,Carretera Convencional de calzada única,Autonómica,Ascendente,Seco y limpio,"Luz del día natural, solar",Despejado,,Nivel blanco,,Sin especificar,Sin especificar,Sin especificar,Sin especificar,Sin especificar,Sin especificar,Sin especificar,2021,11,DOMINGO,10,Mañana,Fines de semana
30.0,1,0,0,15116,03083,Recta,Carretera,Atropello a animales                               ,,CV-800,Carretera Convencional de calzada única,Autonómica,Descendente,Mojado,"Amanecer o atardecer, sin luz artificial",Nublado,,Nivel blanco,,Sin especificar,Sin especificar,Sin especificar,Sin especificar,Sin especificar,Sin especificar,Sin especificar,2021,11,LUNES,5,Madrugada,Dias laborables
20.7,0,1,0,15117,03083,Curva señalizada,Carretera,Lateral                                            ,,CV-800,Carretera Convencional de calzada única,Autonómica,Ambos,Seco y limpio,"Luz del día natural, solar",Despejado,,Nivel blanco,,Sin especificar,Sin especificar,Sin especificar,Sin especificar,Sin especificar,Sin especificar,Sin especificar,2021,10,DOMINGO,10,Mañana,Fines de semana
506.55,1,0,0,15118,03088,Recta,Carretera,Por alcance                                        ,,A-7,Autovía,Estatal,Ascendente,Seco y limpio,"Luz del día natural, solar",Despejado,,Nivel blanco,,Sin especificar,Sin especificar,Sin especificar,Sin especificar,Sin especificar,Sin especificar,Sin especificar,2021,2,LUNES,11,Mañana,Dias laborables
226.4,0,1,0,15119,03088,Curva señalizada,Carretera,Atropello a personas                               ,,A-31,Autovía,Estatal,Ascendente,Seco y limpio,"Luz del día natural, solar",Despejado,,Nivel blanco,,Sin especificar,Sin especificar,Sin especificar,Sin especificar,Sin especificar,Sin especificar,Sin especificar,2021,2,LUNES,15,Tarde,Dias laborables
224.2,1,0,0,15120,03088,Curva señalizada,Carretera,Por alcance                                        ,,A-31,Ramal de enlace,Estatal,Ascendente,Seco y limpio,"Luz del día natural, solar",Despejado,Niebla ligera,Nivel blanco,,No,No,No,No,No,Sí,No,2021,2,LUNES,16,Tarde,Dias laborables
221.3,0,1,0,15121,03088,Recta,Carretera,Salida de la vía por la derecha con vuelco         ,,A-31,Autovía,Estatal,Descendente,Seco y limpio,Sin luz natural ni artificial,Despejado,,Nivel blanco,,Sin especificar,Sin especificar,Sin especificar,Sin especificar,Sin especificar,Sin especificar,Sin especificar,2021,3,MARTES,23,Noche,Dias laborables
224.5,1,0,0,15122,03088,Recta,Carretera,Fronto-lateral                                     ,,A-31,Vía de servicio,Estatal,Descendente,Seco y limpio,"Luz del día natural, solar",Despejado,,Nivel blanco,,Sin especificar,Sin especificar,Sin especificar,Sin especificar,Sin especificar,Sin especificar,Sin especificar,2021,3,DOMINGO,12,Tarde,Fines de semana
226.0,2,0,0,15123,03088,Recta,Carretera,Por alcance                                        ,,A-31,Autovía,Estatal,Descendente,Seco y limpio,"Luz del día natural, solar",Despejado,,Nivel blanco,,Sin especificar,Sin especificar,Sin especificar,Sin especificar,Sin especificar,Sin especificar,Sin especificar,2021,3,MARTES,9,Mañana,Dias laborables
221.0,2,0,0,15124,03088,Recta,Carretera,Por alcance                                        ,,A-31,Autovía,Estatal,Descendente,Seco y limpio,"Luz del día natural, solar",Despejado,,Nivel amarillo,,Sin especificar,Sin especificar,Sin especificar,Sin especificar,Sin especificar,Sin especificar,Sin especificar,2021,5,LUNES,19,Noche,Dias laborables
221.3,2,0,0,15125,03088,Recta,Carretera,Por alcance                                        ,,A-31,Autovía,Estatal,Descendente,Seco y limpio,"Luz del día natural, solar",Despejado,,Nivel verde,,Sin especificar,Sin especificar,Sin especificar,Sin especificar,Sin especificar,Sin especificar,Sin especificar,2021,6,DOMINGO,19,Noche,Fines de semana
218.45,0,1,0,15126,03088,Recta,Carretera,Por alcance                                        ,,A-31,Autovía,Estatal,Ascendente,Seco y limpio,"Luz del día natural, solar",Despejado,,Nivel amarillo,,Sin especificar,Sin especificar,Sin especificar,Sin especificar,Sin especificar,Sin especificar,Sin especificar,2021,6,MARTES,8,Mañana,Dias laborables
226.025,2,0,0,15127,03088,Curva señalizada,Carretera,Salida de la vía por la derecha con vuelco         ,,A-31,Autovía,Estatal,Ascendente,Seco y limpio,"Luz del día natural, solar",Despejado,,Nivel blanco,,Sin especificar,Sin especificar,Sin especificar,Sin especificar,Sin especificar,Sin especificar,Sin especificar,2021,6,LUNES,15,Tarde,Dias laborables