KM,TOTAL_HL24H,TOTAL_HG24H,TOTAL_MU24H,id,COD_MUNICIPIO,TRAZADO_PLANTA,ZONA,TIPO_ACCIDENTE,CARRETERA_CRUCE,CARRETERA,TIPO_VIA,TITULARIDAD_VIA,SENTIDO_1F,CONDICION_FIRME,CONDICION_ILUMINACION,CONDICION_METEO,CONDICION_NIEBLA,CONDICION_NIVEL_CIRCULA,CONDICION_VIENTO,PRIORI_AGENTE,PRIORI_CIRCUNSTANCIAL,PRIORI_HORIZ_CEDA,PRIORI_HORIZ_STOP,PRIORI_SEMAFORO,PRIORI_VERT_CEDA,PRIORI_VERT_STOP,ANYO,MES,DIA,HORA,FRANJA_HORARIA,TIPO_DIA
,0,0,4,15211,03093,No aplica,Calle,Fronto-lateral                                     ,,No inventariada,Calle,Municipal,Se desconoce,Seco y limpio,"Luz del día natural, solar",Despejado,,Nivel blanco,,No,No,No,No,Sí,No,No,2021,7,VIERNES,17,Tarde,Dias laborables
4.166,1,0,0,15212,03093,Curva señalizada,Carretera,Salida de la vía por la derecha con vuelco         ,,CV-840,Carretera Convencional de calzada única,Autonómica,Descendente,Seco y limpio,"Luz del día natural, solar",Despejado,,Nivel blanco,,No,No,No,No,No,No,No,2021,7,DOMINGO,11,Mañana,Fines de semana
5.506,1,0,0,15213,03093,Recta,Carretera,"Salida de la vía por la izquierda, otro tipo       ",,CV-840,Carretera Convencional de calzada única,Autonómica,Descendente,Seco y limpio,"Luz del día natural, solar",Despejado,,Nivel blanco,,Sin especificar,Sin especificar,Sin especificar,Sin especificar,Sin especificar,Sin especificar,Sin especificar,2021,7,LUNES,16,Tarde,Dias laborables
214.1,1,0,0,15214,03093,Recta,Autopista o autovía urbana,Lateral                                            ,,A-31,Autovía,Estatal,Ascendente,Seco y limpio,"Luz del día natural, solar",Despejado,,Nivel verde,,Sin especificar,Sin especificar,Sin especificar,Sin especificar,Sin especificar,Sin especificar,Sin especificar,2021,7,VIERNES,12,Tarde,Dias laborables
212.8,0,1,0,15215,03093,Curva señalizada,Carretera,Salida de la vía por la izquierda con colisión     ,,A-31,Autovía,Estatal,Ascendente,Seco y limpio,"Luz del día natural, solar",Despejado,,Nivel blanco,,Sin especificar,Sin especificar,Sin especificar,Sin especificar,Sin especificar,Sin especificar,Sin especificar,2021,8,MIÉRCOLES,18,Noche,Dias laborables
4.75,1,0,0,15216,03093,Recta,Carretera,"Salida de la vía por la izquierda, otro tipo       ",N-325,N-325,Carretera Convencional de doble calzada,Estatal,Ascendente,Seco y limpio,Sin luz natural y con iluminación artificial encen,Despejado,,Nivel blanco,,No,No,Sí,No,No,Sí,No,2021,8,VIERNES,0,Madrugada,Dias laborables
13.8,1,0,0,15217,03093,Curva señalizada,Carretera,Salida de la vía por la derecha con vuelco         ,,CV-84,Carretera Convencional de calzada única,Autonómica,Descendente,Seco y limpio,"Luz del día natural, solar",Despejado,,Nivel blanco,,No,No,No,No,No,Sí,No,2021,8,DOMINGO,5,Madrugada,Fines de semana
211.0,0,1,0,15218,03093,Recta,Carretera,Por alcance                                        ,,A-31,Autovía,Estatal,Descendente,Seco y limpio,"Luz del día natural, solar",Despejado,,Nivel blanco,,Sin especificar,Sin especificar,Sin especificar,Sin especificar,Sin especificar,Sin especificar,Sin especificar,2021,8,VIERNES,8,Mañana,Dias laborables
2.5,0,1,0,15219,03093,Curva sin señalizar,Carretera,Salida de la vía por la izquierda con vuelco       ,,CV-825,Carretera Convencional de calzada única,Autonómica,Descendente,Seco y limpio,"Luz del día natural, solar",Despejado,,Nivel blanco,,Sin especificar,Sin especificar,Sin especificar,Sin especificar,Sin especificar,Sin especificar,Sin especificar,2021,8,MIÉRCOLES,20,Noche,Dias laborables
4.2,1,0,0,15220,03093,Curva señalizada,Carretera,Fronto-lateral                                     ,,N-325,Carretera Convencional de calzada única,Estatal,Ascendente,Seco y limpio,"Luz del día natural, solar",Despejado,,Nivel blanco,,Sin especificar,Sin especificar,Sin especificar,Sin especificar,Sin especificar,Sin especificar,Sin especificar,2021,8,SÁBADO,12,Tarde,Fines de semana
14.472,1,0,0,15221,03088,Recta,Carretera,Fronto-lateral                                     ,,CV-820,Carretera Convencional de doble calzada,Autonómica,Ascendente,Seco y limpio,"Luz del día natural, solar",Despejado,,Nivel verde,,No,No,No,No,No,Sí,No,2021,8,MIÉRCOLES,14,Tarde,Dias laborables
19.515,1,0,0,15222,03093,Recta,Carretera,Lateral                                            ,A-31,CV-820,Carretera Convencional de calzada única,Autonómica,Ascendente,Seco y limpio,"Luz del día natural, solar",Nublado,,Nivel blanco,,No,No,Sí,No,No,No,No,2021,9,LUNES,18,Noche,Dias laborables
,1,0,0,15223,03093,No aplica,Calle,Salida de la vía por la izquierda con colisión     ,,No inventariada,Otro,Municipal,Se desconoce,Seco y limpio,Sin luz natural ni artificial,Despejado,,Nivel blanco,,Sin especificar,Sin especificar,Sin especificar,Sin especificar,Sin especificar,Sin especificar,Sin especificar,2021,10,VIERNES,5,Madrugada,Dias laborables
2.4,1,0,0,15224,03093,Curva señalizada,Carretera,Salida de la vía por la derecha con vuelco         ,,CV-835,Carretera Convencional de calzada única,"Provincial, Cabildo/Consell",Ascendente,Seco y limpio,"Luz del día natural, solar",Despejado,,Nivel blanco,,Sin especificar,Sin especificar,Sin especificar,Sin especificar,Sin especificar,Sin especificar,Sin especificar,2021,10,MIÉRCOLES,8,Mañana,Dias laborables
215.441,1,0,0,15225,03093,Recta,Carretera,Salida de la vía por la derecha con vuelco         ,CV-820,A-31,Autovía,Estatal,Ascendente,Mojado,Sin luz natural ni artificial,Lluvia débil,,Nivel blanco,,No,No,Sí,No,No,Sí,No,2021,10,VIERNES,14,Tarde,Dias laborables
3.943,1,0,0,15226,03093,Curva señalizada,Carretera,Fronto-lateral                                     ,CV-84,N-325,Carretera Convencional de doble calzada,Estatal,Descendente,Seco y limpio,Sin luz natural y con iluminación artificial encen,Despejado,,Se desconoce,,No,No,No,No,No,Sí,No,2021,11,SÁBADO,20,Noche,Fines de semana
215.5,1,0,0,15227,03093,Curva sin señalizar,Carretera,Otro tipo de accidente                             ,,A-31,Autovía,Estatal,Ascendente,Mojado,Sin luz natural ni artificial,Lluvia fuerte,,Nivel blanco,,Sin especificar,Sin especificar,Sin especificar,Sin especificar,Sin especificar,Sin especificar,Sin especificar,2021,11,VIERNES,21,Noche,Dias laborables
19.655,1,0,0,15228,03093,Se desconoce,Carretera,Caída                                              ,CV-84,CV-820,Carretera Convencional de calzada única,Autonómica,Ascendente,Otra,"Luz del día natural, solar",Despejado,,Nivel blanco,,No,No,No,No,No,Sí,No,2021,12,MARTES,14,Tarde,Dias laborables
48.6,1,0,0,15229,03031,Recta,Carretera,Caída                                              ,,CV-70,Carretera Convencional de calzada única,Autonómica,Descendente,Seco y limpio,"Amanecer o atardecer, sin luz artificial",Despejado,,Nivel blanco,,Sin especificar,Sin especificar,Sin especificar,Sin especificar,Sin especificar,Sin especificar,Sin especificar,2021,1,MIÉRCOLES,7,Mañana,Dias laborables
5.3,1,0,0,15230,03094,Curva sin señalizar,Carretera,Fronto-lateral                                     ,CV-760,CV-760,Carretera Convencional de calzada única,"Provincial, Cabildo/Consell",Ambos,Seco y limpio,"Luz del día natural, solar",Despejado,,Nivel blanco,,No,No,No,No,No,No,No,2021,1,JUEVES,10,Mañana,Dias laborables
47.2,1,0,0,15231,03094,Recta,Carretera,Lateral                                            ,,CV-70,Carretera Convencional de calzada única,Autonómica,Descendente,Seco y limpio,"Luz del día natural, solar",Despejado,,Nivel blanco,,Sin especificar,Sin especificar,Sin especificar,Sin especificar,Sin especificar,Sin especificar,Sin especificar,2021,3,JUEVES,14,Tarde,Dias laborables
44.8,1,0,0,15232,03094,Recta,Carretera,Atropello a personas                               ,,CV-70,Carretera Convencional de calzada única,Autonómica,Ambos,Seco y limpio,Sin luz natural y con iluminación artificial encen,Despejado,,Nivel blanco,,No,No,No,No,No,Sí,No,2021,3,JUEVES,19,Noche,Dias laborables
44.0,2,0,0,15233,03094,Recta,Carretera,Atropello a personas                               ,,CV-70,Carretera Convencional de doble calzada,Autonómica,Ascendente,Seco y limpio,"Luz del día natural, solar",Despejado,,Nivel verde,,Sin especificar,Sin especificar,Sin especificar,Sin especificar,Sin especificar,Sin especificar,Sin especificar,2021,3,DOMINGO,12,Tarde,Fines de semana
46.5,0,1,0,15234,03094,Curva señalizada,Carretera,Salida de la vía por la derecha con colisión       ,,CV-70,Carretera Convencional de calzada única,Autonómica,Ascendente,Seco y limpio,"Luz del día natural, solar",Despejado,,Nivel blanco,,Sin especificar,Sin especificar,Sin especificar,Sin especificar,Sin especificar,Sin especificar,Sin especificar,2021,5,DOMINGO,17,Tarde,Fines de semana
48.0,3,0,0,15235,03031,Curva señalizada,Carretera,Fronto-lateral                                     ,CV-70,CV-70,Carretera Convencional de doble calzada,Autonómica,Ascendente,Seco y limpio,"Luz del día natural, solar",Despejado,,Nivel verde,,No,No,No,No,No,No,No,2021,5,VIERNES,19,Noche,Dias laborables
48.7,1,0,0,15236,03031,Curva señalizada,Carretera,Por alcance                                        ,,CV-70,Carretera Convencional de calzada única,Autonómica,Ascendente,Seco y limpio,"Luz del día natural, solar",Despejado,,Nivel blanco,,No,No,Sí,No,No,Sí,No,2021,6,MARTES,10,Mañana,Dias laborables
46.2,1,0,0,15237,03094,Recta,Carretera,Atropello a personas                               ,,CV-70,Carretera Convencional de calzada única,Autonómica,Ascendente,Seco y limpio,"Luz del día natural, solar",Nublado,,Nivel blanco,,Sin especificar,Sin especificar,Sin especificar,Sin especificar,Sin especificar,Sin especificar,Sin especificar,2021,8,MIÉRCOLES,11,Mañana,Dias laborables
4.8,1,0,0,15238,03094,Recta,Carretera,Por alcance                                        ,CV-760,CV-760,Carretera Convencional de calzada única,"Provincial, Cabildo/Consell",Ascendente,Seco y limpio,Sin luz natural ni artificial,Despejado,,Sin especificar,,No,No,No,No,No,No,No,2021,9,MIÉRCOLES,22,Noche,Dias laborables
45.7,2,0,0,15239,03094,Recta,Carretera,Por alcance                                        ,,CV-70,Carretera Convencional de doble calzada,Autonómica,Ascendente,Seco y limpio,"Luz del día natural, solar",Despejado,,Nivel blanco,,Sin especificar,Sin especificar,Sin especificar,Sin especificar,Sin especificar,Sin especificar,Sin especificar,2021,9,SÁBADO,12,Tarde,Fines de semana
47.0,0,1,0,15240,03094,Curva sin señalizar,Carretera,Caída                                              ,,CV-70,Carretera Convencional de calzada única,Autonómica,Ascendente,Seco y limpio,"Luz del día natural, solar",Despejado,,Nivel amarillo,,No,No,Sí,No,No,Sí,No,2021,9,MIÉRCOLES,12,Tarde,Dias laborables
46.2,1,0,0,15241,03094,Recta,Carretera,Por alcance                                        ,,CV-70,Carretera Convencional de calzada única,Autonómica,Descendente,Seco y limpio,"Luz del día natural, solar",Despejado,,Nivel blanco,,No,No,Sí,No,No,Sí,No,2021,9,DOMINGO,10,Mañana,Fines de semana
45.0,1,0,0,15242,03094,Recta,Carretera,Colisión contra obstáculo o elemento de la vía     ,,CV-70,Carretera Convencional de calzada única,Autonómica,Descendente,Seco y limpio,"Luz del día natural, solar",Despejado,,Nivel verde,,Sin especificar,Sin especificar,Sin especificar,Sin especificar,Sin especificar,Sin especificar,Sin especificar,2021,9,DOMINGO,13,Tarde,Fines de semana
47.5,1,0,0,15243,03094,Recta,Carretera,Fronto-lateral                                     ,CV-70,CV-70,Carretera Convencional de doble calzada,Autonómica,Ascendente,Seco y limpio,"Luz del día natural, solar",Despejado,,Nivel blanco,,No,No,Sí,No,No,Sí,No,2021,10,VIERNES,9,Mañana,Dias laborables
48.2,1,0,0,15244,03031,Recta,Carretera,Por alcance                                        ,,CV-70,Carretera Convencional de doble calzada,Autonómica,Descendente,Seco y limpio,"Luz del día natural, solar",Despejado,,Nivel amarillo,,Sin especificar,Sin especificar,Sin especificar,Sin especificar,Sin especificar,Sin especificar,Sin especificar,2021,11,MARTES,11,Mañana,Dias laborables
43.5,2,0,0,15245,03094,Recta,Carretera,Por alcance                                        ,,CV-70,Carretera Convencional de calzada única,Autonómica,Ascendente,Seco y limpio,"Luz del día natural, solar",Despejado,,Nivel blanco,,Sin especificar,Sin especificar,Sin especificar,Sin especificar,Sin especificar,Sin especificar,Sin especificar,2021,11,MIÉRCOLES,18,Noche,Dias laborables
608.042,1,0,0,15246,03095,Recta,Carretera,Atropello a animales                               ,,AP-7,Autopista libre,Estatal,Descendente,Seco y limpio,Sin luz natural ni artificial,Despejado,,Nivel verde,,Sin especificar,Sin especificar,Sin especificar,Sin especificar,Sin especificar,Sin especificar,Sin especificar,2021,4,SÁBADO,21,Noche,Fines de semana
,1,0,0,15247,03095,No aplica,Calle,Salida de la vía por la izquierda con colisión     ,,No inventariada,Vía de servicio,Estatal,Se desconoce,Mojado,"Luz del día natural, solar",Lluvia fuerte,,Nivel blanco,,Sin especificar,Sin especificar,Sin especificar,Sin especificar,Sin especificar,Sin especificar,Sin especificar,2021,4,JUEVES,13,Tarde,Dias laborables
6.0,1,0,0,15248,03095,Recta,Carretera,Salida de la vía por la derecha con vuelco         ,,CV-7221,Carretera Convencional de calzada única,Municipal,Ascendente,Seco y limpio,"Luz del día natural, solar",Despejado,,Nivel blanco,,Sin especificar,Sin especificar,Sin especificar,Sin especificar,Sin especificar,Sin especificar,Sin especificar,2021,6,MIÉRCOLES,15,Tarde,Dias laborables
197.7,1,0,0,15249,03095,Curva sin señalizar,Carretera,Por alcance                                        ,N-332,N-332,Carretera Convencional de calzada única,Estatal,Ascendente,Seco y limpio,"Luz del día natural, solar",Despejado,,Sin especificar,,No,No,No,No,No,Sí,No,2021,6,MIÉRCOLES,19,Noche,Dias laborables
195.6,1,0,0,15250,03101,Recta,Carretera,Múltiple o en caravana                             ,,N-332,Carretera Convencional de calzada única,Estatal,Descendente,Seco y limpio,"Luz del día natural, solar",Despejado,,Nivel verde,,Sin especificar,Sin especificar,Sin especificar,Sin especificar,Sin especificar,Sin especificar,Sin especificar,2021,7,VIERNES,18,Noche,Dias laborables
8.85,2,0,0,15251,03095,Recta,Carretera,Fronto-lateral                                     ,CV-731,CV-731,Carretera Convencional de calzada única,"Provincial, Cabildo/Consell",Descendente,Seco y limpio,"Luz del día natural, solar",Despejado,,Nivel blanco,,No,No,Sí,No,No,No,No,2021,7,DOMINGO,9,Mañana,Fines de semana
0.5,1,0,0,15252,03095,Curva señalizada,Carretera,Salida de la vía por la derecha con vuelco         ,,CV-725,Carretera Convencional de calzada única,Autonómica,Ascendente,Seco y limpio,"Luz del día natural, solar",Despejado,,Nivel blanco,,No,No,No,No,No,No,No,2021,9,MIÉRCOLES,16,Tarde,Dias laborables
0.3,1,0,0,15253,03095,Curva sin señalizar,Carretera,Salida de la vía por la derecha con despeñamiento  ,,CV-725,Carretera Convencional de calzada única,Autonómica,Ascendente,Seco y limpio,Sin luz natural ni artificial,Despejado,,Nivel blanco,,Sin especificar,Sin especificar,Sin especificar,Sin especificar,Sin especificar,Sin especificar,Sin especificar,2021,9,DOMINGO,5,Madrugada,Fines de semana
1.0,1,0,0,15254,03096,Curva sin señalizar,Carretera,Salida de la vía por la derecha con colisión       ,,CAMINO PEÑ,Camino vecinal,Municipal,Ascendente,Seco y limpio,"Luz del día natural, solar",Despejado,,Nivel blanco,,Sin especificar,Sin especificar,Sin especificar,Sin especificar,Sin especificar,Sin especificar,Sin especificar,2021,3,SÁBADO,11,Mañana,Fines de semana
0.5,4,0,0,15255,03096,Curva señalizada,Carretera,Salida de la vía por la izquierda con vuelco       ,,No inventariada,Camino vecinal,Municipal,Ascendente,Mojado,Sin luz natural ni artificial,Lluvia débil,,Nivel verde,,Sin especificar,Sin especificar,Sin especificar,Sin especificar,Sin especificar,Sin especificar,Sin especificar,2021,4,MIÉRCOLES,22,Noche,Dias laborables
2.4,1,0,0,15256,03096,Recta,Carretera,Salida de la vía por la derecha otro tipo          ,,CAMINO VIE,Camino vecinal,Municipal,Ascendente,Seco y limpio,"Luz del día natural, solar",Nublado,,Nivel verde,,Sin especificar,Sin especificar,Sin especificar,Sin especificar,Sin especificar,Sin especificar,Sin especificar,2021,4,SÁBADO,15,Tarde,Fines de semana
3.1,1,0,0,15257,03096,Curva señalizada,Carretera,Salida de la vía por la izquierda con colisión     ,,CV-803,Carretera Convencional de calzada única,"Provincial, Cabildo/Consell",Ascendente,Seco y limpio,"Luz del día natural, solar",Despejado,,Nivel blanco,,Sin especificar,Sin especificar,Sin especificar,Sin especificar,Sin especificar,Sin especificar,Sin especificar,2021,7,MARTES,12,Tarde,Dias laborables
7.5,1,0,0,15258,03021,Curva señalizada,Carretera,Salida de la vía por la derecha con despeñamiento  ,,CV-803,Carretera Convencional de doble calzada,"Provincial, Cabildo/Consell",Ascendente,Seco y limpio,"Luz del día natural, solar",Despejado,,Nivel blanco,,Sin especificar,Sin especificar,Sin especificar,Sin especificar,Sin especificar,Sin especificar,Sin especificar,2021,8,DOMINGO,9,Mañana,Fines de semana
0.11,1,0,0,15259,03096,Recta,Carretera,Fronto-lateral                                     ,CV-803,CV-802,Carretera Convencional de calzada única,"Provincial, Cabildo/Consell",Descendente,Seco y limpio,"Luz del día natural, solar",Despejado,,Nivel blanco,,No,No,No,Sí,No,No,No,2021,9,SÁBADO,9,Mañana,Fines de semana
1.813,1,0,0,15260,03053,Curva señalizada,Carretera,Por alcance                                        ,CV-80,CV-8151,Carretera Convencional de calzada única,"Provincial, Cabildo/Consell",Descendente,Seco y limpio,"Luz del día natural, solar",Despejado,,Nivel verde,,No,No,Sí,No,No,Sí,No,2021,9,MIÉRCOLES,10,Mañana,Dias laborables
4.822,1,0,0,15261,03096,Curva señalizada,Carretera,Salida de la vía por la derecha otro tipo          ,,CV-803,Carretera Convencional de calzada única,"Provincial, Cabildo/Consell",Ascendente,Seco y limpio,"Luz del día natural, solar",Despejado,,Nivel blanco,,Sin especificar,Sin especificar,Sin especificar,Sin especificar,Sin especificar,Sin especificar,Sin especificar,2021,10,DOMINGO,11,Mañana,Fines de semana
1.8,1,0,0,15262,00000,Recta,Carretera,Fronto-lateral                                     ,CV-80,CV-8151,Carretera Convencional de calzada única,Municipal,Ascendente,Seco y limpio,"Luz del día natural, solar",Despejado,,Nivel verde,,No,No,Sí,No,No,No,No,2021,10,JUEVES,9,Mañana,Dias laborables
3.2,1,0,0,15263,03096,Curva señalizada,Carretera,Salida de la vía por la derecha otro tipo          ,,CV-803,Carretera Convencional de calzada única,"Provincial, Cabildo/Consell",Ascendente,Seco y limpio,"Luz del día natural, solar",Despejado,,Nivel blanco,,Sin especificar,Sin especificar,Sin especificar,Sin especificar,Sin especificar,Sin especificar,Sin especificar,2021,10,MARTES,11,Mañana,Dias laborables
9.391,1,0,0,15264,03096,Curva señalizada,Carretera,Salida de la vía por la derecha otro tipo          ,,CV-802,Carretera Convencional de doble calzada,"Provincial, Cabildo/Consell",Descendente,Seco y limpio,"Luz del día natural, solar",Despejado,,Nivel blanco,,Sin especificar,Sin especificar,Sin especificar,Sin especificar,Sin especificar,Sin especificar,Sin especificar,2021,10,JUEVES,15,Tarde,Dias laborables
0.8,1,0,0,15265,03096,Curva señalizada,Carretera,Salida de la vía por la derecha otro tipo          ,,CV-802,Carretera Convencional de calzada única,"Provincial, Cabildo/Consell",Ascendente,Seco y limpio,"Luz del día natural, solar",Despejado,,Nivel blanco,,No,No,No,No,No,No,Sí,2021,12,DOMINGO,13,Tarde,Fines de semana
1.85,0,0,1,15266,00000,Curva señalizada,Carretera,"Salida de la vía por la izquierda, otro tipo       ",,CV-731,Carretera Convencional de calzada única,"Provincial, Cabildo/Consell",Ascendente,Seco y limpio,Sin luz natural ni artificial,Despejado,,Nivel blanco,,Sin especificar,Sin especificar,Sin especificar,Sin especificar,Sin especificar,Sin especificar,Sin especificar,2021,5,VIERNES,6,Mañana,Dias laborables
2.3,1,0,0,15267,00000,Recta,Carretera,Caída                                              ,,CV-721,Carretera Convencional de calzada única,"Provincial, Cabildo/Consell",Descendente,Seco y limpio,"Luz del día natural, solar",Despejado,,Nivel blanco,,Sin especificar,Sin especificar,Sin especificar,Sin especificar,Sin especificar,Sin especificar,Sin especificar,2021,7,SÁBADO,9,Mañana,Fines de semana
21.304,1,0,0,15268,00000,Recta,Carretera,Otro tipo de accidente                             ,CV-715,CV-715,Carretera Convencional de calzada única,Autonómica,Descendente,Seco y limpio,"Luz del día natural, solar",Despejado,,Nivel verde,,No,No,No,No,No,No,No,2021,8,MIÉRCOLES,12,Tarde,Dias laborables
13.3,1,0,0,15269,00000,Curva señalizada,Carretera,Salida de la vía por la derecha con vuelco         ,,CV-758,Carretera Convencional de calzada única,"Provincial, Cabildo/Consell",Descendente,Seco y limpio,Sin luz natural ni artificial,Despejado,,Nivel blanco,,Sin especificar,Sin especificar,Sin especificar,Sin especificar,Sin especificar,Sin especificar,Sin especificar,2021,3,VIERNES,21,Noche,Dias laborables
6.5,0,1,0,15270,00000,Recta,Carretera,Salida de la vía por la derecha con colisión       ,,CV-770,Carretera Convencional de calzada única,"Provincial, Cabildo/Consell",Ascendente,Seco y limpio,"Luz del día natural, solar",Despejado,,Nivel blanco,,Sin especificar,Sin especificar,Sin especificar,Sin especificar,Sin especificar,Sin especificar,Sin especificar,2021,4,SÁBADO,12,Tarde,Fines de semana
6.3,1,1,0,15271,00000,Curva señalizada,Carretera,Atropello a personas                               ,,CV-770,Carretera Convencional de calzada única,"Provincial, Cabildo/Consell",Ascendente,Seco y limpio,"Luz del día natural, solar",Despejado,,Nivel blanco,,Sin especificar,Sin especificar,Sin especificar,Sin especificar,Sin especificar,Sin especificar,Sin especificar,2021,9,JUEVES,17,Tarde,Dias laborables
3.4,1,0,0,15272,03099,Curva señalizada,Carretera,Salida de la vía por la derecha otro tipo          ,,TIRO PICHO,Carretera Convencional de calzada única,Otra,Descendente,Mojado,Sin luz natural ni artificial,Despejado,,Nivel blanco,,Sin especificar,Sin especificar,Sin especificar,Sin especificar,Sin especificar,Sin especificar,Sin especificar,2021,1,JUEVES,18,Noche,Dias laborables
1.6,2,0,0,15273,03099,Curva señalizada,Carretera,Por alcance                                        ,,CV-950,Carretera Convencional de calzada única,Autonómica,Descendente,Seco y limpio,"Luz del día natural, solar",Despejado,,Nivel blanco,,Sin especificar,Sin especificar,Sin especificar,Sin especificar,Sin especificar,Sin especificar,Sin especificar,2021,1,MIÉRCOLES,13,Tarde,Dias laborables
0.9,2,0,0,15274,03099,Curva señalizada,Carretera,Salida de la vía por la derecha con vuelco         ,,CV-872,Carretera Convencional de calzada única,"Provincial, Cabildo/Consell",Descendente,Mojado,Sin luz natural ni artificial,Lluvia débil,,Nivel blanco,,Sin especificar,Sin especificar,Sin especificar,Sin especificar,Sin especificar,Sin especificar,Sin especificar,2021,1,DOMINGO,6,Mañana,Fines de semana
0.0,1,0,0,15275,03099,Recta,Carretera,Por alcance                                        ,,LOS TUBOS,Camino vecinal,Otra,Ambos,Seco y limpio,"Luz del día natural, solar",Despejado,,Nivel blanco,,No,No,No,No,No,No,Sí,2021,1,MARTES,14,Tarde,Dias laborables
5.8,1,0,0,15276,03099,Recta,Carretera,Caída                                              ,,CV-95,Carretera Convencional de calzada única,Autonómica,Descendente,Seco y limpio,"Luz del día natural, solar",Despejado,,Nivel blanco,,Sin especificar,Sin especificar,Sin especificar,Sin especificar,Sin especificar,Sin especificar,Sin especificar,2021,1,JUEVES,15,Tarde,Dias laborables
1.2,3,2,0,15277,03099,Recta,Travesía,Fronto-lateral                                     ,,CV-915,Carretera Convencional de calzada única,Autonómica,Descendente,Mojado,Sin luz natural y con iluminación artificial encen,Nublado,,Nivel verde,,Sin especificar,Sin especificar,Sin especificar,Sin especificar,Sin especificar,Sin especificar,Sin especificar,2021,1,JUEVES,18,Noche,Dias laborables
,1,0,0,15278,03099,No aplica,Calle,Salida de la vía por la derecha con colisión       ,,No inventariada,Calle,Municipal,Se desconoce,Seco y limpio,"Luz del día natural, solar",Despejado,,Nivel verde,,Sin especificar,Sin especificar,Sin especificar,Sin especificar,Sin especificar,Sin especificar,Sin especificar,2021,1,DOMINGO,14,Tarde,Fines de semana
7.7,1,0,0,15279,03099,Recta,Carretera,Múltiple o en caravana                             ,,CV-91,Carretera Convencional de calzada única,Autonómica,Ascendente,Seco y limpio,"Luz del día natural, solar",Despejado,,Nivel amarillo,,Sin especificar,Sin especificar,Sin especificar,Sin especificar,Sin especificar,Sin especificar,Sin especificar,2021,1,VIERNES,14,Tarde,Dias laborables
0.0,1,0,0,15280,03099,Recta,Carretera,Fronto-lateral                                     ,,LOS TUBOS,Camino vecinal,Otra,Ascendente,Seco y limpio,"Amanecer o atardecer, sin luz artificial",Despejado,,Nivel blanco,,No,No,No,No,No,No,Sí,2021,1,JUEVES,12,Tarde,Dias laborables
,1,0,0,15281,03099,No aplica,Calle,Atropello a personas                               ,,No inventariada,Calle,Municipal,Se desconoce,Seco y limpio,"Luz del día natural, solar",Despejado,,Nivel blanco,,Sin especificar,Sin especificar,Sin especificar,Sin especificar,Sin especificar,Sin especificar,Sin especificar,2021,1,SÁBADO,11,Mañana,Fines de semana
0.0,1,0,0,15282,03099,Recta,Carretera,"Salida de la vía por la izquierda, otro tipo       ",,CTRA.TUBOS,Camino vecinal,Otra,Ambos,Seco y limpio,"Luz del día natural, solar",Despejado,,Nivel blanco,,No,No,No,Sí,No,No,Sí,2021,2,MIÉRCOLES,13,Tarde,Dias laborables
,1,0,0,15283,03099,No aplica,Calle,Otro tipo de accidente                             ,,No inventariada,Calle,Municipal,Se desconoce,Seco y limpio,"Luz del día natural, solar",Despejado,,Nivel blanco,,Sin especificar,Sin especificar,Sin especificar,Sin especificar,Sin especificar,Sin especificar,Sin especificar,2021,2,LUNES,13,Tarde,Dias laborables
686.7,2,0,0,15284,03099,Recta,Carretera,Por alcance                                        ,,N-340,Carretera Convencional de calzada única,Estatal,Descendente,Seco y limpio,"Luz del día natural, solar",Despejado,,Nivel blanco,,Sin especificar,Sin especificar,Sin especificar,Sin especificar,Sin especificar,Sin especificar,Sin especificar,2021,2,SÁBADO,18,Noche,Fines de semana
689.0,2,0,0,15285,03099,Recta,Carretera,Fronto-lateral                                     ,,N-340,Carretera Convencional de calzada única,Estatal,Ascendente,Seco y limpio,"Luz del día natural, solar",Despejado,,Nivel blanco,,No,No,No,No,No,No,Sí,2021,2,LUNES,14,Tarde,Dias laborables
,1,0,0,15286,03099,No aplica,Calle,Atropello a personas                               ,,No inventariada,Calle,Municipal,Se desconoce,Seco y limpio,"Luz del día natural, solar",Despejado,,Nivel verde,,No,No,Sí,No,No,No,No,2021,2,MARTES,15,Tarde,Dias laborables
0.2,2,0,0,15287,03099,Recta,Carretera,Por alcance                                        ,A-7,CV-930,Carretera Convencional de calzada única,Autonómica,Descendente,Seco y limpio,"Amanecer o atardecer, sin luz artificial",Nublado,,Nivel verde,,No,No,No,No,No,Sí,No,2021,2,MARTES,7,Mañana,Dias laborables
,1,0,0,15288,03099,No aplica,Calle,Atropello a personas                               ,,No inventariada,Calle,Municipal,Se desconoce,Seco y limpio,"Luz del día natural, solar",Despejado,,Nivel verde,,No,No,No,No,No,No,Sí,2021,2,LUNES,11,Mañana,Dias laborables
3.7,1,0,0,15289,03099,Recta,Carretera,Por alcance                                        ,,LOS TUBOS,Camino vecinal,Municipal,Ascendente,Seco y limpio,"Luz del día natural, solar",Despejado,,Nivel blanco,,No,No,No,No,No,No,Sí,2021,2,VIERNES,18,Noche,Dias laborables
4.78,1,2,0,15290,03099,Recta,Carretera,Salida de la vía por la derecha con despeñamiento  ,,CV-871,Carretera Convencional de calzada única,"Provincial, Cabildo/Consell",Descendente,Seco y limpio,Sin luz natural ni artificial,Despejado,,Nivel blanco,,Sin especificar,Sin especificar,Sin especificar,Sin especificar,Sin especificar,Sin especificar,Sin especificar,2021,2,SÁBADO,20,Noche,Fines de semana
3.4,1,0,0,15291,03099,Recta,Carretera,Fronto-lateral                                     ,,LOS TUBOS,Vía de servicio,Otra,Ascendente,Seco y limpio,"Luz del día natural, solar",Despejado,,Nivel blanco,,No,No,No,No,No,No,No,2021,2,MARTES,17,Tarde,Dias laborables