KM,TOTAL_HL24H,TOTAL_HG24H,TOTAL_MU24H,id,COD_MUNICIPIO,TRAZADO_PLANTA,ZONA,TIPO_ACCIDENTE,CARRETERA_CRUCE,CARRETERA,TIPO_VIA,TITULARIDAD_VIA,SENTIDO_1F,CONDICION_FIRME,CONDICION_ILUMINACION,CONDICION_METEO,CONDICION_NIEBLA,CONDICION_NIVEL_CIRCULA,CONDICION_VIENTO,PRIORI_AGENTE,PRIORI_CIRCUNSTANCIAL,PRIORI_HORIZ_CEDA,PRIORI_HORIZ_STOP,PRIORI_SEMAFORO,PRIORI_VERT_CEDA,PRIORI_VERT_STOP,ANYO,MES,DIA,HORA,FRANJA_HORARIA,TIPO_DIA
10.421,1,0,0,15375,03099,Curva señalizada,Carretera,Fronto-lateral                                     ,,CV-925,Carretera Convencional de calzada única,Autonómica,Ambos,Seco y limpio,"Luz del día natural, solar",Despejado,,Nivel blanco,,No,No,No,No,No,No,No,2021,8,VIERNES,14,Tarde,Dias laborables
51.788,1,0,0,15376,03099,Curva señalizada,Carretera,Fronto-lateral                                     ,N-332,N-332,Carretera Convencional de doble calzada,Estatal,Ascendente,Seco y limpio,"Luz del día natural, solar",Despejado,,Nivel blanco,,No,No,No,No,No,No,No,2021,8,VIERNES,16,Tarde,Dias laborables
1.0,1,0,0,15377,03099,Recta,Carretera,Salida de la vía por la derecha con colisión       ,,ESPARTAL,Camino vecinal,Municipal,Descendente,Seco y limpio,"Luz del día natural, solar",Despejado,,Nivel blanco,,No,No,No,No,No,No,Sí,2021,8,SÁBADO,13,Tarde,Fines de semana
1.7,2,0,0,15378,03099,Recta,Carretera,Fronto-lateral                                     ,,LOS TUBOS,Camino vecinal,Otra,Ascendente,Seco y limpio,"Luz del día natural, solar",Despejado,,Nivel blanco,,No,No,No,No,No,No,Sí,2021,8,SÁBADO,19,Noche,Fines de semana
,1,0,0,15379,03099,No aplica,Calle,Por alcance                                        ,,No inventariada,Calle,Municipal,Se desconoce,Seco y limpio,"Luz del día natural, solar",Despejado,,Nivel blanco,,Sin especificar,Sin especificar,Sin especificar,Sin especificar,Sin especificar,Sin especificar,Sin especificar,2021,8,VIERNES,12,Tarde,Dias laborables
1.0,1,0,0,15380,03099,Curva señalizada,Carretera,Salida de la vía por la derecha otro tipo          ,,CV-949,Carretera Convencional de calzada única,Autonómica,Ascendente,Seco y limpio,Sin luz natural y con iluminación artificial no en,Despejado,,Nivel blanco,,Sin especificar,Sin especificar,Sin especificar,Sin especificar,Sin especificar,Sin especificar,Sin especificar,2021,8,DOMINGO,21,Noche,Fines de semana
690.0,1,0,0,15381,03099,Recta,Carretera,Por alcance                                        ,,N-340,Carretera Convencional de calzada única,Estatal,Ascendente,Seco y limpio,"Luz del día natural, solar",Despejado,,Nivel verde,,Sin especificar,Sin especificar,Sin especificar,Sin especificar,Sin especificar,Sin especificar,Sin especificar,2021,8,LUNES,19,Noche,Dias laborables
48.7,1,0,0,15382,03099,Curva señalizada,Carretera,Fronto-lateral                                     ,,N-332,Carretera Convencional de doble calzada,Estatal,Ascendente,Seco y limpio,"Luz del día natural, solar",Nublado,,Nivel amarillo,,No,No,Sí,No,No,No,No,2021,9,JUEVES,8,Mañana,Dias laborables
2.5,1,0,0,15383,03099,Recta,Carretera,Por alcance                                        ,,CV-915,Carretera Convencional de calzada única,Autonómica,Ascendente,Seco y limpio,"Luz del día natural, solar",Despejado,,Nivel rojo,,Sin especificar,Sin especificar,Sin especificar,Sin especificar,Sin especificar,Sin especificar,Sin especificar,2021,8,MARTES,13,Tarde,Dias laborables
50.35,0,1,0,15384,03099,Recta,Carretera,Por alcance                                        ,,N-332,Carretera Convencional de calzada única,Estatal,Descendente,Seco y limpio,"Luz del día natural, solar",Despejado,,Nivel amarillo,,Sin especificar,Sin especificar,Sin especificar,Sin especificar,Sin especificar,Sin especificar,Sin especificar,2021,9,JUEVES,12,Tarde,Dias laborables
5.0,0,1,0,15385,03099,Curva señalizada,Carretera,Lateral                                            ,,CTRA. TIRO,Carretera Convencional de calzada única,Municipal,Ascendente,Seco y limpio,"Luz del día natural, solar",Despejado,,Nivel blanco,,No,No,Sí,No,No,No,No,2021,9,LUNES,9,Mañana,Dias laborables
5.6,0,1,0,15386,03099,Recta,Carretera,Por alcance                                        ,,CV-95,Carretera Convencional de calzada única,Autonómica,Descendente,Seco y limpio,"Luz del día natural, solar",Despejado,,Nivel blanco,,Sin especificar,Sin especificar,Sin especificar,Sin especificar,Sin especificar,Sin especificar,Sin especificar,2021,9,DOMINGO,9,Mañana,Fines de semana
,1,0,0,15387,03099,No aplica,Calle,Fronto-lateral                                     ,,No inventariada,Calle,Municipal,Se desconoce,Seco y limpio,"Luz del día natural, solar",Despejado,,Nivel verde,,No,No,No,No,No,Sí,No,2021,9,DOMINGO,12,Tarde,Fines de semana
2.1,1,0,0,15388,03099,Curva señalizada,Carretera,"Salida de la vía por la izquierda, otro tipo       ",,CV-949,Carretera Convencional de calzada única,Autonómica,Descendente,Mojado,"Amanecer o atardecer, sin luz artificial",Lluvia débil,,Nivel blanco,,Sin especificar,Sin especificar,Sin especificar,Sin especificar,Sin especificar,Sin especificar,Sin especificar,2021,9,LUNES,20,Noche,Dias laborables
,1,0,0,15389,03099,No aplica,Calle,Múltiple o en caravana                             ,,No inventariada,Calle,Municipal,Se desconoce,Seco y limpio,"Luz del día natural, solar",Despejado,,Nivel blanco,,No,No,No,No,No,No,No,2021,8,JUEVES,8,Mañana,Dias laborables
0.85,1,0,0,15390,03099,Recta,Carretera,Fronto-lateral                                     ,,CV-925,Carretera Convencional de calzada única,Autonómica,Ascendente,Seco y limpio,"Luz del día natural, solar",Despejado,,Nivel blanco,,No,No,No,No,No,No,No,2021,9,JUEVES,11,Mañana,Dias laborables
552.5,2,0,0,15391,03099,Recta,Carretera,Lateral                                            ,,A-7,Autovía,Estatal,Descendente,Seco y limpio,"Luz del día natural, solar",Despejado,,Nivel blanco,,Sin especificar,Sin especificar,Sin especificar,Sin especificar,Sin especificar,Sin especificar,Sin especificar,2021,9,JUEVES,16,Tarde,Dias laborables
0.4,0,1,0,15392,00000,Curva sin señalizar,Carretera,"Salida de la vía por la izquierda, otro tipo       ",,CV-950,Carretera Convencional de calzada única,Autonómica,Ascendente,Seco y limpio,"Luz del día natural, solar",Despejado,,Nivel blanco,,Sin especificar,Sin especificar,Sin especificar,Sin especificar,Sin especificar,Sin especificar,Sin especificar,2021,9,SÁBADO,12,Tarde,Fines de semana
50.2,1,0,0,15393,03099,Recta,Carretera,Múltiple o en caravana                             ,,N-332,Carretera Convencional de doble calzada,Estatal,Descendente,Seco y limpio,"Luz del día natural, solar",Despejado,,Nivel blanco,,Sin especificar,Sin especificar,Sin especificar,Sin especificar,Sin especificar,Sin especificar,Sin especificar,2021,9,MARTES,12,Tarde,Dias laborables
768.0,1,0,0,15394,03099,Curva señalizada,Carretera,Salida de la vía por la izquierda con vuelco       ,,AP-7,Autopista libre,Estatal,Descendente,Seco y limpio,"Luz del día natural, solar",Despejado,,Nivel blanco,,Sin especificar,Sin especificar,Sin especificar,Sin especificar,Sin especificar,Sin especificar,Sin especificar,2021,9,DOMINGO,11,Mañana,Fines de semana
,1,0,0,15395,03099,No aplica,Calle,Fronto-lateral                                     ,,No inventariada,Otro,Municipal,Se desconoce,Con barro o gravilla suelta,"Luz del día natural, solar",Despejado,,Nivel blanco,,No,No,No,No,No,No,Sí,2021,9,JUEVES,13,Tarde,Dias laborables
547.4,1,0,0,15396,03099,Recta,Carretera,Salida de la vía por la izquierda con colisión     ,,A-7,Autovía,Estatal,Descendente,Seco y limpio,"Luz del día natural, solar",Despejado,,Nivel blanco,,Sin especificar,Sin especificar,Sin especificar,Sin especificar,Sin especificar,Sin especificar,Sin especificar,2021,9,JUEVES,16,Tarde,Dias laborables
2.0,1,0,0,15397,03099,Recta,Travesía,Por alcance                                        ,,CV-95,Carretera Convencional de calzada única,Autonómica,Ascendente,Seco y limpio,"Amanecer o atardecer, con luz artificial",Despejado,,Nivel amarillo,,Sin especificar,Sin especificar,Sin especificar,Sin especificar,Sin especificar,Sin especificar,Sin especificar,2021,9,SÁBADO,20,Noche,Fines de semana
,0,1,0,15398,03099,No aplica,Calle,Atropello a personas                               ,,No inventariada,Calle,Municipal,Se desconoce,Seco y limpio,"Amanecer o atardecer, con luz artificial",Despejado,,Nivel blanco,,No,No,No,No,No,No,No,2021,9,LUNES,19,Noche,Dias laborables
685.4,0,1,0,15399,03099,Recta,Carretera,Salida de la vía por la derecha con vuelco         ,,N-340,Carretera Convencional de calzada única,Estatal,Descendente,Seco y limpio,"Luz del día natural, solar",Despejado,,Nivel blanco,,No,No,No,No,No,No,No,2021,10,JUEVES,16,Tarde,Dias laborables
546.3,2,0,0,15400,03099,Recta,Carretera,Por alcance                                        ,,A-7,Autovía,Estatal,Ascendente,Seco y limpio,"Luz del día natural, solar",Despejado,,Nivel verde,,Sin especificar,Sin especificar,Sin especificar,Sin especificar,Sin especificar,Sin especificar,Sin especificar,2021,10,VIERNES,17,Tarde,Dias laborables
,1,0,0,15401,03099,No aplica,Calle,Caída                                              ,,No inventariada,Calle,Municipal,Se desconoce,Seco y limpio,"Luz del día natural, solar",Despejado,,Nivel verde,,No,No,No,No,No,No,No,2021,9,MIÉRCOLES,17,Tarde,Dias laborables
547.5,2,0,0,15402,03099,Recta,Carretera,"Salida de la vía por la izquierda, otro tipo       ",,A-7,Autovía,Estatal,Ascendente,Seco y limpio,Sin luz natural y con iluminación artificial no en,Despejado,,Nivel blanco,,Sin especificar,Sin especificar,Sin especificar,Sin especificar,Sin especificar,Sin especificar,Sin especificar,2021,10,SÁBADO,23,Noche,Fines de semana
680.37,2,0,0,15403,03099,Recta,Carretera,Fronto-lateral                                     ,N-340,N-340,Carretera Convencional de doble calzada,Estatal,Ascendente,Seco y limpio,"Luz del día natural, solar",Despejado,,Nivel blanco,,No,No,No,Sí,No,No,Sí,2021,10,LUNES,9,Mañana,Dias laborables
2.0,3,0,0,15404,03099,Recta,Carretera,Salida de la vía por la izquierda con despeñamiento,,CV-91,Carretera Convencional de calzada única,Autonómica,Ascendente,Seco y limpio,Sin luz natural ni artificial,Despejado,,Nivel blanco,,Sin especificar,Sin especificar,Sin especificar,Sin especificar,Sin especificar,Sin especificar,Sin especificar,2021,10,SÁBADO,21,Noche,Fines de semana
5.3,1,0,0,15405,03099,Recta,Carretera,Por alcance                                        ,,CV-930,Carretera Convencional de calzada única,Autonómica,Descendente,Mojado,"Amanecer o atardecer, con luz artificial",Despejado,,Nivel amarillo,,Sin especificar,Sin especificar,Sin especificar,Sin especificar,Sin especificar,Sin especificar,Sin especificar,2021,10,MIÉRCOLES,7,Mañana,Dias laborables
2.8,1,0,0,15406,03099,Recta,Carretera,Por alcance                                        ,,CV-911,Carretera Convencional de calzada única,Autonómica,Ascendente,Seco y limpio,"Amanecer o atardecer, sin luz artificial",Nublado,,Nivel amarillo,,Sin especificar,Sin especificar,Sin especificar,Sin especificar,Sin especificar,Sin especificar,Sin especificar,2021,11,MIÉRCOLES,7,Mañana,Dias laborables
4.2,1,0,0,15407,03099,Curva señalizada,Carretera,Vuelco                                             ,,CV-950,Carretera Convencional de calzada única,Autonómica,Ascendente,Seco y limpio,"Luz del día natural, solar",Despejado,,Nivel blanco,,Sin especificar,Sin especificar,Sin especificar,Sin especificar,Sin especificar,Sin especificar,Sin especificar,2021,11,SÁBADO,17,Tarde,Fines de semana
681.045,2,0,0,15408,03099,Recta,Carretera,Fronto-lateral                                     ,,N-340,Carretera Convencional de calzada única,Estatal,Descendente,Seco y limpio,"Luz del día natural, solar",Despejado,,Nivel blanco,,No,No,No,Sí,No,No,No,2021,11,MIÉRCOLES,13,Tarde,Dias laborables
,1,0,0,15409,03099,No aplica,Calle,Lateral                                            ,,No inventariada,Calle,Municipal,Se desconoce,Seco y limpio,"Luz del día natural, solar",Despejado,,Nivel blanco,,No,No,No,No,No,No,No,2021,9,MIÉRCOLES,8,Mañana,Dias laborables
,2,0,0,15410,03099,No aplica,Calle,Atropello a personas                               ,,No inventariada,Calle,Municipal,Se desconoce,Mojado,Sin luz natural y con iluminación artificial encen,Lluvia débil,,Nivel verde,,Sin especificar,Sin especificar,Sin especificar,Sin especificar,Sin especificar,Sin especificar,Sin especificar,2021,10,MARTES,22,Noche,Dias laborables
545.0,3,0,0,15411,03099,Recta,Carretera,Múltiple o en caravana                             ,,A-7,Autovía,Estatal,Ascendente,Seco y limpio,"Luz del día natural, solar",Despejado,,Nivel blanco,,No,No,No,No,No,Sí,No,2021,11,DOMINGO,12,Tarde,Fines de semana
6.0,1,0,0,15412,03099,Recta,Carretera,Salida de la vía por la izquierda con colisión     ,,CV-923,Carretera Convencional de calzada única,"Provincial, Cabildo/Consell",Descendente,Seco y limpio,"Amanecer o atardecer, sin luz artificial",Despejado,,Nivel blanco,,No,No,No,No,No,No,No,2021,11,VIERNES,18,Noche,Dias laborables
4.2,1,1,0,15413,03099,Curva señalizada,Carretera,Salida de la vía por la derecha con colisión       ,,CV-950,Carretera Convencional de calzada única,Autonómica,Ascendente,Seco y limpio,"Luz del día natural, solar",Despejado,,Nivel blanco,,Sin especificar,Sin especificar,Sin especificar,Sin especificar,Sin especificar,Sin especificar,Sin especificar,2021,11,DOMINGO,10,Mañana,Fines de semana
0.7,1,0,0,15414,03099,Recta,Carretera,Frontal                                            ,,CV-911,Carretera Convencional de calzada única,Autonómica,Ambos,Mojado,Sin luz natural ni artificial,Nublado,,Nivel blanco,,Sin especificar,Sin especificar,Sin especificar,Sin especificar,Sin especificar,Sin especificar,Sin especificar,2021,11,VIERNES,23,Noche,Dias laborables
5.2,0,0,1,15415,03099,Recta,Carretera,Salida de la vía por la derecha con colisión       ,,CV-91,Carretera Convencional de calzada única,Autonómica,Ascendente,Mojado,"Luz del día natural, solar",Lluvia débil,,Nivel blanco,,Sin especificar,Sin especificar,Sin especificar,Sin especificar,Sin especificar,Sin especificar,Sin especificar,2021,11,SÁBADO,11,Mañana,Fines de semana
,1,0,0,15416,03099,No aplica,Calle,Lateral                                            ,,No inventariada,Calle,Municipal,Se desconoce,Seco y limpio,"Luz del día natural, solar",Despejado,,Nivel verde,,Sin especificar,Sin especificar,Sin especificar,Sin especificar,Sin especificar,Sin especificar,Sin especificar,2021,11,VIERNES,15,Tarde,Dias laborables
,0,1,0,15417,03099,No aplica,Calle,Vuelco                                             ,,No inventariada,Calle,Municipal,Se desconoce,Seco y limpio,Sin luz natural y con iluminación artificial encen,Despejado,,Nivel verde,,No,No,No,No,No,No,No,2021,11,DOMINGO,21,Noche,Fines de semana
682.2,1,0,0,15418,03099,Curva señalizada,Carretera,Colisión contra obstáculo o elemento de la vía     ,,N-340,Carretera Convencional de calzada única,Estatal,Descendente,Seco y limpio,Sin luz natural ni artificial,Nublado,,Nivel blanco,,Sin especificar,Sin especificar,Sin especificar,Sin especificar,Sin especificar,Sin especificar,Sin especificar,2021,12,DOMINGO,19,Noche,Fines de semana
4.6,1,0,0,15419,03099,Recta,Carretera,Por alcance                                        ,,CV-950,Carretera Convencional de calzada única,Autonómica,Ascendente,Seco y limpio,"Luz del día natural, solar",Despejado,,Nivel blanco,,Sin especificar,Sin especificar,Sin especificar,Sin especificar,Sin especificar,Sin especificar,Sin especificar,2021,12,SÁBADO,14,Tarde,Fines de semana
682.2,2,0,0,15420,03099,Curva señalizada,Carretera,Lateral                                            ,,N-340,Carretera Convencional de calzada única,Estatal,Ambos,Seco y limpio,Sin luz natural ni artificial,Nublado,,Nivel blanco,,Sin especificar,Sin especificar,Sin especificar,Sin especificar,Sin especificar,Sin especificar,Sin especificar,2021,12,DOMINGO,20,Noche,Fines de semana
,2,1,0,15421,03099,No aplica,Calle,Fronto-lateral                                     ,,No inventariada,Calle,Municipal,Se desconoce,Seco y limpio,"Luz del día natural, solar",Despejado,,Nivel blanco,,No,No,No,Sí,No,No,Sí,2021,10,VIERNES,13,Tarde,Dias laborables
681.8,0,1,0,15422,03099,Curva señalizada,Carretera,Salida de la vía por la derecha con colisión       ,,N-340,Carretera Convencional de calzada única,Estatal,Descendente,Seco y limpio,Sin luz natural ni artificial,Despejado,,Nivel blanco,,Sin especificar,Sin especificar,Sin especificar,Sin especificar,Sin especificar,Sin especificar,Sin especificar,2021,12,SÁBADO,22,Noche,Fines de semana
,1,0,0,15423,03099,No aplica,Calle,Frontal                                            ,,No inventariada,Calle,Municipal,Se desconoce,Seco y limpio,"Luz del día natural, solar",Despejado,,Nivel verde,,No,No,No,Sí,No,No,No,2021,12,VIERNES,15,Tarde,Dias laborables
3.8,1,0,0,15424,03099,Curva señalizada,Carretera,Salida de la vía por la derecha con colisión       ,,CV-950,Carretera Convencional de calzada única,Autonómica,Descendente,Seco y limpio,"Luz del día natural, solar",Nublado,,Nivel blanco,,Sin especificar,Sin especificar,Sin especificar,Sin especificar,Sin especificar,Sin especificar,Sin especificar,2021,12,DOMINGO,16,Tarde,Fines de semana
,1,0,0,15425,03099,No aplica,Calle,Caída                                              ,,No inventariada,Calle,Municipal,Se desconoce,Otra,Sin luz natural y con iluminación artificial encen,Despejado,,Nivel blanco,,Sin especificar,Sin especificar,Sin especificar,Sin especificar,Sin especificar,Sin especificar,Sin especificar,2021,12,MIÉRCOLES,23,Noche,Dias laborables
687.0,2,0,0,15426,03099,Recta,Carretera,Por alcance                                        ,,N-340,Carretera Convencional de calzada única,Estatal,Descendente,Seco y limpio,"Luz del día natural, solar",Despejado,,Nivel blanco,,Sin especificar,Sin especificar,Sin especificar,Sin especificar,Sin especificar,Sin especificar,Sin especificar,2021,12,VIERNES,10,Mañana,Dias laborables
3.0,3,0,0,15427,03099,Recta,Carretera,Lateral                                            ,,CV-915,Carretera Convencional de calzada única,Autonómica,Ascendente,Seco y limpio,"Luz del día natural, solar",Nublado,,Nivel amarillo,,No,No,No,No,No,No,No,2021,12,JUEVES,13,Tarde,Dias laborables
1.85,1,0,0,15428,03099,Recta,Carretera,Salida de la vía por la derecha con colisión       ,,CV-921,Carretera Convencional de calzada única,"Provincial, Cabildo/Consell",Ascendente,Seco y limpio,Sin luz natural y con iluminación artificial encen,Nublado,,Nivel blanco,,No,No,No,No,No,No,Sí,2021,12,LUNES,2,Madrugada,Dias laborables
25.05,1,0,0,15429,00000,Curva señalizada,Carretera,Salida de la vía por la derecha con colisión       ,,CV-715,Carretera Convencional de calzada única,Autonómica,Descendente,Seco y limpio,"Luz del día natural, solar",Despejado,,Nivel blanco,,Sin especificar,Sin especificar,Sin especificar,Sin especificar,Sin especificar,Sin especificar,Sin especificar,2021,2,DOMINGO,8,Mañana,Fines de semana
612.9,3,0,0,15430,03101,Recta,Carretera,Lateral                                            ,,AP-7,Autopista libre,Estatal,Ascendente,Seco y limpio,"Luz del día natural, solar",Despejado,,Nivel blanco,,Sin especificar,Sin especificar,Sin especificar,Sin especificar,Sin especificar,Sin especificar,Sin especificar,2021,1,SÁBADO,13,Tarde,Fines de semana
0.6,2,0,0,15431,03101,Curva sin señalizar,Carretera,Salida de la vía por la derecha otro tipo          ,,CV-724,Carretera Convencional de calzada única,Autonómica,Ascendente,Seco y limpio,Sin luz natural ni artificial,Despejado,,Nivel blanco,,Sin especificar,Sin especificar,Sin especificar,Sin especificar,Sin especificar,Sin especificar,Sin especificar,2021,2,MIÉRCOLES,20,Noche,Dias laborables
6.8,1,0,0,15432,03101,Recta,Carretera,Salida de la vía por la derecha con colisión       ,,CV-732,Carretera Convencional de calzada única,"Provincial, Cabildo/Consell",Ascendente,Seco y limpio,"Luz del día natural, solar",Despejado,,Nivel verde,,Sin especificar,Sin especificar,Sin especificar,Sin especificar,Sin especificar,Sin especificar,Sin especificar,2021,3,JUEVES,13,Tarde,Dias laborables
,1,0,0,15433,03101,No aplica,Calle,Fronto-lateral                                     ,,No inventariada,Calle,Municipal,Se desconoce,Seco y limpio,"Luz del día natural, solar",Despejado,,Nivel amarillo,,No,No,No,Sí,No,No,Sí,2021,4,MIÉRCOLES,8,Mañana,Dias laborables
49.5,1,0,0,15434,03101,Curva señalizada,Carretera,Salida de la vía por la derecha otro tipo          ,,CV-720,Carretera Convencional de calzada única,Autonómica,Ascendente,Seco y limpio,"Amanecer o atardecer, con luz artificial",Despejado,,Nivel blanco,,Sin especificar,Sin especificar,Sin especificar,Sin especificar,Sin especificar,Sin especificar,Sin especificar,2021,4,SÁBADO,21,Noche,Fines de semana
47.1,1,0,0,15435,00000,Curva señalizada,Carretera,Lateral                                            ,,CV-720,Carretera Convencional de calzada única,Autonómica,Ascendente,Seco y limpio,"Luz del día natural, solar",Despejado,,Nivel verde,,Sin especificar,Sin especificar,Sin especificar,Sin especificar,Sin especificar,Sin especificar,Sin especificar,2021,5,SÁBADO,9,Mañana,Fines de semana
,1,0,0,15436,03101,No aplica,Calle,Colisión contra obstáculo o elemento de la vía     ,,No inventariada,Calle,Municipal,Se desconoce,Mojado,"Luz del día natural, solar",Nublado,,Nivel blanco,,Sin especificar,Sin especificar,Sin especificar,Sin especificar,Sin especificar,Sin especificar,Sin especificar,2021,4,JUEVES,12,Tarde,Dias laborables
,1,0,0,15437,03101,No aplica,Calle,Atropello a personas                               ,,No inventariada,Calle,Municipal,Se desconoce,Seco y limpio,"Luz del día natural, solar",Despejado,,Nivel blanco,,No,No,No,No,No,No,No,2021,4,VIERNES,18,Noche,Dias laborables
,1,0,0,15438,03101,No aplica,Calle,Atropello a personas                               ,,No inventariada,Calle,Municipal,Se desconoce,Seco y limpio,"Luz del día natural, solar",Despejado,,Nivel blanco,,Sin especificar,Sin especificar,Sin especificar,Sin especificar,Sin especificar,Sin especificar,Sin especificar,2021,5,MIÉRCOLES,13,Tarde,Dias laborables
2.0,1,0,0,15439,03101,Curva señalizada,Carretera,Salida de la vía por la derecha con colisión       ,,CV-724,Carretera Convencional de calzada única,Autonómica,Descendente,Seco y limpio,Sin luz natural ni artificial,Despejado,,Nivel blanco,,Sin especificar,Sin especificar,Sin especificar,Sin especificar,Sin especificar,Sin especificar,Sin especificar,2021,6,SÁBADO,0,Madrugada,Fines de semana
,0,1,0,15440,03101,No aplica,Calle,Fronto-lateral                                     ,,No inventariada,Calle,"Provincial, Cabildo/Consell",Se desconoce,Seco y limpio,"Luz del día natural, solar",Despejado,,Nivel verde,,No,No,No,Sí,No,No,Sí,2021,6,MIÉRCOLES,11,Mañana,Dias laborables
4.8,1,0,0,15441,03101,Recta,Travesía,Atropello a personas                               ,,CV-732,Calle,"Provincial, Cabildo/Consell",Descendente,Seco y limpio,"Luz del día natural, solar",Despejado,,Nivel blanco,,No,No,No,Sí,No,No,Sí,2021,7,DOMINGO,18,Noche,Fines de semana
,1,0,0,15442,03101,No aplica,Calle,Por alcance                                        ,,No inventariada,Calle,Municipal,Se desconoce,Seco y limpio,"Luz del día natural, solar",Despejado,,Nivel blanco,,No,No,Sí,No,No,Sí,No,2021,7,LUNES,19,Noche,Dias laborables
50.0,1,0,0,15443,03101,Recta,Travesía,Colisión contra obstáculo o elemento de la vía     ,,CV-720,Carretera Convencional de calzada única,Autonómica,Ascendente,Seco y limpio,"Luz del día natural, solar",Despejado,,Nivel blanco,,No,No,No,Sí,No,No,Sí,2021,7,LUNES,12,Tarde,Dias laborables
191.3,2,0,0,15444,03101,Recta,Carretera,Fronto-lateral                                     ,,N-332,Carretera Convencional de calzada única,Estatal,Ascendente,Seco y limpio,"Luz del día natural, solar",Despejado,,Nivel blanco,,Sin especificar,Sin especificar,Sin especificar,Sin especificar,Sin especificar,Sin especificar,Sin especificar,2021,7,MIÉRCOLES,20,Noche,Dias laborables
,2,0,0,15445,03101,No aplica,Calle,Lateral                                            ,,No inventariada,Calle,Autonómica,Se desconoce,Seco y limpio,"Luz del día natural, solar",Despejado,,Nivel blanco,,No,No,No,No,Sí,No,No,2021,8,JUEVES,17,Tarde,Dias laborables
,1,0,0,15446,03101,No aplica,Calle,Lateral                                            ,,No inventariada,Calle,"Provincial, Cabildo/Consell",Se desconoce,Seco y limpio,"Luz del día natural, solar",Despejado,,Nivel blanco,,No,No,No,No,No,No,Sí,2021,8,VIERNES,7,Mañana,Dias laborables
190.9,1,0,0,15447,03071,Recta,Carretera,Múltiple o en caravana                             ,CV-720,N-332,Carretera Convencional de calzada única,Estatal,Ascendente,Seco y limpio,"Luz del día natural, solar",Despejado,,Nivel blanco,,No,No,No,No,No,No,No,2021,9,DOMINGO,8,Mañana,Fines de semana
4.7,1,0,0,15448,03101,Recta,Travesía,Atropello a personas                               ,,CV-732,Calle,"Provincial, Cabildo/Consell",Ascendente,Mojado,"Amanecer o atardecer, sin luz artificial",Lluvia débil,,Nivel blanco,,No,No,No,No,No,No,No,2021,9,MIÉRCOLES,7,Mañana,Dias laborables
,1,0,0,15449,03101,No aplica,Calle,Atropello a personas                               ,,No inventariada,Calle,"Provincial, Cabildo/Consell",Se desconoce,Seco y limpio,"Luz del día natural, solar",Despejado,,Nivel blanco,,No,No,No,No,No,No,No,2021,10,DOMINGO,15,Tarde,Fines de semana
191.6,0,0,1,15450,03101,Recta,Carretera,Atropello a personas                               ,,N-332,Carretera Convencional de calzada única,Estatal,Descendente,Seco y limpio,Sin luz natural y con iluminación artificial no en,Despejado,,Nivel blanco,,Sin especificar,Sin especificar,Sin especificar,Sin especificar,Sin especificar,Sin especificar,Sin especificar,2021,11,LUNES,21,Noche,Dias laborables
1.0,1,0,0,15451,03101,Curva señalizada,Carretera,Salida de la vía por la derecha otro tipo          ,,CV-724,Carretera Convencional de calzada única,Autonómica,Descendente,Seco y limpio,Sin luz natural ni artificial,Despejado,,Nivel amarillo,,Sin especificar,Sin especificar,Sin especificar,Sin especificar,Sin especificar,Sin especificar,Sin especificar,2021,10,DOMINGO,18,Noche,Fines de semana
196.15,4,0,0,15452,03101,Recta,Carretera,Fronto-lateral                                     ,CV-725,N-332,Carretera Convencional de calzada única,Estatal,Descendente,Seco y limpio,"Luz del día natural, solar",Despejado,,Nivel amarillo,,No,No,No,No,No,No,No,2021,11,DOMINGO,17,Tarde,Fines de semana
58.7,1,0,0,15453,03102,Recta,Carretera,"Salida de la vía por la izquierda, otro tipo       ",,CV-700,Carretera Convencional de calzada única,Autonómica,Ascendente,Seco y limpio,"Luz del día natural, solar",Despejado,,Nivel verde,Viento fuerte,No,No,Sí,No,No,Sí,No,2021,2,LUNES,11,Mañana,Dias laborables
11.2,1,0,0,15454,03102,Curva señalizada,Carretera,Salida de la vía por la derecha otro tipo          ,,CV-715,Carretera Convencional de calzada única,Autonómica,Ascendente,Seco y limpio,"Luz del día natural, solar",Despejado,,Nivel blanco,,Sin especificar,Sin especificar,Sin especificar,Sin especificar,Sin especificar,Sin especificar,Sin especificar,2021,2,SÁBADO,15,Tarde,Fines de semana
26.3,1,0,0,15455,03102,Recta,Carretera,Fronto-lateral                                     ,CV-712,CV-712,Carretera Convencional de calzada única,"Provincial, Cabildo/Consell",Descendente,Seco y limpio,"Luz del día natural, solar",Despejado,,Nivel blanco,,No,No,No,No,No,No,Sí,2021,3,MIÉRCOLES,12,Tarde,Dias laborables
,0,1,0,15456,03102,No aplica,Calle,Atropello a personas                               ,,No inventariada,Calle,Municipal,Se desconoce,Seco y limpio,"Luz del día natural, solar",Despejado,,Nivel blanco,,Sin especificar,Sin especificar,Sin especificar,Sin especificar,Sin especificar,Sin especificar,Sin especificar,2021,1,LUNES,13,Tarde,Dias laborables
,2,0,0,15457,03102,No aplica,Calle,Por alcance                                        ,,No inventariada,Calle,Municipal,Se desconoce,Seco y limpio,"Luz del día natural, solar",Despejado,,Nivel verde,,Sin especificar,Sin especificar,Sin especificar,Sin especificar,Sin especificar,Sin especificar,Sin especificar,2021,3,MIÉRCOLES,12,Tarde,Dias laborables