KM,TOTAL_HL24H,TOTAL_HG24H,TOTAL_MU24H,id,COD_MUNICIPIO,TRAZADO_PLANTA,ZONA,TIPO_ACCIDENTE,CARRETERA_CRUCE,CARRETERA,TIPO_VIA,TITULARIDAD_VIA,SENTIDO_1F,CONDICION_FIRME,CONDICION_ILUMINACION,CONDICION_METEO,CONDICION_NIEBLA,CONDICION_NIVEL_CIRCULA,CONDICION_VIENTO,PRIORI_AGENTE,PRIORI_CIRCUNSTANCIAL,PRIORI_HORIZ_CEDA,PRIORI_HORIZ_STOP,PRIORI_SEMAFORO,PRIORI_VERT_CEDA,PRIORI_VERT_STOP,ANYO,MES,DIA,HORA,FRANJA_HORARIA,TIPO_DIA
,1,0,0,15458,03102,No aplica,Calle,Atropello a personas                               ,,No inventariada,Calle,Municipal,Se desconoce,Seco y limpio,"Luz del día natural, solar",Despejado,,Nivel verde,,No,No,No,Sí,No,No,Sí,2021,5,VIERNES,10,Mañana,Dias laborables
,1,0,0,15459,03102,No aplica,Calle,Fronto-lateral                                     ,,No inventariada,Calle,Municipal,Se desconoce,Seco y limpio,"Luz del día natural, solar",Despejado,,Nivel verde,,No,No,No,Sí,No,No,Sí,2021,5,MIÉRCOLES,13,Tarde,Dias laborables
,1,0,0,15460,03102,No aplica,Calle,Atropello a personas                               ,,No inventariada,Calle,Municipal,Se desconoce,Seco y limpio,"Amanecer o atardecer, sin luz artificial",Despejado,,Nivel verde,,Sin especificar,Sin especificar,Sin especificar,Sin especificar,Sin especificar,Sin especificar,Sin especificar,2021,5,DOMINGO,20,Noche,Fines de semana
,2,0,0,15461,03102,No aplica,Calle,Fronto-lateral                                     ,,No inventariada,Calle,Municipal,Se desconoce,Seco y limpio,"Luz del día natural, solar",Despejado,,Nivel verde,,No,No,No,Sí,No,No,Sí,2021,6,VIERNES,12,Tarde,Dias laborables
61.0,0,2,0,15462,03102,Recta,Carretera,Múltiple o en caravana                             ,,CV-700,Carretera Convencional de calzada única,Autonómica,Ambos,Seco y limpio,"Luz del día natural, solar",Despejado,,Nivel blanco,,No,No,No,No,No,No,No,2021,7,JUEVES,11,Mañana,Dias laborables
4.2,2,0,0,15463,03102,Curva señalizada,Carretera,Salida de la vía por la derecha con colisión       ,,CV-678,Carretera Convencional de calzada única,"Provincial, Cabildo/Consell",Descendente,Seco y limpio,"Luz del día natural, solar",Despejado,,Nivel blanco,,Sin especificar,Sin especificar,Sin especificar,Sin especificar,Sin especificar,Sin especificar,Sin especificar,2021,7,SÁBADO,14,Tarde,Fines de semana
25.74,0,1,0,15464,03102,Curva señalizada,Carretera,Caída                                              ,,CV-712,Carretera Convencional de calzada única,"Provincial, Cabildo/Consell",Descendente,Seco y limpio,"Luz del día natural, solar",Despejado,,Nivel blanco,,Sin especificar,Sin especificar,Sin especificar,Sin especificar,Sin especificar,Sin especificar,Sin especificar,2021,9,DOMINGO,10,Mañana,Fines de semana
4.2,1,0,0,15465,03102,Curva señalizada,Carretera,Salida de la vía por la derecha con colisión       ,CV-727,CV-678,Carretera Convencional de calzada única,"Provincial, Cabildo/Consell",Ascendente,Seco y limpio,"Luz del día natural, solar",Despejado,,Sin especificar,,No,No,No,No,No,No,Sí,2021,10,LUNES,13,Tarde,Dias laborables
63.9,1,0,0,15466,03063,Recta,Carretera,Atropello a animales                               ,,CV-700,Carretera Convencional de calzada única,Autonómica,Descendente,Seco y limpio,Sin luz natural ni artificial,Despejado,,Sin especificar,,Sin especificar,Sin especificar,Sin especificar,Sin especificar,Sin especificar,Sin especificar,Sin especificar,2021,10,JUEVES,20,Noche,Dias laborables
25.5,2,0,0,15467,03102,Curva señalizada,Carretera,Salida de la vía por la izquierda con vuelco       ,,CV-712,Carretera Convencional de calzada única,"Provincial, Cabildo/Consell",Ascendente,Seco y limpio,"Luz del día natural, solar",Despejado,,Nivel blanco,,Sin especificar,Sin especificar,Sin especificar,Sin especificar,Sin especificar,Sin especificar,Sin especificar,2021,11,JUEVES,16,Tarde,Dias laborables
,0,0,1,15468,03102,No aplica,Calle,Colisión contra obstáculo o elemento de la vía     ,,No inventariada,Calle,Municipal,Se desconoce,Seco y limpio,Sin luz natural ni artificial,Despejado,,Nivel blanco,,No,No,No,Sí,No,No,No,2021,9,SÁBADO,21,Noche,Fines de semana
0.8,1,0,0,15469,00000,Curva señalizada,Carretera,Salida de la vía por la derecha con colisión       ,,CV-710,Carretera Convencional de calzada única,Autonómica,Ascendente,Seco y limpio,"Luz del día natural, solar",Despejado,,Nivel blanco,,Sin especificar,Sin especificar,Sin especificar,Sin especificar,Sin especificar,Sin especificar,Sin especificar,2021,3,JUEVES,18,Noche,Dias laborables
15.2,1,0,0,15470,00000,Curva señalizada,Carretera,Salida de la vía por la derecha otro tipo          ,,CV-785,Carretera Convencional de calzada única,"Provincial, Cabildo/Consell",Descendente,Seco y limpio,"Luz del día natural, solar",Despejado,,Nivel blanco,,Sin especificar,Sin especificar,Sin especificar,Sin especificar,Sin especificar,Sin especificar,Sin especificar,2021,7,SÁBADO,12,Tarde,Fines de semana
22.9,1,0,0,15471,00000,Recta,Carretera,Salida de la vía por la derecha otro tipo          ,,CV-785,Carretera Convencional de calzada única,"Provincial, Cabildo/Consell",Ascendente,Seco y limpio,"Luz del día natural, solar",Despejado,,Nivel blanco,,Sin especificar,Sin especificar,Sin especificar,Sin especificar,Sin especificar,Sin especificar,Sin especificar,2021,8,DOMINGO,11,Mañana,Fines de semana
1.8,0,1,1,15472,00000,Curva señalizada,Carretera,Salida de la vía por la derecha con despeñamiento  ,,CV-710,Carretera Convencional de calzada única,Autonómica,Descendente,Se desconoce,"Luz del día natural, solar",Se desconoce,,Nivel blanco,,Sin especificar,Sin especificar,Sin especificar,Sin especificar,Sin especificar,Sin especificar,Sin especificar,2021,10,VIERNES,20,Noche,Dias laborables
200.351,1,0,0,15473,03104,Curva sin señalizar,Carretera,Fronto-lateral                                     ,,A-31,Autovía,Estatal,Descendente,Seco y limpio,"Luz del día natural, solar",Nublado,,Nivel blanco,,Sin especificar,Sin especificar,Sin especificar,Sin especificar,Sin especificar,Sin especificar,Sin especificar,2021,1,MIÉRCOLES,17,Tarde,Dias laborables
,6,0,0,15474,03104,No aplica,Calle,Frontal                                            ,,No inventariada,Calle,Municipal,Se desconoce,Seco y limpio,"Amanecer o atardecer, con luz artificial",Despejado,,Nivel blanco,,Sin especificar,Sin especificar,Sin especificar,Sin especificar,Sin especificar,Sin especificar,Sin especificar,2021,1,MARTES,18,Noche,Dias laborables
,1,0,0,15475,03104,No aplica,Calle,Fronto-lateral                                     ,,No inventariada,Calle,Municipal,Se desconoce,Seco y limpio,"Luz del día natural, solar",Despejado,,Nivel blanco,,No,No,No,No,No,No,No,2021,1,VIERNES,17,Tarde,Dias laborables
206.05,4,0,0,15476,03104,Curva sin señalizar,Carretera,Por alcance                                        ,,A-31,Autovía,Estatal,Ascendente,Seco y limpio,Sin luz natural ni artificial,Despejado,,Nivel blanco,,Sin especificar,Sin especificar,Sin especificar,Sin especificar,Sin especificar,Sin especificar,Sin especificar,2021,2,MARTES,21,Noche,Dias laborables
,1,0,0,15477,03104,No aplica,Calle,Otro tipo de accidente                             ,,No inventariada,Calle,Municipal,Se desconoce,Seco y limpio,Sin luz natural ni artificial,Despejado,,Nivel blanco,,Sin especificar,Sin especificar,Sin especificar,Sin especificar,Sin especificar,Sin especificar,Sin especificar,2021,3,MARTES,20,Noche,Dias laborables
208.0,1,0,0,15478,03104,Recta,Carretera,Por alcance                                        ,,A-31,Autovía,Estatal,Ascendente,Seco y limpio,Sin luz natural y con iluminación artificial no en,Se desconoce,,Nivel blanco,,Sin especificar,Sin especificar,Sin especificar,Sin especificar,Sin especificar,Sin especificar,Sin especificar,2021,3,SÁBADO,19,Noche,Fines de semana
208.9,2,0,0,15479,03093,Recta,Carretera,Lateral                                            ,,A-31,Autovía,Estatal,Ascendente,Seco y limpio,"Luz del día natural, solar",Despejado,,Nivel blanco,,Sin especificar,Sin especificar,Sin especificar,Sin especificar,Sin especificar,Sin especificar,Sin especificar,2021,3,SÁBADO,18,Noche,Fines de semana
,1,0,0,15480,03104,No aplica,Calle,Fronto-lateral                                     ,,No inventariada,Calle,Municipal,Se desconoce,Seco y limpio,"Luz del día natural, solar",Despejado,,Nivel blanco,,No,No,No,No,No,Sí,No,2021,5,VIERNES,17,Tarde,Dias laborables
0.5,1,0,0,15481,03104,Recta,Carretera,Caída                                              ,,CV-837,Carretera Convencional de calzada única,"Provincial, Cabildo/Consell",Ascendente,Mojado,"Luz del día natural, solar",Despejado,,Nivel blanco,,Sin especificar,Sin especificar,Sin especificar,Sin especificar,Sin especificar,Sin especificar,Sin especificar,2021,6,SÁBADO,10,Mañana,Fines de semana
,1,0,0,15482,03104,No aplica,Calle,Por alcance                                        ,,No inventariada,Calle,Municipal,Se desconoce,Seco y limpio,Sin luz natural y con iluminación artificial encen,Despejado,,Nivel blanco,,No,No,No,No,No,Sí,No,2021,6,SÁBADO,21,Noche,Fines de semana
,1,0,0,15483,03104,No aplica,Calle,Lateral                                            ,,No inventariada,Calle,Municipal,Se desconoce,Seco y limpio,Sin luz natural y con iluminación artificial encen,Despejado,,Nivel verde,,No,No,No,No,No,Sí,No,2021,5,SÁBADO,21,Noche,Fines de semana
200.65,1,0,0,15484,03104,Curva señalizada,Carretera,Salida de la vía por la izquierda con vuelco       ,CV-835,A-31,Autovía,Estatal,Descendente,Seco y limpio,"Luz del día natural, solar",Despejado,,Nivel blanco,,No,No,No,No,No,No,No,2021,6,MIÉRCOLES,14,Tarde,Dias laborables
,1,0,0,15485,03104,No aplica,Calle,Salida de la vía por la derecha con colisión       ,,No inventariada,Otro,Municipal,Se desconoce,Seco y limpio,"Luz del día natural, solar",Despejado,,Nivel blanco,,No,No,No,No,No,No,No,2021,7,SÁBADO,13,Tarde,Fines de semana
204.862,1,0,0,15486,03104,Recta,Autopista o autovía urbana,Por alcance                                        ,,A-31,Autovía,Estatal,Ascendente,Seco y limpio,"Luz del día natural, solar",Despejado,,Nivel blanco,,No,No,No,No,No,Sí,No,2021,8,JUEVES,14,Tarde,Dias laborables
2.0,1,0,0,15487,03104,Recta,Carretera,Caída                                              ,,CV-837,Camino vecinal,"Provincial, Cabildo/Consell",Ascendente,Mojado,"Luz del día natural, solar",Despejado,,Nivel verde,,Sin especificar,Sin especificar,Sin especificar,Sin especificar,Sin especificar,Sin especificar,Sin especificar,2021,9,VIERNES,10,Mañana,Dias laborables
,1,0,0,15488,03104,No aplica,Calle,Por alcance                                        ,,No inventariada,Calle,Municipal,Se desconoce,Seco y limpio,"Amanecer o atardecer, con luz artificial",Despejado,,Nivel amarillo,,Sin especificar,Sin especificar,Sin especificar,Sin especificar,Sin especificar,Sin especificar,Sin especificar,2021,10,MARTES,19,Noche,Dias laborables
,1,0,0,15489,03104,No aplica,Calle,Fronto-lateral                                     ,,No inventariada,Calle,Municipal,Se desconoce,Seco y limpio,Sin luz natural y con iluminación artificial encen,Despejado,,Nivel blanco,,No,No,No,No,No,Sí,No,2021,10,MIÉRCOLES,23,Noche,Dias laborables
,1,0,0,15490,03104,No aplica,Calle,Fronto-lateral                                     ,,No inventariada,Calle,Municipal,Se desconoce,Mojado,"Luz del día natural, solar",Nublado,,Nivel blanco,,No,No,Sí,No,No,Sí,No,2021,10,SÁBADO,11,Mañana,Fines de semana
,1,0,0,15491,03104,No aplica,Calle,Fronto-lateral                                     ,,No inventariada,Calle,Municipal,Se desconoce,Seco y limpio,"Luz del día natural, solar",Despejado,,Nivel blanco,,No,No,No,Sí,No,No,Sí,2021,10,MARTES,16,Tarde,Dias laborables
,0,1,0,15492,03104,No aplica,Calle,Fronto-lateral                                     ,,No inventariada,Calle,Municipal,Se desconoce,Seco y limpio,"Luz del día natural, solar",Despejado,,Nivel blanco,,No,No,Sí,No,No,Sí,No,2021,10,MIÉRCOLES,16,Tarde,Dias laborables
,1,0,0,15493,03104,No aplica,Calle,Atropello a personas                               ,,No inventariada,Calle,Municipal,Se desconoce,Seco y limpio,"Luz del día natural, solar",Despejado,,Nivel blanco,,No,No,No,No,No,No,No,2021,11,DOMINGO,11,Mañana,Fines de semana
,0,1,0,15494,03104,No aplica,Calle,Fronto-lateral                                     ,,No inventariada,Calle,Municipal,Se desconoce,Seco y limpio,"Luz del día natural, solar",Nublado,,Nivel blanco,,No,No,No,No,No,No,No,2021,11,MIÉRCOLES,8,Mañana,Dias laborables
,1,0,0,15495,03104,No aplica,Calle,Fronto-lateral                                     ,,No inventariada,Calle,Municipal,Se desconoce,Seco y limpio,"Luz del día natural, solar",Despejado,,Nivel blanco,,No,No,No,No,No,No,No,2021,12,MIÉRCOLES,15,Tarde,Dias laborables
0.95,1,0,0,15496,03105,Curva señalizada,Carretera,Salida de la vía por la derecha otro tipo          ,,CV-836,Carretera Convencional de calzada única,Autonómica,Ascendente,Mojado,"Luz del día natural, solar",Lluvia débil,,Nivel blanco,,Sin especificar,Sin especificar,Sin especificar,Sin especificar,Sin especificar,Sin especificar,Sin especificar,2021,5,DOMINGO,19,Noche,Fines de semana
,0,0,1,15497,03105,No aplica,Calle,Atropello a personas                               ,,No inventariada,Calle,Municipal,Se desconoce,Seco y limpio,"Luz del día natural, solar",Despejado,,Se desconoce,,Sin especificar,Sin especificar,Sin especificar,Sin especificar,Sin especificar,Sin especificar,Sin especificar,2021,5,VIERNES,12,Tarde,Dias laborables
,1,0,0,15498,03105,No aplica,Calle,Fronto-lateral                                     ,,No inventariada,Calle,Municipal,Se desconoce,Seco y limpio,"Luz del día natural, solar",Despejado,,Nivel blanco,,No,No,Sí,No,No,Sí,No,2021,2,VIERNES,17,Tarde,Dias laborables
,2,0,0,15499,03105,No aplica,Calle,Fronto-lateral                                     ,,No inventariada,Calle,Municipal,Se desconoce,Seco y limpio,"Amanecer o atardecer, sin luz artificial",Despejado,,Nivel blanco,,No,No,Sí,No,No,Sí,No,2021,6,DOMINGO,21,Noche,Fines de semana
,1,0,0,15500,03105,No aplica,Calle,Otro tipo de accidente                             ,,No inventariada,Calle,Municipal,Se desconoce,Seco y limpio,"Luz del día natural, solar",Despejado,,Sin especificar,,Sin especificar,Sin especificar,Sin especificar,Sin especificar,Sin especificar,Sin especificar,Sin especificar,2021,7,JUEVES,13,Tarde,Dias laborables
5.08,1,0,0,15501,03105,Recta,Carretera,Salida de la vía por la derecha otro tipo          ,,CV-836,Carretera Convencional de calzada única,Autonómica,Descendente,Seco y limpio,"Luz del día natural, solar",Despejado,,Nivel blanco,,Sin especificar,Sin especificar,Sin especificar,Sin especificar,Sin especificar,Sin especificar,Sin especificar,2021,7,SÁBADO,17,Tarde,Fines de semana
12.99,1,0,0,15502,00000,Recta,Carretera,Fronto-lateral                                     ,DESCONOCID,CV-836,Carretera Convencional de doble calzada,Autonómica,Ambos,Seco y limpio,"Luz del día natural, solar",Despejado,,Nivel blanco,,No,No,No,No,No,No,Sí,2021,9,MIÉRCOLES,13,Tarde,Dias laborables
21.6,0,4,2,15503,03105,Recta,Carretera,Frontal                                            ,,CV-83,Carretera Convencional de calzada única,Autonómica,Ascendente,Seco y limpio,Sin luz natural ni artificial,Nublado,Niebla intensa,Nivel blanco,,No,No,No,No,No,No,Sí,2021,10,VIERNES,7,Mañana,Dias laborables
,1,0,0,15504,03105,No aplica,Calle,Atropello a personas                               ,,No inventariada,Calle,Municipal,Se desconoce,Seco y limpio,"Luz del día natural, solar",Despejado,,Nivel verde,,Sin especificar,Sin especificar,Sin especificar,Sin especificar,Sin especificar,Sin especificar,Sin especificar,2021,7,MARTES,13,Tarde,Dias laborables
20.6,1,0,0,15505,00000,Recta,Carretera,Salida de la vía por la izquierda con colisión     ,,CV-700,Carretera Convencional de calzada única,Autonómica,Ascendente,Seco y limpio,"Luz del día natural, solar",Nublado,,Nivel blanco,,Sin especificar,Sin especificar,Sin especificar,Sin especificar,Sin especificar,Sin especificar,Sin especificar,2021,4,MIÉRCOLES,17,Tarde,Dias laborables
33.9,0,1,0,15506,00000,Recta,Carretera,Salida de la vía por la derecha con despeñamiento  ,,CV-700,Carretera Convencional de calzada única,Autonómica,Descendente,Seco y limpio,"Luz del día natural, solar",Despejado,,Nivel blanco,,Sin especificar,Sin especificar,Sin especificar,Sin especificar,Sin especificar,Sin especificar,Sin especificar,2021,4,DOMINGO,10,Mañana,Fines de semana
,1,0,0,15507,00000,No aplica,Calle,Atropello a personas                               ,,No inventariada,Otro,Autonómica,Se desconoce,Seco y limpio,"Luz del día natural, solar",Despejado,,Nivel blanco,,Sin especificar,Sin especificar,Sin especificar,Sin especificar,Sin especificar,Sin especificar,Sin especificar,2021,6,MIÉRCOLES,18,Noche,Dias laborables
38.2,1,0,0,15508,03107,Curva señalizada,Carretera,Salida de la vía por la derecha otro tipo          ,,CV-70,Carretera Convencional de calzada única,Autonómica,Descendente,Seco y limpio,"Luz del día natural, solar",Despejado,,Nivel blanco,,Sin especificar,Sin especificar,Sin especificar,Sin especificar,Sin especificar,Sin especificar,Sin especificar,2021,2,MIÉRCOLES,17,Tarde,Dias laborables
37.1,1,0,0,15509,03107,Curva sin señalizar,Carretera,Salida de la vía por la derecha con colisión       ,,CV-70,Carretera Convencional de calzada única,Autonómica,Ascendente,Mojado,Sin luz natural ni artificial,Lluvia fuerte,,Nivel blanco,,Sin especificar,Sin especificar,Sin especificar,Sin especificar,Sin especificar,Sin especificar,Sin especificar,2021,3,SÁBADO,22,Noche,Fines de semana
37.9,1,0,0,15510,03107,Curva señalizada,Carretera,Salida de la vía por la derecha con despeñamiento  ,,CV-70,Carretera Convencional de calzada única,Autonómica,Ascendente,Seco y limpio,"Luz del día natural, solar",Nublado,,Nivel blanco,,Sin especificar,Sin especificar,Sin especificar,Sin especificar,Sin especificar,Sin especificar,Sin especificar,2021,6,MIÉRCOLES,12,Tarde,Dias laborables
38.7,1,0,0,15511,03107,Recta,Carretera,Múltiple o en caravana                             ,,CV-70,Carretera Convencional de calzada única,Autonómica,Descendente,Seco y limpio,"Luz del día natural, solar",Despejado,,Sin especificar,,Sin especificar,Sin especificar,Sin especificar,Sin especificar,Sin especificar,Sin especificar,Sin especificar,2021,10,VIERNES,11,Mañana,Dias laborables
38.5,1,0,0,15512,03107,Curva señalizada,Carretera,Salida de la vía por la derecha otro tipo          ,,CV-70,Carretera Convencional de calzada única,Autonómica,Ascendente,Seco y limpio,Sin luz natural ni artificial,Nublado,,Nivel blanco,Viento fuerte,Sin especificar,Sin especificar,Sin especificar,Sin especificar,Sin especificar,Sin especificar,Sin especificar,2021,11,SÁBADO,18,Noche,Fines de semana
54.5,5,1,0,15513,03107,Curva señalizada,Carretera,Frontal                                            ,,CV-715,Carretera Convencional de calzada única,Autonómica,Ascendente,Seco y limpio,Sin luz natural ni artificial,Despejado,,Nivel blanco,,Sin especificar,Sin especificar,Sin especificar,Sin especificar,Sin especificar,Sin especificar,Sin especificar,2021,12,LUNES,19,Noche,Dias laborables
2.7,1,0,0,15514,03099,Curva señalizada,Carretera,Vuelco                                             ,,CV-912,Carretera Convencional de calzada única,Autonómica,Ascendente,Seco y limpio,"Luz del día natural, solar",Despejado,,Nivel blanco,,Sin especificar,Sin especificar,Sin especificar,Sin especificar,Sin especificar,Sin especificar,Sin especificar,2021,4,DOMINGO,18,Noche,Fines de semana
3.5,1,0,0,15515,03099,Curva señalizada,Carretera,Salida de la vía por la izquierda con colisión     ,,CV-912,Carretera Convencional de calzada única,Autonómica,Ascendente,Seco y limpio,"Luz del día natural, solar",Nublado,,Nivel blanco,,Sin especificar,Sin especificar,Sin especificar,Sin especificar,Sin especificar,Sin especificar,Sin especificar,2021,5,LUNES,9,Mañana,Dias laborables
0.1,6,0,0,15516,00000,Recta,Carretera,Fronto-lateral                                     ,,No inventariada,Carretera Convencional de calzada única,Municipal,Descendente,Seco y limpio,"Luz del día natural, solar",Despejado,,Nivel blanco,,No,No,No,No,No,No,No,2021,5,DOMINGO,22,Noche,Fines de semana
1.8,1,0,0,15517,03099,Recta,Carretera,Salida de la vía por la derecha otro tipo          ,,CV-911,Carretera Convencional de calzada única,Autonómica,Ascendente,Seco y limpio,"Luz del día natural, solar",Despejado,,Nivel blanco,,Sin especificar,Sin especificar,Sin especificar,Sin especificar,Sin especificar,Sin especificar,Sin especificar,2021,10,VIERNES,16,Tarde,Dias laborables
6.9,1,0,0,15518,00000,Curva señalizada,Carretera,Caída                                              ,,CV-728,Carretera Convencional de calzada única,"Provincial, Cabildo/Consell",Ascendente,Seco y limpio,"Luz del día natural, solar",Despejado,,Sin especificar,,Sin especificar,Sin especificar,Sin especificar,Sin especificar,Sin especificar,Sin especificar,Sin especificar,2021,7,MARTES,15,Tarde,Dias laborables
692.7,1,0,0,15519,03049,Curva sin señalizar,Carretera,Por alcance                                        ,,N-340,Carretera Convencional de calzada única,Estatal,Ascendente,Seco y limpio,"Luz del día natural, solar",Despejado,,Nivel blanco,,No,No,No,No,No,No,No,2021,2,SÁBADO,13,Tarde,Fines de semana
0.2,1,0,0,15520,03111,Recta,Carretera,Por alcance                                        ,,CAMINO DE,Camino vecinal,Municipal,Ascendente,Seco y limpio,"Luz del día natural, solar",Despejado,,Nivel blanco,,Sin especificar,Sin especificar,Sin especificar,Sin especificar,Sin especificar,Sin especificar,Sin especificar,2021,6,LUNES,19,Noche,Dias laborables
2.8,1,0,0,15521,03111,Recta,Carretera,"Salida de la vía por la izquierda, otro tipo       ",,CV-900,Carretera Convencional de calzada única,Autonómica,Ascendente,Seco y limpio,"Luz del día natural, solar",Despejado,,Nivel blanco,,Sin especificar,Sin especificar,Sin especificar,Sin especificar,Sin especificar,Sin especificar,Sin especificar,2021,8,LUNES,11,Mañana,Dias laborables
2.7,1,0,0,15522,03111,Curva señalizada,Carretera,Fronto-lateral                                     ,,CV-900,Carretera Convencional de calzada única,Autonómica,Descendente,Seco y limpio,"Luz del día natural, solar",Nublado,,Nivel blanco,,No,No,No,No,No,Sí,No,2021,10,MARTES,10,Mañana,Dias laborables
1.1,0,1,0,15523,00000,Curva señalizada,Carretera,Salida de la vía por la derecha con vuelco         ,,CV-782,Carretera Convencional de calzada única,"Provincial, Cabildo/Consell",Descendente,Seco y limpio,"Luz del día natural, solar",Despejado,,Nivel blanco,,Sin especificar,Sin especificar,Sin especificar,Sin especificar,Sin especificar,Sin especificar,Sin especificar,2021,2,JUEVES,17,Tarde,Dias laborables
,1,0,0,15524,00000,No aplica,Calle,Otro tipo de accidente                             ,,No inventariada,Calle,Municipal,Se desconoce,Seco y limpio,"Luz del día natural, solar",Nublado,,Nivel blanco,,No,No,No,No,No,No,No,2021,4,VIERNES,19,Noche,Dias laborables
1.1,1,0,0,15525,00000,Recta,Carretera,Salida de la vía por la derecha otro tipo          ,,CV-782,Carretera Convencional de calzada única,"Provincial, Cabildo/Consell",Descendente,Otra,"Luz del día natural, solar",Nublado,,Nivel blanco,,Sin especificar,Sin especificar,Sin especificar,Sin especificar,Sin especificar,Sin especificar,Sin especificar,2021,6,SÁBADO,9,Mañana,Fines de semana
3.0,1,0,0,15526,00000,Curva señalizada,Carretera,Salida de la vía por la derecha otro tipo          ,,CV-782,Carretera Convencional de calzada única,"Provincial, Cabildo/Consell",Descendente,Seco y limpio,"Luz del día natural, solar",Despejado,,Nivel blanco,,Sin especificar,Sin especificar,Sin especificar,Sin especificar,Sin especificar,Sin especificar,Sin especificar,2021,9,SÁBADO,10,Mañana,Fines de semana
28.213,1,0,0,15527,00000,Curva señalizada,Carretera,Salida de la vía por la derecha otro tipo          ,,CV-775,Carretera Convencional de calzada única,Autonómica,Descendente,Seco y limpio,"Luz del día natural, solar",Despejado,,Nivel verde,,Sin especificar,Sin especificar,Sin especificar,Sin especificar,Sin especificar,Sin especificar,Sin especificar,2021,11,DOMINGO,9,Mañana,Fines de semana
20.3,1,0,1,15528,03113,Curva sin señalizar,Carretera,Frontal                                            ,,CV-91,Carretera Convencional de calzada única,Autonómica,Descendente,Seco y limpio,"Luz del día natural, solar",Despejado,,Nivel blanco,,Sin especificar,Sin especificar,Sin especificar,Sin especificar,Sin especificar,Sin especificar,Sin especificar,2021,1,LUNES,12,Tarde,Dias laborables
15.5,1,0,0,15529,03113,Curva sin señalizar,Carretera,Salida de la vía por la izquierda con colisión     ,,CV-920,Carretera Convencional de calzada única,Autonómica,Descendente,Seco y limpio,Sin luz natural y con iluminación artificial encen,Despejado,,Nivel blanco,,No,No,No,No,No,No,No,2021,2,DOMINGO,22,Noche,Fines de semana
20.0,2,0,0,15530,03113,Recta,Carretera,Fronto-lateral                                     ,,CV-91,Carretera Convencional de calzada única,Autonómica,Ambos,Seco y limpio,Sin luz natural ni artificial,Despejado,,Nivel blanco,,Sin especificar,Sin especificar,Sin especificar,Sin especificar,Sin especificar,Sin especificar,Sin especificar,2021,3,VIERNES,19,Noche,Dias laborables
1.6,1,0,0,15531,03113,Recta,Carretera,Lateral                                            ,,CV-895,Carretera Convencional de calzada única,Autonómica,Ascendente,Seco y limpio,"Luz del día natural, solar",Despejado,,Nivel blanco,,No,No,No,Sí,No,No,No,2021,3,MARTES,9,Mañana,Dias laborables
3.9,0,1,0,15532,03113,Curva señalizada,Carretera,Salida de la vía por la derecha con vuelco         ,,CV-905,Carretera Convencional de calzada única,Autonómica,Descendente,Seco y limpio,Sin luz natural y con iluminación artificial no en,Despejado,,Nivel blanco,,No,No,No,No,No,No,No,2021,4,MIÉRCOLES,22,Noche,Dias laborables
1.1,1,0,0,15533,03113,Curva señalizada,Carretera,Caída                                              ,,CV-895,Carretera Convencional de calzada única,Autonómica,Descendente,Seco y limpio,"Luz del día natural, solar",Despejado,,Nivel blanco,,No,No,No,No,No,No,No,2021,4,DOMINGO,12,Tarde,Fines de semana
1.087,1,0,0,15534,03113,Curva señalizada,Carretera,"Salida de la vía por la izquierda, otro tipo       ",CV-905,CV-905,Carretera Convencional de doble calzada,Autonómica,Ascendente,Seco y limpio,"Luz del día natural, solar",Despejado,,Nivel verde,,No,No,No,No,No,No,No,2021,5,JUEVES,11,Mañana,Dias laborables
2.5,1,0,0,15535,03113,Recta,Carretera,Caída                                              ,,CV-905,Carretera Convencional de doble calzada,Autonómica,Descendente,Se desconoce,"Luz del día natural, solar",Despejado,,Nivel blanco,,No,No,No,No,No,Sí,No,2021,6,MIÉRCOLES,20,Noche,Dias laborables
1.05,1,0,0,15536,03113,Recta,Carretera,Fronto-lateral                                     ,,CV-905,Carretera Convencional de calzada única,Autonómica,Ascendente,Seco y limpio,"Luz del día natural, solar",Despejado,,Nivel blanco,,No,No,No,No,No,Sí,No,2021,8,MARTES,8,Mañana,Dias laborables
0.8,2,0,0,15537,03133,Recta,Carretera,Múltiple o en caravana                             ,,CV-895,Carretera Convencional de calzada única,Autonómica,Ascendente,Seco y limpio,"Luz del día natural, solar",Despejado,,Nivel blanco,,Sin especificar,Sin especificar,Sin especificar,Sin especificar,Sin especificar,Sin especificar,Sin especificar,2021,8,LUNES,8,Mañana,Dias laborables
1.035,1,0,0,15538,03113,Curva señalizada,Carretera,Fronto-lateral                                     ,CV-905,CV-905,Carretera Convencional de doble calzada,Autonómica,Ascendente,Seco y limpio,"Luz del día natural, solar",Despejado,,Nivel blanco,,No,No,No,No,No,Sí,No,2021,8,SÁBADO,9,Mañana,Fines de semana
2.2,1,0,0,15539,03113,Curva señalizada,Carretera,Fronto-lateral                                     ,,CV-895,Carretera Convencional de calzada única,Autonómica,Descendente,Seco y limpio,"Luz del día natural, solar",Despejado,,Nivel blanco,,No,No,Sí,No,No,Sí,No,2021,9,SÁBADO,9,Mañana,Fines de semana
2.0,1,0,0,15540,03113,Recta,Carretera,Fronto-lateral                                     ,,CV-905A,Vía para automóviles,Autonómica,Ambos,Seco y limpio,"Luz del día natural, solar",Despejado,,Nivel blanco,,Sin especificar,Sin especificar,Sin especificar,Sin especificar,Sin especificar,Sin especificar,Sin especificar,2021,10,LUNES,10,Mañana,Dias laborables