KM,TOTAL_HL24H,TOTAL_HG24H,TOTAL_MU24H,id,COD_MUNICIPIO,TRAZADO_PLANTA,ZONA,TIPO_ACCIDENTE,CARRETERA_CRUCE,CARRETERA,TIPO_VIA,TITULARIDAD_VIA,SENTIDO_1F,CONDICION_FIRME,CONDICION_ILUMINACION,CONDICION_METEO,CONDICION_NIEBLA,CONDICION_NIVEL_CIRCULA,CONDICION_VIENTO,PRIORI_AGENTE,PRIORI_CIRCUNSTANCIAL,PRIORI_HORIZ_CEDA,PRIORI_HORIZ_STOP,PRIORI_SEMAFORO,PRIORI_VERT_CEDA,PRIORI_VERT_STOP,ANYO,MES,DIA,HORA,FRANJA_HORARIA,TIPO_DIA
89.951,3,0,0,15628,03121,Recta,Carretera,Por alcance                                        ,,N-332,Carretera Convencional de calzada única,Estatal,Descendente,Seco y limpio,"Luz del día natural, solar",Despejado,,Nivel amarillo,,Sin especificar,Sin especificar,Sin especificar,Sin especificar,Sin especificar,Sin especificar,Sin especificar,2021,8,VIERNES,10,Mañana,Dias laborables
10.8,1,0,0,15629,03121,Recta,Carretera,Fronto-lateral                                     ,,CV-865,Carretera Convencional de calzada única,Autonómica,Ascendente,Seco y limpio,"Luz del día natural, solar",Despejado,,Nivel blanco,,No,No,No,Sí,No,No,No,2021,8,VIERNES,10,Mañana,Dias laborables
,1,0,0,15630,03121,No aplica,Calle,Atropello a personas                               ,,No inventariada,Calle,Municipal,Se desconoce,Seco y limpio,"Luz del día natural, solar",Despejado,,Nivel blanco,,Sin especificar,Sin especificar,Sin especificar,Sin especificar,Sin especificar,Sin especificar,Sin especificar,2021,8,JUEVES,12,Tarde,Dias laborables
,1,0,0,15631,03121,No aplica,Calle,Otro tipo de accidente                             ,,No inventariada,Calle,Municipal,Se desconoce,Seco y limpio,"Luz del día natural, solar",Despejado,,Se desconoce,,No,No,No,No,No,No,No,2021,8,JUEVES,16,Tarde,Dias laborables
,1,0,0,15632,03121,No aplica,Calle,Caída                                              ,,No inventariada,Calle,Municipal,Se desconoce,Seco y limpio,"Luz del día natural, solar",Despejado,,Se desconoce,,No,No,No,No,No,No,No,2021,8,DOMINGO,13,Tarde,Fines de semana
,1,0,0,15633,03121,No aplica,Calle,Caída                                              ,,No inventariada,Calle,Municipal,Se desconoce,Seco y limpio,"Luz del día natural, solar",Despejado,,Nivel verde,,Sin especificar,Sin especificar,Sin especificar,Sin especificar,Sin especificar,Sin especificar,Sin especificar,2021,8,SÁBADO,18,Noche,Fines de semana
,1,0,0,15634,03121,No aplica,Calle,Por alcance                                        ,,No inventariada,Calle,Municipal,Se desconoce,Seco y limpio,"Luz del día natural, solar",Despejado,,Se desconoce,,Sin especificar,Sin especificar,Sin especificar,Sin especificar,Sin especificar,Sin especificar,Sin especificar,2021,8,DOMINGO,19,Noche,Fines de semana
,0,1,0,15635,03121,No aplica,Calle,Atropello a personas                               ,,No inventariada,Calle,Municipal,Se desconoce,Seco y limpio,"Luz del día natural, solar",Despejado,,Nivel amarillo,,Sin especificar,Sin especificar,Sin especificar,Sin especificar,Sin especificar,Sin especificar,Sin especificar,2021,7,SÁBADO,13,Tarde,Fines de semana
10.696,1,0,0,15636,03121,Curva señalizada,Carretera,Caída                                              ,,CV-865,Carretera Convencional de calzada única,Autonómica,Ascendente,Seco y limpio,"Luz del día natural, solar",Despejado,,Nivel blanco,,No,No,No,No,No,Sí,No,2021,8,VIERNES,14,Tarde,Dias laborables
,1,0,0,15637,03121,No aplica,Calle,Fronto-lateral                                     ,,No inventariada,Calle,Municipal,Se desconoce,Seco y limpio,"Amanecer o atardecer, con luz artificial",Despejado,,Se desconoce,,No,No,No,Sí,No,No,Sí,2021,8,LUNES,20,Noche,Dias laborables
12.0,1,0,0,15638,03121,Recta,Carretera,Fronto-lateral                                     ,,CV-865,Carretera Convencional de calzada única,Autonómica,Descendente,Seco y limpio,"Luz del día natural, solar",Despejado,,Nivel verde,,No,No,No,No,No,Sí,No,2021,9,MIÉRCOLES,14,Tarde,Dias laborables
,2,0,0,15639,03121,No aplica,Calle,Fronto-lateral                                     ,,No inventariada,Calle,Municipal,Se desconoce,Seco y limpio,Sin luz natural y con iluminación artificial encen,Despejado,,Se desconoce,,No,No,No,No,No,No,Sí,2021,9,MIÉRCOLES,21,Noche,Dias laborables
93.3,1,0,0,15640,03121,Recta,Carretera,Múltiple o en caravana                             ,,N-332,Carretera Convencional de calzada única,Estatal,Ascendente,Mojado,"Luz del día natural, solar",Lluvia débil,,Nivel amarillo,,Sin especificar,Sin especificar,Sin especificar,Sin especificar,Sin especificar,Sin especificar,Sin especificar,2021,9,MARTES,7,Mañana,Dias laborables
82.0,4,0,0,15641,03121,Recta,Carretera,Lateral                                            ,,N-332,Carretera Convencional de calzada única,Estatal,Ascendente,Seco y limpio,Sin luz natural ni artificial,Despejado,,Nivel blanco,,Sin especificar,Sin especificar,Sin especificar,Sin especificar,Sin especificar,Sin especificar,Sin especificar,2021,9,JUEVES,7,Mañana,Dias laborables
,1,0,0,15642,03121,No aplica,Calle,Fronto-lateral                                     ,,No inventariada,Calle,Municipal,Se desconoce,Seco y limpio,"Luz del día natural, solar",Despejado,,Se desconoce,,No,No,No,Sí,No,No,Sí,2021,9,JUEVES,18,Noche,Dias laborables
4.0,1,0,0,15643,03121,Curva sin señalizar,Carretera,Salida de la vía por la derecha otro tipo          ,,CARABASÍ,Camino vecinal,Municipal,Ascendente,Seco y limpio,"Amanecer o atardecer, sin luz artificial",Despejado,,Nivel blanco,,Sin especificar,Sin especificar,Sin especificar,Sin especificar,Sin especificar,Sin especificar,Sin especificar,2021,9,LUNES,7,Mañana,Dias laborables
,1,0,0,15644,03121,No aplica,Calle,Fronto-lateral                                     ,,No inventariada,Calle,Municipal,Se desconoce,Seco y limpio,"Luz del día natural, solar",Despejado,,Se desconoce,,No,No,No,Sí,No,No,Sí,2021,10,MARTES,15,Tarde,Dias laborables
90.5,1,0,0,15645,03121,Recta,Carretera,Por alcance                                        ,,N-332,Carretera Convencional de calzada única,Estatal,Ascendente,Seco y limpio,"Luz del día natural, solar",Despejado,,Nivel amarillo,,Sin especificar,Sin especificar,Sin especificar,Sin especificar,Sin especificar,Sin especificar,Sin especificar,2021,10,VIERNES,8,Mañana,Dias laborables
11.7,1,0,0,15646,03121,Recta,Carretera,Caída                                              ,,CV-865,Carretera Convencional de calzada única,Autonómica,Descendente,Seco y limpio,"Luz del día natural, solar",Despejado,,Nivel blanco,,Sin especificar,Sin especificar,Sin especificar,Sin especificar,Sin especificar,Sin especificar,Sin especificar,2021,10,MARTES,15,Tarde,Dias laborables
91.25,1,0,0,15647,03121,Recta,Carretera,Por alcance                                        ,,N-332,Carretera Convencional de calzada única,Estatal,Descendente,Seco y limpio,"Luz del día natural, solar",Despejado,,Nivel amarillo,,Sin especificar,Sin especificar,Sin especificar,Sin especificar,Sin especificar,Sin especificar,Sin especificar,2021,10,DOMINGO,8,Mañana,Fines de semana
88.1,1,0,0,15648,03121,Recta,Carretera,Fronto-lateral                                     ,,N-332,Carretera Convencional de calzada única,Estatal,Ascendente,Seco y limpio,"Luz del día natural, solar",Despejado,,Nivel verde,,No,No,No,Sí,No,No,Sí,2021,10,MIÉRCOLES,17,Tarde,Dias laborables
92.3,3,0,0,15649,03121,Recta,Carretera,Por alcance                                        ,,N-332,Carretera Convencional de calzada única,Estatal,Ascendente,Seco y limpio,"Luz del día natural, solar",Despejado,,Nivel amarillo,,Sin especificar,Sin especificar,Sin especificar,Sin especificar,Sin especificar,Sin especificar,Sin especificar,2021,10,JUEVES,9,Mañana,Dias laborables
,1,0,0,15650,03121,No aplica,Calle,Caída                                              ,,No inventariada,Calle,Municipal,Se desconoce,Seco y limpio,"Luz del día natural, solar",Despejado,,Se desconoce,,Sin especificar,Sin especificar,Sin especificar,Sin especificar,Sin especificar,Sin especificar,Sin especificar,2021,10,MARTES,14,Tarde,Dias laborables
91.6,3,0,0,15651,03121,Recta,Carretera,Por alcance                                        ,,N-332,Carretera Convencional de calzada única,Estatal,Descendente,Seco y limpio,"Luz del día natural, solar",Despejado,,Nivel blanco,,Sin especificar,Sin especificar,Sin especificar,Sin especificar,Sin especificar,Sin especificar,Sin especificar,2021,10,DOMINGO,10,Mañana,Fines de semana
83.938,1,0,0,15652,03121,Curva sin señalizar,Carretera,Salida de la vía por la derecha con colisión       ,,N-332,Carretera Convencional de calzada única,Estatal,Ascendente,Seco y limpio,Sin luz natural ni artificial,Despejado,,Nivel blanco,,Sin especificar,Sin especificar,Sin especificar,Sin especificar,Sin especificar,Sin especificar,Sin especificar,2021,11,LUNES,19,Noche,Dias laborables
11.8,1,0,0,15653,03121,Curva señalizada,Carretera,Fronto-lateral                                     ,,CV-865,Vía para automóviles,Autonómica,Ambos,Seco y limpio,"Luz del día natural, solar",Despejado,,Nivel blanco,,No,No,No,No,No,Sí,No,2021,11,DOMINGO,12,Tarde,Fines de semana
,1,0,0,15654,03121,No aplica,Calle,Salida de la vía por la derecha con despeñamiento  ,,No inventariada,Calle,Municipal,Se desconoce,Otra,"Luz del día natural, solar",Despejado,,Nivel blanco,,Sin especificar,Sin especificar,Sin especificar,Sin especificar,Sin especificar,Sin especificar,Sin especificar,2021,11,MIÉRCOLES,16,Tarde,Dias laborables
,1,0,0,15655,03121,No aplica,Calle,Fronto-lateral                                     ,,No inventariada,Calle,Municipal,Se desconoce,Seco y limpio,"Luz del día natural, solar",Despejado,,Nivel blanco,,No,No,No,Sí,Sí,No,Sí,2021,11,MARTES,9,Mañana,Dias laborables
11.8,1,0,0,15656,03121,Curva sin señalizar,Carretera,Atropello a personas                               ,,CV-865,Carretera Convencional de calzada única,Autonómica,Ascendente,Seco y limpio,"Luz del día natural, solar",Despejado,,Nivel verde,,No,No,No,No,No,No,No,2021,11,VIERNES,12,Tarde,Dias laborables
85.3,1,0,0,15657,03121,Recta,Carretera,Fronto-lateral                                     ,,N-332,Carretera Convencional de calzada única,Estatal,Descendente,Seco y limpio,"Luz del día natural, solar",Despejado,,Nivel verde,,No,No,No,No,No,No,Sí,2021,11,JUEVES,12,Tarde,Dias laborables
11.8,1,0,0,15658,03121,Recta,Carretera,Atropello a personas                               ,,CV-865,Carretera Convencional de calzada única,Autonómica,Ascendente,Seco y limpio,"Luz del día natural, solar",Despejado,,Nivel blanco,,Sin especificar,Sin especificar,Sin especificar,Sin especificar,Sin especificar,Sin especificar,Sin especificar,2021,12,LUNES,9,Mañana,Dias laborables
,4,0,0,15659,03121,No aplica,Calle,Lateral                                            ,,No inventariada,Calle,Municipal,Se desconoce,Seco y limpio,Sin luz natural y con iluminación artificial encen,Despejado,,Sin especificar,,No,No,No,No,No,No,Sí,2021,7,LUNES,1,Madrugada,Dias laborables
92.3,1,0,0,15660,03121,Recta,Carretera,Por alcance                                        ,,N-332,Carretera Convencional de calzada única,Estatal,Ascendente,Seco y limpio,"Luz del día natural, solar",Despejado,,Nivel blanco,,No,No,No,Sí,No,No,Sí,2021,12,VIERNES,15,Tarde,Dias laborables
4.8,1,0,0,15661,03119,Recta,Carretera,Salida de la vía por la derecha con vuelco         ,,CV-821,Carretera Convencional de doble calzada,Autonómica,Ascendente,Seco y limpio,"Luz del día natural, solar",Despejado,,Nivel blanco,,Sin especificar,Sin especificar,Sin especificar,Sin especificar,Sin especificar,Sin especificar,Sin especificar,2021,1,MARTES,13,Tarde,Dias laborables
0.0,2,0,0,15662,03122,Curva señalizada,Carretera,Por alcance                                        ,,CV-820,Carretera Convencional de calzada única,Autonómica,Ascendente,Seco y limpio,Sin luz natural y con iluminación artificial no en,Despejado,,Nivel blanco,,No,No,Sí,No,No,Sí,No,2021,2,LUNES,19,Noche,Dias laborables
490.0,1,0,0,15663,03122,Recta,Carretera,Por alcance                                        ,,A-77,Autovía,Otra,Ascendente,Seco y limpio,"Luz del día natural, solar",Despejado,,Nivel blanco,,Sin especificar,Sin especificar,Sin especificar,Sin especificar,Sin especificar,Sin especificar,Sin especificar,2021,2,VIERNES,11,Mañana,Dias laborables
485.197,1,0,0,15664,00000,Recta,Carretera,"Salida de la vía por la izquierda, otro tipo       ",,A-7,Autovía,Estatal,Ascendente,Seco y limpio,"Luz del día natural, solar",Despejado,,Nivel verde,,Sin especificar,Sin especificar,Sin especificar,Sin especificar,Sin especificar,Sin especificar,Sin especificar,2021,3,VIERNES,18,Noche,Dias laborables
487.749,1,0,0,15665,03014,Recta,Carretera,Salida de la vía por la derecha con vuelco         ,,A-7,Autovía,Estatal,Ascendente,Seco y limpio,"Luz del día natural, solar",Despejado,,Nivel blanco,,Sin especificar,Sin especificar,Sin especificar,Sin especificar,Sin especificar,Sin especificar,Sin especificar,2021,3,SÁBADO,14,Tarde,Fines de semana
0.8,1,0,0,15666,03122,Curva señalizada,Carretera,Fronto-lateral                                     ,A-77a,A-77a,Autovía,Estatal,Descendente,Seco y limpio,"Luz del día natural, solar",Despejado,,Nivel blanco,,No,No,Sí,No,No,Sí,No,2021,3,MIÉRCOLES,11,Mañana,Dias laborables
11.997,3,0,0,15667,03014,Curva sin señalizar,Autopista o autovía urbana,Por alcance                                        ,,A-70,Autovía,Estatal,Ascendente,Seco y limpio,"Luz del día natural, solar",Despejado,,Nivel blanco,,No,No,No,No,No,Sí,No,2021,5,DOMINGO,14,Tarde,Fines de semana
0.3,2,0,0,15668,03014,Recta,Carretera,Por alcance                                        ,,A-77a,Autovía,Estatal,Ascendente,Seco y limpio,"Luz del día natural, solar",Despejado,,Nivel blanco,,No,No,Sí,No,No,Sí,No,2021,6,LUNES,19,Noche,Dias laborables
0.8,1,0,0,15669,03122,Curva señalizada,Carretera,Salida de la vía por la derecha otro tipo          ,,A-77a,Autovía,Estatal,Ascendente,Seco y limpio,"Luz del día natural, solar",Despejado,,Nivel blanco,,No,No,Sí,No,No,Sí,No,2021,6,MARTES,13,Tarde,Dias laborables
0.0,1,0,0,15670,03122,Curva señalizada,Carretera,Por alcance                                        ,,A-77a,Autovía,Estatal,Ascendente,Seco y limpio,"Luz del día natural, solar",Despejado,,Nivel blanco,,No,No,No,No,No,Sí,No,2021,6,MARTES,15,Tarde,Dias laborables
0.0,2,0,0,15671,03122,Curva señalizada,Carretera,Lateral                                            ,,A-77a,Autovía,Estatal,Ascendente,Seco y limpio,"Luz del día natural, solar",Despejado,,Nivel blanco,,No,No,No,No,No,Sí,No,2021,8,SÁBADO,15,Tarde,Fines de semana
4.4,1,0,0,15672,03122,Recta,Carretera,Por alcance                                        ,CV-820,No inventariada,Vía de servicio,Otra,Ascendente,Seco y limpio,"Luz del día natural, solar",Despejado,,Nivel blanco,,No,No,No,No,No,No,No,2021,9,VIERNES,18,Noche,Dias laborables
0.0,3,0,0,15673,03014,Recta,Carretera,Por alcance                                        ,,A-77a,Autovía,Estatal,Ascendente,Seco y limpio,"Luz del día natural, solar",Despejado,,Nivel blanco,,No,No,Sí,No,No,Sí,No,2021,11,MARTES,13,Tarde,Dias laborables
0.8,1,0,0,15674,03122,Curva señalizada,Carretera,Fronto-lateral                                     ,CV-821,A-77a,Autovía,Estatal,Ascendente,Seco y limpio,"Luz del día natural, solar",Despejado,,Nivel amarillo,,No,No,No,No,No,No,No,2021,12,MIÉRCOLES,7,Mañana,Dias laborables
3.3,1,0,0,15675,03122,Curva señalizada,Carretera,"Salida de la vía por la izquierda, otro tipo       ",A-7,A-77a,Autovía,Estatal,Ascendente,Seco y limpio,Sin luz natural ni artificial,Despejado,,Nivel blanco,,No,No,Sí,No,No,Sí,No,2021,12,JUEVES,3,Madrugada,Dias laborables
1.8,1,0,0,15676,03122,Recta,Carretera,Por alcance                                        ,,A-77a,Autovía,Estatal,Ascendente,Seco y limpio,"Luz del día natural, solar",Despejado,,Nivel blanco,,No,No,No,No,No,No,No,2021,12,MARTES,13,Tarde,Dias laborables
2.2,1,0,0,15677,03014,Recta,Carretera,Múltiple o en caravana                             ,,A-77,Autovía,Estatal,Descendente,Seco y limpio,"Luz del día natural, solar",Despejado,,Nivel amarillo,,Sin especificar,Sin especificar,Sin especificar,Sin especificar,Sin especificar,Sin especificar,Sin especificar,2021,12,LUNES,8,Mañana,Dias laborables
0.8,1,0,0,15678,03122,Recta,Carretera,Fronto-lateral                                     ,,A-77a,Autovía,Estatal,Ascendente,Seco y limpio,"Luz del día natural, solar",Nublado,,Nivel verde,,No,No,No,No,No,Sí,No,2021,12,JUEVES,14,Tarde,Dias laborables
195.752,2,0,0,15679,03123,Recta,Autopista o autovía urbana,Atropello a animales                               ,,A-31,Autovía,Estatal,Descendente,Seco y limpio,Sin luz natural ni artificial,Despejado,,Nivel blanco,,Sin especificar,Sin especificar,Sin especificar,Sin especificar,Sin especificar,Sin especificar,Sin especificar,2021,5,SÁBADO,22,Noche,Fines de semana
198.832,1,0,0,15680,03104,Curva señalizada,Carretera,Salida de la vía por la izquierda con vuelco       ,,A-31,Autovía,Estatal,Ascendente,Seco y limpio,Sin luz natural ni artificial,Despejado,,Nivel verde,,Sin especificar,Sin especificar,Sin especificar,Sin especificar,Sin especificar,Sin especificar,Sin especificar,2021,5,LUNES,0,Madrugada,Dias laborables
195.0,1,0,0,15681,03123,Recta,Carretera,Lateral                                            ,,A-31,Autovía,Estatal,Ascendente,Seco y limpio,"Luz del día natural, solar",Despejado,,Nivel amarillo,,Sin especificar,Sin especificar,Sin especificar,Sin especificar,Sin especificar,Sin especificar,Sin especificar,2021,7,MIÉRCOLES,17,Tarde,Dias laborables
194.8,9,0,0,15682,03123,Recta,Carretera,Múltiple o en caravana                             ,,A-31,Autovía,Estatal,Descendente,Seco y limpio,"Luz del día natural, solar",Despejado,,Nivel amarillo,,Sin especificar,Sin especificar,Sin especificar,Sin especificar,Sin especificar,Sin especificar,Sin especificar,2021,8,DOMINGO,12,Tarde,Fines de semana
,1,0,0,15683,03123,No aplica,Calle,Lateral                                            ,,No inventariada,Calle,Municipal,Se desconoce,Seco y limpio,"Luz del día natural, solar",Despejado,,Se desconoce,,No,No,No,No,No,Sí,No,2021,9,VIERNES,11,Mañana,Dias laborables
,1,0,0,15684,03123,No aplica,Calle,Atropello a personas                               ,,No inventariada,Calle,Municipal,Se desconoce,Seco y limpio,"Luz del día natural, solar",Despejado,,Se desconoce,,No,No,No,No,No,No,No,2021,9,DOMINGO,19,Noche,Fines de semana
197.1,3,0,0,15685,03123,Recta,Carretera,Lateral                                            ,,A-31,Autovía,Estatal,Ascendente,Seco y limpio,"Luz del día natural, solar",Despejado,,Nivel verde,,Sin especificar,Sin especificar,Sin especificar,Sin especificar,Sin especificar,Sin especificar,Sin especificar,2021,10,VIERNES,17,Tarde,Dias laborables
191.7,1,0,0,15686,03123,Recta,Carretera,Salida de la vía por la derecha con vuelco         ,,A-31,Autovía,Estatal,Ascendente,Seco y limpio,"Luz del día natural, solar",Despejado,,Nivel blanco,,Sin especificar,Sin especificar,Sin especificar,Sin especificar,Sin especificar,Sin especificar,Sin especificar,2021,11,SÁBADO,13,Tarde,Fines de semana
41.7,1,0,0,15687,00000,Recta,Carretera,Caída                                              ,,CV-715,Carretera Convencional de calzada única,Autonómica,Descendente,Seco y limpio,"Luz del día natural, solar",Despejado,,Nivel blanco,,No,No,No,No,No,No,No,2021,8,LUNES,15,Tarde,Dias laborables
,2,0,0,15688,03128,No aplica,Calle,Fronto-lateral                                     ,,No inventariada,Calle,Municipal,Se desconoce,Seco y limpio,Sin luz natural ni artificial,Despejado,,Nivel blanco,,No,No,No,No,No,No,No,2021,1,JUEVES,17,Tarde,Dias laborables
2.2,0,0,1,15689,03128,Curva sin señalizar,Carretera,Fronto-lateral                                     ,,CV-737,Carretera Convencional de calzada única,"Provincial, Cabildo/Consell",Descendente,Seco y limpio,"Luz del día natural, solar",Despejado,,Nivel blanco,,No,No,No,Sí,No,No,Sí,2021,3,VIERNES,9,Mañana,Dias laborables
2.2,1,0,0,15690,03128,Recta,Carretera,Salida de la vía por la derecha con colisión       ,,CV-737,Carretera Convencional de calzada única,"Provincial, Cabildo/Consell",Descendente,Seco y limpio,"Luz del día natural, solar",Despejado,,Nivel blanco,,No,No,No,Sí,No,No,No,2021,4,SÁBADO,15,Tarde,Fines de semana
8.569,1,0,0,15691,03128,Recta,Carretera,Fronto-lateral                                     ,,CV-746,Carretera Convencional de calzada única,"Provincial, Cabildo/Consell",Ascendente,Seco y limpio,"Luz del día natural, solar",Despejado,,Nivel rojo,,Sin especificar,Sin especificar,Sin especificar,Sin especificar,Sin especificar,Sin especificar,Sin especificar,2021,8,DOMINGO,17,Tarde,Fines de semana
1.9,1,0,0,15692,03128,Curva señalizada,Carretera,Fronto-lateral                                     ,,CV-740,Carretera Convencional de calzada única,"Provincial, Cabildo/Consell",Ambos,Seco y limpio,"Luz del día natural, solar",Despejado,,Se desconoce,,Sin especificar,Sin especificar,Sin especificar,Sin especificar,Sin especificar,Sin especificar,Sin especificar,2021,9,SÁBADO,11,Mañana,Fines de semana
483.6,1,0,0,15693,00000,Curva sin señalizar,Autopista o autovía urbana,Salida de la vía por la derecha con vuelco         ,,A-7,Autovía,Estatal,Ascendente,Seco y limpio,"Luz del día natural, solar",Despejado,,Se desconoce,,Sin especificar,Sin especificar,Sin especificar,Sin especificar,Sin especificar,Sin especificar,Sin especificar,2021,3,MARTES,8,Mañana,Dias laborables
483.0,1,0,0,15694,00000,Curva sin señalizar,Autopista o autovía urbana,"Salida de la vía por la izquierda, otro tipo       ",,A-7,Autovía,Estatal,Ascendente,Seco y limpio,"Luz del día natural, solar",Nublado,,Nivel blanco,,Sin especificar,Sin especificar,Sin especificar,Sin especificar,Sin especificar,Sin especificar,Sin especificar,2021,4,MARTES,13,Tarde,Dias laborables
484.161,1,0,0,15695,00000,Recta,Carretera,Atropello a animales                               ,,A-7,Autovía,Estatal,Descendente,Seco y limpio,Sin luz natural ni artificial,Despejado,,Nivel blanco,,Sin especificar,Sin especificar,Sin especificar,Sin especificar,Sin especificar,Sin especificar,Sin especificar,2021,5,SÁBADO,5,Madrugada,Fines de semana
480.2,1,0,0,15696,00000,Recta,Autopista o autovía urbana,Colisión contra obstáculo o elemento de la vía     ,,A-7,Autovía,Estatal,Descendente,Seco y limpio,"Luz del día natural, solar",Despejado,,Nivel blanco,,Sin especificar,Sin especificar,Sin especificar,Sin especificar,Sin especificar,Sin especificar,Sin especificar,2021,6,VIERNES,16,Tarde,Dias laborables
483.75,1,0,0,15697,00000,Curva señalizada,Carretera,Salida de la vía por la izquierda con colisión     ,,A-7,Autovía,Estatal,Ascendente,Seco y limpio,"Amanecer o atardecer, sin luz artificial",Despejado,,Nivel blanco,,Sin especificar,Sin especificar,Sin especificar,Sin especificar,Sin especificar,Sin especificar,Sin especificar,2021,6,VIERNES,21,Noche,Dias laborables
484.7,3,1,0,15698,00000,Curva sin señalizar,Carretera,Salida de la vía por la izquierda con colisión     ,,A-7,Autovía,Estatal,Ascendente,Seco y limpio,"Luz del día natural, solar",Despejado,,Nivel verde,,Sin especificar,Sin especificar,Sin especificar,Sin especificar,Sin especificar,Sin especificar,Sin especificar,2021,6,MIÉRCOLES,18,Noche,Dias laborables
13.2,2,0,0,15699,00000,Curva sin señalizar,Carretera,Lateral                                            ,,CV-805,Carretera Convencional de calzada única,Autonómica,Ascendente,Seco y limpio,"Luz del día natural, solar",Despejado,,Nivel blanco,,No,No,Sí,No,No,Sí,No,2021,6,DOMINGO,18,Noche,Fines de semana
482.223,1,0,0,15700,00000,Se desconoce,Carretera,Fronto-lateral                                     ,,A-7,Vía de servicio,Estatal,Descendente,Seco y limpio,Sin luz natural ni artificial,Despejado,,Nivel verde,,No,No,No,No,No,No,No,2021,8,JUEVES,22,Noche,Dias laborables
3.5,1,0,0,15701,00000,Curva sin señalizar,Carretera,Salida de la vía por la derecha otro tipo          ,,CV-713,Carretera Convencional de calzada única,"Provincial, Cabildo/Consell",Descendente,Seco y limpio,"Luz del día natural, solar",Despejado,,Nivel blanco,,Sin especificar,Sin especificar,Sin especificar,Sin especificar,Sin especificar,Sin especificar,Sin especificar,2021,2,DOMINGO,11,Mañana,Fines de semana
4.1,1,0,0,15702,00000,Curva señalizada,Carretera,Salida de la vía por la derecha otro tipo          ,,CV-713,Carretera Convencional de calzada única,"Provincial, Cabildo/Consell",Descendente,Seco y limpio,"Luz del día natural, solar",Despejado,,Nivel blanco,,Sin especificar,Sin especificar,Sin especificar,Sin especificar,Sin especificar,Sin especificar,Sin especificar,2021,9,SÁBADO,16,Tarde,Fines de semana
10.9,1,0,0,15703,00000,Curva señalizada,Carretera,Salida de la vía por la derecha con colisión       ,,CV-780,Carretera Convencional de calzada única,"Provincial, Cabildo/Consell",Descendente,Seco y limpio,"Luz del día natural, solar",Nublado,,Nivel blanco,,Sin especificar,Sin especificar,Sin especificar,Sin especificar,Sin especificar,Sin especificar,Sin especificar,2021,4,DOMINGO,11,Mañana,Fines de semana
13.96,0,3,0,15704,00000,Curva señalizada,Carretera,Lateral                                            ,,CV-780,Carretera Convencional de calzada única,"Provincial, Cabildo/Consell",Ascendente,Seco y limpio,"Luz del día natural, solar",Despejado,,Nivel blanco,,Sin especificar,Sin especificar,Sin especificar,Sin especificar,Sin especificar,Sin especificar,Sin especificar,2021,10,DOMINGO,10,Mañana,Fines de semana
758.05,1,0,1,15705,03133,Recta,Carretera,Frontal                                            ,,AP-7,Autopista libre,Estatal,Ascendente,Seco y limpio,Sin luz natural ni artificial,Despejado,,Nivel blanco,,Sin especificar,Sin especificar,Sin especificar,Sin especificar,Sin especificar,Sin especificar,Sin especificar,2021,1,LUNES,18,Noche,Dias laborables
54.1,1,0,0,15706,03133,Recta,Carretera,Colisión contra obstáculo o elemento de la vía     ,,N-332,Carretera Convencional de doble calzada,Estatal,Ascendente,Seco y limpio,Sin luz natural y con iluminación artificial encen,Despejado,,Nivel blanco,,Sin especificar,Sin especificar,Sin especificar,Sin especificar,Sin especificar,Sin especificar,Sin especificar,2021,1,MIÉRCOLES,21,Noche,Dias laborables
3.9,1,0,0,15707,03133,Curva señalizada,Carretera,Fronto-lateral                                     ,,CV-905,Carretera Convencional de doble calzada,Autonómica,Ascendente,Seco y limpio,"Luz del día natural, solar",Despejado,,Nivel blanco,,No,No,No,No,No,Sí,No,2021,1,JUEVES,11,Mañana,Dias laborables
,1,0,0,15708,03133,No aplica,Calle,Fronto-lateral                                     ,,No inventariada,Calle,Municipal,Se desconoce,Seco y limpio,"Luz del día natural, solar",Despejado,,Nivel verde,,No,No,Sí,No,No,Sí,No,2021,1,MIÉRCOLES,16,Tarde,Dias laborables
,1,0,0,15709,03133,No aplica,Calle,Caída                                              ,,No inventariada,Calle,Municipal,Se desconoce,Seco y limpio,Sin luz natural y con iluminación artificial encen,Despejado,,Nivel blanco,,Sin especificar,Sin especificar,Sin especificar,Sin especificar,Sin especificar,Sin especificar,Sin especificar,2021,2,SÁBADO,5,Madrugada,Fines de semana
54.45,1,0,0,15710,03133,Curva sin señalizar,Carretera,"Salida de la vía por la izquierda, otro tipo       ",CV-95,N-332,Ramal de enlace,Estatal,Ascendente,Mojado,"Luz del día natural, solar",Lluvia débil,,Nivel blanco,,No,No,Sí,Sí,No,No,No,2021,3,DOMINGO,9,Mañana,Fines de semana
757.45,0,1,0,15711,03133,Recta,Carretera,Salida de la vía por la izquierda con vuelco       ,,AP-7,Autopista libre,Estatal,Descendente,Seco y limpio,Sin luz natural ni artificial,Despejado,,Nivel blanco,,Sin especificar,Sin especificar,Sin especificar,Sin especificar,Sin especificar,Sin especificar,Sin especificar,2021,3,MIÉRCOLES,23,Noche,Dias laborables
9.4,1,0,0,15712,03133,Recta,Carretera,Por alcance                                        ,,CV-905,Carretera Convencional de doble calzada,Autonómica,Ascendente,Seco y limpio,"Luz del día natural, solar",Despejado,,Nivel blanco,,Sin especificar,Sin especificar,Sin especificar,Sin especificar,Sin especificar,Sin especificar,Sin especificar,2021,3,LUNES,11,Mañana,Dias laborables
,1,0,0,15713,03133,No aplica,Calle,Fronto-lateral                                     ,,No inventariada,Calle,Municipal,Se desconoce,Seco y limpio,"Luz del día natural, solar",Despejado,,Nivel verde,,No,No,No,Sí,No,No,Sí,2021,3,MARTES,16,Tarde,Dias laborables