KM,TOTAL_HL24H,TOTAL_HG24H,TOTAL_MU24H,id,COD_MUNICIPIO,TRAZADO_PLANTA,ZONA,TIPO_ACCIDENTE,CARRETERA_CRUCE,CARRETERA,TIPO_VIA,TITULARIDAD_VIA,SENTIDO_1F,CONDICION_FIRME,CONDICION_ILUMINACION,CONDICION_METEO,CONDICION_NIEBLA,CONDICION_NIVEL_CIRCULA,CONDICION_VIENTO,PRIORI_AGENTE,PRIORI_CIRCUNSTANCIAL,PRIORI_HORIZ_CEDA,PRIORI_HORIZ_STOP,PRIORI_SEMAFORO,PRIORI_VERT_CEDA,PRIORI_VERT_STOP,ANYO,MES,DIA,HORA,FRANJA_HORARIA,TIPO_DIA
5.5,2,0,0,16573,03019,Recta,Carretera,Fronto-lateral                                     ,,N-325,Carretera Convencional de doble calzada,Estatal,Ascendente,Mojado,"Luz del día natural, solar",Lluvia fuerte,,Nivel blanco,,No,No,No,No,No,Sí,No,2022,4,JUEVES,15,Tarde,Dias laborables
5.744,2,0,0,16574,03019,Recta,Carretera,Fronto-lateral                                     ,N-325,N-325,Carretera Convencional de calzada única,Estatal,Descendente,Seco y limpio,"Luz del día natural, solar",Despejado,,Nivel verde,,No,No,Sí,No,No,Sí,No,2022,5,DOMINGO,15,Tarde,Fines de semana
5.0,1,0,0,16575,03019,Curva sin señalizar,Carretera,"Salida de la vía por la izquierda, otro tipo       ",,CV-84,Carretera Convencional de doble calzada,Autonómica,Descendente,Seco y limpio,Sin luz natural ni artificial,Despejado,,Nivel blanco,,Sin especificar,Sin especificar,Sin especificar,Sin especificar,Sin especificar,Sin especificar,Sin especificar,2022,6,VIERNES,8,Mañana,Dias laborables
,1,0,0,16576,03019,No aplica,Calle,Salida de la vía por la izquierda con colisión     ,,No inventariada,Otro,Municipal,Se desconoce,Seco y limpio,"Amanecer o atardecer, con luz artificial",Despejado,,Nivel blanco,,Sin especificar,Sin especificar,Sin especificar,Sin especificar,Sin especificar,Sin especificar,Sin especificar,2022,6,SÁBADO,5,Madrugada,Fines de semana
86.0,1,0,0,16577,03019,Curva sin señalizar,Carretera,"Salida de la vía por la izquierda, otro tipo       ",,PARAJUAN C,Camino vecinal,Municipal,Descendente,Seco y limpio,"Luz del día natural, solar",Despejado,,Nivel blanco,,Sin especificar,Sin especificar,Sin especificar,Sin especificar,Sin especificar,Sin especificar,Sin especificar,2022,6,SÁBADO,16,Tarde,Fines de semana
7.5,0,1,0,16578,03019,Recta,Carretera,Atropello a personas                               ,,CV-84,Vía de servicio,Autonómica,Descendente,Seco y limpio,"Luz del día natural, solar",Despejado,,Nivel blanco,,Sin especificar,Sin especificar,Sin especificar,Sin especificar,Sin especificar,Sin especificar,Sin especificar,2022,6,JUEVES,16,Tarde,Dias laborables
1.1,1,0,0,16579,03019,Recta,Carretera,Salida de la vía por la izquierda con colisión     ,,CV-846,Carretera Convencional de calzada única,"Provincial, Cabildo/Consell",Ascendente,Seco y limpio,Sin luz natural y con iluminación artificial encen,Despejado,,Nivel blanco,,Sin especificar,Sin especificar,Sin especificar,Sin especificar,Sin especificar,Sin especificar,Sin especificar,2022,8,DOMINGO,4,Madrugada,Fines de semana
1.651,2,0,0,16580,03019,Recta,Carretera,Frontal                                            ,,CV-845,Carretera Convencional de calzada única,Autonómica,Descendente,Seco y limpio,"Luz del día natural, solar",Despejado,,Nivel verde,,No,No,No,No,No,No,Sí,2022,8,MARTES,10,Mañana,Dias laborables
12.848,1,0,0,16581,03019,Recta,Carretera,Fronto-lateral                                     ,,N-325,Vía de servicio,Estatal,Ascendente,Seco y limpio,"Luz del día natural, solar",Despejado,,Nivel verde,,Sin especificar,Sin especificar,Sin especificar,Sin especificar,Sin especificar,Sin especificar,Sin especificar,2022,9,SÁBADO,17,Tarde,Fines de semana
,1,0,0,16582,03019,No aplica,Calle,Fronto-lateral                                     ,,No inventariada,Calle,Municipal,Se desconoce,Seco y limpio,"Luz del día natural, solar",Despejado,,Se desconoce,,No,No,No,No,No,Sí,No,2022,1,MIÉRCOLES,15,Tarde,Dias laborables
,1,0,0,16583,03019,No aplica,Calle,Atropello a personas                               ,,No inventariada,Calle,Municipal,Se desconoce,Seco y limpio,"Luz del día natural, solar",Despejado,,Se desconoce,,Sin especificar,Sin especificar,Sin especificar,Sin especificar,Sin especificar,Sin especificar,Sin especificar,2022,1,MIÉRCOLES,13,Tarde,Dias laborables
,1,0,0,16584,03019,No aplica,Calle,Fronto-lateral                                     ,,No inventariada,Calle,Municipal,Se desconoce,Seco y limpio,"Luz del día natural, solar",Despejado,,Se desconoce,,No,No,No,No,No,Sí,No,2022,1,SÁBADO,18,Noche,Fines de semana
,2,0,0,16585,03019,No aplica,Calle,Fronto-lateral                                     ,,No inventariada,Calle,Municipal,Se desconoce,Seco y limpio,"Luz del día natural, solar",Despejado,,Se desconoce,,No,No,Sí,No,No,No,No,2022,3,MIÉRCOLES,17,Tarde,Dias laborables
,1,0,0,16586,03019,No aplica,Calle,Fronto-lateral                                     ,,No inventariada,Calle,Municipal,Se desconoce,Seco y limpio,"Luz del día natural, solar",Despejado,,Se desconoce,,No,No,No,No,No,Sí,No,2022,3,VIERNES,11,Mañana,Dias laborables
,1,0,0,16587,03019,No aplica,Calle,Atropello a personas                               ,,No inventariada,Calle,Municipal,Se desconoce,Mojado,"Luz del día natural, solar",Lluvia débil,,Se desconoce,,Sin especificar,Sin especificar,Sin especificar,Sin especificar,Sin especificar,Sin especificar,Sin especificar,2022,4,MIÉRCOLES,11,Mañana,Dias laborables
4.05,1,0,0,16588,03019,Curva sin señalizar,Carretera,Salida de la vía por la izquierda con colisión     ,,CV-84,Carretera Convencional de doble calzada,Autonómica,Descendente,Seco y limpio,"Luz del día natural, solar",Despejado,,Nivel blanco,,Sin especificar,Sin especificar,Sin especificar,Sin especificar,Sin especificar,Sin especificar,Sin especificar,2022,9,DOMINGO,7,Mañana,Fines de semana
,1,0,0,16589,03019,No aplica,Calle,Fronto-lateral                                     ,,No inventariada,Calle,Municipal,Se desconoce,Seco y limpio,Sin luz natural y con iluminación artificial encen,Despejado,,Se desconoce,,No,No,No,No,No,Sí,No,2022,4,JUEVES,21,Noche,Dias laborables
,1,0,0,16590,03019,No aplica,Calle,Fronto-lateral                                     ,,No inventariada,Calle,Municipal,Se desconoce,Seco y limpio,"Luz del día natural, solar",Despejado,,Se desconoce,,No,No,No,Sí,No,No,Sí,2022,5,MARTES,21,Noche,Dias laborables
,1,0,0,16591,03019,No aplica,Calle,Atropello a personas                               ,,No inventariada,Calle,Municipal,Se desconoce,Seco y limpio,"Luz del día natural, solar",Despejado,,Se desconoce,,Sin especificar,Sin especificar,Sin especificar,Sin especificar,Sin especificar,Sin especificar,Sin especificar,2022,5,MIÉRCOLES,9,Mañana,Dias laborables
,1,0,0,16592,03019,No aplica,Calle,Caída                                              ,,No inventariada,Calle,Municipal,Se desconoce,Seco y limpio,"Luz del día natural, solar",Despejado,,Se desconoce,,No,No,No,No,No,No,No,2022,5,JUEVES,15,Tarde,Dias laborables
,2,0,0,16593,03019,No aplica,Calle,Fronto-lateral                                     ,,No inventariada,Calle,Municipal,Se desconoce,Seco y limpio,"Luz del día natural, solar",Despejado,,Se desconoce,,No,No,Sí,No,No,Sí,No,2022,6,JUEVES,12,Tarde,Dias laborables
,0,1,0,16594,03019,No aplica,Calle,Atropello a personas                               ,,No inventariada,Calle,Municipal,Se desconoce,Seco y limpio,"Luz del día natural, solar",Despejado,,Nivel blanco,,No,No,No,No,No,No,No,2022,7,VIERNES,8,Mañana,Dias laborables
,0,1,0,16595,03019,No aplica,Calle,Atropello a personas                               ,,No inventariada,Calle,Municipal,Se desconoce,Seco y limpio,Sin luz natural y con iluminación artificial encen,Despejado,,Nivel blanco,,Sin especificar,Sin especificar,Sin especificar,Sin especificar,Sin especificar,Sin especificar,Sin especificar,2022,8,MARTES,23,Noche,Dias laborables
,1,0,0,16596,03019,No aplica,Calle,Fronto-lateral                                     ,,No inventariada,Calle,Municipal,Se desconoce,Seco y limpio,"Luz del día natural, solar",Despejado,,Nivel blanco,,No,No,No,Sí,No,No,Sí,2022,8,JUEVES,9,Mañana,Dias laborables
,1,0,0,16597,03019,No aplica,Calle,Atropello a personas                               ,,No inventariada,Calle,Municipal,Se desconoce,Seco y limpio,"Luz del día natural, solar",Despejado,,Nivel blanco,,No,No,No,No,No,No,No,2022,9,JUEVES,8,Mañana,Dias laborables
2.823,1,0,0,16598,03065,Curva señalizada,Carretera,Caída                                              ,,CV-84,Carretera Convencional de calzada única,Autonómica,Descendente,Otra,"Luz del día natural, solar",Despejado,,Nivel verde,,No,No,No,No,No,No,No,2022,10,LUNES,15,Tarde,Dias laborables
4.1,1,0,0,16599,03093,Recta,Carretera,Lateral                                            ,,N-325,Carretera Convencional de doble calzada,Estatal,Ascendente,Seco y limpio,Sin luz natural ni artificial,Despejado,,Nivel blanco,,Sin especificar,Sin especificar,Sin especificar,Sin especificar,Sin especificar,Sin especificar,Sin especificar,2022,10,MARTES,10,Mañana,Dias laborables
7.9,1,0,0,16600,03019,Recta,Carretera,Salida de la vía por la derecha con colisión       ,N-325,CV-84,Carretera Convencional de calzada única,Autonómica,Ascendente,Seco y limpio,Sin luz natural ni artificial,Despejado,,Nivel blanco,,No,No,No,No,No,No,No,2022,10,SÁBADO,22,Noche,Fines de semana
,1,0,0,16601,03019,No aplica,Calle,Caída                                              ,,No inventariada,Calle,Municipal,Se desconoce,Seco y limpio,Sin luz natural y con iluminación artificial encen,Despejado,,Nivel blanco,,No,No,No,Sí,No,No,Sí,2022,10,JUEVES,19,Noche,Dias laborables
,1,0,0,16602,03019,No aplica,Calle,Atropello a personas                               ,,No inventariada,Calle,Municipal,Se desconoce,Se desconoce,"Luz del día natural, solar",Despejado,,Se desconoce,,Sin especificar,Sin especificar,Sin especificar,Sin especificar,Sin especificar,Sin especificar,Sin especificar,2022,10,LUNES,11,Mañana,Dias laborables
,1,0,0,16603,03019,No aplica,Calle,Fronto-lateral                                     ,,No inventariada,Calle,Municipal,Se desconoce,Seco y limpio,"Luz del día natural, solar",Despejado,,Nivel verde,,No,No,Sí,No,No,Sí,No,2022,10,JUEVES,14,Tarde,Dias laborables
1.743,1,0,0,16604,03019,Recta,Carretera,Frontal                                            ,,CV-846,Carretera Convencional de calzada única,"Provincial, Cabildo/Consell",Ascendente,Seco y limpio,"Luz del día natural, solar",Despejado,,Nivel blanco,,No,No,No,Sí,No,No,Sí,2022,11,MARTES,8,Mañana,Dias laborables
,1,0,0,16605,03019,No aplica,Calle,Fronto-lateral                                     ,,No inventariada,Calle,Municipal,Se desconoce,Seco y limpio,"Luz del día natural, solar",Despejado,,Sin especificar,,No,No,Sí,No,No,Sí,No,2022,11,MIÉRCOLES,15,Tarde,Dias laborables
,1,0,0,16606,03019,No aplica,Calle,Fronto-lateral                                     ,,No inventariada,Calle,Municipal,Se desconoce,Seco y limpio,"Amanecer o atardecer, con luz artificial",Despejado,,Sin especificar,,No,No,No,No,No,No,No,2022,11,MARTES,18,Noche,Dias laborables
,1,0,0,16607,03019,No aplica,Calle,Fronto-lateral                                     ,,No inventariada,Calle,Municipal,Se desconoce,Mojado,Sin luz natural y con iluminación artificial encen,Lluvia débil,,Se desconoce,,No,No,Sí,No,No,Sí,No,2022,11,MIÉRCOLES,20,Noche,Dias laborables
,2,0,0,16608,03019,No aplica,Calle,Fronto-lateral                                     ,,No inventariada,Calle,Municipal,Se desconoce,Seco y limpio,"Luz del día natural, solar",Despejado,,Sin especificar,,No,No,Sí,No,No,Sí,No,2022,11,MARTES,15,Tarde,Dias laborables
1.0,1,0,0,16609,03021,Recta,Carretera,Salida de la vía por la derecha con colisión       ,,LA EXTREME,Camino vecinal,Municipal,Descendente,Con barro o gravilla suelta,"Luz del día natural, solar",Despejado,,Nivel verde,,Sin especificar,Sin especificar,Sin especificar,Sin especificar,Sin especificar,Sin especificar,Sin especificar,2022,4,JUEVES,18,Noche,Dias laborables
12.7,1,0,0,16610,03009,Curva señalizada,Carretera,Salida de la vía por la derecha otro tipo          ,,CV-795,Carretera Convencional de calzada única,"Provincial, Cabildo/Consell",Descendente,Mojado,"Luz del día natural, solar",Lluvia débil,,Nivel blanco,,Sin especificar,Sin especificar,Sin especificar,Sin especificar,Sin especificar,Sin especificar,Sin especificar,2022,4,JUEVES,18,Noche,Dias laborables
17.95,3,2,0,16611,03021,Curva señalizada,Carretera,Frontal                                            ,,CV-795,Carretera Convencional de calzada única,"Provincial, Cabildo/Consell",Ascendente,Seco y limpio,"Luz del día natural, solar",Despejado,,Nivel amarillo,,Sin especificar,Sin especificar,Sin especificar,Sin especificar,Sin especificar,Sin especificar,Sin especificar,2022,4,JUEVES,15,Tarde,Dias laborables
23.475,0,0,1,16612,03021,Recta,Carretera,Por alcance                                        ,,CV-81,Carretera Convencional de calzada única,Autonómica,Descendente,Seco y limpio,"Luz del día natural, solar",Despejado,,Nivel blanco,,Sin especificar,Sin especificar,Sin especificar,Sin especificar,Sin especificar,Sin especificar,Sin especificar,2022,6,MIÉRCOLES,19,Noche,Dias laborables
22.501,1,0,0,16613,03021,Curva señalizada,Carretera,Fronto-lateral                                     ,,CV-795,Carretera Convencional de calzada única,"Provincial, Cabildo/Consell",Ascendente,Seco y limpio,"Luz del día natural, solar",Nublado,,Nivel blanco,,Sin especificar,Sin especificar,Sin especificar,Sin especificar,Sin especificar,Sin especificar,Sin especificar,2022,10,MIÉRCOLES,10,Mañana,Dias laborables
,1,0,0,16614,03021,No aplica,Calle,Atropello a personas                               ,,No inventariada,Calle,Municipal,Se desconoce,Mojado,"Luz del día natural, solar",Nublado,Niebla ligera,Nivel amarillo,,Sin especificar,Sin especificar,Sin especificar,Sin especificar,Sin especificar,Sin especificar,Sin especificar,2022,10,JUEVES,8,Mañana,Dias laborables
,1,0,0,16615,03021,No aplica,Calle,Atropello a personas                               ,,No inventariada,Calle,Municipal,Se desconoce,Mojado,"Luz del día natural, solar",Lluvia débil,,Nivel rojo,,Sin especificar,Sin especificar,Sin especificar,Sin especificar,Sin especificar,Sin especificar,Sin especificar,2022,4,MARTES,9,Mañana,Dias laborables
36.0,1,0,0,16616,00000,Recta,Carretera,Salida de la vía por la derecha otro tipo          ,,CV-770,Carretera Convencional de calzada única,Autonómica,Ascendente,Seco y limpio,Sin luz natural ni artificial,Despejado,,Nivel blanco,,Sin especificar,Sin especificar,Sin especificar,Sin especificar,Sin especificar,Sin especificar,Sin especificar,2022,2,SÁBADO,19,Noche,Fines de semana
13.0,1,0,0,16617,00000,Curva sin señalizar,Carretera,"Salida de la vía por la izquierda, otro tipo       ",,CV-70,Carretera Convencional de calzada única,Autonómica,Ascendente,Seco y limpio,"Luz del día natural, solar",Despejado,,Nivel blanco,,No,No,No,Sí,No,No,No,2022,7,SÁBADO,15,Tarde,Fines de semana
24.8,1,0,0,16618,00000,Recta,Carretera,Por alcance                                        ,,CV-81,Carretera Convencional de calzada única,Autonómica,Ascendente,Mojado,Sin luz natural y con iluminación artificial no en,Lluvia débil,,Nivel blanco,,Sin especificar,Sin especificar,Sin especificar,Sin especificar,Sin especificar,Sin especificar,Sin especificar,2022,4,MARTES,22,Noche,Dias laborables
24.817,1,0,0,16619,00000,Recta,Carretera,Salida de la vía por la derecha otro tipo          ,,CV-81,Carretera Convencional de calzada única,Autonómica,Ascendente,Seco y limpio,"Luz del día natural, solar",Despejado,,Nivel blanco,,Sin especificar,Sin especificar,Sin especificar,Sin especificar,Sin especificar,Sin especificar,Sin especificar,2022,9,VIERNES,18,Noche,Dias laborables
7.9,1,0,0,16620,03024,Recta,Carretera,Múltiple o en caravana                             ,CV-920,CV-91,Carretera Convencional de calzada única,Autonómica,Ascendente,Seco y limpio,"Luz del día natural, solar",Despejado,,Nivel verde,,No,No,No,No,No,Sí,No,2022,2,VIERNES,15,Tarde,Dias laborables
8.537,1,0,0,16621,03024,Curva señalizada,Carretera,Fronto-lateral                                     ,,CV-91,Carretera Convencional de calzada única,Autonómica,Ascendente,Seco y limpio,"Luz del día natural, solar",Despejado,,Nivel blanco,,No,No,No,No,No,Sí,No,2022,5,SÁBADO,8,Mañana,Fines de semana
4.3,1,0,0,16622,03099,Curva señalizada,Carretera,Caída                                              ,,CV-920,Ramal de enlace,Autonómica,Ascendente,Con barro o gravilla suelta,"Luz del día natural, solar",Despejado,,Nivel blanco,,No,No,Sí,No,No,No,No,2022,8,MARTES,17,Tarde,Dias laborables
6.938,1,0,0,16623,00000,Recta,Carretera,Por alcance                                        ,,CV-731,Carretera Convencional de calzada única,"Provincial, Cabildo/Consell",Ascendente,Seco y limpio,"Luz del día natural, solar",Despejado,,Nivel blanco,,No,No,No,No,No,No,No,2022,2,JUEVES,16,Tarde,Dias laborables
5.5,1,0,0,16624,00000,Curva señalizada,Carretera,Salida de la vía por la derecha con despeñamiento  ,,CV-729,Carretera Convencional de calzada única,"Provincial, Cabildo/Consell",Ascendente,Seco y limpio,Sin luz natural ni artificial,Despejado,,Nivel blanco,,Sin especificar,Sin especificar,Sin especificar,Sin especificar,Sin especificar,Sin especificar,Sin especificar,2022,7,DOMINGO,22,Noche,Fines de semana
7.5,1,0,0,16625,00000,Recta,Carretera,Por alcance                                        ,,CV-731,Carretera Convencional de calzada única,"Provincial, Cabildo/Consell",Descendente,Seco y limpio,"Luz del día natural, solar",Despejado,,Nivel blanco,,No,No,No,No,No,No,No,2022,8,LUNES,10,Mañana,Dias laborables
5.5,1,0,0,16626,00000,Curva señalizada,Carretera,Atropello a animales                               ,,CV-729,Carretera Convencional de calzada única,"Provincial, Cabildo/Consell",Ascendente,Seco y limpio,"Amanecer o atardecer, sin luz artificial",Despejado,,Nivel verde,,Sin especificar,Sin especificar,Sin especificar,Sin especificar,Sin especificar,Sin especificar,Sin especificar,2022,10,VIERNES,19,Noche,Dias laborables
6.2,1,0,0,16627,00000,Recta,Carretera,Salida de la vía por la derecha con colisión       ,,CV-731,Carretera Convencional de calzada única,"Provincial, Cabildo/Consell",Descendente,Seco y limpio,"Luz del día natural, solar",Despejado,,Nivel blanco,,Sin especificar,Sin especificar,Sin especificar,Sin especificar,Sin especificar,Sin especificar,Sin especificar,2022,11,MARTES,11,Mañana,Dias laborables
6.7,1,0,0,16628,00000,Curva sin señalizar,Carretera,Salida de la vía por la derecha con vuelco         ,,CV-705,Carretera Convencional de calzada única,Autonómica,Descendente,Seco y limpio,"Luz del día natural, solar",Despejado,,Nivel blanco,,Sin especificar,Sin especificar,Sin especificar,Sin especificar,Sin especificar,Sin especificar,Sin especificar,2022,4,JUEVES,12,Tarde,Dias laborables
10.35,1,0,0,16629,00000,Curva señalizada,Carretera,Caída                                              ,,CV-705,Carretera Convencional de calzada única,Autonómica,Ascendente,Seco y limpio,"Luz del día natural, solar",Despejado,,Nivel blanco,,Sin especificar,Sin especificar,Sin especificar,Sin especificar,Sin especificar,Sin especificar,Sin especificar,2022,5,JUEVES,11,Mañana,Dias laborables
,2,0,0,16630,00000,No aplica,Calle,Salida de la vía por la derecha con colisión       ,,No inventariada,Calle,Municipal,Se desconoce,Seco y limpio,Sin luz natural y con iluminación artificial encen,Despejado,,Nivel blanco,,Sin especificar,Sin especificar,Sin especificar,Sin especificar,Sin especificar,Sin especificar,Sin especificar,2022,8,MIÉRCOLES,0,Madrugada,Dias laborables
11.6,1,0,0,16631,00000,Curva señalizada,Carretera,Salida de la vía por la derecha con colisión       ,,CV-705,Carretera Convencional de calzada única,Autonómica,Ascendente,Seco y limpio,"Luz del día natural, solar",Despejado,,Nivel blanco,,Sin especificar,Sin especificar,Sin especificar,Sin especificar,Sin especificar,Sin especificar,Sin especificar,2022,9,SÁBADO,16,Tarde,Fines de semana
3.419,1,0,0,16632,03101,Recta,Carretera,Atropello a animales                               ,,CV-733,Carretera Convencional de calzada única,"Provincial, Cabildo/Consell",Ascendente,Seco y limpio,Sin luz natural ni artificial,Despejado,,Nivel blanco,,Sin especificar,Sin especificar,Sin especificar,Sin especificar,Sin especificar,Sin especificar,Sin especificar,2022,5,MIÉRCOLES,22,Noche,Dias laborables
3.065,1,0,0,16633,00000,Recta,Carretera,Fronto-lateral                                     ,,CV-731,Carretera Convencional de calzada única,"Provincial, Cabildo/Consell",Descendente,Seco y limpio,"Luz del día natural, solar",Despejado,,Nivel blanco,,Sin especificar,Sin especificar,Sin especificar,Sin especificar,Sin especificar,Sin especificar,Sin especificar,2022,8,MARTES,13,Tarde,Dias laborables
4.8,0,1,0,16634,00000,Curva sin señalizar,Carretera,Salida de la vía por la izquierda con vuelco       ,,CV-733,Carretera Convencional de calzada única,"Provincial, Cabildo/Consell",Descendente,Seco y limpio,"Luz del día natural, solar",Despejado,,Nivel blanco,,Sin especificar,Sin especificar,Sin especificar,Sin especificar,Sin especificar,Sin especificar,Sin especificar,2022,10,DOMINGO,10,Mañana,Fines de semana
,1,0,0,16635,03031,No aplica,Calle,Atropello a animales                               ,,No inventariada,Calle,Municipal,Se desconoce,Seco y limpio,"Luz del día natural, solar",Despejado,,Nivel verde,,No,No,No,No,Sí,No,No,2022,1,MIÉRCOLES,9,Mañana,Dias laborables
,1,0,0,16636,03031,No aplica,Calle,Caída                                              ,,No inventariada,Calle,Municipal,Se desconoce,Seco y limpio,"Luz del día natural, solar",Despejado,,Nivel blanco,,Sin especificar,Sin especificar,Sin especificar,Sin especificar,Sin especificar,Sin especificar,Sin especificar,2022,1,JUEVES,13,Tarde,Dias laborables
,1,0,0,16637,03031,No aplica,Calle,Atropello a personas                               ,,No inventariada,Calle,Municipal,Se desconoce,Seco y limpio,"Luz del día natural, solar",Despejado,,Nivel blanco,,Sin especificar,Sin especificar,Sin especificar,Sin especificar,Sin especificar,Sin especificar,Sin especificar,2022,1,VIERNES,8,Mañana,Dias laborables
,1,0,0,16638,03031,No aplica,Calle,Lateral                                            ,,No inventariada,Calle,Municipal,Se desconoce,Seco y limpio,Sin luz natural y con iluminación artificial encen,Despejado,,Nivel blanco,,No,No,Sí,No,No,Sí,No,2022,1,DOMINGO,5,Madrugada,Fines de semana
,1,0,0,16639,03031,No aplica,Calle,Atropello a personas                               ,,No inventariada,Calle,Municipal,Se desconoce,Seco y limpio,"Luz del día natural, solar",Despejado,,Nivel verde,,Sin especificar,Sin especificar,Sin especificar,Sin especificar,Sin especificar,Sin especificar,Sin especificar,2022,1,MARTES,15,Tarde,Dias laborables
,1,0,0,16640,03031,No aplica,Calle,Fronto-lateral                                     ,,No inventariada,Calle,Municipal,Se desconoce,Seco y limpio,"Luz del día natural, solar",Despejado,,Nivel verde,,No,No,No,No,No,Sí,No,2022,1,JUEVES,13,Tarde,Dias laborables
49.1,1,0,0,16641,03031,Recta,Carretera,Por alcance                                        ,,CV-70,Carretera Convencional de doble calzada,Autonómica,Ascendente,Seco y limpio,"Luz del día natural, solar",Despejado,,Nivel verde,,No,No,Sí,No,No,Sí,No,2022,1,SÁBADO,10,Mañana,Fines de semana
,0,1,0,16642,03031,No aplica,Calle,Fronto-lateral                                     ,,No inventariada,Calle,Municipal,Se desconoce,Seco y limpio,"Luz del día natural, solar",Despejado,,Nivel blanco,,No,No,No,No,No,Sí,No,2022,1,SÁBADO,9,Mañana,Fines de semana
,1,0,0,16643,03031,No aplica,Calle,Caída                                              ,,No inventariada,Calle,Municipal,Se desconoce,Seco y limpio,"Luz del día natural, solar",Despejado,,Nivel blanco,,No,No,No,No,No,Sí,No,2022,1,LUNES,13,Tarde,Dias laborables
,1,0,0,16644,03031,No aplica,Calle,Por alcance                                        ,,No inventariada,Calle,Municipal,Se desconoce,Seco y limpio,"Luz del día natural, solar",Despejado,,Nivel blanco,,Sin especificar,Sin especificar,Sin especificar,Sin especificar,Sin especificar,Sin especificar,Sin especificar,2022,1,JUEVES,12,Tarde,Dias laborables
49.1,1,0,0,16645,03031,Recta,Carretera,Caída                                              ,CV-70,CV-70,Carretera Convencional de doble calzada,Autonómica,Ascendente,Con aceite,"Amanecer o atardecer, con luz artificial",Despejado,,Nivel verde,,No,No,Sí,No,No,No,No,2022,2,VIERNES,18,Noche,Dias laborables
,1,0,0,16646,03031,No aplica,Calle,Caída                                              ,,No inventariada,Calle,Municipal,Se desconoce,Seco y limpio,Sin luz natural y con iluminación artificial encen,Despejado,,Nivel blanco,,Sin especificar,Sin especificar,Sin especificar,Sin especificar,Sin especificar,Sin especificar,Sin especificar,2022,2,LUNES,21,Noche,Dias laborables
,1,0,0,16647,03031,No aplica,Calle,Colisión contra obstáculo o elemento de la vía     ,,No inventariada,Calle,Municipal,Se desconoce,Seco y limpio,"Luz del día natural, solar",Despejado,,Nivel verde,,Sin especificar,Sin especificar,Sin especificar,Sin especificar,Sin especificar,Sin especificar,Sin especificar,2022,2,SÁBADO,10,Mañana,Fines de semana
49.1,1,0,0,16648,03031,Recta,Carretera,Caída                                              ,CV-758,CV-70,Carretera Convencional de doble calzada,Autonómica,Ascendente,Con aceite,"Luz del día natural, solar",Despejado,,Nivel amarillo,,No,No,Sí,No,No,Sí,No,2022,2,VIERNES,18,Noche,Dias laborables
,1,0,0,16649,03031,No aplica,Calle,Atropello a personas                               ,,No inventariada,Calle,Municipal,Se desconoce,Seco y limpio,"Luz del día natural, solar",Despejado,,Nivel amarillo,,Sin especificar,Sin especificar,Sin especificar,Sin especificar,Sin especificar,Sin especificar,Sin especificar,2022,2,LUNES,12,Tarde,Dias laborables
,2,0,0,16650,03031,No aplica,Calle,Frontal                                            ,,No inventariada,Calle,Municipal,Se desconoce,Mojado,Sin luz natural y con iluminación artificial no en,Lluvia débil,,Nivel blanco,,Sin especificar,Sin especificar,Sin especificar,Sin especificar,Sin especificar,Sin especificar,Sin especificar,2022,3,JUEVES,22,Noche,Dias laborables
,1,0,0,16651,03031,No aplica,Calle,Fronto-lateral                                     ,,No inventariada,Calle,Municipal,Se desconoce,Seco y limpio,"Luz del día natural, solar",Despejado,,Nivel blanco,,No,No,Sí,No,No,Sí,No,2022,3,SÁBADO,8,Mañana,Fines de semana
,1,0,0,16652,03031,No aplica,Calle,Salida de la vía por la derecha con colisión       ,,No inventariada,Otro,Municipal,Se desconoce,Seco y limpio,"Amanecer o atardecer, con luz artificial",Despejado,,Sin especificar,,Sin especificar,Sin especificar,Sin especificar,Sin especificar,Sin especificar,Sin especificar,Sin especificar,2022,2,LUNES,7,Mañana,Dias laborables
,1,0,0,16653,03031,No aplica,Calle,Por alcance                                        ,,No inventariada,Calle,Municipal,Se desconoce,Mojado,"Luz del día natural, solar",Nublado,,Sin especificar,,Sin especificar,Sin especificar,Sin especificar,Sin especificar,Sin especificar,Sin especificar,Sin especificar,2022,3,DOMINGO,18,Noche,Fines de semana
,2,0,0,16654,03031,No aplica,Calle,Fronto-lateral                                     ,,No inventariada,Calle,Municipal,Se desconoce,Seco y limpio,Sin luz natural y con iluminación artificial encen,Despejado,,Sin especificar,,No,No,No,No,No,Sí,No,2022,3,VIERNES,20,Noche,Dias laborables
1.2,1,0,0,16655,03031,Curva señalizada,Carretera,Salida de la vía por la derecha con vuelco         ,,CV-758,Carretera Convencional de calzada única,"Provincial, Cabildo/Consell",Descendente,Mojado,"Luz del día natural, solar",Lluvia débil,,Nivel blanco,,Sin especificar,Sin especificar,Sin especificar,Sin especificar,Sin especificar,Sin especificar,Sin especificar,2022,3,JUEVES,8,Mañana,Dias laborables
,1,0,0,16656,03031,No aplica,Calle,Caída                                              ,,No inventariada,Calle,Municipal,Se desconoce,Mojado,"Amanecer o atardecer, con luz artificial",Lluvia débil,,Nivel blanco,,No,No,Sí,No,No,No,No,2022,3,MIÉRCOLES,7,Mañana,Dias laborables