KM,TOTAL_HL24H,TOTAL_HG24H,TOTAL_MU24H,id,COD_MUNICIPIO,TRAZADO_PLANTA,ZONA,TIPO_ACCIDENTE,CARRETERA_CRUCE,CARRETERA,TIPO_VIA,TITULARIDAD_VIA,SENTIDO_1F,CONDICION_FIRME,CONDICION_ILUMINACION,CONDICION_METEO,CONDICION_NIEBLA,CONDICION_NIVEL_CIRCULA,CONDICION_VIENTO,PRIORI_AGENTE,PRIORI_CIRCUNSTANCIAL,PRIORI_HORIZ_CEDA,PRIORI_HORIZ_STOP,PRIORI_SEMAFORO,PRIORI_VERT_CEDA,PRIORI_VERT_STOP,ANYO,MES,DIA,HORA,FRANJA_HORARIA,TIPO_DIA
3.6,1,0,0,16910,03041,Curva señalizada,Carretera,Caída                                              ,,CV-746,Carretera Convencional de calzada única,"Provincial, Cabildo/Consell",Descendente,Seco y limpio,"Luz del día natural, solar",Nublado,,Nivel negro,,Sin especificar,Sin especificar,Sin especificar,Sin especificar,Sin especificar,Sin especificar,Sin especificar,2022,4,MIÉRCOLES,15,Tarde,Dias laborables
632.4,1,0,0,16911,03047,Curva señalizada,Carretera,Vuelco                                             ,,AP-7,Autopista libre,Estatal,Ascendente,Seco y limpio,"Luz del día natural, solar",Despejado,,Nivel verde,,Sin especificar,Sin especificar,Sin especificar,Sin especificar,Sin especificar,Sin especificar,Sin especificar,2022,6,VIERNES,11,Mañana,Dias laborables
8.8,0,1,0,16912,03049,Recta,Carretera,Atropello a personas                               ,,CV-900,Carretera Convencional de calzada única,Autonómica,Ascendente,Seco y limpio,Sin luz natural ni artificial,Despejado,,Nivel blanco,,Sin especificar,Sin especificar,Sin especificar,Sin especificar,Sin especificar,Sin especificar,Sin especificar,2022,1,VIERNES,22,Noche,Dias laborables
1.3,1,0,0,16913,03049,Recta,Carretera,Por alcance                                        ,,CV-913,Carretera Convencional de calzada única,Autonómica,Ascendente,Seco y limpio,Sin luz natural y con iluminación artificial encen,Despejado,,Nivel blanco,,Sin especificar,Sin especificar,Sin especificar,Sin especificar,Sin especificar,Sin especificar,Sin especificar,2022,2,DOMINGO,20,Noche,Fines de semana
1.0,1,0,0,16914,03049,Curva sin señalizar,Carretera,Salida de la vía por la derecha otro tipo          ,,CAMINO MIL,Camino vecinal,Municipal,Ascendente,Seco y limpio,"Luz del día natural, solar",Despejado,,Nivel blanco,,Sin especificar,Sin especificar,Sin especificar,Sin especificar,Sin especificar,Sin especificar,Sin especificar,2022,2,VIERNES,18,Noche,Dias laborables
3.8,1,0,0,16915,03049,Curva señalizada,Carretera,Salida de la vía por la izquierda con vuelco       ,,CV-871,Carretera Convencional de calzada única,"Provincial, Cabildo/Consell",Ascendente,Mojado,Sin luz natural ni artificial,Lluvia fuerte,,Nivel blanco,,Sin especificar,Sin especificar,Sin especificar,Sin especificar,Sin especificar,Sin especificar,Sin especificar,2022,3,VIERNES,2,Madrugada,Dias laborables
1.1,1,0,0,16916,03099,Recta,Carretera,Lateral                                            ,,CV-911,Carretera Convencional de calzada única,Autonómica,Descendente,Seco y limpio,Sin luz natural ni artificial,Despejado,,Nivel blanco,,Sin especificar,Sin especificar,Sin especificar,Sin especificar,Sin especificar,Sin especificar,Sin especificar,2022,3,MIÉRCOLES,5,Madrugada,Dias laborables
0.0,1,0,0,16917,03049,Recta,Carretera,Vuelco                                             ,,CALLOSINA,Camino vecinal,Municipal,Ascendente,Con barro o gravilla suelta,"Luz del día natural, solar",Despejado,,Nivel blanco,,Sin especificar,Sin especificar,Sin especificar,Sin especificar,Sin especificar,Sin especificar,Sin especificar,2022,4,MIÉRCOLES,19,Noche,Dias laborables
0.8,1,0,0,16918,03049,Recta,Carretera,Otro tipo de accidente                             ,,CV-913,Carretera Convencional de calzada única,Autonómica,Descendente,Seco y limpio,"Luz del día natural, solar",Despejado,,Nivel amarillo,,Sin especificar,Sin especificar,Sin especificar,Sin especificar,Sin especificar,Sin especificar,Sin especificar,2022,5,MIÉRCOLES,14,Tarde,Dias laborables
7.9,1,0,0,16919,03049,Curva señalizada,Carretera,Fronto-lateral                                     ,CV-913,CV-900,Carretera Convencional de calzada única,Autonómica,Ascendente,Seco y limpio,Sin luz natural y con iluminación artificial no en,Despejado,,Nivel blanco,,No,No,No,No,No,Sí,No,2022,5,VIERNES,23,Noche,Dias laborables
0.1,1,0,0,16920,03049,Recta,Carretera,Fronto-lateral                                     ,,VEREDA AZA,Camino vecinal,Municipal,Ambos,Seco y limpio,"Luz del día natural, solar",Despejado,,Nivel blanco,,No,No,No,Sí,No,No,No,2022,6,LUNES,15,Tarde,Dias laborables
0.9,1,0,0,16921,03049,Recta,Carretera,Otro tipo de accidente                             ,,CV-913,Carretera Convencional de calzada única,Autonómica,Ascendente,Seco y limpio,"Luz del día natural, solar",Despejado,,Nivel blanco,,Sin especificar,Sin especificar,Sin especificar,Sin especificar,Sin especificar,Sin especificar,Sin especificar,2022,6,MIÉRCOLES,13,Tarde,Dias laborables
9.2,1,0,0,16922,03049,Recta,Carretera,Fronto-lateral                                     ,,VIA SERVIC,Vía de servicio,Municipal,Descendente,Seco y limpio,"Luz del día natural, solar",Despejado,,Nivel blanco,,No,No,No,No,No,No,Sí,2022,8,MIÉRCOLES,9,Mañana,Dias laborables
0.147,1,0,0,16923,03049,Recta,Carretera,Por alcance                                        ,,CV-913,Carretera Convencional de calzada única,Autonómica,Descendente,Seco y limpio,"Luz del día natural, solar",Despejado,,Nivel blanco,,Sin especificar,Sin especificar,Sin especificar,Sin especificar,Sin especificar,Sin especificar,Sin especificar,2022,10,VIERNES,18,Noche,Dias laborables
7.0,1,0,0,16924,03049,Recta,Carretera,Salida de la vía por la derecha con colisión       ,,CV-900,Carretera Convencional de calzada única,Autonómica,Descendente,Seco y limpio,"Amanecer o atardecer, sin luz artificial",Despejado,,Nivel blanco,,Sin especificar,Sin especificar,Sin especificar,Sin especificar,Sin especificar,Sin especificar,Sin especificar,2022,10,MIÉRCOLES,8,Mañana,Dias laborables
7.6,1,0,0,16925,03049,Recta,Carretera,Salida de la vía por la derecha otro tipo          ,,CV-900,Carretera Convencional de calzada única,Autonómica,Ascendente,Seco y limpio,Sin luz natural y con iluminación artificial no en,Despejado,,Nivel blanco,,Sin especificar,Sin especificar,Sin especificar,Sin especificar,Sin especificar,Sin especificar,Sin especificar,2022,11,SÁBADO,20,Noche,Fines de semana
692.7,2,0,0,16926,03049,Curva señalizada,Carretera,Por alcance                                        ,,N-340,Carretera Convencional de calzada única,Estatal,Ascendente,Seco y limpio,"Luz del día natural, solar",Nublado,,Nivel blanco,,No,No,No,No,No,No,Sí,2022,11,LUNES,13,Tarde,Dias laborables
674.0,1,0,0,16927,03050,Recta,Carretera,Por alcance                                        ,,AP-7,Autopista libre,Estatal,Ascendente,Seco y limpio,Sin luz natural ni artificial,Despejado,,Nivel blanco,,Sin especificar,Sin especificar,Sin especificar,Sin especificar,Sin especificar,Sin especificar,Sin especificar,2022,1,JUEVES,23,Noche,Dias laborables
125.85,1,0,0,16928,03050,Recta,Carretera,Fronto-lateral                                     ,N-332,N-332,Carretera Convencional de calzada única,Estatal,Descendente,Seco y limpio,"Luz del día natural, solar",Despejado,,Nivel blanco,,No,No,No,No,No,No,No,2022,3,JUEVES,14,Tarde,Dias laborables
128.45,0,1,0,16929,03050,Curva señalizada,Carretera,Frontal                                            ,,N-332,Carretera Convencional de calzada única,Estatal,Descendente,Mojado,Sin luz natural y con iluminación artificial no en,Nublado,,Nivel blanco,,Sin especificar,Sin especificar,Sin especificar,Sin especificar,Sin especificar,Sin especificar,Sin especificar,2022,3,JUEVES,20,Noche,Dias laborables
,0,1,0,16930,03050,No aplica,Calle,Fronto-lateral                                     ,,No inventariada,Calle,Municipal,Se desconoce,Seco y limpio,Sin luz natural y con iluminación artificial encen,Despejado,,Sin especificar,,No,No,No,No,No,No,No,2022,2,SÁBADO,0,Madrugada,Fines de semana
671.0,1,0,0,16931,03050,Recta,Carretera,Lateral                                            ,,AP-7,Autopista libre,Estatal,Ascendente,Seco y limpio,"Luz del día natural, solar",Despejado,,Nivel blanco,,Sin especificar,Sin especificar,Sin especificar,Sin especificar,Sin especificar,Sin especificar,Sin especificar,2022,5,MIÉRCOLES,20,Noche,Dias laborables
672.0,2,0,0,16932,03050,Curva sin señalizar,Carretera,Por alcance                                        ,,AP-7,Autopista libre,Estatal,Descendente,Seco y limpio,"Luz del día natural, solar",Despejado,,Nivel amarillo,,Sin especificar,Sin especificar,Sin especificar,Sin especificar,Sin especificar,Sin especificar,Sin especificar,2022,6,VIERNES,7,Mañana,Dias laborables
,0,1,0,16933,03050,No aplica,Calle,Caída                                              ,,No inventariada,Calle,Municipal,Se desconoce,Seco y limpio,Sin luz natural y con iluminación artificial encen,Despejado,,Sin especificar,,Sin especificar,Sin especificar,Sin especificar,Sin especificar,Sin especificar,Sin especificar,Sin especificar,2022,3,JUEVES,20,Noche,Dias laborables
,1,0,0,16934,03050,No aplica,Calle,Atropello a personas                               ,,No inventariada,Calle,Municipal,Se desconoce,Seco y limpio,Sin luz natural y con iluminación artificial encen,Despejado,,Sin especificar,,Sin especificar,Sin especificar,Sin especificar,Sin especificar,Sin especificar,Sin especificar,Sin especificar,2022,4,VIERNES,22,Noche,Dias laborables
,1,0,0,16935,03050,No aplica,Calle,Atropello a personas                               ,,No inventariada,Calle,Municipal,Se desconoce,Mojado,"Luz del día natural, solar",Lluvia débil,,Sin especificar,,Sin especificar,Sin especificar,Sin especificar,Sin especificar,Sin especificar,Sin especificar,Sin especificar,2022,4,MIÉRCOLES,13,Tarde,Dias laborables
,1,0,0,16936,03050,No aplica,Calle,Otro tipo de accidente                             ,,No inventariada,Calle,Municipal,Se desconoce,Seco y limpio,"Luz del día natural, solar",Despejado,,Sin especificar,,Sin especificar,Sin especificar,Sin especificar,Sin especificar,Sin especificar,Sin especificar,Sin especificar,2022,5,MIÉRCOLES,12,Tarde,Dias laborables
,0,1,0,16937,03050,No aplica,Calle,Caída                                              ,,No inventariada,Calle,Municipal,Se desconoce,Seco y limpio,Sin luz natural y con iluminación artificial encen,Despejado,,Sin especificar,,Sin especificar,Sin especificar,Sin especificar,Sin especificar,Sin especificar,Sin especificar,Sin especificar,2022,5,SÁBADO,0,Madrugada,Fines de semana
,1,0,0,16938,03050,No aplica,Calle,Atropello a personas                               ,,No inventariada,Calle,Municipal,Se desconoce,Seco y limpio,"Luz del día natural, solar",Despejado,,Sin especificar,,No,No,No,No,No,No,No,2022,6,DOMINGO,16,Tarde,Fines de semana
,1,0,0,16939,03050,No aplica,Calle,Atropello a personas                               ,,No inventariada,Calle,Municipal,Se desconoce,Seco y limpio,"Luz del día natural, solar",Despejado,,Sin especificar,,No,No,No,No,No,No,No,2022,6,MIÉRCOLES,9,Mañana,Dias laborables
,0,1,0,16940,03050,No aplica,Calle,Fronto-lateral                                     ,,No inventariada,Calle,Municipal,Se desconoce,Seco y limpio,"Luz del día natural, solar",Despejado,,Sin especificar,,No,No,No,No,Sí,No,No,2022,6,JUEVES,17,Tarde,Dias laborables
667.0,2,0,0,16941,03050,Recta,Carretera,Por alcance                                        ,,AP-7,Autopista libre,Estatal,Ascendente,Seco y limpio,Sin luz natural ni artificial,Despejado,,Nivel blanco,,Sin especificar,Sin especificar,Sin especificar,Sin especificar,Sin especificar,Sin especificar,Sin especificar,2022,7,DOMINGO,2,Madrugada,Fines de semana
1.6,1,0,0,16942,03090,Curva señalizada,Carretera,Salida de la vía por la derecha otro tipo          ,,A-70,Autovía,Estatal,Ascendente,Seco y limpio,"Luz del día natural, solar",Despejado,,Nivel blanco,,No,No,Sí,No,No,Sí,No,2022,7,VIERNES,13,Tarde,Dias laborables
0.481,1,0,0,16943,03050,Curva señalizada,Carretera,Por alcance                                        ,N-332,CV-775,Carretera Convencional de calzada única,Autonómica,Descendente,Seco y limpio,"Luz del día natural, solar",Despejado,,Nivel blanco,,No,No,No,No,No,Sí,No,2022,8,LUNES,8,Mañana,Dias laborables
7.0,2,0,0,16944,03050,Curva señalizada,Carretera,Lateral                                            ,,CV-775,Carretera Convencional de calzada única,Autonómica,Descendente,Seco y limpio,"Luz del día natural, solar",Despejado,,Nivel blanco,,Sin especificar,Sin especificar,Sin especificar,Sin especificar,Sin especificar,Sin especificar,Sin especificar,2022,8,JUEVES,11,Mañana,Dias laborables
123.0,2,0,0,16945,03050,Recta,Carretera,Fronto-lateral                                     ,,N-332,Carretera Convencional de calzada única,Estatal,Descendente,Seco y limpio,"Luz del día natural, solar",Despejado,,Nivel blanco,,No,No,No,Sí,No,No,No,2022,8,SÁBADO,10,Mañana,Fines de semana
120.4,2,0,0,16946,03050,Recta,Carretera,Frontal                                            ,,N-332,Carretera Convencional de calzada única,Estatal,Ascendente,Seco y limpio,Sin luz natural ni artificial,Despejado,,Nivel blanco,,Sin especificar,Sin especificar,Sin especificar,Sin especificar,Sin especificar,Sin especificar,Sin especificar,2022,8,MIÉRCOLES,21,Noche,Dias laborables
673.3,5,0,0,16947,03050,Recta,Carretera,Por alcance                                        ,,AP-7,Autopista libre,Estatal,Descendente,Seco y limpio,"Luz del día natural, solar",Despejado,,Nivel verde,,Sin especificar,Sin especificar,Sin especificar,Sin especificar,Sin especificar,Sin especificar,Sin especificar,2022,8,VIERNES,18,Noche,Dias laborables
,1,0,0,16948,03050,No aplica,Calle,Fronto-lateral                                     ,,No inventariada,Calle,Municipal,Se desconoce,Seco y limpio,"Luz del día natural, solar",Despejado,,Sin especificar,,No,No,No,No,No,Sí,No,2022,7,LUNES,11,Mañana,Dias laborables
,1,0,0,16949,03050,No aplica,Calle,Atropello a personas                               ,,No inventariada,Calle,Municipal,Se desconoce,Seco y limpio,"Luz del día natural, solar",Despejado,,Sin especificar,,No,No,No,No,No,No,No,2022,7,MIÉRCOLES,18,Noche,Dias laborables
,1,0,0,16950,03050,No aplica,Calle,Fronto-lateral                                     ,,No inventariada,Calle,Municipal,Se desconoce,Seco y limpio,"Luz del día natural, solar",Despejado,,Sin especificar,,Sin especificar,Sin especificar,Sin especificar,Sin especificar,Sin especificar,Sin especificar,Sin especificar,2022,7,MIÉRCOLES,17,Tarde,Dias laborables
,1,0,0,16951,03050,No aplica,Calle,Salida de la vía por la derecha con colisión       ,,No inventariada,Calle,Municipal,Se desconoce,Seco y limpio,"Luz del día natural, solar",Despejado,,Sin especificar,,Sin especificar,Sin especificar,Sin especificar,Sin especificar,Sin especificar,Sin especificar,Sin especificar,2022,7,VIERNES,15,Tarde,Dias laborables
673.3,3,1,0,16952,03050,Recta,Carretera,Por alcance                                        ,,AP-7,Autopista libre,Estatal,Descendente,Seco y limpio,"Luz del día natural, solar",Despejado,,Nivel blanco,,Sin especificar,Sin especificar,Sin especificar,Sin especificar,Sin especificar,Sin especificar,Sin especificar,2022,8,VIERNES,18,Noche,Dias laborables
0.5,0,1,0,16953,03050,Curva señalizada,Carretera,Salida de la vía por la derecha otro tipo          ,,CV-775,Carretera Convencional de calzada única,Autonómica,Ascendente,Seco y limpio,"Luz del día natural, solar",Despejado,,Nivel blanco,,No,No,Sí,No,No,Sí,No,2022,10,SÁBADO,17,Tarde,Fines de semana
,1,0,0,16954,03050,No aplica,Calle,Otro tipo de accidente                             ,,No inventariada,Calle,Municipal,Se desconoce,Seco y limpio,Sin luz natural y con iluminación artificial encen,Despejado,,Sin especificar,,Sin especificar,Sin especificar,Sin especificar,Sin especificar,Sin especificar,Sin especificar,Sin especificar,2022,9,SÁBADO,21,Noche,Fines de semana
,1,0,0,16955,03050,No aplica,Calle,Fronto-lateral                                     ,,No inventariada,Calle,Municipal,Se desconoce,Seco y limpio,Sin luz natural y con iluminación artificial encen,Despejado,,Sin especificar,,No,No,No,Sí,No,No,Sí,2022,9,MARTES,20,Noche,Dias laborables
,1,0,0,16956,03050,No aplica,Calle,Fronto-lateral                                     ,,No inventariada,Calle,Municipal,Se desconoce,Seco y limpio,"Luz del día natural, solar",Despejado,,Sin especificar,,Sin especificar,Sin especificar,Sin especificar,Sin especificar,Sin especificar,Sin especificar,Sin especificar,2022,9,MIÉRCOLES,14,Tarde,Dias laborables
,1,0,0,16957,03050,No aplica,Calle,Fronto-lateral                                     ,,No inventariada,Calle,Municipal,Se desconoce,Seco y limpio,"Luz del día natural, solar",Despejado,,Sin especificar,,No,No,Sí,No,No,Sí,No,2022,9,JUEVES,9,Mañana,Dias laborables
,1,1,0,16958,03050,No aplica,Calle,Salida de la vía por la derecha con colisión       ,,No inventariada,Calle,Municipal,Se desconoce,Seco y limpio,Sin luz natural y con iluminación artificial encen,Despejado,,Sin especificar,,No,No,Sí,No,No,Sí,No,2022,10,DOMINGO,20,Noche,Fines de semana
,1,0,0,16959,03050,No aplica,Calle,Atropello a personas                               ,,No inventariada,Calle,Municipal,Se desconoce,Seco y limpio,"Luz del día natural, solar",Despejado,,Sin especificar,,Sin especificar,Sin especificar,Sin especificar,Sin especificar,Sin especificar,Sin especificar,Sin especificar,2022,10,LUNES,10,Mañana,Dias laborables
5.0,1,0,0,16960,03050,Curva señalizada,Carretera,Frontal                                            ,,CV-777,Carretera Convencional de calzada única,"Provincial, Cabildo/Consell",Ascendente,Seco y limpio,"Luz del día natural, solar",Despejado,,Nivel blanco,,Sin especificar,Sin especificar,Sin especificar,Sin especificar,Sin especificar,Sin especificar,Sin especificar,2022,11,SÁBADO,14,Tarde,Fines de semana
,1,0,0,16961,03050,No aplica,Calle,Caída                                              ,,No inventariada,Calle,Municipal,Se desconoce,Seco y limpio,"Luz del día natural, solar",Despejado,,Sin especificar,,No,No,No,No,No,No,No,2022,11,VIERNES,10,Mañana,Dias laborables
,1,0,0,16962,03050,No aplica,Calle,Fronto-lateral                                     ,,No inventariada,Calle,Municipal,Se desconoce,Seco y limpio,"Luz del día natural, solar",Despejado,,Sin especificar,,No,No,No,Sí,No,No,Sí,2022,11,MIÉRCOLES,11,Mañana,Dias laborables
125.619,1,0,0,16963,03050,Recta,Carretera,"Salida de la vía por la izquierda, otro tipo       ",,N-332,Carretera Convencional de calzada única,Estatal,Descendente,Seco y limpio,Sin luz natural ni artificial,Despejado,,Nivel blanco,,Sin especificar,Sin especificar,Sin especificar,Sin especificar,Sin especificar,Sin especificar,Sin especificar,2022,12,SÁBADO,22,Noche,Fines de semana
,1,0,0,16964,03050,No aplica,Calle,Atropello a personas                               ,,No inventariada,Calle,Municipal,Se desconoce,Seco y limpio,"Luz del día natural, solar",Despejado,,Sin especificar,,No,No,No,No,No,No,No,2022,12,VIERNES,11,Mañana,Dias laborables
,1,0,0,16965,03050,No aplica,Calle,Atropello a personas                               ,,No inventariada,Calle,Municipal,Se desconoce,Seco y limpio,"Luz del día natural, solar",Despejado,,Sin especificar,,Sin especificar,Sin especificar,Sin especificar,Sin especificar,Sin especificar,Sin especificar,Sin especificar,2022,12,DOMINGO,13,Tarde,Fines de semana
,1,0,0,16966,03050,No aplica,Calle,Atropello a personas                               ,,No inventariada,Calle,Municipal,Se desconoce,Seco y limpio,Sin luz natural y con iluminación artificial encen,Despejado,,Sin especificar,,Sin especificar,Sin especificar,Sin especificar,Sin especificar,Sin especificar,Sin especificar,Sin especificar,2022,12,MARTES,20,Noche,Dias laborables
1.2,1,0,0,16967,03050,Curva señalizada,Carretera,Salida de la vía por la izquierda con colisión     ,,CV-775,Carretera Convencional de calzada única,Autonómica,Descendente,Seco y limpio,"Luz del día natural, solar",Despejado,,Nivel blanco,,Sin especificar,Sin especificar,Sin especificar,Sin especificar,Sin especificar,Sin especificar,Sin especificar,2022,12,MARTES,12,Tarde,Dias laborables
4.0,1,0,1,16968,03053,Recta,Carretera,Fronto-lateral                                     ,,CV-806,Carretera Convencional de calzada única,Autonómica,Ascendente,Seco y limpio,"Luz del día natural, solar",Despejado,,Nivel blanco,,No,No,No,No,No,No,No,2022,3,MIÉRCOLES,8,Mañana,Dias laborables
471.5,1,0,0,16969,03053,Curva señalizada,Carretera,Salida de la vía por la izquierda con colisión     ,CV-815,A-7,Ramal de enlace,Estatal,Ascendente,Seco y limpio,Sin luz natural ni artificial,Nublado,,Nivel blanco,,No,No,Sí,No,No,Sí,No,2022,4,LUNES,2,Madrugada,Dias laborables
7.992,1,0,0,16970,03053,Curva señalizada,Carretera,"Salida de la vía por la izquierda, otro tipo       ",,CV-8152,Carretera Convencional de calzada única,Municipal,Ascendente,Con barro o gravilla suelta,"Luz del día natural, solar",Nublado,,Nivel blanco,,Sin especificar,Sin especificar,Sin especificar,Sin especificar,Sin especificar,Sin especificar,Sin especificar,2022,4,SÁBADO,14,Tarde,Fines de semana
2.3,1,0,0,16971,03053,Recta,Carretera,Por alcance                                        ,,CV-806,Carretera Convencional de calzada única,Autonómica,Descendente,Seco y limpio,"Luz del día natural, solar",Despejado,,Nivel blanco,,Sin especificar,Sin especificar,Sin especificar,Sin especificar,Sin especificar,Sin especificar,Sin especificar,2022,5,LUNES,13,Tarde,Dias laborables
0.2,2,0,0,16972,03096,Recta,Carretera,Por alcance                                        ,,CV-806,Carretera Convencional de calzada única,Autonómica,Ascendente,Seco y limpio,"Luz del día natural, solar",Despejado,,Nivel blanco,,Sin especificar,Sin especificar,Sin especificar,Sin especificar,Sin especificar,Sin especificar,Sin especificar,2022,5,VIERNES,13,Tarde,Dias laborables
2.8,1,0,0,16973,03053,Curva sin señalizar,Carretera,Caída                                              ,,CV-806,Carretera Convencional de calzada única,Autonómica,Ascendente,Seco y limpio,"Luz del día natural, solar",Despejado,,Nivel blanco,,Sin especificar,Sin especificar,Sin especificar,Sin especificar,Sin especificar,Sin especificar,Sin especificar,2022,5,LUNES,12,Tarde,Dias laborables
1.98,1,0,0,16974,03053,Curva señalizada,Carretera,Lateral                                            ,,No inventariada,Carretera Convencional de calzada única,Municipal,Descendente,Seco y limpio,Sin luz natural ni artificial,Despejado,,Nivel blanco,,No,No,No,No,No,Sí,No,2022,10,MIÉRCOLES,21,Noche,Dias laborables
6.148,1,0,0,16975,03053,Curva señalizada,Carretera,"Salida de la vía por la izquierda, otro tipo       ",,CV-8152,Carretera Convencional de calzada única,Municipal,Descendente,Seco y limpio,"Luz del día natural, solar",Despejado,,Nivel blanco,,Sin especificar,Sin especificar,Sin especificar,Sin especificar,Sin especificar,Sin especificar,Sin especificar,2022,10,SÁBADO,17,Tarde,Fines de semana
3.895,2,0,0,16976,03053,Recta,Carretera,Salida de la vía por la derecha otro tipo          ,,CV-816,Carretera Convencional de calzada única,"Provincial, Cabildo/Consell",Ascendente,Seco y limpio,"Luz del día natural, solar",Despejado,,Nivel blanco,,Sin especificar,Sin especificar,Sin especificar,Sin especificar,Sin especificar,Sin especificar,Sin especificar,2022,12,LUNES,15,Tarde,Dias laborables
2.15,2,0,0,16977,03053,Recta,Carretera,Frontal                                            ,,CV-8152,Carretera Convencional de doble calzada,Autonómica,Descendente,Seco y limpio,"Luz del día natural, solar",Despejado,,Nivel verde,,Sin especificar,Sin especificar,Sin especificar,Sin especificar,Sin especificar,Sin especificar,Sin especificar,2022,12,MIÉRCOLES,11,Mañana,Dias laborables
25.5,0,1,0,16978,00000,Curva señalizada,Carretera,Salida de la vía por la derecha con vuelco         ,,CV-720,Carretera Convencional de calzada única,"Provincial, Cabildo/Consell",Ascendente,Seco y limpio,Sin luz natural ni artificial,Despejado,,Nivel blanco,,Sin especificar,Sin especificar,Sin especificar,Sin especificar,Sin especificar,Sin especificar,Sin especificar,2022,10,VIERNES,21,Noche,Dias laborables
5.2,1,0,0,16979,03055,Recta,Carretera,Salida de la vía por la derecha otro tipo          ,AP-7,CV-913,Carretera Convencional de calzada única,Autonómica,Ascendente,Con aceite,"Luz del día natural, solar",Nublado,,Nivel blanco,Viento fuerte,No,No,Sí,No,No,No,No,2022,1,DOMINGO,9,Mañana,Fines de semana
735.826,1,0,0,16980,03055,Recta,Carretera,Salida de la vía por la derecha con despeñamiento  ,,AP-7,Autopista de peaje,Estatal,Descendente,Seco y limpio,"Luz del día natural, solar",Despejado,,Nivel verde,,Sin especificar,Sin especificar,Sin especificar,Sin especificar,Sin especificar,Sin especificar,Sin especificar,2022,1,DOMINGO,11,Mañana,Fines de semana
6.4,1,0,0,16981,03059,Curva señalizada,Carretera,Fronto-lateral                                     ,CV-8630,CV-904,Carretera Convencional de calzada única,Autonómica,Descendente,Seco y limpio,"Luz del día natural, solar",Despejado,,Nivel blanco,,No,No,Sí,No,No,Sí,No,2022,6,JUEVES,11,Mañana,Dias laborables
2.0,1,0,0,16982,03055,Recta,Carretera,Lateral                                            ,,CMN VIEJO,Camino vecinal,Municipal,Ascendente,Seco y limpio,"Luz del día natural, solar",Despejado,,Nivel blanco,,No,No,No,No,No,No,No,2022,6,MARTES,13,Tarde,Dias laborables
,1,0,0,16983,03055,No aplica,Calle,Atropello a personas                               ,,No inventariada,Calle,Municipal,Se desconoce,Seco y limpio,"Amanecer o atardecer, con luz artificial",Despejado,,Nivel blanco,,No,No,Sí,No,No,Sí,No,2022,6,MARTES,6,Mañana,Dias laborables
,2,0,0,16984,03055,No aplica,Calle,Fronto-lateral                                     ,,No inventariada,Calle,Municipal,Se desconoce,Seco y limpio,"Luz del día natural, solar",Despejado,,Nivel blanco,,No,No,No,Sí,No,No,Sí,2022,8,JUEVES,11,Mañana,Dias laborables
,1,0,0,16985,03055,No aplica,Calle,Fronto-lateral                                     ,,No inventariada,Calle,Municipal,Se desconoce,Seco y limpio,"Luz del día natural, solar",Despejado,,Nivel blanco,,No,No,No,No,No,No,No,2022,8,VIERNES,13,Tarde,Dias laborables
3.439,1,0,0,16986,03059,Curva señalizada,Carretera,Fronto-lateral                                     ,,CV-904,Carretera Convencional de calzada única,Autonómica,Ascendente,Seco y limpio,"Luz del día natural, solar",Despejado,,Nivel blanco,,No,No,No,No,No,No,No,2022,11,DOMINGO,17,Tarde,Fines de semana
733.4,3,0,0,16987,03055,Curva sin señalizar,Carretera,Frontal                                            ,,AP-7,Autopista de peaje,Estatal,Ambos,Seco y limpio,"Luz del día natural, solar",Despejado,,Nivel blanco,,Sin especificar,Sin especificar,Sin especificar,Sin especificar,Sin especificar,Sin especificar,Sin especificar,2022,11,SÁBADO,12,Tarde,Fines de semana
,1,0,0,16988,03055,No aplica,Calle,Atropello a personas                               ,,No inventariada,Calle,Municipal,Se desconoce,Seco y limpio,"Amanecer o atardecer, sin luz artificial",Despejado,,Nivel blanco,,No,No,No,No,No,No,Sí,2022,8,SÁBADO,19,Noche,Fines de semana
,1,0,0,16989,03055,No aplica,Calle,Fronto-lateral                                     ,,No inventariada,Calle,Municipal,Se desconoce,Seco y limpio,"Amanecer o atardecer, con luz artificial",Despejado,,Nivel blanco,,No,No,No,No,No,No,Sí,2022,11,MARTES,17,Tarde,Dias laborables
733.4,1,0,0,16990,03055,Curva señalizada,Carretera,Salida de la vía por la izquierda con vuelco       ,,AP-7,Autopista de peaje,Estatal,Descendente,Seco y limpio,"Luz del día natural, solar",Despejado,,Nivel blanco,,Sin especificar,Sin especificar,Sin especificar,Sin especificar,Sin especificar,Sin especificar,Sin especificar,2022,12,VIERNES,15,Tarde,Dias laborables
3.0,1,0,0,16991,03059,Curva señalizada,Carretera,Por alcance                                        ,,CV-904,Carretera Convencional de calzada única,Autonómica,Ascendente,Seco y limpio,"Luz del día natural, solar",Despejado,,Nivel blanco,,No,No,No,No,No,Sí,No,2022,12,LUNES,8,Mañana,Dias laborables
733.0,1,0,0,16992,03055,Curva señalizada,Carretera,Salida de la vía por la izquierda con vuelco       ,CV-913,AP-7,Autopista de peaje,Estatal,Descendente,Seco y limpio,Sin luz natural ni artificial,Despejado,,Nivel blanco,,No,No,No,No,No,No,No,2022,12,DOMINGO,0,Madrugada,Fines de semana