KM,TOTAL_HL24H,TOTAL_HG24H,TOTAL_MU24H,id,COD_MUNICIPIO,TRAZADO_PLANTA,ZONA,TIPO_ACCIDENTE,CARRETERA_CRUCE,CARRETERA,TIPO_VIA,TITULARIDAD_VIA,SENTIDO_1F,CONDICION_FIRME,CONDICION_ILUMINACION,CONDICION_METEO,CONDICION_NIEBLA,CONDICION_NIVEL_CIRCULA,CONDICION_VIENTO,PRIORI_AGENTE,PRIORI_CIRCUNSTANCIAL,PRIORI_HORIZ_CEDA,PRIORI_HORIZ_STOP,PRIORI_SEMAFORO,PRIORI_VERT_CEDA,PRIORI_VERT_STOP,ANYO,MES,DIA,HORA,FRANJA_HORARIA,TIPO_DIA
3.95,1,0,0,17160,03065,Recta,Carretera,"Salida de la vía por la izquierda, otro tipo       ",,N-338,Carretera Convencional de doble calzada,Estatal,Ascendente,Seco y limpio,Sin luz natural ni artificial,Despejado,,Nivel blanco,,Sin especificar,Sin especificar,Sin especificar,Sin especificar,Sin especificar,Sin especificar,Sin especificar,2022,2,SÁBADO,22,Noche,Fines de semana
521.13,3,0,0,17161,03065,Recta,Carretera,Múltiple o en caravana                             ,,A-7,Autovía,Estatal,Ascendente,Seco y limpio,Sin luz natural ni artificial,Nublado,,Nivel verde,,Sin especificar,Sin especificar,Sin especificar,Sin especificar,Sin especificar,Sin especificar,Sin especificar,2022,2,VIERNES,21,Noche,Dias laborables
6.95,1,0,0,17162,03059,Recta,Carretera,Salida de la vía por la izquierda con vuelco       ,,CV-875,Carretera Convencional de calzada única,"Provincial, Cabildo/Consell",Ascendente,Seco y limpio,"Luz del día natural, solar",Despejado,,Nivel blanco,,Sin especificar,Sin especificar,Sin especificar,Sin especificar,Sin especificar,Sin especificar,Sin especificar,2022,3,MARTES,15,Tarde,Dias laborables
725.85,2,0,0,17163,03065,Recta,Carretera,Por alcance                                        ,N-340,N-340,Carretera Convencional de doble calzada,Estatal,Descendente,Seco y limpio,"Luz del día natural, solar",Despejado,,Nivel blanco,,No,No,No,No,No,No,No,2022,2,JUEVES,10,Mañana,Dias laborables
1.5,2,0,0,17164,03065,Recta,Carretera,Por alcance                                        ,CV-86,EL-20,Autovía,Estatal,Ascendente,Seco y limpio,"Luz del día natural, solar",Despejado,,Nivel blanco,,No,No,Sí,No,No,No,No,2022,3,JUEVES,8,Mañana,Dias laborables
23.228,1,0,0,17165,03065,Recta,Carretera,Salida de la vía por la izquierda con colisión     ,,A-70,Autovía,Estatal,Descendente,Seco y limpio,"Luz del día natural, solar",Nublado,,Nivel verde,,Sin especificar,Sin especificar,Sin especificar,Sin especificar,Sin especificar,Sin especificar,Sin especificar,2022,3,VIERNES,18,Noche,Dias laborables
4.45,1,0,0,17166,03065,Curva señalizada,Carretera,Por alcance                                        ,EL-20,EL-20,Autovía,Otra,Descendente,Seco y limpio,"Luz del día natural, solar",Despejado,,Nivel verde,,No,No,Sí,No,No,Sí,No,2022,2,SÁBADO,14,Tarde,Fines de semana
30.55,3,0,0,17167,03065,Recta,Carretera,Por alcance                                        ,,A-70,Autovía,Estatal,Descendente,Mojado,"Amanecer o atardecer, sin luz artificial",Lluvia débil,,Nivel amarillo,,Sin especificar,Sin especificar,Sin especificar,Sin especificar,Sin especificar,Sin especificar,Sin especificar,2022,3,VIERNES,19,Noche,Dias laborables
6.2,1,1,0,17168,03065,Curva señalizada,Carretera,Salida de la vía por la derecha con vuelco         ,,CV-851,Carretera Convencional de calzada única,"Provincial, Cabildo/Consell",Ascendente,Seco y limpio,"Luz del día natural, solar",Despejado,,Nivel blanco,,Sin especificar,Sin especificar,Sin especificar,Sin especificar,Sin especificar,Sin especificar,Sin especificar,2022,3,DOMINGO,17,Tarde,Fines de semana
4.3,2,0,0,17169,03065,Curva sin señalizar,Carretera,Salida de la vía por la izquierda con colisión     ,EL-20,EL-20,Autovía,Otra,Descendente,Mojado,Sin luz natural y con iluminación artificial encen,Nublado,,Nivel blanco,,No,No,Sí,No,No,Sí,No,2022,3,DOMINGO,1,Madrugada,Fines de semana
9.95,1,0,0,17170,03065,Recta,Carretera,Salida de la vía por la derecha con vuelco         ,,CV-855,Carretera Convencional de calzada única,Autonómica,Ascendente,Seco y limpio,"Luz del día natural, solar",Despejado,,Nivel verde,,Sin especificar,Sin especificar,Sin especificar,Sin especificar,Sin especificar,Sin especificar,Sin especificar,2022,4,DOMINGO,13,Tarde,Fines de semana
4.5,1,0,0,17171,03065,Curva señalizada,Carretera,Salida de la vía por la derecha otro tipo          ,,VEREDA DE,Camino vecinal,"Provincial, Cabildo/Consell",Descendente,Seco y limpio,"Luz del día natural, solar",Despejado,,Nivel blanco,,Sin especificar,Sin especificar,Sin especificar,Sin especificar,Sin especificar,Sin especificar,Sin especificar,2022,4,DOMINGO,18,Noche,Fines de semana
515.15,1,0,0,17172,03065,Recta,Carretera,Lateral                                            ,,A-7,Autovía,Estatal,Ascendente,Mojado,"Amanecer o atardecer, sin luz artificial",Nublado,,Nivel amarillo,,Sin especificar,Sin especificar,Sin especificar,Sin especificar,Sin especificar,Sin especificar,Sin especificar,2022,4,MIÉRCOLES,7,Mañana,Dias laborables
511.4,2,0,0,17173,03065,Curva señalizada,Carretera,Lateral                                            ,,A-7,Autovía,Estatal,Ascendente,Seco y limpio,"Luz del día natural, solar",Despejado,,Nivel blanco,,Sin especificar,Sin especificar,Sin especificar,Sin especificar,Sin especificar,Sin especificar,Sin especificar,2022,4,LUNES,19,Noche,Dias laborables
0.8,4,0,0,17174,03065,Recta,Carretera,Lateral                                            ,,CV-875,Carretera Convencional de calzada única,"Provincial, Cabildo/Consell",Ascendente,Seco y limpio,"Luz del día natural, solar",Despejado,,Nivel verde,,No,No,No,No,Sí,No,No,2022,4,LUNES,15,Tarde,Dias laborables
5.4,1,0,0,17175,03065,Recta,Carretera,Por alcance                                        ,CV-865,EL-20,Autovía,Otra,Descendente,Seco y limpio,"Luz del día natural, solar",Despejado,,Nivel blanco,,No,No,No,No,No,No,No,2022,4,DOMINGO,11,Mañana,Fines de semana
30.0,1,0,0,17176,03065,Curva señalizada,Carretera,Salida de la vía por la izquierda con despeñamiento,,A-70,Autovía,Estatal,Ascendente,Mojado,Sin luz natural y con iluminación artificial no en,Nublado,,Nivel blanco,,No,No,No,No,No,No,No,2022,4,JUEVES,1,Madrugada,Dias laborables
517.7,2,0,0,17177,03065,Recta,Carretera,Salida de la vía por la derecha con colisión       ,,A-7,Autovía,Estatal,Descendente,Muy encharcado o inundado,"Luz del día natural, solar",Lluvia fuerte,,Nivel blanco,,Sin especificar,Sin especificar,Sin especificar,Sin especificar,Sin especificar,Sin especificar,Sin especificar,2022,4,MIÉRCOLES,15,Tarde,Dias laborables
5.378,1,0,0,17178,03065,Curva señalizada,Carretera,Lateral                                            ,,EL-20,Autovía,Otra,Ascendente,Seco y limpio,"Luz del día natural, solar",Se desconoce,,Se desconoce,,No,No,No,No,No,No,No,2022,4,SÁBADO,13,Tarde,Fines de semana
18.85,2,0,0,17179,03065,Recta,Carretera,Salida de la vía por la derecha con colisión       ,CV-856,CV-851,Carretera Convencional de calzada única,"Provincial, Cabildo/Consell",Ascendente,Seco y limpio,"Luz del día natural, solar",Despejado,,Nivel blanco,,No,No,No,Sí,No,No,Sí,2022,4,MARTES,14,Tarde,Dias laborables
3.7,2,0,0,17180,03065,Recta,Carretera,"Salida de la vía por la izquierda, otro tipo       ",,N-338,Carretera Convencional de doble calzada,Estatal,Descendente,Seco y limpio,"Luz del día natural, solar",Despejado,,Nivel blanco,,Sin especificar,Sin especificar,Sin especificar,Sin especificar,Sin especificar,Sin especificar,Sin especificar,2022,5,DOMINGO,16,Tarde,Fines de semana
0.1,1,0,0,17181,03065,Recta,Carretera,Colisión contra obstáculo o elemento de la vía     ,,N-338,Carretera Convencional de calzada única,Estatal,Descendente,Mojado,"Luz del día natural, solar",Nublado,,Nivel blanco,,No,No,No,No,No,No,No,2022,5,MIÉRCOLES,16,Tarde,Dias laborables
518.3,2,0,0,17182,03065,Recta,Carretera,Múltiple o en caravana                             ,,A-7,Autovía,Estatal,Ascendente,Mojado,"Luz del día natural, solar",Lluvia fuerte,,Nivel blanco,,Sin especificar,Sin especificar,Sin especificar,Sin especificar,Sin especificar,Sin especificar,Sin especificar,2022,5,MIÉRCOLES,12,Tarde,Dias laborables
16.2,3,0,0,17183,03065,Curva señalizada,Carretera,Caída                                              ,,CV-851,Carretera Convencional de calzada única,"Provincial, Cabildo/Consell",Ascendente,Seco y limpio,"Luz del día natural, solar",Despejado,,Nivel blanco,,Sin especificar,Sin especificar,Sin especificar,Sin especificar,Sin especificar,Sin especificar,Sin especificar,2022,4,VIERNES,11,Mañana,Dias laborables
2.3,1,0,0,17184,03065,Recta,Carretera,"Salida de la vía por la izquierda, otro tipo       ",,N-338,Carretera Convencional de doble calzada,Estatal,Descendente,Seco y limpio,"Luz del día natural, solar",Despejado,,Nivel blanco,,No,No,No,No,No,No,No,2022,5,VIERNES,10,Mañana,Dias laborables
3.8,2,0,0,17185,03065,Recta,Carretera,Múltiple o en caravana                             ,,EL-20,Autovía,Estatal,Ascendente,Seco y limpio,"Luz del día natural, solar",Despejado,,Nivel verde,,Sin especificar,Sin especificar,Sin especificar,Sin especificar,Sin especificar,Sin especificar,Sin especificar,2022,5,VIERNES,14,Tarde,Dias laborables
94.2,4,0,0,17186,03065,Recta,Carretera,Múltiple o en caravana                             ,,N-332,Carretera Convencional de calzada única,Estatal,Descendente,Seco y limpio,"Luz del día natural, solar",Despejado,,Nivel amarillo,,Sin especificar,Sin especificar,Sin especificar,Sin especificar,Sin especificar,Sin especificar,Sin especificar,2022,5,SÁBADO,13,Tarde,Fines de semana
730.5,1,0,0,17187,03065,Curva señalizada,Carretera,Lateral                                            ,A-79,N-340,Carretera Convencional de calzada única,Estatal,Descendente,Seco y limpio,"Luz del día natural, solar",Despejado,,Nivel blanco,,No,No,No,No,No,No,No,2022,5,MARTES,17,Tarde,Dias laborables
520.9,1,0,0,17188,03065,Curva sin señalizar,Carretera,Salida de la vía por la derecha con vuelco         ,,A-7,Autovía,Estatal,Ascendente,Seco y limpio,Sin luz natural ni artificial,Despejado,,Nivel blanco,,Sin especificar,Sin especificar,Sin especificar,Sin especificar,Sin especificar,Sin especificar,Sin especificar,2022,5,MIÉRCOLES,5,Madrugada,Dias laborables
14.196,1,0,0,17189,03065,Recta,Carretera,Por alcance                                        ,,CV-86,Carretera Convencional de doble calzada,Autonómica,Descendente,Seco y limpio,"Luz del día natural, solar",Despejado,,Nivel blanco,,Sin especificar,Sin especificar,Sin especificar,Sin especificar,Sin especificar,Sin especificar,Sin especificar,2022,5,MIÉRCOLES,8,Mañana,Dias laborables
730.3,1,0,0,17190,03065,Recta,Carretera,Fronto-lateral                                     ,N-340,N-340,Carretera Convencional de doble calzada,Estatal,Ascendente,Seco y limpio,"Luz del día natural, solar",Despejado,,Nivel verde,,No,No,Sí,No,No,Sí,No,2022,6,MIÉRCOLES,8,Mañana,Dias laborables
12.5,1,0,0,17191,03065,Recta,Carretera,Por alcance                                        ,,CV-851,Carretera Convencional de calzada única,"Provincial, Cabildo/Consell",Descendente,Seco y limpio,"Luz del día natural, solar",Despejado,,Nivel blanco,,No,No,No,No,No,No,Sí,2022,6,MIÉRCOLES,7,Mañana,Dias laborables
9.7,1,0,0,17192,03065,Recta,Carretera,Por alcance                                        ,CV-86,CV-86,Carretera Convencional de doble calzada,Autonómica,Descendente,Seco y limpio,"Luz del día natural, solar",Despejado,,Nivel verde,,No,No,Sí,No,No,Sí,No,2022,6,LUNES,8,Mañana,Dias laborables
8.05,1,0,0,17193,03065,Curva señalizada,Carretera,Fronto-lateral                                     ,,CV-855,Carretera Convencional de doble calzada,Autonómica,Ascendente,Seco y limpio,"Luz del día natural, solar",Despejado,,Nivel blanco,,No,No,Sí,No,No,Sí,No,2022,6,JUEVES,7,Mañana,Dias laborables
712.383,1,0,0,17194,03065,Curva señalizada,Carretera,Fronto-lateral                                     ,,N-340,Carretera Convencional de doble calzada,Estatal,Descendente,Seco y limpio,"Luz del día natural, solar",Despejado,,Nivel blanco,,No,No,Sí,No,No,Sí,No,2022,6,MARTES,20,Noche,Dias laborables
1.401,0,1,0,17195,03065,Recta,Carretera,Fronto-lateral                                     ,CV-875,CV-875,Carretera Convencional de calzada única,"Provincial, Cabildo/Consell",Ascendente,Seco y limpio,"Luz del día natural, solar",Despejado,,Nivel blanco,,No,No,No,Sí,No,No,Sí,2022,6,MIÉRCOLES,13,Tarde,Dias laborables
1.5,2,0,0,17196,03065,Curva sin señalizar,Carretera,Salida de la vía por la izquierda con vuelco       ,,No inventariada,Camino vecinal,Municipal,Ascendente,Seco y limpio,Sin luz natural ni artificial,Despejado,,Nivel blanco,,Sin especificar,Sin especificar,Sin especificar,Sin especificar,Sin especificar,Sin especificar,Sin especificar,2022,6,MIÉRCOLES,1,Madrugada,Dias laborables
,1,0,0,17197,03065,No aplica,Calle,Atropello a personas                               ,,No inventariada,Calle,Municipal,Se desconoce,Seco y limpio,"Luz del día natural, solar",Despejado,,Se desconoce,,Sin especificar,Sin especificar,Sin especificar,Sin especificar,Sin especificar,Sin especificar,Sin especificar,2022,2,JUEVES,18,Noche,Dias laborables
,1,0,0,17198,03065,No aplica,Calle,Atropello a personas                               ,,No inventariada,Calle,Municipal,Se desconoce,Seco y limpio,"Luz del día natural, solar",Nublado,,Se desconoce,,Sin especificar,Sin especificar,Sin especificar,Sin especificar,Sin especificar,Sin especificar,Sin especificar,2022,2,VIERNES,14,Tarde,Dias laborables
,2,0,0,17199,03065,No aplica,Calle,Por alcance                                        ,,No inventariada,Calle,Municipal,Se desconoce,Seco y limpio,Sin luz natural y con iluminación artificial encen,Despejado,,Se desconoce,Viento fuerte,Sin especificar,Sin especificar,Sin especificar,Sin especificar,Sin especificar,Sin especificar,Sin especificar,2022,1,MIÉRCOLES,19,Noche,Dias laborables
,2,0,0,17200,03065,No aplica,Calle,Atropello a personas                               ,,No inventariada,Calle,Municipal,Se desconoce,Seco y limpio,"Luz del día natural, solar",Nublado,,Se desconoce,,Sin especificar,Sin especificar,Sin especificar,Sin especificar,Sin especificar,Sin especificar,Sin especificar,2022,3,MARTES,18,Noche,Dias laborables
,1,0,0,17201,03065,No aplica,Calle,Atropello a personas                               ,,No inventariada,Calle,Municipal,Se desconoce,Seco y limpio,"Luz del día natural, solar",Despejado,,Se desconoce,,Sin especificar,Sin especificar,Sin especificar,Sin especificar,Sin especificar,Sin especificar,Sin especificar,2022,3,VIERNES,9,Mañana,Dias laborables
,1,0,0,17202,03065,No aplica,Calle,Atropello a personas                               ,,No inventariada,Calle,Municipal,Se desconoce,Mojado,Sin luz natural y con iluminación artificial encen,Lluvia débil,,Se desconoce,,Sin especificar,Sin especificar,Sin especificar,Sin especificar,Sin especificar,Sin especificar,Sin especificar,2022,3,MIÉRCOLES,19,Noche,Dias laborables
,1,0,0,17203,03065,No aplica,Calle,Atropello a personas                               ,,No inventariada,Calle,Municipal,Se desconoce,Mojado,Sin luz natural y con iluminación artificial encen,Lluvia débil,,Se desconoce,,Sin especificar,Sin especificar,Sin especificar,Sin especificar,Sin especificar,Sin especificar,Sin especificar,2022,3,MIÉRCOLES,20,Noche,Dias laborables
,2,0,0,17204,03065,No aplica,Calle,Por alcance                                        ,,No inventariada,Calle,Municipal,Se desconoce,Seco y limpio,"Luz del día natural, solar",Despejado,,Se desconoce,,Sin especificar,Sin especificar,Sin especificar,Sin especificar,Sin especificar,Sin especificar,Sin especificar,2022,4,VIERNES,9,Mañana,Dias laborables
,3,0,0,17205,03065,No aplica,Calle,Atropello a personas                               ,,No inventariada,Calle,Municipal,Se desconoce,Seco y limpio,"Luz del día natural, solar",Despejado,,Se desconoce,,Sin especificar,Sin especificar,Sin especificar,Sin especificar,Sin especificar,Sin especificar,Sin especificar,2022,4,SÁBADO,11,Mañana,Fines de semana
,1,0,0,17206,03065,No aplica,Calle,Atropello a personas                               ,,No inventariada,Calle,Municipal,Se desconoce,Mojado,"Luz del día natural, solar",Nublado,,Se desconoce,,Sin especificar,Sin especificar,Sin especificar,Sin especificar,Sin especificar,Sin especificar,Sin especificar,2022,4,MARTES,10,Mañana,Dias laborables
,1,0,0,17207,03065,No aplica,Calle,Atropello a personas                               ,,No inventariada,Calle,Municipal,Se desconoce,Mojado,"Luz del día natural, solar",Lluvia débil,,Se desconoce,,Sin especificar,Sin especificar,Sin especificar,Sin especificar,Sin especificar,Sin especificar,Sin especificar,2022,4,MARTES,15,Tarde,Dias laborables
,1,0,0,17208,03065,No aplica,Calle,Atropello a personas                               ,,No inventariada,Calle,Municipal,Se desconoce,Mojado,"Luz del día natural, solar",Lluvia débil,,Se desconoce,,Sin especificar,Sin especificar,Sin especificar,Sin especificar,Sin especificar,Sin especificar,Sin especificar,2022,4,MIÉRCOLES,12,Tarde,Dias laborables
,1,0,0,17209,03065,No aplica,Calle,Otro tipo de accidente                             ,,No inventariada,Calle,Municipal,Se desconoce,Seco y limpio,Sin luz natural y con iluminación artificial encen,Despejado,,Se desconoce,,Sin especificar,Sin especificar,Sin especificar,Sin especificar,Sin especificar,Sin especificar,Sin especificar,2022,4,VIERNES,5,Madrugada,Dias laborables
,1,0,0,17210,03065,No aplica,Calle,Atropello a personas                               ,,No inventariada,Calle,Municipal,Se desconoce,Seco y limpio,"Luz del día natural, solar",Nublado,,Se desconoce,,Sin especificar,Sin especificar,Sin especificar,Sin especificar,Sin especificar,Sin especificar,Sin especificar,2022,4,VIERNES,15,Tarde,Dias laborables
,1,0,0,17211,03065,No aplica,Calle,Atropello a personas                               ,,No inventariada,Calle,Municipal,Se desconoce,Seco y limpio,"Luz del día natural, solar",Despejado,,Se desconoce,,Sin especificar,Sin especificar,Sin especificar,Sin especificar,Sin especificar,Sin especificar,Sin especificar,2022,4,VIERNES,17,Tarde,Dias laborables
,1,0,0,17212,03065,No aplica,Calle,Atropello a personas                               ,,No inventariada,Calle,Municipal,Se desconoce,Seco y limpio,"Luz del día natural, solar",Nublado,,Se desconoce,,Sin especificar,Sin especificar,Sin especificar,Sin especificar,Sin especificar,Sin especificar,Sin especificar,2022,4,SÁBADO,12,Tarde,Fines de semana
,1,0,0,17213,03065,No aplica,Calle,Atropello a personas                               ,,No inventariada,Calle,Municipal,Se desconoce,Seco y limpio,"Luz del día natural, solar",Despejado,,Se desconoce,,Sin especificar,Sin especificar,Sin especificar,Sin especificar,Sin especificar,Sin especificar,Sin especificar,2022,4,MARTES,14,Tarde,Dias laborables
,1,0,0,17214,03065,No aplica,Calle,Atropello a personas                               ,,No inventariada,Calle,Municipal,Se desconoce,Seco y limpio,"Luz del día natural, solar",Lluvia débil,,Se desconoce,,Sin especificar,Sin especificar,Sin especificar,Sin especificar,Sin especificar,Sin especificar,Sin especificar,2022,4,MIÉRCOLES,13,Tarde,Dias laborables
,1,0,0,17215,03065,No aplica,Calle,Atropello a personas                               ,,No inventariada,Calle,Municipal,Se desconoce,Mojado,"Luz del día natural, solar",Lluvia débil,,Se desconoce,,Sin especificar,Sin especificar,Sin especificar,Sin especificar,Sin especificar,Sin especificar,Sin especificar,2022,4,MIÉRCOLES,20,Noche,Dias laborables
,1,0,0,17216,03065,No aplica,Calle,Atropello a personas                               ,,No inventariada,Calle,Municipal,Se desconoce,Mojado,"Luz del día natural, solar",Lluvia débil,,Se desconoce,,Sin especificar,Sin especificar,Sin especificar,Sin especificar,Sin especificar,Sin especificar,Sin especificar,2022,4,JUEVES,8,Mañana,Dias laborables
,0,1,0,17217,03065,No aplica,Calle,Fronto-lateral                                     ,,No inventariada,Calle,Municipal,Se desconoce,Seco y limpio,"Luz del día natural, solar",Despejado,,Se desconoce,,Sin especificar,Sin especificar,Sin especificar,Sin especificar,Sin especificar,Sin especificar,Sin especificar,2022,4,VIERNES,16,Tarde,Dias laborables
,1,0,0,17218,03065,No aplica,Calle,Atropello a personas                               ,,No inventariada,Calle,Municipal,Se desconoce,Seco y limpio,"Luz del día natural, solar",Despejado,,Se desconoce,,Sin especificar,Sin especificar,Sin especificar,Sin especificar,Sin especificar,Sin especificar,Sin especificar,2022,4,SÁBADO,10,Mañana,Fines de semana
,1,0,0,17219,03065,No aplica,Calle,Atropello a personas                               ,,No inventariada,Calle,Municipal,Se desconoce,Seco y limpio,"Luz del día natural, solar",Despejado,,Se desconoce,,Sin especificar,Sin especificar,Sin especificar,Sin especificar,Sin especificar,Sin especificar,Sin especificar,2022,4,SÁBADO,13,Tarde,Fines de semana
,1,0,0,17220,03065,No aplica,Calle,Atropello a personas                               ,,No inventariada,Calle,Municipal,Se desconoce,Seco y limpio,"Luz del día natural, solar",Nublado,,Se desconoce,,Sin especificar,Sin especificar,Sin especificar,Sin especificar,Sin especificar,Sin especificar,Sin especificar,2022,5,JUEVES,10,Mañana,Dias laborables
,1,0,0,17221,03065,No aplica,Calle,Colisión contra obstáculo o elemento de la vía     ,,No inventariada,Calle,Municipal,Se desconoce,Seco y limpio,Sin luz natural y con iluminación artificial encen,Despejado,,Se desconoce,,Sin especificar,Sin especificar,Sin especificar,Sin especificar,Sin especificar,Sin especificar,Sin especificar,2022,5,DOMINGO,23,Noche,Fines de semana
,1,0,0,17222,03065,No aplica,Calle,Fronto-lateral                                     ,,No inventariada,Calle,Municipal,Se desconoce,Seco y limpio,"Luz del día natural, solar",Despejado,,Se desconoce,Viento fuerte,Sin especificar,Sin especificar,Sin especificar,Sin especificar,Sin especificar,Sin especificar,Sin especificar,2022,5,MIÉRCOLES,20,Noche,Dias laborables
,1,0,0,17223,03065,No aplica,Calle,Caída                                              ,,No inventariada,Calle,Municipal,Se desconoce,Seco y limpio,"Luz del día natural, solar",Despejado,,Se desconoce,,Sin especificar,Sin especificar,Sin especificar,Sin especificar,Sin especificar,Sin especificar,Sin especificar,2022,5,JUEVES,10,Mañana,Dias laborables
,0,1,0,17224,03065,No aplica,Calle,Fronto-lateral                                     ,,No inventariada,Calle,Municipal,Se desconoce,Seco y limpio,"Luz del día natural, solar",Despejado,,Se desconoce,,Sin especificar,Sin especificar,Sin especificar,Sin especificar,Sin especificar,Sin especificar,Sin especificar,2022,5,VIERNES,10,Mañana,Dias laborables
,2,0,0,17225,03065,No aplica,Calle,Atropello a personas                               ,,No inventariada,Calle,Municipal,Se desconoce,Seco y limpio,"Luz del día natural, solar",Despejado,,Se desconoce,,Sin especificar,Sin especificar,Sin especificar,Sin especificar,Sin especificar,Sin especificar,Sin especificar,2022,5,LUNES,8,Mañana,Dias laborables
,1,0,0,17226,03065,No aplica,Calle,Atropello a personas                               ,,No inventariada,Calle,Municipal,Se desconoce,Seco y limpio,"Luz del día natural, solar",Despejado,,Se desconoce,,Sin especificar,Sin especificar,Sin especificar,Sin especificar,Sin especificar,Sin especificar,Sin especificar,2022,5,MARTES,8,Mañana,Dias laborables
,2,0,0,17227,03065,No aplica,Calle,Por alcance                                        ,,No inventariada,Calle,Municipal,Se desconoce,Seco y limpio,"Luz del día natural, solar",Despejado,,Se desconoce,,Sin especificar,Sin especificar,Sin especificar,Sin especificar,Sin especificar,Sin especificar,Sin especificar,2022,5,JUEVES,14,Tarde,Dias laborables
,1,0,0,17228,03065,No aplica,Calle,Caída                                              ,,No inventariada,Calle,Municipal,Se desconoce,Seco y limpio,"Luz del día natural, solar",Despejado,,Se desconoce,,Sin especificar,Sin especificar,Sin especificar,Sin especificar,Sin especificar,Sin especificar,Sin especificar,2022,5,JUEVES,17,Tarde,Dias laborables
,1,0,0,17229,03065,No aplica,Calle,Por alcance                                        ,,No inventariada,Calle,Municipal,Se desconoce,Seco y limpio,"Amanecer o atardecer, sin luz artificial",Despejado,,Se desconoce,,Sin especificar,Sin especificar,Sin especificar,Sin especificar,Sin especificar,Sin especificar,Sin especificar,2022,5,VIERNES,19,Noche,Dias laborables
,1,0,0,17230,03065,No aplica,Calle,Atropello a personas                               ,,No inventariada,Calle,Municipal,Se desconoce,Seco y limpio,"Amanecer o atardecer, con luz artificial",Despejado,,Se desconoce,,Sin especificar,Sin especificar,Sin especificar,Sin especificar,Sin especificar,Sin especificar,Sin especificar,2022,5,VIERNES,19,Noche,Dias laborables
,1,0,0,17231,03065,No aplica,Calle,Fronto-lateral                                     ,,No inventariada,Calle,Municipal,Se desconoce,Seco y limpio,"Amanecer o atardecer, sin luz artificial",Nublado,,Se desconoce,,Sin especificar,Sin especificar,Sin especificar,Sin especificar,Sin especificar,Sin especificar,Sin especificar,2022,5,SÁBADO,6,Mañana,Fines de semana
,1,0,0,17232,03065,No aplica,Calle,Fronto-lateral                                     ,,No inventariada,Calle,Municipal,Se desconoce,Seco y limpio,"Luz del día natural, solar",Despejado,,Se desconoce,,Sin especificar,Sin especificar,Sin especificar,Sin especificar,Sin especificar,Sin especificar,Sin especificar,2022,5,SÁBADO,9,Mañana,Fines de semana
,1,0,0,17233,03065,No aplica,Calle,Fronto-lateral                                     ,,No inventariada,Calle,Municipal,Se desconoce,Seco y limpio,"Luz del día natural, solar",Despejado,,Se desconoce,,Sin especificar,Sin especificar,Sin especificar,Sin especificar,Sin especificar,Sin especificar,Sin especificar,2022,5,DOMINGO,16,Tarde,Fines de semana
,1,0,0,17234,03065,No aplica,Calle,Atropello a personas                               ,,No inventariada,Calle,Municipal,Se desconoce,Seco y limpio,"Luz del día natural, solar",Despejado,,Se desconoce,,Sin especificar,Sin especificar,Sin especificar,Sin especificar,Sin especificar,Sin especificar,Sin especificar,2022,5,MIÉRCOLES,9,Mañana,Dias laborables
,1,0,0,17235,03065,No aplica,Calle,Caída                                              ,,No inventariada,Calle,Municipal,Se desconoce,Seco y limpio,"Luz del día natural, solar",Despejado,,Se desconoce,,Sin especificar,Sin especificar,Sin especificar,Sin especificar,Sin especificar,Sin especificar,Sin especificar,2022,5,MIÉRCOLES,13,Tarde,Dias laborables
,1,0,0,17236,03065,No aplica,Calle,Por alcance                                        ,,No inventariada,Calle,Municipal,Se desconoce,Seco y limpio,"Luz del día natural, solar",Despejado,,Se desconoce,,Sin especificar,Sin especificar,Sin especificar,Sin especificar,Sin especificar,Sin especificar,Sin especificar,2022,5,JUEVES,14,Tarde,Dias laborables
,1,0,0,17237,03065,No aplica,Calle,Fronto-lateral                                     ,,No inventariada,Calle,Municipal,Se desconoce,Seco y limpio,"Luz del día natural, solar",Se desconoce,,Se desconoce,,Sin especificar,Sin especificar,Sin especificar,Sin especificar,Sin especificar,Sin especificar,Sin especificar,2022,5,JUEVES,20,Noche,Dias laborables
,1,0,0,17238,03065,No aplica,Calle,Caída                                              ,,No inventariada,Calle,Estatal,Se desconoce,Seco y limpio,"Luz del día natural, solar",Despejado,,Se desconoce,,Sin especificar,Sin especificar,Sin especificar,Sin especificar,Sin especificar,Sin especificar,Sin especificar,2022,5,VIERNES,7,Mañana,Dias laborables
,2,0,0,17239,03065,No aplica,Calle,Por alcance                                        ,,No inventariada,Calle,Municipal,Se desconoce,Seco y limpio,"Luz del día natural, solar",Despejado,,Se desconoce,,Sin especificar,Sin especificar,Sin especificar,Sin especificar,Sin especificar,Sin especificar,Sin especificar,2022,5,VIERNES,13,Tarde,Dias laborables
,1,0,0,17240,03065,No aplica,Calle,Por alcance                                        ,,No inventariada,Calle,Municipal,Se desconoce,Seco y limpio,"Luz del día natural, solar",Despejado,,Se desconoce,,Sin especificar,Sin especificar,Sin especificar,Sin especificar,Sin especificar,Sin especificar,Sin especificar,2022,5,VIERNES,15,Tarde,Dias laborables