KM,TOTAL_HL24H,TOTAL_HG24H,TOTAL_MU24H,id,COD_MUNICIPIO,TRAZADO_PLANTA,ZONA,TIPO_ACCIDENTE,CARRETERA_CRUCE,CARRETERA,TIPO_VIA,TITULARIDAD_VIA,SENTIDO_1F,CONDICION_FIRME,CONDICION_ILUMINACION,CONDICION_METEO,CONDICION_NIEBLA,CONDICION_NIVEL_CIRCULA,CONDICION_VIENTO,PRIORI_AGENTE,PRIORI_CIRCUNSTANCIAL,PRIORI_HORIZ_CEDA,PRIORI_HORIZ_STOP,PRIORI_SEMAFORO,PRIORI_VERT_CEDA,PRIORI_VERT_STOP,ANYO,MES,DIA,HORA,FRANJA_HORARIA,TIPO_DIA
,1,0,0,18523,03104,No aplica,Calle,Fronto-lateral                                     ,,No inventariada,Calle,Municipal,Se desconoce,Seco y limpio,Sin luz natural y con iluminación artificial encen,Despejado,,Sin especificar,,Sin especificar,Sin especificar,Sin especificar,Sin especificar,Sin especificar,Sin especificar,Sin especificar,2022,4,VIERNES,22,Noche,Dias laborables
,1,0,0,18524,03104,No aplica,Calle,Salida de la vía por la izquierda con colisión     ,,No inventariada,Calle,Municipal,Se desconoce,Seco y limpio,"Amanecer o atardecer, con luz artificial",Despejado,,Sin especificar,,Sin especificar,Sin especificar,Sin especificar,Sin especificar,Sin especificar,Sin especificar,Sin especificar,2022,7,SÁBADO,7,Mañana,Fines de semana
,2,0,0,18525,03104,No aplica,Calle,Otro tipo de accidente                             ,,No inventariada,Calle,Municipal,Se desconoce,Seco y limpio,"Luz del día natural, solar",Despejado,,Sin especificar,,No,No,No,No,No,No,No,2022,6,MARTES,17,Tarde,Dias laborables
,1,0,0,18526,03104,No aplica,Calle,Fronto-lateral                                     ,,No inventariada,Calle,Municipal,Se desconoce,Seco y limpio,"Luz del día natural, solar",Despejado,,Sin especificar,,No,No,Sí,No,No,No,No,2022,6,JUEVES,13,Tarde,Dias laborables
,1,0,0,18527,03104,No aplica,Calle,Por alcance                                        ,,No inventariada,Calle,Municipal,Se desconoce,Seco y limpio,"Luz del día natural, solar",Despejado,,Sin especificar,,Sin especificar,Sin especificar,Sin especificar,Sin especificar,Sin especificar,Sin especificar,Sin especificar,2022,5,MARTES,12,Tarde,Dias laborables
,1,0,0,18528,03104,No aplica,Calle,Por alcance                                        ,,No inventariada,Calle,Municipal,Se desconoce,Seco y limpio,Sin luz natural y con iluminación artificial encen,Se desconoce,,Sin especificar,,No,No,No,No,No,Sí,No,2022,7,DOMINGO,22,Noche,Fines de semana
,1,0,0,18529,03104,No aplica,Calle,Fronto-lateral                                     ,,No inventariada,Calle,Municipal,Se desconoce,Seco y limpio,"Luz del día natural, solar",Despejado,,Sin especificar,,No,No,No,No,No,No,No,2022,4,VIERNES,15,Tarde,Dias laborables
,1,0,0,18530,03104,No aplica,Calle,Fronto-lateral                                     ,,No inventariada,Calle,Municipal,Se desconoce,Seco y limpio,"Luz del día natural, solar",Se desconoce,,Sin especificar,,No,No,No,No,No,Sí,No,2022,2,VIERNES,8,Mañana,Dias laborables
,2,0,0,18531,03104,No aplica,Calle,Fronto-lateral                                     ,,No inventariada,Calle,Municipal,Se desconoce,Seco y limpio,"Amanecer o atardecer, sin luz artificial",Se desconoce,,Sin especificar,,No,No,No,No,No,Sí,No,2022,4,SÁBADO,17,Tarde,Fines de semana
,1,0,0,18532,03104,No aplica,Calle,Fronto-lateral                                     ,,No inventariada,Calle,Municipal,Se desconoce,Seco y limpio,"Amanecer o atardecer, sin luz artificial",Se desconoce,,Sin especificar,,No,No,Sí,No,No,No,No,2022,5,MARTES,17,Tarde,Dias laborables
,1,0,0,18533,03104,No aplica,Calle,Fronto-lateral                                     ,,No inventariada,Calle,Municipal,Se desconoce,Seco y limpio,"Luz del día natural, solar",Despejado,,Sin especificar,,No,No,No,No,No,No,No,2022,7,MARTES,17,Tarde,Dias laborables
,2,0,0,18534,03104,No aplica,Calle,Por alcance                                        ,,No inventariada,Calle,"Provincial, Cabildo/Consell",Se desconoce,Se desconoce,"Amanecer o atardecer, sin luz artificial",Se desconoce,,Sin especificar,,Sin especificar,Sin especificar,Sin especificar,Sin especificar,Sin especificar,Sin especificar,Sin especificar,2022,5,MARTES,18,Noche,Dias laborables
,1,0,0,18535,03104,No aplica,Calle,Fronto-lateral                                     ,,No inventariada,Calle,Municipal,Se desconoce,Seco y limpio,"Luz del día natural, solar",Despejado,,Sin especificar,,No,No,No,No,No,No,Sí,2022,7,MARTES,12,Tarde,Dias laborables
,1,0,0,18536,03104,No aplica,Calle,Atropello a personas                               ,,No inventariada,Calle,Municipal,Se desconoce,Seco y limpio,"Luz del día natural, solar",Despejado,,Sin especificar,,Sin especificar,Sin especificar,Sin especificar,Sin especificar,Sin especificar,Sin especificar,Sin especificar,2022,6,VIERNES,8,Mañana,Dias laborables
,1,0,0,18537,03104,No aplica,Calle,Atropello a personas                               ,,No inventariada,Calle,Municipal,Se desconoce,Seco y limpio,"Luz del día natural, solar",Despejado,,Sin especificar,,Sin especificar,Sin especificar,Sin especificar,Sin especificar,Sin especificar,Sin especificar,Sin especificar,2022,6,SÁBADO,8,Mañana,Fines de semana
,1,0,0,18538,03104,No aplica,Calle,Atropello a personas                               ,,No inventariada,Calle,Municipal,Se desconoce,Seco y limpio,"Amanecer o atardecer, sin luz artificial",Se desconoce,,Sin especificar,,Sin especificar,Sin especificar,Sin especificar,Sin especificar,Sin especificar,Sin especificar,Sin especificar,2022,6,LUNES,18,Noche,Dias laborables
0.0,1,0,0,18539,03104,Se desconoce,Carretera,Frontal                                            ,,CV-820,Carretera Convencional de calzada única,Autonómica,Ambos,Se desconoce,"Luz del día natural, solar",Despejado,,Sin especificar,,Sin especificar,Sin especificar,Sin especificar,Sin especificar,Sin especificar,Sin especificar,Sin especificar,2022,2,SÁBADO,13,Tarde,Fines de semana
,1,0,0,18540,03104,No aplica,Calle,Otro tipo de accidente                             ,,No inventariada,Calle,Municipal,Se desconoce,Se desconoce,"Luz del día natural, solar",Se desconoce,,Sin especificar,,Sin especificar,Sin especificar,Sin especificar,Sin especificar,Sin especificar,Sin especificar,Sin especificar,2022,7,JUEVES,13,Tarde,Dias laborables
,1,0,0,18541,03104,No aplica,Calle,Atropello a personas                               ,,No inventariada,Calle,Municipal,Se desconoce,Se desconoce,Sin luz natural y con iluminación artificial encen,Se desconoce,,Sin especificar,,Sin especificar,Sin especificar,Sin especificar,Sin especificar,Sin especificar,Sin especificar,Sin especificar,2022,8,LUNES,22,Noche,Dias laborables
,1,0,0,18542,03104,No aplica,Calle,Caída                                              ,,No inventariada,Calle,Municipal,Se desconoce,Seco y limpio,"Luz del día natural, solar",Despejado,,Sin especificar,,Sin especificar,Sin especificar,Sin especificar,Sin especificar,Sin especificar,Sin especificar,Sin especificar,2022,8,DOMINGO,14,Tarde,Fines de semana
,1,0,0,18543,03104,No aplica,Calle,Fronto-lateral                                     ,,No inventariada,Calle,Municipal,Se desconoce,Seco y limpio,"Luz del día natural, solar",Despejado,,Sin especificar,,No,No,Sí,No,No,No,No,2022,8,JUEVES,13,Tarde,Dias laborables
,1,0,0,18544,03104,No aplica,Calle,Atropello a personas                               ,,No inventariada,Calle,Municipal,Se desconoce,Seco y limpio,"Luz del día natural, solar",Despejado,,Sin especificar,,Sin especificar,Sin especificar,Sin especificar,Sin especificar,Sin especificar,Sin especificar,Sin especificar,2022,7,MARTES,11,Mañana,Dias laborables
,2,0,0,18545,03104,No aplica,Calle,Fronto-lateral                                     ,,No inventariada,Calle,Municipal,Se desconoce,Seco y limpio,"Luz del día natural, solar",Despejado,,Sin especificar,,No,No,No,No,No,No,No,2022,7,LUNES,18,Noche,Dias laborables
,0,1,0,18546,03104,No aplica,Calle,Fronto-lateral                                     ,,No inventariada,Calle,Municipal,Se desconoce,Se desconoce,Sin luz natural y con iluminación artificial encen,Se desconoce,,Sin especificar,,No,No,No,No,No,Sí,No,2022,7,SÁBADO,20,Noche,Fines de semana
,1,0,0,18547,03104,No aplica,Calle,Lateral                                            ,,No inventariada,Calle,Municipal,Se desconoce,Se desconoce,Sin luz natural y con iluminación artificial encen,Se desconoce,,Sin especificar,,Sin especificar,Sin especificar,Sin especificar,Sin especificar,Sin especificar,Sin especificar,Sin especificar,2022,9,MIÉRCOLES,21,Noche,Dias laborables
,1,0,0,18548,03104,No aplica,Calle,Fronto-lateral                                     ,,No inventariada,Calle,Municipal,Se desconoce,Seco y limpio,"Amanecer o atardecer, sin luz artificial",Se desconoce,,Sin especificar,,No,No,No,No,No,Sí,No,2022,8,LUNES,7,Mañana,Dias laborables
,1,0,0,18549,03104,No aplica,Calle,Fronto-lateral                                     ,,No inventariada,Calle,Municipal,Se desconoce,Se desconoce,"Luz del día natural, solar",Se desconoce,,Sin especificar,,No,No,No,No,No,Sí,No,2022,8,DOMINGO,14,Tarde,Fines de semana
207.15,0,0,1,18550,03104,Curva sin señalizar,Carretera,Salida de la vía por la derecha con colisión       ,,A-31,Autovía,Estatal,Descendente,Seco y limpio,Sin luz natural ni artificial,Despejado,,Nivel blanco,,Sin especificar,Sin especificar,Sin especificar,Sin especificar,Sin especificar,Sin especificar,Sin especificar,2022,12,MIÉRCOLES,4,Madrugada,Dias laborables
,1,0,0,18551,03104,No aplica,Calle,Lateral                                            ,,No inventariada,Calle,Municipal,Se desconoce,Se desconoce,"Luz del día natural, solar",Se desconoce,,Sin especificar,,No,No,Sí,No,No,Sí,No,2022,8,MIÉRCOLES,11,Mañana,Dias laborables
,1,0,0,18552,03104,No aplica,Calle,Fronto-lateral                                     ,,No inventariada,Calle,Municipal,Se desconoce,Seco y limpio,"Luz del día natural, solar",Despejado,,Sin especificar,,No,No,No,Sí,No,No,Sí,2022,9,LUNES,12,Tarde,Dias laborables
,2,0,0,18553,03104,No aplica,Calle,Salida de la vía por la izquierda con colisión     ,,No inventariada,Calle,Municipal,Se desconoce,Se desconoce,"Luz del día natural, solar",Se desconoce,,Sin especificar,,Sin especificar,Sin especificar,Sin especificar,Sin especificar,Sin especificar,Sin especificar,Sin especificar,2022,9,DOMINGO,12,Tarde,Fines de semana
,2,0,0,18554,03104,No aplica,Calle,Salida de la vía por la derecha con colisión       ,,No inventariada,Calle,Municipal,Se desconoce,Seco y limpio,"Luz del día natural, solar",Se desconoce,,Sin especificar,,Sin especificar,Sin especificar,Sin especificar,Sin especificar,Sin especificar,Sin especificar,Sin especificar,2022,9,DOMINGO,16,Tarde,Fines de semana
23.8,1,0,0,18555,03105,Recta,Carretera,Salida de la vía por la izquierda con colisión     ,,CV-83,Carretera Convencional de calzada única,Autonómica,Ascendente,Seco y limpio,"Luz del día natural, solar",Despejado,,Nivel blanco,,Sin especificar,Sin especificar,Sin especificar,Sin especificar,Sin especificar,Sin especificar,Sin especificar,2022,6,SÁBADO,7,Mañana,Fines de semana
11.8,1,0,0,18556,03105,Recta,Carretera,Salida de la vía por la izquierda con colisión     ,,CV-836,Carretera Convencional de calzada única,Autonómica,Descendente,Seco y limpio,Sin luz natural ni artificial,Despejado,,Nivel blanco,,Sin especificar,Sin especificar,Sin especificar,Sin especificar,Sin especificar,Sin especificar,Sin especificar,2022,7,JUEVES,6,Mañana,Dias laborables
14.1,1,0,0,18557,03089,Curva señalizada,Carretera,Salida de la vía por la derecha con despeñamiento  ,,CV-83,Carretera Convencional de doble calzada,Autonómica,Descendente,Seco y limpio,"Luz del día natural, solar",Nublado,,Nivel verde,,Sin especificar,Sin especificar,Sin especificar,Sin especificar,Sin especificar,Sin especificar,Sin especificar,2022,10,DOMINGO,17,Tarde,Fines de semana
,0,1,0,18558,03105,No aplica,Calle,Fronto-lateral                                     ,,No inventariada,Calle,Municipal,Se desconoce,Seco y limpio,"Luz del día natural, solar",Despejado,,Nivel amarillo,,No,No,Sí,No,No,Sí,No,2022,11,VIERNES,10,Mañana,Dias laborables
19.5,1,0,0,18559,03105,Recta,Carretera,Atropello a personas                               ,,CV-83,Carretera Convencional de calzada única,Autonómica,Ascendente,Seco y limpio,Sin luz natural ni artificial,Despejado,,Nivel blanco,,Sin especificar,Sin especificar,Sin especificar,Sin especificar,Sin especificar,Sin especificar,Sin especificar,2022,12,JUEVES,6,Mañana,Dias laborables
24.7,0,1,0,18560,00000,Curva señalizada,Carretera,Frontal                                            ,,CV-700,Carretera Convencional de calzada única,Autonómica,Ambos,Seco y limpio,"Luz del día natural, solar",Despejado,,Nivel blanco,,Sin especificar,Sin especificar,Sin especificar,Sin especificar,Sin especificar,Sin especificar,Sin especificar,2022,8,MARTES,20,Noche,Dias laborables
27.5,0,1,0,18561,00000,Recta,Carretera,Fronto-lateral                                     ,CV-711,CV-700,Carretera Convencional de calzada única,Autonómica,Descendente,Seco y limpio,"Luz del día natural, solar",Despejado,,Nivel blanco,,No,No,No,No,No,No,No,2022,11,JUEVES,16,Tarde,Dias laborables
38.0,1,0,0,18562,03107,Curva señalizada,Carretera,Salida de la vía por la derecha con despeñamiento  ,,CV-70,Carretera Convencional de calzada única,Autonómica,Descendente,Seco y limpio,"Luz del día natural, solar",Despejado,,Nivel blanco,,Sin especificar,Sin especificar,Sin especificar,Sin especificar,Sin especificar,Sin especificar,Sin especificar,2022,5,SÁBADO,14,Tarde,Fines de semana
38.0,0,1,0,18563,03107,Curva señalizada,Carretera,Salida de la vía por la derecha con colisión       ,,CV-70,Carretera Convencional de calzada única,Autonómica,Ascendente,Seco y limpio,"Luz del día natural, solar",Despejado,,Nivel blanco,,Sin especificar,Sin especificar,Sin especificar,Sin especificar,Sin especificar,Sin especificar,Sin especificar,2022,6,JUEVES,8,Mañana,Dias laborables
54.9,1,0,0,18564,03107,Curva señalizada,Carretera,Fronto-lateral                                     ,,CV-715,Carretera Convencional de calzada única,Autonómica,Ambos,Seco y limpio,"Luz del día natural, solar",Nublado,,Nivel blanco,,No,No,No,No,No,No,No,2022,9,SÁBADO,10,Mañana,Fines de semana
41.0,0,1,0,18565,03107,Se desconoce,Carretera,Por alcance                                        ,,CV-70,Carretera Convencional de calzada única,Autonómica,Ascendente,Seco y limpio,Sin luz natural y con iluminación artificial encen,Despejado,,Nivel amarillo,,No,No,No,No,No,Sí,No,2022,9,MARTES,20,Noche,Dias laborables
43.3,1,0,0,18566,03107,Recta,Carretera,Salida de la vía por la izquierda con colisión     ,,CV-70,Carretera Convencional de doble calzada,Autonómica,Ascendente,Seco y limpio,"Luz del día natural, solar",Despejado,,Nivel blanco,,Sin especificar,Sin especificar,Sin especificar,Sin especificar,Sin especificar,Sin especificar,Sin especificar,2022,11,JUEVES,14,Tarde,Dias laborables
55.1,1,0,0,18567,03107,Curva sin señalizar,Carretera,Salida de la vía por la derecha con vuelco         ,,CV-715,Carretera Convencional de calzada única,Autonómica,Ascendente,Seco y limpio,"Luz del día natural, solar",Despejado,,Nivel blanco,,Sin especificar,Sin especificar,Sin especificar,Sin especificar,Sin especificar,Sin especificar,Sin especificar,2022,11,DOMINGO,13,Tarde,Fines de semana
3.0,1,0,0,18568,03099,Recta,Carretera,Otro tipo de accidente                             ,,CV-911,Carretera Convencional de calzada única,Autonómica,Descendente,Seco y limpio,"Luz del día natural, solar",Despejado,,Nivel blanco,,Sin especificar,Sin especificar,Sin especificar,Sin especificar,Sin especificar,Sin especificar,Sin especificar,2022,2,DOMINGO,16,Tarde,Fines de semana
3.65,2,0,0,18569,03099,Recta,Carretera,Fronto-lateral                                     ,,CV-912,Carretera Convencional de calzada única,Autonómica,Ambos,Seco y limpio,"Luz del día natural, solar",Despejado,,Nivel blanco,,No,No,No,Sí,No,No,Sí,2022,4,LUNES,16,Tarde,Dias laborables
693.58,3,0,0,18570,03058,Recta,Carretera,Fronto-lateral                                     ,,N-340,Carretera Convencional de calzada única,Estatal,Descendente,Seco y limpio,Sin luz natural ni artificial,Despejado,,Nivel blanco,,No,No,No,No,No,No,No,2022,3,MARTES,20,Noche,Dias laborables
9.6,1,0,0,18571,03902,Recta,Carretera,Caída                                              ,,CV-952,Carretera Convencional de doble calzada,"Provincial, Cabildo/Consell",Ascendente,Otra,"Luz del día natural, solar",Despejado,,Nivel blanco,,Sin especificar,Sin especificar,Sin especificar,Sin especificar,Sin especificar,Sin especificar,Sin especificar,2022,3,DOMINGO,10,Mañana,Fines de semana
,1,0,0,18572,03111,No aplica,Calle,Fronto-lateral                                     ,,No inventariada,Calle,Municipal,Se desconoce,Seco y limpio,"Luz del día natural, solar",Despejado,,Nivel blanco,,No,No,No,No,No,Sí,No,2022,1,MIÉRCOLES,17,Tarde,Dias laborables
,1,0,0,18573,03111,No aplica,Calle,Frontal                                            ,,No inventariada,Calle,Municipal,Se desconoce,Seco y limpio,"Amanecer o atardecer, con luz artificial",Despejado,,Sin especificar,,Sin especificar,Sin especificar,Sin especificar,Sin especificar,Sin especificar,Sin especificar,Sin especificar,2022,11,LUNES,7,Mañana,Dias laborables
,1,0,0,18574,03111,No aplica,Calle,Por alcance                                        ,,No inventariada,Calle,Municipal,Se desconoce,Seco y limpio,Sin luz natural y con iluminación artificial encen,Despejado,,Nivel verde,,Sin especificar,Sin especificar,Sin especificar,Sin especificar,Sin especificar,Sin especificar,Sin especificar,2022,10,MARTES,21,Noche,Dias laborables
,2,0,0,18575,03111,No aplica,Calle,Múltiple o en caravana                             ,,No inventariada,Calle,Municipal,Se desconoce,Seco y limpio,"Amanecer o atardecer, con luz artificial",Despejado,,Nivel amarillo,,No,No,No,No,No,No,Sí,2022,10,LUNES,7,Mañana,Dias laborables
,1,0,0,18576,03111,No aplica,Calle,Frontal                                            ,,No inventariada,Calle,Municipal,Se desconoce,Seco y limpio,"Luz del día natural, solar",Despejado,,Nivel blanco,,No,No,No,No,No,No,No,2022,9,JUEVES,14,Tarde,Dias laborables
0.3,2,0,0,18577,03111,Recta,Carretera,Salida de la vía por la derecha con colisión       ,,No inventariada,Camino vecinal,Autonómica,Descendente,Seco y limpio,Sin luz natural y con iluminación artificial encen,Despejado,,Nivel blanco,,Sin especificar,Sin especificar,Sin especificar,Sin especificar,Sin especificar,Sin especificar,Sin especificar,2022,11,VIERNES,17,Tarde,Dias laborables
1.8,2,0,0,18578,03099,Recta,Carretera,Por alcance                                        ,,CV-900,Carretera Convencional de calzada única,Autonómica,Descendente,Seco y limpio,Sin luz natural ni artificial,Despejado,,Nivel blanco,,Sin especificar,Sin especificar,Sin especificar,Sin especificar,Sin especificar,Sin especificar,Sin especificar,2022,11,LUNES,6,Mañana,Dias laborables
26.602,1,0,0,18579,00000,Curva señalizada,Carretera,"Salida de la vía por la izquierda, otro tipo       ",,CV-775,Carretera Convencional de calzada única,Autonómica,Ascendente,Seco y limpio,"Luz del día natural, solar",Despejado,,Nivel blanco,,Sin especificar,Sin especificar,Sin especificar,Sin especificar,Sin especificar,Sin especificar,Sin especificar,2022,2,DOMINGO,11,Mañana,Fines de semana
26.9,1,0,0,18580,00000,Recta,Carretera,Salida de la vía por la derecha con colisión       ,,CV-775,Carretera Convencional de calzada única,Autonómica,Ascendente,Seco y limpio,Sin luz natural ni artificial,Despejado,,Nivel blanco,,Sin especificar,Sin especificar,Sin especificar,Sin especificar,Sin especificar,Sin especificar,Sin especificar,2022,4,SÁBADO,1,Madrugada,Fines de semana
2.75,2,0,0,18581,00000,Recta,Carretera,Lateral                                            ,,CV-782,Carretera Convencional de calzada única,"Provincial, Cabildo/Consell",Ambos,Seco y limpio,"Luz del día natural, solar",Despejado,,Nivel blanco,,Sin especificar,Sin especificar,Sin especificar,Sin especificar,Sin especificar,Sin especificar,Sin especificar,2022,11,SÁBADO,10,Mañana,Fines de semana
15.6,0,1,0,18582,00000,Curva sin señalizar,Carretera,Salida de la vía por la izquierda con colisión     ,,CV-775,Carretera Convencional de calzada única,Autonómica,Descendente,Seco y limpio,"Luz del día natural, solar",Despejado,,Nivel blanco,,Sin especificar,Sin especificar,Sin especificar,Sin especificar,Sin especificar,Sin especificar,Sin especificar,2022,11,DOMINGO,11,Mañana,Fines de semana
16.0,1,0,0,18583,00000,Recta,Carretera,Vuelco                                             ,,CV-775,Carretera Convencional de calzada única,Autonómica,Descendente,Seco y limpio,"Luz del día natural, solar",Despejado,,Nivel blanco,,Sin especificar,Sin especificar,Sin especificar,Sin especificar,Sin especificar,Sin especificar,Sin especificar,2022,11,DOMINGO,13,Tarde,Fines de semana
0.5,3,0,0,18584,03113,Curva señalizada,Carretera,"Salida de la vía por la izquierda, otro tipo       ",,CV-905,Carretera Convencional de doble calzada,Autonómica,Ascendente,Seco y limpio,"Luz del día natural, solar",Despejado,,Nivel blanco,,Sin especificar,Sin especificar,Sin especificar,Sin especificar,Sin especificar,Sin especificar,Sin especificar,2022,5,VIERNES,19,Noche,Dias laborables
12.1,2,1,0,18585,03113,Recta,Carretera,Otro tipo de accidente                             ,,CV-920,Carretera Convencional de calzada única,Autonómica,Ascendente,Seco y limpio,"Luz del día natural, solar",Despejado,,Nivel blanco,,Sin especificar,Sin especificar,Sin especificar,Sin especificar,Sin especificar,Sin especificar,Sin especificar,2022,5,SÁBADO,11,Mañana,Fines de semana
18.2,1,1,0,18586,03113,Recta,Carretera,Caída                                              ,,CV-9201,Vía para automóviles,Autonómica,Ascendente,Seco y limpio,"Luz del día natural, solar",Despejado,,Nivel verde,,No,No,No,No,No,No,No,2022,6,VIERNES,16,Tarde,Dias laborables
1.1,1,0,0,18587,03113,Recta,Carretera,Caída                                              ,,CAÑADA DEL,Camino vecinal,Municipal,Ascendente,Seco y limpio,"Luz del día natural, solar",Despejado,,Nivel blanco,,Sin especificar,Sin especificar,Sin especificar,Sin especificar,Sin especificar,Sin especificar,Sin especificar,2022,7,DOMINGO,10,Mañana,Fines de semana
1.67,1,0,0,18588,03113,Recta,Carretera,Salida de la vía por la izquierda con colisión     ,,CV-905,Carretera Convencional de doble calzada,Autonómica,Ascendente,Seco y limpio,"Luz del día natural, solar",Despejado,,Nivel verde,,Sin especificar,Sin especificar,Sin especificar,Sin especificar,Sin especificar,Sin especificar,Sin especificar,2022,8,MIÉRCOLES,10,Mañana,Dias laborables
1.1,1,0,0,18589,03113,Curva señalizada,Carretera,Caída                                              ,,CV-905,Carretera Convencional de doble calzada,Autonómica,Descendente,Seco y limpio,"Luz del día natural, solar",Despejado,,Nivel blanco,,No,No,Sí,No,No,Sí,No,2022,9,DOMINGO,7,Mañana,Fines de semana
2.2,1,0,0,18590,03113,Curva señalizada,Carretera,Por alcance                                        ,,CV-895,Carretera Convencional de doble calzada,Autonómica,Ascendente,Seco y limpio,"Luz del día natural, solar",Despejado,,Nivel blanco,,No,No,No,No,No,No,No,2022,9,SÁBADO,17,Tarde,Fines de semana
1.6,3,0,0,18591,03113,Recta,Carretera,Frontal                                            ,,CV-895,Carretera Convencional de calzada única,Autonómica,Descendente,Seco y limpio,Sin luz natural y con iluminación artificial encen,Nublado,,Nivel blanco,,No,No,No,Sí,No,No,No,2022,9,SÁBADO,19,Noche,Fines de semana
1.8,1,0,0,18592,03113,Recta,Carretera,Salida de la vía por la derecha otro tipo          ,,CV-905,Carretera Convencional de doble calzada,Autonómica,Descendente,Seco y limpio,"Luz del día natural, solar",Despejado,,Nivel blanco,,Sin especificar,Sin especificar,Sin especificar,Sin especificar,Sin especificar,Sin especificar,Sin especificar,2022,10,LUNES,14,Tarde,Dias laborables
0.9,0,1,0,18593,00000,Recta,Carretera,Atropello a personas                               ,,CV-834,Carretera Convencional de doble calzada,"Provincial, Cabildo/Consell",Ascendente,Seco y limpio,Sin luz natural ni artificial,Despejado,,Nivel blanco,,Sin especificar,Sin especificar,Sin especificar,Sin especificar,Sin especificar,Sin especificar,Sin especificar,2022,1,LUNES,18,Noche,Dias laborables
9.504,2,1,0,18594,00000,Curva sin señalizar,Carretera,Fronto-lateral                                     ,,CV-840,Carretera Convencional de calzada única,Autonómica,Ascendente,Seco y limpio,"Luz del día natural, solar",Despejado,,Nivel blanco,,No,No,No,No,No,No,Sí,2022,2,DOMINGO,13,Tarde,Fines de semana
,1,0,0,18595,00000,No aplica,Calle,Salida de la vía por la derecha con colisión       ,,No inventariada,Calle,Municipal,Se desconoce,Seco y limpio,Sin luz natural ni artificial,Despejado,,Nivel blanco,,Sin especificar,Sin especificar,Sin especificar,Sin especificar,Sin especificar,Sin especificar,Sin especificar,2022,12,LUNES,19,Noche,Dias laborables
15.188,1,0,0,18596,00000,Curva señalizada,Carretera,"Salida de la vía por la izquierda, otro tipo       ",,CV-715,Carretera Convencional de calzada única,Autonómica,Descendente,Seco y limpio,"Luz del día natural, solar",Despejado,,Nivel blanco,,Sin especificar,Sin especificar,Sin especificar,Sin especificar,Sin especificar,Sin especificar,Sin especificar,2022,11,DOMINGO,10,Mañana,Fines de semana
4.9,1,0,0,18597,00000,Curva sin señalizar,Carretera,Salida de la vía por la derecha con vuelco         ,,No inventariada,Camino vecinal,Municipal,Ascendente,Mojado,"Luz del día natural, solar",Lluvia débil,,Nivel verde,,Sin especificar,Sin especificar,Sin especificar,Sin especificar,Sin especificar,Sin especificar,Sin especificar,2022,2,VIERNES,7,Mañana,Dias laborables
13.5,3,0,0,18598,00000,Recta,Carretera,Salida de la vía por la derecha otro tipo          ,,CV-830,Carretera Convencional de calzada única,Autonómica,Ascendente,Mojado,"Luz del día natural, solar",Lluvia débil,,Nivel blanco,,Sin especificar,Sin especificar,Sin especificar,Sin especificar,Sin especificar,Sin especificar,Sin especificar,2022,2,SÁBADO,10,Mañana,Fines de semana
5.4,0,0,1,18599,00000,Curva señalizada,Carretera,Salida de la vía por la derecha con colisión       ,,CV-830,Carretera Convencional de calzada única,Autonómica,Descendente,Seco y limpio,"Luz del día natural, solar",Despejado,,Nivel blanco,,Sin especificar,Sin especificar,Sin especificar,Sin especificar,Sin especificar,Sin especificar,Sin especificar,2022,3,DOMINGO,11,Mañana,Fines de semana
12.403,1,0,0,18600,00000,Recta,Carretera,Fronto-lateral                                     ,,CV-830,Carretera Convencional de doble calzada,Autonómica,Ascendente,Seco y limpio,"Luz del día natural, solar",Despejado,,Nivel blanco,,Sin especificar,Sin especificar,Sin especificar,Sin especificar,Sin especificar,Sin especificar,Sin especificar,2022,4,LUNES,19,Noche,Dias laborables
12.38,0,1,0,18601,00000,Recta,Carretera,Fronto-lateral                                     ,,CV-830,Carretera Convencional de calzada única,Autonómica,Descendente,Seco y limpio,"Luz del día natural, solar",Despejado,,Nivel verde,,No,No,No,No,No,No,Sí,2022,6,LUNES,13,Tarde,Dias laborables
,1,0,0,18602,00000,No aplica,Calle,Fronto-lateral                                     ,,No inventariada,Calle,Municipal,Se desconoce,Seco y limpio,Sin luz natural ni artificial,Despejado,,Sin especificar,,No,No,No,No,No,No,Sí,2022,5,JUEVES,16,Tarde,Dias laborables
4.5,1,0,0,18603,03118,Recta,Carretera,Caída                                              ,,CV-860,Carretera Convencional de calzada única,Autonómica,Ascendente,Seco y limpio,"Luz del día natural, solar",Despejado,,Nivel blanco,,Sin especificar,Sin especificar,Sin especificar,Sin especificar,Sin especificar,Sin especificar,Sin especificar,2022,1,SÁBADO,11,Mañana,Fines de semana
1.5,1,0,0,18604,03118,Recta,Carretera,Caída                                              ,,CMNO AZARB,Camino vecinal,Municipal,Ascendente,Mojado,"Luz del día natural, solar",Nublado,,Nivel blanco,,Sin especificar,Sin especificar,Sin especificar,Sin especificar,Sin especificar,Sin especificar,Sin especificar,2022,3,MARTES,11,Mañana,Dias laborables
74.68,1,0,0,18605,03118,Curva señalizada,Carretera,Fronto-lateral                                     ,,N-332,Carretera Convencional de doble calzada,Estatal,Descendente,Seco y limpio,"Luz del día natural, solar",Despejado,,Nivel blanco,,No,No,Sí,No,No,Sí,No,2022,4,MARTES,12,Tarde,Dias laborables