KM,TOTAL_HL24H,TOTAL_HG24H,TOTAL_MU24H,id,COD_MUNICIPIO,TRAZADO_PLANTA,ZONA,TIPO_ACCIDENTE,CARRETERA_CRUCE,CARRETERA,TIPO_VIA,TITULARIDAD_VIA,SENTIDO_1F,CONDICION_FIRME,CONDICION_ILUMINACION,CONDICION_METEO,CONDICION_NIEBLA,CONDICION_NIVEL_CIRCULA,CONDICION_VIENTO,PRIORI_AGENTE,PRIORI_CIRCUNSTANCIAL,PRIORI_HORIZ_CEDA,PRIORI_HORIZ_STOP,PRIORI_SEMAFORO,PRIORI_VERT_CEDA,PRIORI_VERT_STOP,ANYO,MES,DIA,HORA,FRANJA_HORARIA,TIPO_DIA
530.598,1,0,0,20629,03059,Recta,Carretera,Por alcance                                        ,,A-7,Autovía,Estatal,Ascendente,Seco y limpio,"Luz del día natural, solar",Despejado,,Nivel blanco,,Sin especificar,Sin especificar,Sin especificar,Sin especificar,Sin especificar,Sin especificar,Sin especificar,2023,12,DOMINGO,11,Mañana,Fines de semana
707.3,1,0,0,20630,03059,Recta,Carretera,Salida de la vía por la derecha otro tipo          ,,N-340,Carretera Convencional de calzada única,Estatal,Ascendente,Seco y limpio,"Luz del día natural, solar",Despejado,,Nivel verde,,Sin especificar,Sin especificar,Sin especificar,Sin especificar,Sin especificar,Sin especificar,Sin especificar,2023,12,SÁBADO,11,Mañana,Fines de semana
528.0,1,0,0,20631,03059,Recta,Carretera,Fronto-lateral                                     ,AP-7,A-7,Autovía,Estatal,Ascendente,Seco y limpio,Sin luz natural ni artificial,Despejado,,Nivel blanco,,No,No,No,No,No,No,No,2023,12,MARTES,6,Mañana,Dias laborables
740.2,1,0,0,20632,00000,Recta,Carretera,Salida de la vía por la izquierda con colisión     ,,AP-7,Autopista de peaje,Estatal,Ascendente,Seco y limpio,Sin luz natural ni artificial,Despejado,,Nivel blanco,,Sin especificar,Sin especificar,Sin especificar,Sin especificar,Sin especificar,Sin especificar,Sin especificar,2023,5,JUEVES,5,Madrugada,Dias laborables
14.8,1,0,0,20633,03015,Recta,Carretera,Otro tipo de accidente                             ,AP-7,CV-91,Carretera Convencional de calzada única,Autonómica,Ascendente,Seco y limpio,"Luz del día natural, solar",Nublado,,Nivel verde,,No,No,No,No,No,No,No,2023,7,SÁBADO,9,Mañana,Fines de semana
,1,0,0,20634,00000,No aplica,Calle,Atropello a personas                               ,,No inventariada,Calle,Municipal,Se desconoce,Seco y limpio,"Luz del día natural, solar",Despejado,,Nivel blanco,,Sin especificar,Sin especificar,Sin especificar,Sin especificar,Sin especificar,Sin especificar,Sin especificar,2023,12,DOMINGO,15,Tarde,Fines de semana
,1,0,0,20635,00000,No aplica,Calle,Fronto-lateral                                     ,,No inventariada,Calle,Municipal,Se desconoce,Seco y limpio,"Luz del día natural, solar",Despejado,,Nivel blanco,,No,No,Sí,No,No,Sí,No,2023,12,VIERNES,18,Noche,Dias laborables
738.75,2,0,0,20636,00000,Recta,Carretera,Salida de la vía por la derecha otro tipo          ,,AP-7,Autopista de peaje,Estatal,Ascendente,Seco y limpio,Sin luz natural ni artificial,Despejado,,Nivel verde,,Sin especificar,Sin especificar,Sin especificar,Sin especificar,Sin especificar,Sin especificar,Sin especificar,2023,12,JUEVES,3,Madrugada,Dias laborables
6.931,1,0,0,20637,00000,Curva señalizada,Carretera,Fronto-lateral                                     ,CV-901,CV-860,Carretera Convencional de calzada única,Autonómica,Descendente,Seco y limpio,"Luz del día natural, solar",Despejado,,Nivel blanco,,No,No,No,No,No,Sí,No,2023,6,LUNES,19,Noche,Dias laborables
2.1,0,1,0,20638,00000,Recta,Carretera,Fronto-lateral                                     ,,CV-9032,Vía para automóviles,Municipal,Descendente,Seco y limpio,"Luz del día natural, solar",Despejado,,Nivel blanco,,No,No,No,No,No,No,Sí,2023,6,VIERNES,13,Tarde,Dias laborables
,0,1,0,20639,00000,No aplica,Calle,Vuelco                                             ,,No inventariada,Calle,Municipal,Se desconoce,Seco y limpio,Sin luz natural y con iluminación artificial encen,Despejado,,Nivel blanco,,Sin especificar,Sin especificar,Sin especificar,Sin especificar,Sin especificar,Sin especificar,Sin especificar,2023,7,SÁBADO,23,Noche,Fines de semana
2.05,1,0,0,20640,00000,Recta,Carretera,Fronto-lateral                                     ,CV-901,CV-9032,Camino vecinal,Municipal,Ascendente,Seco y limpio,Sin luz natural ni artificial,Despejado,,Nivel blanco,,No,No,No,Sí,No,No,Sí,2023,8,MIÉRCOLES,22,Noche,Dias laborables
16.77,1,1,0,20641,00000,Recta,Carretera,Fronto-lateral                                     ,,CV-91,Carretera Convencional de calzada única,Autonómica,Descendente,Seco y limpio,Sin luz natural ni artificial,Despejado,,Nivel blanco,,Sin especificar,Sin especificar,Sin especificar,Sin especificar,Sin especificar,Sin especificar,Sin especificar,2023,9,DOMINGO,6,Mañana,Fines de semana
2.05,4,0,0,20642,00000,Recta,Carretera,Fronto-lateral                                     ,CV-901,CV-9032,Camino vecinal,Municipal,Descendente,Seco y limpio,"Luz del día natural, solar",Despejado,,Nivel blanco,,No,No,No,Sí,No,No,No,2023,11,JUEVES,16,Tarde,Dias laborables
18.45,1,0,0,20643,00000,Recta,Carretera,Lateral                                            ,,CV-91,Carretera Convencional de calzada única,Autonómica,Descendente,Seco y limpio,"Luz del día natural, solar",Despejado,,Nivel blanco,,No,No,No,No,No,No,No,2023,12,LUNES,9,Mañana,Dias laborables
,1,0,0,20644,03063,No aplica,Calle,Atropello a personas                               ,,No inventariada,Calle,Municipal,Se desconoce,Seco y limpio,"Luz del día natural, solar",Despejado,,Nivel blanco,,No,No,No,No,No,No,No,2023,1,JUEVES,13,Tarde,Dias laborables
4.2,1,0,0,20645,03063,Curva sin señalizar,Carretera,Salida de la vía por la derecha con colisión       ,,CV-736,Carretera Convencional de calzada única,Municipal,Ascendente,Seco y limpio,"Luz del día natural, solar",Nublado,,Nivel blanco,,Sin especificar,Sin especificar,Sin especificar,Sin especificar,Sin especificar,Sin especificar,Sin especificar,2023,1,DOMINGO,16,Tarde,Fines de semana
,1,0,0,20646,03063,No aplica,Calle,Atropello a personas                               ,,No inventariada,Calle,Municipal,Se desconoce,Seco y limpio,"Luz del día natural, solar",Despejado,,Sin especificar,,No,No,No,No,No,No,No,2023,1,MARTES,17,Tarde,Dias laborables
,1,0,0,20647,03063,No aplica,Calle,Otro tipo de accidente                             ,,No inventariada,Calle,Municipal,Se desconoce,Seco y limpio,"Luz del día natural, solar",Despejado,,Sin especificar,,Sin especificar,Sin especificar,Sin especificar,Sin especificar,Sin especificar,Sin especificar,Sin especificar,2023,1,MIÉRCOLES,14,Tarde,Dias laborables
,1,0,0,20648,03063,No aplica,Calle,Atropello a personas                               ,,No inventariada,Calle,Municipal,Se desconoce,Seco y limpio,"Amanecer o atardecer, sin luz artificial",Despejado,,Sin especificar,,Sin especificar,Sin especificar,Sin especificar,Sin especificar,Sin especificar,Sin especificar,Sin especificar,2023,1,MIÉRCOLES,17,Tarde,Dias laborables
5.0,1,0,0,20649,03063,Curva señalizada,Carretera,Por alcance                                        ,CV-7340,CV-736,Carretera Convencional de calzada única,"Provincial, Cabildo/Consell",Ascendente,Seco y limpio,"Luz del día natural, solar",Despejado,,Nivel verde,,No,No,No,Sí,No,No,Sí,2023,1,MIÉRCOLES,12,Tarde,Dias laborables
,1,0,0,20650,03063,No aplica,Calle,Fronto-lateral                                     ,,No inventariada,Calle,Municipal,Se desconoce,Mojado,"Amanecer o atardecer, con luz artificial",Lluvia débil,,Sin especificar,,No,No,No,No,No,No,No,2023,1,MIÉRCOLES,7,Mañana,Dias laborables
,0,2,0,20651,03063,No aplica,Calle,Atropello a personas                               ,,No inventariada,Calle,Municipal,Se desconoce,Seco y limpio,"Luz del día natural, solar",Despejado,,Sin especificar,,Sin especificar,Sin especificar,Sin especificar,Sin especificar,Sin especificar,Sin especificar,Sin especificar,2023,1,VIERNES,12,Tarde,Dias laborables
,1,0,0,20652,03063,No aplica,Calle,Caída                                              ,,No inventariada,Calle,Municipal,Se desconoce,Seco y limpio,"Amanecer o atardecer, con luz artificial",Despejado,,Nivel blanco,,No,No,No,Sí,No,No,Sí,2023,2,SÁBADO,19,Noche,Fines de semana
4.0,1,0,0,20653,03063,Curva señalizada,Carretera,Lateral                                            ,,CV-736,Carretera Convencional de calzada única,"Provincial, Cabildo/Consell",Descendente,Seco y limpio,"Luz del día natural, solar",Despejado,,Nivel blanco,,Sin especificar,Sin especificar,Sin especificar,Sin especificar,Sin especificar,Sin especificar,Sin especificar,2023,2,SÁBADO,11,Mañana,Fines de semana
3.8,1,0,0,20654,03063,Curva señalizada,Carretera,Frontal                                            ,,CV-736,Carretera Convencional de calzada única,"Provincial, Cabildo/Consell",Ambos,Seco y limpio,"Luz del día natural, solar",Despejado,,Nivel blanco,,Sin especificar,Sin especificar,Sin especificar,Sin especificar,Sin especificar,Sin especificar,Sin especificar,2023,2,DOMINGO,11,Mañana,Fines de semana
,1,1,0,20655,03063,No aplica,Calle,Fronto-lateral                                     ,,No inventariada,Calle,Municipal,Se desconoce,Seco y limpio,Sin luz natural y con iluminación artificial encen,Despejado,,Nivel blanco,,No,No,No,No,No,No,No,2023,2,DOMINGO,1,Madrugada,Fines de semana
1.8,5,0,0,20656,03063,Recta,Carretera,Por alcance                                        ,,CV-725,Carretera Convencional de calzada única,Autonómica,Ascendente,Seco y limpio,Sin luz natural ni artificial,Despejado,,Sin especificar,,Sin especificar,Sin especificar,Sin especificar,Sin especificar,Sin especificar,Sin especificar,Sin especificar,2023,3,JUEVES,20,Noche,Dias laborables
,0,1,0,20657,03063,No aplica,Calle,Atropello a personas                               ,,No inventariada,Calle,Municipal,Se desconoce,Seco y limpio,"Luz del día natural, solar",Despejado,,Sin especificar,,Sin especificar,Sin especificar,Sin especificar,Sin especificar,Sin especificar,Sin especificar,Sin especificar,2023,2,LUNES,12,Tarde,Dias laborables
6.8,1,1,0,20658,03063,Recta,Carretera,Por alcance                                        ,,CV-725,Carretera Convencional de calzada única,Autonómica,Ambos,Seco y limpio,"Luz del día natural, solar",Despejado,,Nivel verde,,No,No,Sí,No,No,Sí,No,2023,3,VIERNES,10,Mañana,Dias laborables
,0,1,0,20659,03063,No aplica,Calle,Salida de la vía por la derecha con colisión       ,,No inventariada,Otro,Municipal,Se desconoce,Seco y limpio,Sin luz natural y con iluminación artificial encen,Despejado,,Sin especificar,,Sin especificar,Sin especificar,Sin especificar,Sin especificar,Sin especificar,Sin especificar,Sin especificar,2023,2,MARTES,20,Noche,Dias laborables
,0,1,0,20660,03063,No aplica,Calle,Fronto-lateral                                     ,,No inventariada,Calle,Municipal,Se desconoce,Seco y limpio,"Luz del día natural, solar",Despejado,,Sin especificar,,No,No,No,No,Sí,No,No,2023,3,LUNES,10,Mañana,Dias laborables
2.5,1,0,0,20661,03063,Recta,Carretera,Fronto-lateral                                     ,,CV-730,Carretera Convencional de calzada única,Municipal,Ascendente,Seco y limpio,"Luz del día natural, solar",Despejado,,Sin especificar,,No,No,No,No,No,No,No,2023,4,VIERNES,11,Mañana,Dias laborables
5.747,1,1,0,20662,03063,Recta,Carretera,Por alcance                                        ,,CV-730,Carretera Convencional de calzada única,"Provincial, Cabildo/Consell",Ascendente,Seco y limpio,Sin luz natural ni artificial,Despejado,,Nivel blanco,,Sin especificar,Sin especificar,Sin especificar,Sin especificar,Sin especificar,Sin especificar,Sin especificar,2023,4,VIERNES,21,Noche,Dias laborables
,1,0,0,20663,03063,No aplica,Calle,Fronto-lateral                                     ,,No inventariada,Calle,Municipal,Se desconoce,Seco y limpio,"Luz del día natural, solar",Despejado,,Nivel blanco,,Sin especificar,Sin especificar,Sin especificar,Sin especificar,Sin especificar,Sin especificar,Sin especificar,2023,3,VIERNES,15,Tarde,Dias laborables
3.2,2,0,0,20664,03063,Recta,Carretera,Fronto-lateral                                     ,,CV-730,Vía para automóviles,Autonómica,Ascendente,Seco y limpio,"Luz del día natural, solar",Despejado,,Nivel blanco,,No,No,No,Sí,No,No,Sí,2023,4,MARTES,17,Tarde,Dias laborables
5.192,1,0,0,20665,03063,Recta,Carretera,Fronto-lateral                                     ,,CV-725,Carretera Convencional de doble calzada,Autonómica,Ascendente,Seco y limpio,"Luz del día natural, solar",Despejado,,Nivel blanco,,No,No,No,No,No,No,No,2023,5,JUEVES,18,Noche,Dias laborables
0.5,0,1,0,20666,03063,Recta,Carretera,Fronto-lateral                                     ,,No inventariada,Carretera Convencional de calzada única,Municipal,Ascendente,Seco y limpio,"Luz del día natural, solar",Despejado,,Sin especificar,,No,No,No,No,No,No,No,2023,5,SÁBADO,9,Mañana,Fines de semana
2.0,1,1,0,20667,03095,Recta,Carretera,Por alcance                                        ,,CV-7221,Carretera Convencional de calzada única,Municipal,Ascendente,Seco y limpio,Sin luz natural ni artificial,Despejado,,Nivel blanco,,Sin especificar,Sin especificar,Sin especificar,Sin especificar,Sin especificar,Sin especificar,Sin especificar,2023,6,SÁBADO,3,Madrugada,Fines de semana
8.4,1,0,0,20668,03063,Curva señalizada,Carretera,Salida de la vía por la derecha con colisión       ,,CV-735,Carretera Convencional de calzada única,"Provincial, Cabildo/Consell",Ascendente,Seco y limpio,Sin luz natural ni artificial,Despejado,,Nivel blanco,,Sin especificar,Sin especificar,Sin especificar,Sin especificar,Sin especificar,Sin especificar,Sin especificar,2023,6,DOMINGO,1,Madrugada,Fines de semana
6.2,1,0,0,20669,03063,Recta,Carretera,Salida de la vía por la derecha otro tipo          ,,CV-723,Carretera Convencional de calzada única,"Provincial, Cabildo/Consell",Ascendente,Seco y limpio,"Luz del día natural, solar",Despejado,,Nivel blanco,,Sin especificar,Sin especificar,Sin especificar,Sin especificar,Sin especificar,Sin especificar,Sin especificar,2023,7,LUNES,20,Noche,Dias laborables
4.161,1,0,0,20670,03063,Recta,Carretera,Fronto-lateral                                     ,,CV-723,Carretera Convencional de calzada única,"Provincial, Cabildo/Consell",Descendente,Seco y limpio,"Luz del día natural, solar",Despejado,,Nivel blanco,,No,No,No,Sí,No,No,No,2023,7,MARTES,19,Noche,Dias laborables
3.695,1,0,0,20671,03063,Recta,Carretera,Fronto-lateral                                     ,,CV-723,Carretera Convencional de calzada única,"Provincial, Cabildo/Consell",Ascendente,Seco y limpio,"Luz del día natural, solar",Despejado,,Nivel blanco,,No,No,No,No,No,No,Sí,2023,7,MARTES,11,Mañana,Dias laborables
,2,0,0,20672,03063,No aplica,Calle,Fronto-lateral                                     ,,No inventariada,Calle,Municipal,Se desconoce,Seco y limpio,"Luz del día natural, solar",Despejado,,Sin especificar,,No,No,No,No,No,No,No,2023,7,LUNES,13,Tarde,Dias laborables
1.0,0,1,0,20673,03063,Recta,Carretera,Por alcance                                        ,,CEMENTERIO,Camino vecinal,Municipal,Ambos,Seco y limpio,"Luz del día natural, solar",Despejado,,Se desconoce,,Sin especificar,Sin especificar,Sin especificar,Sin especificar,Sin especificar,Sin especificar,Sin especificar,2023,7,JUEVES,15,Tarde,Dias laborables
6.5,1,0,0,20674,03063,Recta,Carretera,Salida de la vía por la derecha con vuelco         ,,CV-724,Carretera Convencional de calzada única,Autonómica,Descendente,Seco y limpio,"Amanecer o atardecer, sin luz artificial",Despejado,,Nivel verde,,Sin especificar,Sin especificar,Sin especificar,Sin especificar,Sin especificar,Sin especificar,Sin especificar,2023,8,SÁBADO,6,Mañana,Fines de semana
7.0,1,0,0,20675,03063,Curva sin señalizar,Carretera,Salida de la vía por la derecha con vuelco         ,,CV-735,Carretera Convencional de calzada única,"Provincial, Cabildo/Consell",Descendente,Seco y limpio,"Luz del día natural, solar",Despejado,,Nivel blanco,,Sin especificar,Sin especificar,Sin especificar,Sin especificar,Sin especificar,Sin especificar,Sin especificar,2023,8,DOMINGO,19,Noche,Fines de semana
3.287,1,0,0,20676,03095,Recta,Carretera,Atropello a animales                               ,,CV-7221,Carretera Convencional de calzada única,Municipal,Ascendente,Seco y limpio,Sin luz natural ni artificial,Despejado,,Nivel blanco,,Sin especificar,Sin especificar,Sin especificar,Sin especificar,Sin especificar,Sin especificar,Sin especificar,2023,8,MIÉRCOLES,0,Madrugada,Dias laborables
,1,0,0,20677,03063,No aplica,Calle,Fronto-lateral                                     ,,No inventariada,Calle,Municipal,Se desconoce,Seco y limpio,"Luz del día natural, solar",Despejado,,Sin especificar,,No,No,No,No,No,No,No,2023,7,LUNES,15,Tarde,Dias laborables
3.5,2,0,0,20678,03063,Curva señalizada,Carretera,Fronto-lateral                                     ,,CV-7361,Carretera Convencional de calzada única,Autonómica,Ascendente,Seco y limpio,"Luz del día natural, solar",Despejado,,Nivel blanco,,Sin especificar,Sin especificar,Sin especificar,Sin especificar,Sin especificar,Sin especificar,Sin especificar,2023,8,SÁBADO,8,Mañana,Fines de semana
,0,1,0,20679,03063,No aplica,Calle,Colisión contra obstáculo o elemento de la vía     ,,No inventariada,Otro,Municipal,Se desconoce,Seco y limpio,"Luz del día natural, solar",Despejado,,Nivel blanco,,Sin especificar,Sin especificar,Sin especificar,Sin especificar,Sin especificar,Sin especificar,Sin especificar,2023,8,MARTES,14,Tarde,Dias laborables
7.5,0,1,0,20680,03063,Recta,Carretera,Fronto-lateral                                     ,,CV-724,Carretera Convencional de calzada única,Autonómica,Ambos,Seco y limpio,Sin luz natural ni artificial,Despejado,,Nivel blanco,,No,No,No,No,No,No,No,2023,8,MARTES,0,Madrugada,Dias laborables
2.3,0,0,1,20681,03063,Recta,Carretera,Fronto-lateral                                     ,,CV-723,Carretera Convencional de calzada única,"Provincial, Cabildo/Consell",Ambos,Seco y limpio,Sin luz natural ni artificial,Despejado,,Nivel blanco,,No,No,No,No,Sí,No,No,2023,8,MARTES,20,Noche,Dias laborables
2.49,1,0,0,20682,03063,Curva señalizada,Carretera,Lateral                                            ,,CV-723,Carretera Convencional de calzada única,"Provincial, Cabildo/Consell",Descendente,Seco y limpio,"Amanecer o atardecer, sin luz artificial",Despejado,,Nivel blanco,,Sin especificar,Sin especificar,Sin especificar,Sin especificar,Sin especificar,Sin especificar,Sin especificar,2023,8,VIERNES,7,Mañana,Dias laborables
,1,0,0,20683,03063,No aplica,Calle,Atropello a personas                               ,,No inventariada,Calle,Municipal,Se desconoce,Seco y limpio,"Luz del día natural, solar",Despejado,,Sin especificar,,Sin especificar,Sin especificar,Sin especificar,Sin especificar,Sin especificar,Sin especificar,Sin especificar,2023,4,MIÉRCOLES,9,Mañana,Dias laborables
,0,1,0,20684,03063,No aplica,Calle,Caída                                              ,,No inventariada,Calle,Municipal,Se desconoce,Seco y limpio,"Luz del día natural, solar",Despejado,,Sin especificar,,Sin especificar,Sin especificar,Sin especificar,Sin especificar,Sin especificar,Sin especificar,Sin especificar,2023,6,VIERNES,15,Tarde,Dias laborables
,1,0,0,20685,03063,No aplica,Calle,Lateral                                            ,,No inventariada,Calle,Municipal,Se desconoce,Seco y limpio,"Luz del día natural, solar",Despejado,,Sin especificar,,Sin especificar,Sin especificar,Sin especificar,Sin especificar,Sin especificar,Sin especificar,Sin especificar,2023,8,MIÉRCOLES,19,Noche,Dias laborables
,1,0,0,20686,03063,No aplica,Calle,Fronto-lateral                                     ,,No inventariada,Calle,Municipal,Se desconoce,Seco y limpio,"Luz del día natural, solar",Despejado,,Sin especificar,,No,No,No,No,Sí,No,No,2023,8,SÁBADO,12,Tarde,Fines de semana
,0,1,0,20687,03063,No aplica,Calle,Fronto-lateral                                     ,,No inventariada,Calle,Municipal,Se desconoce,Seco y limpio,"Luz del día natural, solar",Despejado,,Sin especificar,,No,No,No,No,No,No,Sí,2023,8,MARTES,14,Tarde,Dias laborables
,2,0,0,20688,03063,No aplica,Calle,Por alcance                                        ,,No inventariada,Calle,Municipal,Se desconoce,Seco y limpio,Sin luz natural y con iluminación artificial encen,Despejado,,Sin especificar,,Sin especificar,Sin especificar,Sin especificar,Sin especificar,Sin especificar,Sin especificar,Sin especificar,2023,7,DOMINGO,0,Madrugada,Fines de semana
,0,1,0,20689,03063,No aplica,Calle,Atropello a personas                               ,,No inventariada,Calle,Municipal,Se desconoce,Seco y limpio,"Amanecer o atardecer, sin luz artificial",Nublado,,Nivel blanco,,Sin especificar,Sin especificar,Sin especificar,Sin especificar,Sin especificar,Sin especificar,Sin especificar,2023,9,SÁBADO,8,Mañana,Fines de semana
6.7,3,1,0,20690,03063,Recta,Carretera,Frontal                                            ,,CV-735,Carretera Convencional de calzada única,"Provincial, Cabildo/Consell",Ascendente,Mojado,Sin luz natural ni artificial,Lluvia fuerte,,Nivel blanco,,Sin especificar,Sin especificar,Sin especificar,Sin especificar,Sin especificar,Sin especificar,Sin especificar,2023,9,MIÉRCOLES,21,Noche,Dias laborables
,0,1,0,20691,03063,No aplica,Calle,"Salida de la vía por la izquierda, otro tipo       ",,No inventariada,Calle,Municipal,Se desconoce,Seco y limpio,"Luz del día natural, solar",Despejado,,Sin especificar,,Sin especificar,Sin especificar,Sin especificar,Sin especificar,Sin especificar,Sin especificar,Sin especificar,2023,9,JUEVES,18,Noche,Dias laborables
1.6,0,1,0,20692,03063,Recta,Carretera,Por alcance                                        ,,CV-7222,Carretera Convencional de calzada única,Municipal,Ascendente,Seco y limpio,"Luz del día natural, solar",Despejado,,Sin especificar,,Sin especificar,Sin especificar,Sin especificar,Sin especificar,Sin especificar,Sin especificar,Sin especificar,2023,9,VIERNES,18,Noche,Dias laborables
3.45,1,0,0,20693,03063,Recta,Carretera,Salida de la vía por la derecha con vuelco         ,,CV-723,Carretera Convencional de calzada única,"Provincial, Cabildo/Consell",Ascendente,Seco y limpio,Sin luz natural ni artificial,Despejado,,Nivel blanco,,Sin especificar,Sin especificar,Sin especificar,Sin especificar,Sin especificar,Sin especificar,Sin especificar,2023,9,MARTES,0,Madrugada,Dias laborables
600.8,1,0,0,20694,03063,Recta,Carretera,Por alcance                                        ,,AP-7,Autopista libre,Estatal,Ascendente,Seco y limpio,Sin luz natural ni artificial,Despejado,,Nivel blanco,,Sin especificar,Sin especificar,Sin especificar,Sin especificar,Sin especificar,Sin especificar,Sin especificar,2023,9,SÁBADO,6,Mañana,Fines de semana
,0,1,0,20695,03063,No aplica,Calle,Lateral                                            ,,No inventariada,Calle,Municipal,Se desconoce,Seco y limpio,"Luz del día natural, solar",Despejado,,Sin especificar,,No,No,No,No,No,No,No,2023,9,DOMINGO,17,Tarde,Fines de semana
,0,1,0,20696,03063,No aplica,Calle,Caída                                              ,,No inventariada,Calle,Municipal,Se desconoce,Seco y limpio,"Luz del día natural, solar",Despejado,,Sin especificar,,Sin especificar,Sin especificar,Sin especificar,Sin especificar,Sin especificar,Sin especificar,Sin especificar,2023,10,JUEVES,10,Mañana,Dias laborables
,0,1,0,20697,03063,No aplica,Calle,Por alcance                                        ,,No inventariada,Calle,Municipal,Se desconoce,Seco y limpio,"Luz del día natural, solar",Despejado,,Nivel blanco,,Sin especificar,Sin especificar,Sin especificar,Sin especificar,Sin especificar,Sin especificar,Sin especificar,2023,9,VIERNES,14,Tarde,Dias laborables
7.2,0,1,0,20698,03063,Curva sin señalizar,Carretera,Salida de la vía por la derecha con colisión       ,,CV-735,Carretera Convencional de calzada única,"Provincial, Cabildo/Consell",Ascendente,Seco y limpio,"Luz del día natural, solar",Despejado,,Nivel blanco,,Sin especificar,Sin especificar,Sin especificar,Sin especificar,Sin especificar,Sin especificar,Sin especificar,2023,10,VIERNES,9,Mañana,Dias laborables
7.572,1,0,0,20699,03063,Recta,Carretera,Lateral                                            ,,CV-730,Carretera Convencional de calzada única,Autonómica,Descendente,Seco y limpio,Sin luz natural ni artificial,Despejado,,Nivel blanco,,Sin especificar,Sin especificar,Sin especificar,Sin especificar,Sin especificar,Sin especificar,Sin especificar,2023,10,MIÉRCOLES,10,Mañana,Dias laborables
,1,0,0,20700,03063,No aplica,Calle,Lateral                                            ,,No inventariada,Calle,Municipal,Se desconoce,Seco y limpio,"Luz del día natural, solar",Despejado,,Nivel amarillo,,Sin especificar,Sin especificar,Sin especificar,Sin especificar,Sin especificar,Sin especificar,Sin especificar,2023,4,VIERNES,14,Tarde,Dias laborables
5.06,2,1,0,20701,03063,Curva señalizada,Carretera,Salida de la vía por la derecha con vuelco         ,,CV-723,Carretera Convencional de calzada única,"Provincial, Cabildo/Consell",Ascendente,Seco y limpio,Sin luz natural ni artificial,Despejado,,Nivel blanco,,Sin especificar,Sin especificar,Sin especificar,Sin especificar,Sin especificar,Sin especificar,Sin especificar,2023,10,DOMINGO,6,Mañana,Fines de semana
,2,0,0,20702,03063,No aplica,Calle,Atropello a personas                               ,,No inventariada,Calle,Municipal,Se desconoce,Mojado,"Amanecer o atardecer, sin luz artificial",Nublado,,Nivel blanco,,Sin especificar,Sin especificar,Sin especificar,Sin especificar,Sin especificar,Sin especificar,Sin especificar,2023,5,SÁBADO,8,Mañana,Fines de semana
6.5,1,0,0,20703,03063,Recta,Carretera,Por alcance                                        ,,CV-735,Carretera Convencional de calzada única,"Provincial, Cabildo/Consell",Ascendente,Seco y limpio,"Luz del día natural, solar",Despejado,,Nivel blanco,,Sin especificar,Sin especificar,Sin especificar,Sin especificar,Sin especificar,Sin especificar,Sin especificar,2023,11,JUEVES,17,Tarde,Dias laborables
3.1,1,0,0,20704,03063,Recta,Carretera,Atropello a animales                               ,,CV-723,Carretera Convencional de calzada única,"Provincial, Cabildo/Consell",Descendente,Seco y limpio,Sin luz natural ni artificial,Despejado,,Nivel blanco,,Sin especificar,Sin especificar,Sin especificar,Sin especificar,Sin especificar,Sin especificar,Sin especificar,2023,11,DOMINGO,0,Madrugada,Fines de semana
6.149,1,0,0,20705,03063,Curva señalizada,Carretera,"Salida de la vía por la izquierda, otro tipo       ",,CV-724,Carretera Convencional de calzada única,Autonómica,Ascendente,Seco y limpio,"Luz del día natural, solar",Despejado,,Nivel blanco,,Sin especificar,Sin especificar,Sin especificar,Sin especificar,Sin especificar,Sin especificar,Sin especificar,2023,11,JUEVES,16,Tarde,Dias laborables
,1,0,0,20706,03063,No aplica,Calle,Fronto-lateral                                     ,,No inventariada,Calle,Municipal,Se desconoce,Seco y limpio,Sin luz natural y con iluminación artificial encen,Despejado,,Nivel blanco,,Sin especificar,Sin especificar,Sin especificar,Sin especificar,Sin especificar,Sin especificar,Sin especificar,2023,10,JUEVES,21,Noche,Dias laborables
,2,0,0,20707,03063,No aplica,Calle,Fronto-lateral                                     ,,No inventariada,Calle,Municipal,Se desconoce,Seco y limpio,"Luz del día natural, solar",Despejado,,Nivel blanco,,Sin especificar,Sin especificar,Sin especificar,Sin especificar,Sin especificar,Sin especificar,Sin especificar,2023,11,SÁBADO,14,Tarde,Fines de semana
,1,0,0,20708,03063,No aplica,Calle,Otro tipo de accidente                             ,,No inventariada,Calle,Municipal,Se desconoce,Seco y limpio,"Luz del día natural, solar",Despejado,,Nivel blanco,,Sin especificar,Sin especificar,Sin especificar,Sin especificar,Sin especificar,Sin especificar,Sin especificar,2023,6,VIERNES,18,Noche,Dias laborables
4.5,1,0,0,20709,03063,Curva señalizada,Carretera,Caída                                              ,,CV-725,Carretera Convencional de calzada única,Autonómica,Descendente,Mojado,"Luz del día natural, solar",Lluvia débil,,Nivel amarillo,,Sin especificar,Sin especificar,Sin especificar,Sin especificar,Sin especificar,Sin especificar,Sin especificar,2023,12,LUNES,11,Mañana,Dias laborables
,0,1,0,20710,03063,No aplica,Calle,Salida de la vía por la derecha otro tipo          ,,No inventariada,Calle,Municipal,Se desconoce,Seco y limpio,"Luz del día natural, solar",Despejado,,Sin especificar,,No,No,Sí,No,No,Sí,No,2023,12,MARTES,13,Tarde,Dias laborables