KM,TOTAL_HL24H,TOTAL_HG24H,TOTAL_MU24H,id,COD_MUNICIPIO,TRAZADO_PLANTA,ZONA,TIPO_ACCIDENTE,CARRETERA_CRUCE,CARRETERA,TIPO_VIA,TITULARIDAD_VIA,SENTIDO_1F,CONDICION_FIRME,CONDICION_ILUMINACION,CONDICION_METEO,CONDICION_NIEBLA,CONDICION_NIVEL_CIRCULA,CONDICION_VIENTO,PRIORI_AGENTE,PRIORI_CIRCUNSTANCIAL,PRIORI_HORIZ_CEDA,PRIORI_HORIZ_STOP,PRIORI_SEMAFORO,PRIORI_VERT_CEDA,PRIORI_VERT_STOP,ANYO,MES,DIA,HORA,FRANJA_HORARIA,TIPO_DIA
,0,1,0,21505,03065,No aplica,Calle,Fronto-lateral                                     ,,No inventariada,Calle,Municipal,Se desconoce,Seco y limpio,"Luz del día natural, solar",Despejado,,Se desconoce,,Sin especificar,Sin especificar,Sin especificar,Sin especificar,Sin especificar,Sin especificar,Sin especificar,2023,11,LUNES,16,Tarde,Dias laborables
,1,0,0,21506,03065,No aplica,Calle,Por alcance                                        ,,No inventariada,Calle,Municipal,Se desconoce,Seco y limpio,"Luz del día natural, solar",Despejado,,Se desconoce,Viento fuerte,Sin especificar,Sin especificar,Sin especificar,Sin especificar,Sin especificar,Sin especificar,Sin especificar,2023,11,VIERNES,8,Mañana,Dias laborables
,2,0,0,21507,03065,No aplica,Calle,Por alcance                                        ,,No inventariada,Calle,Municipal,Se desconoce,Seco y limpio,"Luz del día natural, solar",Despejado,,Se desconoce,,Sin especificar,Sin especificar,Sin especificar,Sin especificar,Sin especificar,Sin especificar,Sin especificar,2023,11,VIERNES,15,Tarde,Dias laborables
,1,0,0,21508,03065,No aplica,Calle,Caída                                              ,,No inventariada,Calle,Municipal,Se desconoce,Seco y limpio,Sin luz natural y con iluminación artificial encen,Despejado,,Se desconoce,,Sin especificar,Sin especificar,Sin especificar,Sin especificar,Sin especificar,Sin especificar,Sin especificar,2023,10,VIERNES,21,Noche,Dias laborables
,1,0,0,21509,03065,No aplica,Calle,Colisión contra obstáculo o elemento de la vía     ,,No inventariada,Calle,Municipal,Se desconoce,Seco y limpio,"Luz del día natural, solar",Despejado,,Se desconoce,,Sin especificar,Sin especificar,Sin especificar,Sin especificar,Sin especificar,Sin especificar,Sin especificar,2023,11,SÁBADO,8,Mañana,Fines de semana
,1,0,0,21510,03065,No aplica,Calle,Atropello a personas                               ,,No inventariada,Calle,Municipal,Se desconoce,Seco y limpio,"Luz del día natural, solar",Despejado,,Se desconoce,,Sin especificar,Sin especificar,Sin especificar,Sin especificar,Sin especificar,Sin especificar,Sin especificar,2023,10,MARTES,15,Tarde,Dias laborables
,1,0,0,21511,03065,No aplica,Calle,Fronto-lateral                                     ,,No inventariada,Calle,Municipal,Se desconoce,Otra,"Amanecer o atardecer, con luz artificial",Despejado,,Se desconoce,,Sin especificar,Sin especificar,Sin especificar,Sin especificar,Sin especificar,Sin especificar,Sin especificar,2023,9,MIÉRCOLES,19,Noche,Dias laborables
,1,0,0,21512,03065,No aplica,Calle,Caída                                              ,,No inventariada,Calle,Municipal,Se desconoce,Seco y limpio,"Luz del día natural, solar",Despejado,,Se desconoce,,Sin especificar,Sin especificar,Sin especificar,Sin especificar,Sin especificar,Sin especificar,Sin especificar,2023,11,MARTES,15,Tarde,Dias laborables
,1,0,0,21513,03065,No aplica,Calle,Fronto-lateral                                     ,,No inventariada,Calle,Municipal,Se desconoce,Seco y limpio,"Luz del día natural, solar",Despejado,,Se desconoce,Viento fuerte,Sin especificar,Sin especificar,Sin especificar,Sin especificar,Sin especificar,Sin especificar,Sin especificar,2023,10,LUNES,14,Tarde,Dias laborables
,1,0,0,21514,03065,No aplica,Calle,Caída                                              ,,No inventariada,Calle,Municipal,Se desconoce,Con aceite,Sin luz natural y con iluminación artificial encen,Despejado,,Se desconoce,,Sin especificar,Sin especificar,Sin especificar,Sin especificar,Sin especificar,Sin especificar,Sin especificar,2023,11,MARTES,21,Noche,Dias laborables
7.5,2,0,0,21515,03065,Curva señalizada,Carretera,Fronto-lateral                                     ,EL-20,CV-853,Carretera Convencional de calzada única,"Provincial, Cabildo/Consell",Descendente,Seco y limpio,"Luz del día natural, solar",Despejado,,Nivel verde,,No,No,No,No,No,Sí,No,2023,11,MIÉRCOLES,10,Mañana,Dias laborables
,1,0,0,21516,03065,No aplica,Calle,Por alcance                                        ,,No inventariada,Calle,Municipal,Se desconoce,Seco y limpio,"Amanecer o atardecer, con luz artificial",Despejado,,Se desconoce,,Sin especificar,Sin especificar,Sin especificar,Sin especificar,Sin especificar,Sin especificar,Sin especificar,2023,9,VIERNES,18,Noche,Dias laborables
4.591,1,0,0,21517,03065,Recta,Carretera,Fronto-lateral                                     ,,CV-851,Carretera Convencional de calzada única,"Provincial, Cabildo/Consell",Ascendente,Seco y limpio,"Luz del día natural, solar",Despejado,,Nivel verde,,No,No,No,No,No,No,No,2023,11,MIÉRCOLES,15,Tarde,Dias laborables
3.2,1,0,0,21518,03065,Recta,Carretera,Fronto-lateral                                     ,,CV-853,Carretera Convencional de calzada única,"Provincial, Cabildo/Consell",Ascendente,Seco y limpio,Sin luz natural y con iluminación artificial no en,Despejado,,Nivel blanco,,No,No,No,No,No,No,Sí,2023,11,LUNES,18,Noche,Dias laborables
,1,0,0,21519,03065,No aplica,Calle,Caída                                              ,,No inventariada,Calle,Municipal,Se desconoce,Otra,"Luz del día natural, solar",Despejado,,Se desconoce,,Sin especificar,Sin especificar,Sin especificar,Sin especificar,Sin especificar,Sin especificar,Sin especificar,2023,11,JUEVES,11,Mañana,Dias laborables
,1,0,0,21520,03065,No aplica,Calle,Caída                                              ,,No inventariada,Calle,Municipal,Se desconoce,Seco y limpio,"Luz del día natural, solar",Despejado,,Se desconoce,,Sin especificar,Sin especificar,Sin especificar,Sin especificar,Sin especificar,Sin especificar,Sin especificar,2023,11,JUEVES,14,Tarde,Dias laborables
1.21,2,0,0,21521,03065,Recta,Carretera,Salida de la vía por la izquierda con vuelco       ,,CV-849,Carretera Convencional de calzada única,"Provincial, Cabildo/Consell",Descendente,Seco y limpio,"Luz del día natural, solar",Despejado,,Nivel blanco,,Sin especificar,Sin especificar,Sin especificar,Sin especificar,Sin especificar,Sin especificar,Sin especificar,2023,11,VIERNES,14,Tarde,Dias laborables
,1,0,0,21522,03065,No aplica,Calle,Lateral                                            ,,No inventariada,Calle,Municipal,Se desconoce,Seco y limpio,"Luz del día natural, solar",Despejado,,Se desconoce,,Sin especificar,Sin especificar,Sin especificar,Sin especificar,Sin especificar,Sin especificar,Sin especificar,2023,11,SÁBADO,11,Mañana,Fines de semana
,1,0,0,21523,03065,No aplica,Calle,Fronto-lateral                                     ,,No inventariada,Calle,Municipal,Se desconoce,Seco y limpio,"Luz del día natural, solar",Despejado,,Se desconoce,Viento fuerte,Sin especificar,Sin especificar,Sin especificar,Sin especificar,Sin especificar,Sin especificar,Sin especificar,2023,11,SÁBADO,14,Tarde,Fines de semana
,1,0,0,21524,03065,No aplica,Calle,Fronto-lateral                                     ,,No inventariada,Calle,Municipal,Se desconoce,Seco y limpio,Sin luz natural y con iluminación artificial encen,Despejado,,Se desconoce,,Sin especificar,Sin especificar,Sin especificar,Sin especificar,Sin especificar,Sin especificar,Sin especificar,2023,11,JUEVES,23,Noche,Dias laborables
25.3,2,0,0,21525,03014,Recta,Carretera,Por alcance                                        ,,A-70,Autovía,Estatal,Descendente,Seco y limpio,"Amanecer o atardecer, sin luz artificial",Despejado,,Nivel blanco,,Sin especificar,Sin especificar,Sin especificar,Sin especificar,Sin especificar,Sin especificar,Sin especificar,2023,11,LUNES,17,Tarde,Dias laborables
,2,0,0,21526,03065,No aplica,Calle,Atropello a personas                               ,,No inventariada,Calle,Municipal,Se desconoce,Seco y limpio,"Luz del día natural, solar",Despejado,,Se desconoce,,Sin especificar,Sin especificar,Sin especificar,Sin especificar,Sin especificar,Sin especificar,Sin especificar,2023,11,LUNES,12,Tarde,Dias laborables
10.5,1,0,0,21527,03065,Recta,Carretera,Colisión contra obstáculo o elemento de la vía     ,CV-860,CV-855,Carretera Convencional de calzada única,Autonómica,Ascendente,Seco y limpio,"Luz del día natural, solar",Despejado,,Nivel blanco,,No,No,No,No,No,No,No,2023,11,DOMINGO,11,Mañana,Fines de semana
,1,0,0,21528,03065,No aplica,Calle,Vuelco                                             ,,No inventariada,Calle,Municipal,Se desconoce,Seco y limpio,Sin luz natural ni artificial,Despejado,,Se desconoce,Viento fuerte,Sin especificar,Sin especificar,Sin especificar,Sin especificar,Sin especificar,Sin especificar,Sin especificar,2023,11,VIERNES,20,Noche,Dias laborables
,1,0,0,21529,03065,No aplica,Calle,Fronto-lateral                                     ,,No inventariada,Calle,Municipal,Se desconoce,Seco y limpio,"Luz del día natural, solar",Despejado,,Se desconoce,,Sin especificar,Sin especificar,Sin especificar,Sin especificar,Sin especificar,Sin especificar,Sin especificar,2023,9,JUEVES,16,Tarde,Dias laborables
,1,0,0,21530,03065,No aplica,Calle,Caída                                              ,,No inventariada,Calle,Municipal,Se desconoce,Seco y limpio,Sin luz natural y con iluminación artificial encen,Despejado,,Se desconoce,,Sin especificar,Sin especificar,Sin especificar,Sin especificar,Sin especificar,Sin especificar,Sin especificar,2023,11,DOMINGO,22,Noche,Fines de semana
,1,0,0,21531,03065,No aplica,Calle,Por alcance                                        ,,No inventariada,Calle,Municipal,Se desconoce,Seco y limpio,"Luz del día natural, solar",Despejado,,Se desconoce,,Sin especificar,Sin especificar,Sin especificar,Sin especificar,Sin especificar,Sin especificar,Sin especificar,2023,11,LUNES,8,Mañana,Dias laborables
,0,1,0,21532,03065,No aplica,Calle,Atropello a personas                               ,,No inventariada,Calle,Municipal,Se desconoce,Seco y limpio,"Luz del día natural, solar",Despejado,,Se desconoce,,Sin especificar,Sin especificar,Sin especificar,Sin especificar,Sin especificar,Sin especificar,Sin especificar,2023,11,MARTES,14,Tarde,Dias laborables
,1,0,0,21533,03065,No aplica,Calle,Fronto-lateral                                     ,,No inventariada,Calle,Autonómica,Se desconoce,Seco y limpio,"Luz del día natural, solar",Despejado,,Se desconoce,,Sin especificar,Sin especificar,Sin especificar,Sin especificar,Sin especificar,Sin especificar,Sin especificar,2023,10,VIERNES,17,Tarde,Dias laborables
,4,0,0,21534,03065,No aplica,Calle,Fronto-lateral                                     ,,No inventariada,Calle,Municipal,Se desconoce,Seco y limpio,"Luz del día natural, solar",Despejado,,Se desconoce,,Sin especificar,Sin especificar,Sin especificar,Sin especificar,Sin especificar,Sin especificar,Sin especificar,2023,10,LUNES,8,Mañana,Dias laborables
,1,0,0,21535,03065,No aplica,Calle,Múltiple o en caravana                             ,,No inventariada,Calle,Municipal,Se desconoce,Seco y limpio,"Luz del día natural, solar",Despejado,,Se desconoce,,Sin especificar,Sin especificar,Sin especificar,Sin especificar,Sin especificar,Sin especificar,Sin especificar,2023,11,LUNES,14,Tarde,Dias laborables
,1,0,0,21536,03065,No aplica,Calle,Atropello a personas                               ,,No inventariada,Calle,Municipal,Se desconoce,Seco y limpio,"Luz del día natural, solar",Despejado,,Se desconoce,,Sin especificar,Sin especificar,Sin especificar,Sin especificar,Sin especificar,Sin especificar,Sin especificar,2023,11,VIERNES,14,Tarde,Dias laborables
,1,0,0,21537,03065,No aplica,Calle,Fronto-lateral                                     ,,No inventariada,Calle,Municipal,Se desconoce,Seco y limpio,"Luz del día natural, solar",Despejado,,Se desconoce,,Sin especificar,Sin especificar,Sin especificar,Sin especificar,Sin especificar,Sin especificar,Sin especificar,2023,11,LUNES,16,Tarde,Dias laborables
,1,0,0,21538,03065,No aplica,Calle,Lateral                                            ,,No inventariada,Calle,Municipal,Se desconoce,Seco y limpio,Sin luz natural y con iluminación artificial encen,Despejado,,Se desconoce,,Sin especificar,Sin especificar,Sin especificar,Sin especificar,Sin especificar,Sin especificar,Sin especificar,2023,11,DOMINGO,19,Noche,Fines de semana
,1,0,0,21539,03065,No aplica,Calle,Fronto-lateral                                     ,,No inventariada,Calle,Municipal,Se desconoce,Seco y limpio,Sin luz natural y con iluminación artificial encen,Despejado,,Se desconoce,,Sin especificar,Sin especificar,Sin especificar,Sin especificar,Sin especificar,Sin especificar,Sin especificar,2023,11,LUNES,20,Noche,Dias laborables
,1,0,0,21540,03065,No aplica,Calle,Por alcance                                        ,,No inventariada,Calle,Municipal,Se desconoce,Seco y limpio,"Luz del día natural, solar",Despejado,,Se desconoce,,Sin especificar,Sin especificar,Sin especificar,Sin especificar,Sin especificar,Sin especificar,Sin especificar,2023,9,VIERNES,19,Noche,Dias laborables
,1,0,0,21541,03065,No aplica,Calle,Lateral                                            ,,No inventariada,Calle,Municipal,Se desconoce,Seco y limpio,"Luz del día natural, solar",Despejado,,Se desconoce,,Sin especificar,Sin especificar,Sin especificar,Sin especificar,Sin especificar,Sin especificar,Sin especificar,2023,11,LUNES,11,Mañana,Dias laborables
,1,0,0,21542,03065,No aplica,Calle,Por alcance                                        ,,No inventariada,Calle,Municipal,Se desconoce,Seco y limpio,"Amanecer o atardecer, con luz artificial",Despejado,,Se desconoce,,Sin especificar,Sin especificar,Sin especificar,Sin especificar,Sin especificar,Sin especificar,Sin especificar,2023,9,MIÉRCOLES,20,Noche,Dias laborables
,1,0,0,21543,03065,No aplica,Calle,Fronto-lateral                                     ,,No inventariada,Calle,Municipal,Se desconoce,Seco y limpio,"Luz del día natural, solar",Despejado,,Se desconoce,,Sin especificar,Sin especificar,Sin especificar,Sin especificar,Sin especificar,Sin especificar,Sin especificar,2023,11,LUNES,10,Mañana,Dias laborables
,1,0,0,21544,03065,No aplica,Calle,Atropello a personas                               ,,No inventariada,Calle,Municipal,Se desconoce,Seco y limpio,"Luz del día natural, solar",Despejado,,Se desconoce,,Sin especificar,Sin especificar,Sin especificar,Sin especificar,Sin especificar,Sin especificar,Sin especificar,2023,11,SÁBADO,10,Mañana,Fines de semana
,1,0,0,21545,03065,No aplica,Calle,Fronto-lateral                                     ,,No inventariada,Calle,Municipal,Se desconoce,Seco y limpio,"Luz del día natural, solar",Despejado,,Se desconoce,,Sin especificar,Sin especificar,Sin especificar,Sin especificar,Sin especificar,Sin especificar,Sin especificar,2023,11,JUEVES,12,Tarde,Dias laborables
,1,0,0,21546,03065,No aplica,Calle,Fronto-lateral                                     ,,No inventariada,Calle,Municipal,Se desconoce,Seco y limpio,"Luz del día natural, solar",Despejado,,Se desconoce,,Sin especificar,Sin especificar,Sin especificar,Sin especificar,Sin especificar,Sin especificar,Sin especificar,2023,11,MIÉRCOLES,7,Mañana,Dias laborables
8.0,1,0,0,21547,03065,Recta,Carretera,Fronto-lateral                                     ,,CV-86,Carretera Convencional de doble calzada,Autonómica,Ascendente,Seco y limpio,"Amanecer o atardecer, sin luz artificial",Despejado,,Nivel blanco,,No,No,Sí,No,No,Sí,No,2023,11,JUEVES,7,Mañana,Dias laborables
,1,0,0,21548,03065,No aplica,Calle,Lateral                                            ,,No inventariada,Calle,Municipal,Se desconoce,Seco y limpio,"Amanecer o atardecer, con luz artificial",Despejado,,Se desconoce,,Sin especificar,Sin especificar,Sin especificar,Sin especificar,Sin especificar,Sin especificar,Sin especificar,2023,11,JUEVES,8,Mañana,Dias laborables
,2,0,0,21549,03065,No aplica,Calle,Lateral                                            ,,No inventariada,Calle,Municipal,Se desconoce,Seco y limpio,"Luz del día natural, solar",Despejado,,Se desconoce,,Sin especificar,Sin especificar,Sin especificar,Sin especificar,Sin especificar,Sin especificar,Sin especificar,2023,11,DOMINGO,11,Mañana,Fines de semana
,1,0,0,21550,03065,No aplica,Calle,Por alcance                                        ,,No inventariada,Calle,Municipal,Se desconoce,Seco y limpio,"Luz del día natural, solar",Despejado,,Se desconoce,,Sin especificar,Sin especificar,Sin especificar,Sin especificar,Sin especificar,Sin especificar,Sin especificar,2023,11,DOMINGO,14,Tarde,Fines de semana
,1,0,0,21551,03065,No aplica,Calle,Por alcance                                        ,,No inventariada,Calle,Municipal,Se desconoce,Seco y limpio,Sin luz natural y con iluminación artificial no en,Despejado,,Se desconoce,,Sin especificar,Sin especificar,Sin especificar,Sin especificar,Sin especificar,Sin especificar,Sin especificar,2023,10,VIERNES,20,Noche,Dias laborables
0.3,1,0,0,21552,03065,Recta,Carretera,Fronto-lateral                                     ,CV-856,CV-856,Carretera Convencional de calzada única,"Provincial, Cabildo/Consell",Ascendente,Seco y limpio,Sin luz natural ni artificial,Despejado,,Nivel blanco,,No,No,No,Sí,No,No,Sí,2023,11,JUEVES,18,Noche,Dias laborables
,3,0,0,21553,03065,No aplica,Calle,Fronto-lateral                                     ,,No inventariada,Calle,Municipal,Se desconoce,Seco y limpio,"Luz del día natural, solar",Despejado,,Se desconoce,,Sin especificar,Sin especificar,Sin especificar,Sin especificar,Sin especificar,Sin especificar,Sin especificar,2023,11,MIÉRCOLES,8,Mañana,Dias laborables
,1,0,0,21554,03065,No aplica,Calle,Fronto-lateral                                     ,,No inventariada,Calle,Municipal,Se desconoce,Seco y limpio,Sin luz natural y con iluminación artificial encen,Despejado,,Se desconoce,Viento fuerte,Sin especificar,Sin especificar,Sin especificar,Sin especificar,Sin especificar,Sin especificar,Sin especificar,2023,12,VIERNES,23,Noche,Dias laborables
14.2,1,0,0,21555,03065,Curva señalizada,Carretera,Fronto-lateral                                     ,EL-20,CV-86,Carretera Convencional de calzada única,Autonómica,Ascendente,Seco y limpio,Sin luz natural y con iluminación artificial encen,Despejado,,Nivel blanco,,No,No,Sí,No,No,Sí,No,2023,12,MARTES,6,Mañana,Dias laborables
,0,1,0,21556,03065,No aplica,Calle,Atropello a personas                               ,,No inventariada,Calle,Municipal,Se desconoce,Seco y limpio,Sin luz natural y con iluminación artificial encen,Despejado,,Se desconoce,,Sin especificar,Sin especificar,Sin especificar,Sin especificar,Sin especificar,Sin especificar,Sin especificar,2023,12,MARTES,22,Noche,Dias laborables
,2,0,0,21557,03065,No aplica,Calle,Caída                                              ,,No inventariada,Calle,Municipal,Se desconoce,Seco y limpio,"Luz del día natural, solar",Despejado,,Se desconoce,,Sin especificar,Sin especificar,Sin especificar,Sin especificar,Sin especificar,Sin especificar,Sin especificar,2023,11,LUNES,10,Mañana,Dias laborables
,1,0,0,21558,03065,No aplica,Calle,Fronto-lateral                                     ,,No inventariada,Calle,Municipal,Se desconoce,Seco y limpio,"Luz del día natural, solar",Despejado,,Se desconoce,,Sin especificar,Sin especificar,Sin especificar,Sin especificar,Sin especificar,Sin especificar,Sin especificar,2023,11,MIÉRCOLES,16,Tarde,Dias laborables
,1,0,0,21559,03065,No aplica,Calle,Sólo salida de la vía                              ,,No inventariada,Calle,Municipal,Se desconoce,Mojado,"Luz del día natural, solar",Nublado,,Se desconoce,,Sin especificar,Sin especificar,Sin especificar,Sin especificar,Sin especificar,Sin especificar,Sin especificar,2023,12,MIÉRCOLES,8,Mañana,Dias laborables
1.055,1,0,0,21560,03065,Curva señalizada,Carretera,Fronto-lateral                                     ,CV-856,CV-854,Carretera Convencional de calzada única,"Provincial, Cabildo/Consell",Ascendente,Seco y limpio,"Luz del día natural, solar",Despejado,,Nivel blanco,,No,No,Sí,No,No,No,No,2023,12,JUEVES,12,Tarde,Dias laborables
,1,0,0,21561,03065,No aplica,Calle,Caída                                              ,,No inventariada,Calle,Municipal,Se desconoce,Seco y limpio,Sin luz natural y con iluminación artificial encen,Despejado,,Se desconoce,,Sin especificar,Sin especificar,Sin especificar,Sin especificar,Sin especificar,Sin especificar,Sin especificar,2023,12,JUEVES,21,Noche,Dias laborables
,1,0,0,21562,03065,No aplica,Calle,Fronto-lateral                                     ,,No inventariada,Calle,Municipal,Se desconoce,Seco y limpio,"Luz del día natural, solar",Despejado,,Se desconoce,Viento fuerte,Sin especificar,Sin especificar,Sin especificar,Sin especificar,Sin especificar,Sin especificar,Sin especificar,2023,11,VIERNES,15,Tarde,Dias laborables
,1,0,0,21563,03065,No aplica,Calle,Caída                                              ,,No inventariada,Calle,Municipal,Se desconoce,Seco y limpio,Sin luz natural ni artificial,Despejado,,Se desconoce,,Sin especificar,Sin especificar,Sin especificar,Sin especificar,Sin especificar,Sin especificar,Sin especificar,2023,11,MARTES,19,Noche,Dias laborables
,1,0,0,21564,03065,No aplica,Calle,Caída                                              ,,No inventariada,Calle,Municipal,Se desconoce,Seco y limpio,Sin luz natural y con iluminación artificial encen,Despejado,,Se desconoce,,Sin especificar,Sin especificar,Sin especificar,Sin especificar,Sin especificar,Sin especificar,Sin especificar,2023,11,SÁBADO,21,Noche,Fines de semana
,1,0,0,21565,03065,No aplica,Calle,Fronto-lateral                                     ,,No inventariada,Calle,Municipal,Se desconoce,Seco y limpio,"Luz del día natural, solar",Despejado,,Se desconoce,,Sin especificar,Sin especificar,Sin especificar,Sin especificar,Sin especificar,Sin especificar,Sin especificar,2023,10,JUEVES,17,Tarde,Dias laborables
,1,0,0,21566,03065,No aplica,Calle,Fronto-lateral                                     ,,No inventariada,Calle,Municipal,Se desconoce,Seco y limpio,"Luz del día natural, solar",Despejado,,Se desconoce,,Sin especificar,Sin especificar,Sin especificar,Sin especificar,Sin especificar,Sin especificar,Sin especificar,2023,11,JUEVES,15,Tarde,Dias laborables
,1,0,0,21567,03065,No aplica,Calle,Lateral                                            ,,No inventariada,Calle,Municipal,Se desconoce,Seco y limpio,Sin luz natural y con iluminación artificial encen,Despejado,,Se desconoce,,Sin especificar,Sin especificar,Sin especificar,Sin especificar,Sin especificar,Sin especificar,Sin especificar,2023,11,DOMINGO,20,Noche,Fines de semana
,1,0,0,21568,03065,No aplica,Calle,Por alcance                                        ,,No inventariada,Calle,Municipal,Se desconoce,Seco y limpio,Sin luz natural y con iluminación artificial encen,Despejado,,Se desconoce,Viento fuerte,Sin especificar,Sin especificar,Sin especificar,Sin especificar,Sin especificar,Sin especificar,Sin especificar,2023,11,MARTES,19,Noche,Dias laborables
,1,0,0,21569,03065,No aplica,Calle,Atropello a personas                               ,,No inventariada,Calle,Municipal,Se desconoce,Seco y limpio,Sin luz natural y con iluminación artificial encen,Despejado,,Se desconoce,,Sin especificar,Sin especificar,Sin especificar,Sin especificar,Sin especificar,Sin especificar,Sin especificar,2023,12,VIERNES,22,Noche,Dias laborables
,1,0,0,21570,03065,No aplica,Calle,Fronto-lateral                                     ,,No inventariada,Calle,Municipal,Se desconoce,Mojado,Sin luz natural y con iluminación artificial encen,Lluvia débil,,Se desconoce,,Sin especificar,Sin especificar,Sin especificar,Sin especificar,Sin especificar,Sin especificar,Sin especificar,2023,12,MIÉRCOLES,5,Madrugada,Dias laborables
,1,0,0,21571,03065,No aplica,Calle,Fronto-lateral                                     ,,No inventariada,Calle,Municipal,Se desconoce,Seco y limpio,Sin luz natural y con iluminación artificial encen,Despejado,,Se desconoce,,Sin especificar,Sin especificar,Sin especificar,Sin especificar,Sin especificar,Sin especificar,Sin especificar,2023,12,JUEVES,22,Noche,Dias laborables
1.1,1,0,0,21572,03065,Recta,Carretera,Salida de la vía por la izquierda con vuelco       ,,CV-851,Carretera Convencional de calzada única,"Provincial, Cabildo/Consell",Descendente,Seco y limpio,Sin luz natural ni artificial,Despejado,,Nivel blanco,,No,No,No,Sí,No,No,No,2023,11,LUNES,19,Noche,Dias laborables
,1,0,0,21573,03065,No aplica,Calle,Atropello a personas                               ,,No inventariada,Calle,Municipal,Se desconoce,Seco y limpio,Sin luz natural y con iluminación artificial encen,Despejado,,Se desconoce,,Sin especificar,Sin especificar,Sin especificar,Sin especificar,Sin especificar,Sin especificar,Sin especificar,2023,11,LUNES,21,Noche,Dias laborables
,6,0,0,21574,03065,No aplica,Calle,Múltiple o en caravana                             ,,No inventariada,Calle,Estatal,Se desconoce,Seco y limpio,Sin luz natural y con iluminación artificial encen,Despejado,,Se desconoce,,Sin especificar,Sin especificar,Sin especificar,Sin especificar,Sin especificar,Sin especificar,Sin especificar,2023,12,SÁBADO,18,Noche,Fines de semana
,2,0,0,21575,03065,No aplica,Calle,Atropello a personas                               ,,No inventariada,Calle,Municipal,Se desconoce,Seco y limpio,"Luz del día natural, solar",Despejado,,Se desconoce,,Sin especificar,Sin especificar,Sin especificar,Sin especificar,Sin especificar,Sin especificar,Sin especificar,2023,11,MARTES,19,Noche,Dias laborables
,1,0,0,21576,03065,No aplica,Calle,Fronto-lateral                                     ,,No inventariada,Calle,Municipal,Se desconoce,Seco y limpio,"Luz del día natural, solar",Despejado,,Se desconoce,,Sin especificar,Sin especificar,Sin especificar,Sin especificar,Sin especificar,Sin especificar,Sin especificar,2023,12,DOMINGO,15,Tarde,Fines de semana
,1,0,0,21577,03065,No aplica,Calle,Lateral                                            ,,No inventariada,Calle,Municipal,Se desconoce,Seco y limpio,Sin luz natural y con iluminación artificial encen,Despejado,,Se desconoce,,Sin especificar,Sin especificar,Sin especificar,Sin especificar,Sin especificar,Sin especificar,Sin especificar,2023,11,VIERNES,21,Noche,Dias laborables
,1,0,0,21578,03065,No aplica,Calle,Fronto-lateral                                     ,,No inventariada,Calle,Municipal,Se desconoce,Seco y limpio,"Luz del día natural, solar",Despejado,,Se desconoce,,Sin especificar,Sin especificar,Sin especificar,Sin especificar,Sin especificar,Sin especificar,Sin especificar,2023,11,JUEVES,16,Tarde,Dias laborables
,2,0,0,21579,03065,No aplica,Calle,Fronto-lateral                                     ,,No inventariada,Calle,Municipal,Se desconoce,Seco y limpio,Sin luz natural y con iluminación artificial encen,Despejado,,Se desconoce,,Sin especificar,Sin especificar,Sin especificar,Sin especificar,Sin especificar,Sin especificar,Sin especificar,2023,11,JUEVES,19,Noche,Dias laborables
,2,0,0,21580,03065,No aplica,Calle,Otro tipo de accidente                             ,,No inventariada,Calle,Municipal,Se desconoce,Seco y limpio,"Luz del día natural, solar",Despejado,,Se desconoce,,Sin especificar,Sin especificar,Sin especificar,Sin especificar,Sin especificar,Sin especificar,Sin especificar,2023,11,MARTES,17,Tarde,Dias laborables
,1,0,0,21581,03065,No aplica,Calle,Otro tipo de accidente                             ,,No inventariada,Calle,Municipal,Se desconoce,Seco y limpio,"Luz del día natural, solar",Despejado,,Se desconoce,,Sin especificar,Sin especificar,Sin especificar,Sin especificar,Sin especificar,Sin especificar,Sin especificar,2023,11,JUEVES,13,Tarde,Dias laborables
,1,0,0,21582,03065,No aplica,Calle,Caída                                              ,,No inventariada,Calle,Municipal,Se desconoce,Seco y limpio,Sin luz natural y con iluminación artificial no en,Despejado,,Se desconoce,,Sin especificar,Sin especificar,Sin especificar,Sin especificar,Sin especificar,Sin especificar,Sin especificar,2023,11,JUEVES,20,Noche,Dias laborables