KM,TOTAL_HL24H,TOTAL_HG24H,TOTAL_MU24H,id,COD_MUNICIPIO,TRAZADO_PLANTA,ZONA,TIPO_ACCIDENTE,CARRETERA_CRUCE,CARRETERA,TIPO_VIA,TITULARIDAD_VIA,SENTIDO_1F,CONDICION_FIRME,CONDICION_ILUMINACION,CONDICION_METEO,CONDICION_NIEBLA,CONDICION_NIVEL_CIRCULA,CONDICION_VIENTO,PRIORI_AGENTE,PRIORI_CIRCUNSTANCIAL,PRIORI_HORIZ_CEDA,PRIORI_HORIZ_STOP,PRIORI_SEMAFORO,PRIORI_VERT_CEDA,PRIORI_VERT_STOP,ANYO,MES,DIA,HORA,FRANJA_HORARIA,TIPO_DIA
12.5,1,0,0,21754,03058,Se desconoce,Carretera,Caída                                              ,CV-900,CV-900,Carretera Convencional de calzada única,Autonómica,Ascendente,Con aceite,"Luz del día natural, solar",Despejado,,Nivel blanco,,No,No,No,No,No,No,No,2023,9,JUEVES,19,Noche,Dias laborables
538.5,1,0,0,21755,00000,Recta,Carretera,Lateral                                            ,,A-7,Autovía,Estatal,Descendente,Seco y limpio,"Luz del día natural, solar",Despejado,,Nivel blanco,,Sin especificar,Sin especificar,Sin especificar,Sin especificar,Sin especificar,Sin especificar,Sin especificar,2023,11,SÁBADO,11,Mañana,Fines de semana
8.7,2,0,0,21756,00000,Recta,Carretera,Atropello a animales                               ,,CV-755,Carretera Convencional de calzada única,Autonómica,Ascendente,Seco y limpio,Sin luz natural ni artificial,Despejado,,Nivel blanco,,Sin especificar,Sin especificar,Sin especificar,Sin especificar,Sin especificar,Sin especificar,Sin especificar,2023,2,JUEVES,21,Noche,Dias laborables
6.5,1,0,0,21757,00000,Curva señalizada,Carretera,Salida de la vía por la derecha con colisión       ,,CV-755,Carretera Convencional de calzada única,Autonómica,Ascendente,Otra,"Luz del día natural, solar",Despejado,,Nivel blanco,,Sin especificar,Sin especificar,Sin especificar,Sin especificar,Sin especificar,Sin especificar,Sin especificar,2023,3,SÁBADO,12,Tarde,Fines de semana
70.2,3,0,0,21758,03076,Recta,Carretera,Por alcance                                        ,,N-332,Carretera Convencional de calzada única,Estatal,Descendente,Seco y limpio,Sin luz natural ni artificial,Despejado,Niebla ligera,Nivel blanco,,Sin especificar,Sin especificar,Sin especificar,Sin especificar,Sin especificar,Sin especificar,Sin especificar,2023,1,DOMINGO,0,Madrugada,Fines de semana
75.8,3,0,0,21759,03118,Recta,Carretera,Frontal                                            ,,N-332,Carretera Convencional de calzada única,Estatal,Ambos,Seco y limpio,"Luz del día natural, solar",Despejado,,Nivel blanco,,Sin especificar,Sin especificar,Sin especificar,Sin especificar,Sin especificar,Sin especificar,Sin especificar,2023,2,DOMINGO,13,Tarde,Fines de semana
,0,1,0,21760,03076,No aplica,Calle,Fronto-lateral                                     ,,No inventariada,Calle,Municipal,Se desconoce,Seco y limpio,Sin luz natural y con iluminación artificial encen,Despejado,,Se desconoce,,No,No,No,No,No,Sí,No,2023,2,VIERNES,22,Noche,Dias laborables
6.345,3,0,0,21761,03076,Recta,Carretera,Por alcance                                        ,,CV-895,Carretera Convencional de calzada única,Autonómica,Descendente,Seco y limpio,"Luz del día natural, solar",Despejado,,Nivel blanco,,No,No,No,No,No,No,No,2023,3,DOMINGO,12,Tarde,Fines de semana
23.4,1,0,0,21762,03076,Recta,Carretera,Por alcance                                        ,,CV-91,Carretera Convencional de calzada única,Otra,Ascendente,Seco y limpio,"Luz del día natural, solar",Despejado,,Nivel blanco,,Sin especificar,Sin especificar,Sin especificar,Sin especificar,Sin especificar,Sin especificar,Sin especificar,2023,4,MIÉRCOLES,7,Mañana,Dias laborables
23.172,1,0,0,21763,03076,Recta,Carretera,Por alcance                                        ,,CV-91,Carretera Convencional de calzada única,Autonómica,Ascendente,Seco y limpio,"Luz del día natural, solar",Despejado,,Nivel blanco,,Sin especificar,Sin especificar,Sin especificar,Sin especificar,Sin especificar,Sin especificar,Sin especificar,2023,4,MIÉRCOLES,7,Mañana,Dias laborables
67.9,1,0,0,21764,03076,Curva señalizada,Carretera,Salida de la vía por la izquierda con colisión     ,CV-895,N-332,Carretera Convencional de doble calzada,Estatal,Ascendente,Seco y limpio,Sin luz natural ni artificial,Despejado,,Nivel blanco,,No,No,No,No,No,Sí,No,2023,5,DOMINGO,0,Madrugada,Fines de semana
1.0,1,0,0,21765,03076,Curva sin señalizar,Carretera,Frontal                                            ,,CAMINO DE,Camino vecinal,Municipal,Ambos,Con barro o gravilla suelta,"Luz del día natural, solar",Despejado,,Nivel blanco,,Sin especificar,Sin especificar,Sin especificar,Sin especificar,Sin especificar,Sin especificar,Sin especificar,2023,5,JUEVES,18,Noche,Dias laborables
68.704,1,0,0,21766,03076,Recta,Carretera,Lateral                                            ,,N-332,Carretera Convencional de doble calzada,Estatal,Ascendente,Seco y limpio,"Luz del día natural, solar",Despejado,,Nivel blanco,,Sin especificar,Sin especificar,Sin especificar,Sin especificar,Sin especificar,Sin especificar,Sin especificar,2023,5,VIERNES,13,Tarde,Dias laborables
24.0,1,0,0,21767,03076,Curva señalizada,Carretera,Salida de la vía por la izquierda con colisión     ,N-332,CV-91,Carretera Convencional de calzada única,Autonómica,Descendente,Seco y limpio,Sin luz natural y con iluminación artificial encen,Nublado,,Nivel blanco,,No,No,No,No,No,No,No,2023,5,MARTES,3,Madrugada,Dias laborables
70.8,1,0,0,21768,03076,Recta,Carretera,Atropello a personas                               ,,N-332,Carretera Convencional de calzada única,Estatal,Ascendente,Seco y limpio,"Luz del día natural, solar",Despejado,,Nivel blanco,,Sin especificar,Sin especificar,Sin especificar,Sin especificar,Sin especificar,Sin especificar,Sin especificar,2023,6,MARTES,18,Noche,Dias laborables
69.8,1,0,0,21769,03076,Recta,Carretera,Fronto-lateral                                     ,,N-332,Carretera Convencional de calzada única,Estatal,Descendente,Seco y limpio,"Luz del día natural, solar",Despejado,,Nivel amarillo,,No,No,Sí,No,No,Sí,No,2023,7,DOMINGO,18,Noche,Fines de semana
5.2,1,0,0,21770,03076,Curva sin señalizar,Carretera,Salida de la vía por la derecha otro tipo          ,,BERNADA,Camino vecinal,Municipal,Descendente,Mojado,"Luz del día natural, solar",Despejado,,Nivel blanco,,Sin especificar,Sin especificar,Sin especificar,Sin especificar,Sin especificar,Sin especificar,Sin especificar,2023,7,JUEVES,12,Tarde,Dias laborables
70.139,1,0,0,21771,03076,Recta,Carretera,Salida de la vía por la izquierda con colisión     ,,N-332,Carretera Convencional de calzada única,Estatal,Descendente,Seco y limpio,"Luz del día natural, solar",Despejado,,Nivel blanco,,Sin especificar,Sin especificar,Sin especificar,Sin especificar,Sin especificar,Sin especificar,Sin especificar,2023,7,SÁBADO,7,Mañana,Fines de semana
69.524,2,0,0,21772,03076,Curva señalizada,Carretera,Fronto-lateral                                     ,,N-332,Carretera Convencional de doble calzada,Estatal,Descendente,Seco y limpio,"Luz del día natural, solar",Despejado,,Nivel blanco,,No,No,No,No,No,No,No,2023,8,JUEVES,15,Tarde,Dias laborables
5.6,2,0,0,21773,03076,Recta,Carretera,Por alcance                                        ,,CV-895,Carretera Convencional de calzada única,Autonómica,Descendente,Seco y limpio,Sin luz natural ni artificial,Despejado,,Nivel amarillo,,Sin especificar,Sin especificar,Sin especificar,Sin especificar,Sin especificar,Sin especificar,Sin especificar,2023,8,SÁBADO,23,Noche,Fines de semana
5.38,0,0,1,21774,03076,Recta,Carretera,Lateral                                            ,,CV-895,Carretera Convencional de calzada única,Autonómica,Ascendente,Seco y limpio,Sin luz natural ni artificial,Despejado,,Nivel blanco,,Sin especificar,Sin especificar,Sin especificar,Sin especificar,Sin especificar,Sin especificar,Sin especificar,2023,8,SÁBADO,23,Noche,Fines de semana
73.5,1,0,0,21775,03076,Recta,Carretera,Múltiple o en caravana                             ,,N-332,Carretera Convencional de calzada única,Estatal,Ascendente,Seco y limpio,"Luz del día natural, solar",Despejado,,Nivel amarillo,,Sin especificar,Sin especificar,Sin especificar,Sin especificar,Sin especificar,Sin especificar,Sin especificar,2023,8,VIERNES,18,Noche,Dias laborables
68.5,3,0,0,21776,03076,Curva sin señalizar,Carretera,Frontal                                            ,,N-332,Vía de servicio,Estatal,Ambos,Seco y limpio,"Luz del día natural, solar",Despejado,,Nivel blanco,,Sin especificar,Sin especificar,Sin especificar,Sin especificar,Sin especificar,Sin especificar,Sin especificar,2023,8,DOMINGO,19,Noche,Fines de semana
4.0,1,0,0,21777,03076,Curva señalizada,Carretera,Salida de la vía por la derecha otro tipo          ,,No inventariada,Camino vecinal,Municipal,Ascendente,Mojado,"Luz del día natural, solar",Lluvia débil,,Nivel blanco,,Sin especificar,Sin especificar,Sin especificar,Sin especificar,Sin especificar,Sin especificar,Sin especificar,2023,9,MIÉRCOLES,8,Mañana,Dias laborables
,1,0,0,21778,03076,No aplica,Calle,Frontal                                            ,,No inventariada,Calle,Municipal,Se desconoce,Seco y limpio,"Luz del día natural, solar",Despejado,,Se desconoce,,No,No,No,No,No,Sí,No,2023,3,MARTES,14,Tarde,Dias laborables
,1,0,0,21779,03076,No aplica,Calle,Atropello a personas                               ,,No inventariada,Calle,Municipal,Se desconoce,Seco y limpio,"Luz del día natural, solar",Despejado,,Se desconoce,,Sin especificar,Sin especificar,Sin especificar,Sin especificar,Sin especificar,Sin especificar,Sin especificar,2023,5,SÁBADO,10,Mañana,Fines de semana
,1,0,0,21780,03076,No aplica,Calle,Otro tipo de accidente                             ,,No inventariada,Calle,Municipal,Se desconoce,Seco y limpio,"Luz del día natural, solar",Despejado,,Se desconoce,,Sin especificar,Sin especificar,Sin especificar,Sin especificar,Sin especificar,Sin especificar,Sin especificar,2023,7,LUNES,12,Tarde,Dias laborables
6.5,1,0,0,21781,03076,Curva sin señalizar,Carretera,Salida de la vía por la derecha con colisión       ,N-332,CV-895,Carretera Convencional de calzada única,Autonómica,Descendente,Seco y limpio,"Luz del día natural, solar",Despejado,,Nivel blanco,,No,No,No,No,No,No,No,2023,11,DOMINGO,17,Tarde,Fines de semana
24.0,1,0,0,21782,03076,Curva señalizada,Carretera,Lateral                                            ,N-332,CV-91,Carretera Convencional de calzada única,Autonómica,Ascendente,Seco y limpio,"Luz del día natural, solar",Despejado,,Nivel blanco,,No,No,No,No,No,No,No,2023,10,VIERNES,12,Tarde,Dias laborables
,1,0,0,21783,03076,No aplica,Calle,Atropello a personas                               ,,No inventariada,Calle,Municipal,Se desconoce,Seco y limpio,"Luz del día natural, solar",Despejado,,Se desconoce,,Sin especificar,Sin especificar,Sin especificar,Sin especificar,Sin especificar,Sin especificar,Sin especificar,2023,5,LUNES,13,Tarde,Dias laborables
,1,0,0,21784,03076,No aplica,Calle,Atropello a personas                               ,,No inventariada,Calle,Municipal,Se desconoce,Seco y limpio,"Luz del día natural, solar",Despejado,,Se desconoce,,Sin especificar,Sin especificar,Sin especificar,Sin especificar,Sin especificar,Sin especificar,Sin especificar,2023,6,LUNES,16,Tarde,Dias laborables
,0,1,0,21785,03076,No aplica,Calle,Fronto-lateral                                     ,,No inventariada,Calle,Municipal,Se desconoce,Seco y limpio,"Luz del día natural, solar",Despejado,,Se desconoce,,No,No,No,No,No,No,No,2023,6,MIÉRCOLES,13,Tarde,Dias laborables
,1,0,0,21786,03076,No aplica,Calle,Atropello a personas                               ,,No inventariada,Calle,Municipal,Se desconoce,Seco y limpio,"Luz del día natural, solar",Despejado,,Se desconoce,,Sin especificar,Sin especificar,Sin especificar,Sin especificar,Sin especificar,Sin especificar,Sin especificar,2023,7,DOMINGO,9,Mañana,Fines de semana
,1,0,0,21787,03076,No aplica,Calle,Caída                                              ,,No inventariada,Calle,Municipal,Se desconoce,Seco y limpio,"Luz del día natural, solar",Despejado,,Se desconoce,,No,No,No,No,No,No,No,2023,7,VIERNES,11,Mañana,Dias laborables
,1,0,0,21788,03076,No aplica,Calle,Fronto-lateral                                     ,,No inventariada,Calle,Municipal,Se desconoce,Seco y limpio,"Amanecer o atardecer, con luz artificial",Despejado,,Se desconoce,,No,No,No,No,No,No,No,2023,7,VIERNES,21,Noche,Dias laborables
,1,0,0,21789,03076,No aplica,Calle,Fronto-lateral                                     ,,No inventariada,Calle,Municipal,Se desconoce,Seco y limpio,"Luz del día natural, solar",Despejado,,Se desconoce,,No,No,No,Sí,No,No,No,2023,7,LUNES,10,Mañana,Dias laborables
,1,0,0,21790,03076,No aplica,Calle,Fronto-lateral                                     ,,No inventariada,Calle,Municipal,Se desconoce,Seco y limpio,Sin luz natural y con iluminación artificial encen,Despejado,,Nivel blanco,,No,No,Sí,No,No,Sí,No,2023,11,VIERNES,21,Noche,Dias laborables
,1,0,0,21791,03076,No aplica,Calle,Lateral                                            ,,No inventariada,Calle,Municipal,Se desconoce,Seco y limpio,"Luz del día natural, solar",Despejado,,Se desconoce,,No,No,No,Sí,No,No,Sí,2023,12,MIÉRCOLES,9,Mañana,Dias laborables
,1,0,0,21792,03076,No aplica,Calle,Lateral                                            ,,No inventariada,Calle,Municipal,Se desconoce,Seco y limpio,"Luz del día natural, solar",Despejado,,Se desconoce,,Sin especificar,Sin especificar,Sin especificar,Sin especificar,Sin especificar,Sin especificar,Sin especificar,2023,12,MIÉRCOLES,11,Mañana,Dias laborables
1.0,2,0,0,21793,00000,Recta,Carretera,Caída                                              ,,CV-844,Carretera Convencional de calzada única,"Provincial, Cabildo/Consell",Ascendente,Con barro o gravilla suelta,"Luz del día natural, solar",Despejado,,Nivel blanco,,No,No,No,No,No,No,No,2023,5,MIÉRCOLES,11,Mañana,Dias laborables
5.5,4,1,0,21794,00000,Curva señalizada,Carretera,Frontal                                            ,,CV-845,Carretera Convencional de calzada única,Autonómica,Ascendente,Seco y limpio,"Luz del día natural, solar",Despejado,,Nivel blanco,,Sin especificar,Sin especificar,Sin especificar,Sin especificar,Sin especificar,Sin especificar,Sin especificar,2023,5,SÁBADO,16,Tarde,Fines de semana
5.3,1,0,0,21795,00000,Curva señalizada,Carretera,"Salida de la vía por la izquierda, otro tipo       ",,CV-845,Carretera Convencional de calzada única,Autonómica,Descendente,Seco y limpio,"Luz del día natural, solar",Despejado,,Nivel blanco,,Sin especificar,Sin especificar,Sin especificar,Sin especificar,Sin especificar,Sin especificar,Sin especificar,2023,8,SÁBADO,10,Mañana,Fines de semana
5.478,1,0,0,21796,00000,Recta,Carretera,Salida de la vía por la derecha otro tipo          ,,CV-845,Carretera Convencional de doble calzada,Autonómica,Descendente,Con aceite,"Luz del día natural, solar",Despejado,,Nivel blanco,,Sin especificar,Sin especificar,Sin especificar,Sin especificar,Sin especificar,Sin especificar,Sin especificar,2023,11,MARTES,10,Mañana,Dias laborables
10.5,1,0,0,21797,03005,Recta,Carretera,Salida de la vía por la derecha otro tipo          ,,CV-873,Carretera Convencional de calzada única,"Provincial, Cabildo/Consell",Descendente,Seco y limpio,"Luz del día natural, solar",Nublado,,Nivel blanco,,Sin especificar,Sin especificar,Sin especificar,Sin especificar,Sin especificar,Sin especificar,Sin especificar,2023,12,MIÉRCOLES,15,Tarde,Dias laborables
18.9,0,0,1,21798,03099,Curva señalizada,Carretera,Salida de la vía por la izquierda con vuelco       ,,CV-845,Carretera Convencional de calzada única,Autonómica,Descendente,Seco y limpio,Sin luz natural ni artificial,Despejado,,Nivel verde,,Sin especificar,Sin especificar,Sin especificar,Sin especificar,Sin especificar,Sin especificar,Sin especificar,2023,9,SÁBADO,21,Noche,Fines de semana
0.8,1,0,0,21799,03079,Recta,Carretera,Caída                                              ,,CV-801,Carretera Convencional de calzada única,Autonómica,Ascendente,Seco y limpio,"Luz del día natural, solar",Nublado,,Nivel verde,,Sin especificar,Sin especificar,Sin especificar,Sin especificar,Sin especificar,Sin especificar,Sin especificar,2023,1,DOMINGO,12,Tarde,Fines de semana
,0,1,0,21800,03079,No aplica,Calle,Por alcance                                        ,,No inventariada,Calle,Municipal,Se desconoce,Seco y limpio,"Luz del día natural, solar",Despejado,,Nivel verde,,Sin especificar,Sin especificar,Sin especificar,Sin especificar,Sin especificar,Sin especificar,Sin especificar,2023,1,VIERNES,13,Tarde,Dias laborables
,1,0,0,21801,03079,No aplica,Calle,Atropello a personas                               ,,No inventariada,Calle,Municipal,Se desconoce,Seco y limpio,"Amanecer o atardecer, con luz artificial",Despejado,,Nivel verde,,Sin especificar,Sin especificar,Sin especificar,Sin especificar,Sin especificar,Sin especificar,Sin especificar,2023,1,VIERNES,7,Mañana,Dias laborables
458.234,1,0,0,21802,03079,Curva señalizada,Carretera,Salida de la vía por la derecha otro tipo          ,,A-7,Vía de servicio,Estatal,Descendente,Seco y limpio,"Luz del día natural, solar",Despejado,,Nivel blanco,,Sin especificar,Sin especificar,Sin especificar,Sin especificar,Sin especificar,Sin especificar,Sin especificar,2023,4,DOMINGO,10,Mañana,Fines de semana
,1,0,0,21803,03079,No aplica,Calle,Fronto-lateral                                     ,,No inventariada,Calle,Municipal,Se desconoce,Seco y limpio,"Luz del día natural, solar",Despejado,,Nivel verde,,No,No,No,Sí,No,No,Sí,2023,4,JUEVES,20,Noche,Dias laborables
,1,0,0,21804,03079,No aplica,Calle,Atropello a personas                               ,,No inventariada,Calle,Municipal,Se desconoce,Seco y limpio,"Luz del día natural, solar",Despejado,,Nivel verde,,Sin especificar,Sin especificar,Sin especificar,Sin especificar,Sin especificar,Sin especificar,Sin especificar,2023,3,VIERNES,9,Mañana,Dias laborables
,2,0,0,21805,03079,No aplica,Calle,Atropello a personas                               ,,No inventariada,Calle,Municipal,Se desconoce,Seco y limpio,"Amanecer o atardecer, sin luz artificial",Despejado,,Nivel verde,,Sin especificar,Sin especificar,Sin especificar,Sin especificar,Sin especificar,Sin especificar,Sin especificar,2023,4,MARTES,8,Mañana,Dias laborables
,1,0,0,21806,03079,No aplica,Calle,Fronto-lateral                                     ,,No inventariada,Calle,Municipal,Se desconoce,Seco y limpio,"Luz del día natural, solar",Despejado,,Nivel verde,,No,No,No,No,No,Sí,No,2023,4,JUEVES,16,Tarde,Dias laborables
459.776,1,0,0,21807,03079,Recta,Carretera,Atropello a animales                               ,,A-7,Autovía,Estatal,Ascendente,Seco y limpio,Sin luz natural ni artificial,Despejado,,Nivel blanco,,Sin especificar,Sin especificar,Sin especificar,Sin especificar,Sin especificar,Sin especificar,Sin especificar,2023,5,LUNES,5,Madrugada,Dias laborables
1.95,1,0,0,21808,03079,Recta,Carretera,Fronto-lateral                                     ,CV-805,CV-805,Ramal de enlace,Autonómica,Descendente,Seco y limpio,Sin luz natural ni artificial,Despejado,,Nivel blanco,,No,No,No,No,No,Sí,No,2023,6,LUNES,22,Noche,Dias laborables
458.65,1,0,0,21809,03079,Recta,Carretera,Lateral                                            ,,A-7,Vía de servicio,Estatal,Ascendente,Seco y limpio,"Luz del día natural, solar",Despejado,,Nivel blanco,,No,No,No,No,No,No,No,2023,7,DOMINGO,8,Mañana,Fines de semana
,1,0,0,21810,03079,No aplica,Calle,Atropello a personas                               ,,No inventariada,Calle,Municipal,Se desconoce,Seco y limpio,Sin luz natural y con iluminación artificial encen,Despejado,,Nivel verde,,No,No,No,No,No,No,Sí,2023,5,LUNES,21,Noche,Dias laborables
2.8,1,0,0,21811,03079,Curva sin señalizar,Carretera,Salida de la vía por la derecha otro tipo          ,,CV-798,Carretera Convencional de calzada única,"Provincial, Cabildo/Consell",Descendente,Seco y limpio,"Luz del día natural, solar",Despejado,,Nivel blanco,,Sin especificar,Sin especificar,Sin especificar,Sin especificar,Sin especificar,Sin especificar,Sin especificar,2023,7,DOMINGO,10,Mañana,Fines de semana
,1,0,0,21812,03079,No aplica,Calle,Otro tipo de accidente                             ,,No inventariada,Calle,Municipal,Se desconoce,Seco y limpio,"Luz del día natural, solar",Despejado,,Nivel verde,,Sin especificar,Sin especificar,Sin especificar,Sin especificar,Sin especificar,Sin especificar,Sin especificar,2023,5,MIÉRCOLES,14,Tarde,Dias laborables
,2,0,0,21813,03079,No aplica,Calle,Fronto-lateral                                     ,,No inventariada,Calle,Municipal,Se desconoce,Seco y limpio,"Luz del día natural, solar",Despejado,,Nivel verde,,Sin especificar,Sin especificar,Sin especificar,Sin especificar,Sin especificar,Sin especificar,Sin especificar,2023,7,MARTES,21,Noche,Dias laborables
,1,0,0,21814,03079,No aplica,Calle,Fronto-lateral                                     ,,No inventariada,Calle,Municipal,Se desconoce,Seco y limpio,"Luz del día natural, solar",Despejado,,Nivel verde,,No,No,No,No,No,Sí,No,2023,6,DOMINGO,14,Tarde,Fines de semana
,1,0,0,21815,03079,No aplica,Calle,Fronto-lateral                                     ,,No inventariada,Otro,Municipal,Se desconoce,Seco y limpio,"Luz del día natural, solar",Despejado,,Nivel verde,,Sin especificar,Sin especificar,Sin especificar,Sin especificar,Sin especificar,Sin especificar,Sin especificar,2023,7,LUNES,20,Noche,Dias laborables
,1,0,0,21816,03079,No aplica,Calle,Por alcance                                        ,,No inventariada,Calle,Municipal,Se desconoce,Seco y limpio,"Luz del día natural, solar",Despejado,,Nivel verde,,Sin especificar,Sin especificar,Sin especificar,Sin especificar,Sin especificar,Sin especificar,Sin especificar,2023,8,JUEVES,11,Mañana,Dias laborables
13.3,1,0,0,21817,03079,Recta,Carretera,Caída                                              ,,CV-802,Carretera Convencional de calzada única,"Provincial, Cabildo/Consell",Ascendente,Mojado,"Luz del día natural, solar",Lluvia fuerte,Niebla ligera,Nivel blanco,,Sin especificar,Sin especificar,Sin especificar,Sin especificar,Sin especificar,Sin especificar,Sin especificar,2023,9,VIERNES,19,Noche,Dias laborables
2.7,1,0,0,21818,03079,Curva señalizada,Carretera,Salida de la vía por la derecha otro tipo          ,,CV-798,Carretera Convencional de calzada única,"Provincial, Cabildo/Consell",Descendente,Seco y limpio,"Luz del día natural, solar",Despejado,,Nivel blanco,,Sin especificar,Sin especificar,Sin especificar,Sin especificar,Sin especificar,Sin especificar,Sin especificar,2023,9,SÁBADO,13,Tarde,Fines de semana
,1,0,0,21819,03079,No aplica,Calle,Atropello a personas                               ,,No inventariada,Calle,Municipal,Se desconoce,Seco y limpio,"Luz del día natural, solar",Despejado,,Nivel verde,,No,No,No,No,No,Sí,No,2023,8,JUEVES,19,Noche,Dias laborables
,1,0,0,21820,03079,No aplica,Calle,Fronto-lateral                                     ,,No inventariada,Calle,Municipal,Se desconoce,Seco y limpio,"Luz del día natural, solar",Despejado,,Nivel verde,,No,No,No,No,No,No,Sí,2023,7,MARTES,13,Tarde,Dias laborables
,1,0,0,21821,03079,No aplica,Calle,Atropello a personas                               ,,No inventariada,Calle,Municipal,Se desconoce,Seco y limpio,"Luz del día natural, solar",Despejado,,Nivel verde,,Sin especificar,Sin especificar,Sin especificar,Sin especificar,Sin especificar,Sin especificar,Sin especificar,2023,10,VIERNES,14,Tarde,Dias laborables
,0,1,0,21822,03079,No aplica,Calle,Atropello a personas                               ,,No inventariada,Calle,Municipal,Se desconoce,Seco y limpio,"Amanecer o atardecer, con luz artificial",Despejado,,Nivel verde,,Sin especificar,Sin especificar,Sin especificar,Sin especificar,Sin especificar,Sin especificar,Sin especificar,2023,8,MARTES,20,Noche,Dias laborables
,1,0,0,21823,03079,No aplica,Calle,Colisión contra obstáculo o elemento de la vía     ,,No inventariada,Calle,Municipal,Se desconoce,Seco y limpio,Sin luz natural y con iluminación artificial encen,Despejado,,Nivel verde,,Sin especificar,Sin especificar,Sin especificar,Sin especificar,Sin especificar,Sin especificar,Sin especificar,2023,10,SÁBADO,21,Noche,Fines de semana
465.5,1,0,0,21824,03079,Curva sin señalizar,Carretera,Colisión contra obstáculo o elemento de la vía     ,,A-7,Autovía,Estatal,Descendente,Seco y limpio,"Luz del día natural, solar",Despejado,,Nivel verde,,Sin especificar,Sin especificar,Sin especificar,Sin especificar,Sin especificar,Sin especificar,Sin especificar,2023,11,VIERNES,13,Tarde,Dias laborables
459.902,2,0,0,21825,03079,Curva señalizada,Carretera,Fronto-lateral                                     ,CV-806,A-7,Ramal de enlace,Estatal,Ascendente,Mojado,"Luz del día natural, solar",Despejado,,Nivel blanco,,No,No,No,No,No,Sí,No,2023,12,SÁBADO,8,Mañana,Fines de semana
3.4,2,0,0,21826,03099,Recta,Carretera,Por alcance                                        ,,CV-920,Carretera Convencional de calzada única,Autonómica,Ascendente,Seco y limpio,"Luz del día natural, solar",Despejado,,Nivel blanco,,No,No,No,No,No,No,No,2023,1,SÁBADO,13,Tarde,Fines de semana
0.95,1,0,0,21827,00000,Curva señalizada,Carretera,Salida de la vía por la derecha con despeñamiento  ,,CV-920,Carretera Convencional de calzada única,Autonómica,Ascendente,Seco y limpio,Sin luz natural ni artificial,Despejado,,Nivel blanco,,Sin especificar,Sin especificar,Sin especificar,Sin especificar,Sin especificar,Sin especificar,Sin especificar,2023,4,MIÉRCOLES,5,Madrugada,Dias laborables
0.3,1,0,0,21828,00000,Recta,Carretera,Salida de la vía por la derecha otro tipo          ,,CANAL DE L,Otro,Otra,Ascendente,Mojado,"Luz del día natural, solar",Lluvia débil,,Nivel blanco,,Sin especificar,Sin especificar,Sin especificar,Sin especificar,Sin especificar,Sin especificar,Sin especificar,2023,4,SÁBADO,19,Noche,Fines de semana
10.4,1,0,0,21829,00000,Curva señalizada,Carretera,Salida de la vía por la derecha otro tipo          ,,CV-95,Carretera Convencional de calzada única,Autonómica,Descendente,Mojado,"Luz del día natural, solar",Lluvia débil,,Nivel blanco,,Sin especificar,Sin especificar,Sin especificar,Sin especificar,Sin especificar,Sin especificar,Sin especificar,2023,6,MIÉRCOLES,17,Tarde,Dias laborables
12.312,2,0,0,21830,00000,Curva sin señalizar,Carretera,Por alcance                                        ,,CV-95,Carretera Convencional de calzada única,Autonómica,Ascendente,Seco y limpio,Sin luz natural ni artificial,Despejado,,Nivel blanco,,Sin especificar,Sin especificar,Sin especificar,Sin especificar,Sin especificar,Sin especificar,Sin especificar,2023,12,DOMINGO,18,Noche,Fines de semana
4.0,1,0,0,21831,00000,Curva señalizada,Carretera,Lateral                                            ,,CV-749,Carretera Convencional de calzada única,"Provincial, Cabildo/Consell",Ascendente,Seco y limpio,Sin luz natural ni artificial,Despejado,,Nivel blanco,,Sin especificar,Sin especificar,Sin especificar,Sin especificar,Sin especificar,Sin especificar,Sin especificar,2023,10,MIÉRCOLES,12,Tarde,Dias laborables
9.9,1,0,0,21832,03082,Recta,Carretera,Fronto-lateral                                     ,,CV-740,Carretera Convencional de calzada única,"Provincial, Cabildo/Consell",Ascendente,Seco y limpio,"Luz del día natural, solar",Despejado,,Nivel amarillo,,No,No,No,No,No,No,No,2023,1,LUNES,14,Tarde,Dias laborables
5.0,1,0,0,21833,03082,Recta,Carretera,Por alcance                                        ,,CV-734,Carretera Convencional de calzada única,Autonómica,Ascendente,Seco y limpio,"Luz del día natural, solar",Despejado,,Nivel blanco,,Sin especificar,Sin especificar,Sin especificar,Sin especificar,Sin especificar,Sin especificar,Sin especificar,2023,2,LUNES,18,Noche,Dias laborables
1.1,0,1,0,21834,03082,Curva señalizada,Carretera,Salida de la vía por la izquierda con despeñamiento,,CV-747,Carretera Convencional de calzada única,"Provincial, Cabildo/Consell",Descendente,Seco y limpio,Sin luz natural ni artificial,Despejado,,Nivel blanco,,Sin especificar,Sin especificar,Sin especificar,Sin especificar,Sin especificar,Sin especificar,Sin especificar,2023,5,SÁBADO,1,Madrugada,Fines de semana
,1,0,0,21835,03082,No aplica,Calle,Fronto-lateral                                     ,,No inventariada,Calle,Municipal,Se desconoce,Seco y limpio,"Luz del día natural, solar",Despejado,,Nivel verde,,Sin especificar,Sin especificar,Sin especificar,Sin especificar,Sin especificar,Sin especificar,Sin especificar,2023,6,DOMINGO,12,Tarde,Fines de semana