KM,TOTAL_HL24H,TOTAL_HG24H,TOTAL_MU24H,id,COD_MUNICIPIO,TRAZADO_PLANTA,ZONA,TIPO_ACCIDENTE,CARRETERA_CRUCE,CARRETERA,TIPO_VIA,TITULARIDAD_VIA,SENTIDO_1F,CONDICION_FIRME,CONDICION_ILUMINACION,CONDICION_METEO,CONDICION_NIEBLA,CONDICION_NIVEL_CIRCULA,CONDICION_VIENTO,PRIORI_AGENTE,PRIORI_CIRCUNSTANCIAL,PRIORI_HORIZ_CEDA,PRIORI_HORIZ_STOP,PRIORI_SEMAFORO,PRIORI_VERT_CEDA,PRIORI_VERT_STOP,ANYO,MES,DIA,HORA,FRANJA_HORARIA,TIPO_DIA
6.492,1,0,0,21916,03089,Curva señalizada,Carretera,"Salida de la vía por la izquierda, otro tipo       ",,CV-835,Carretera Convencional de calzada única,Autonómica,Ascendente,Seco y limpio,"Luz del día natural, solar",Despejado,,Nivel blanco,,Sin especificar,Sin especificar,Sin especificar,Sin especificar,Sin especificar,Sin especificar,Sin especificar,2023,1,MARTES,14,Tarde,Dias laborables
,1,0,0,21917,03089,No aplica,Calle,Atropello a personas                               ,,No inventariada,Calle,Municipal,Se desconoce,Seco y limpio,"Luz del día natural, solar",Despejado,,Nivel amarillo,,No,No,No,No,No,Sí,No,2023,2,SÁBADO,11,Mañana,Fines de semana
,1,0,0,21918,03089,No aplica,Calle,Atropello a personas                               ,,No inventariada,Calle,Municipal,Se desconoce,Seco y limpio,"Luz del día natural, solar",Despejado,,Nivel amarillo,,No,No,No,No,No,Sí,No,2023,2,JUEVES,9,Mañana,Dias laborables
0.1,2,0,0,21919,03089,Curva sin señalizar,Carretera,Fronto-lateral                                     ,,SIERRA VIE,Camino vecinal,Municipal,Ambos,Seco y limpio,"Luz del día natural, solar",Despejado,,Nivel blanco,,Sin especificar,Sin especificar,Sin especificar,Sin especificar,Sin especificar,Sin especificar,Sin especificar,2023,4,MARTES,17,Tarde,Dias laborables
,1,0,0,21920,03089,No aplica,Calle,Fronto-lateral                                     ,,No inventariada,Otro,Municipal,Se desconoce,Seco y limpio,"Luz del día natural, solar",Despejado,,Nivel blanco,,No,No,No,No,No,No,No,2023,7,MARTES,18,Noche,Dias laborables
11.1,1,0,0,21921,03089,Recta,Carretera,Salida de la vía por la izquierda con vuelco       ,,CV-83,Carretera Convencional de calzada única,Autonómica,Descendente,Seco y limpio,"Luz del día natural, solar",Despejado,,Sin especificar,,Sin especificar,Sin especificar,Sin especificar,Sin especificar,Sin especificar,Sin especificar,Sin especificar,2023,8,VIERNES,14,Tarde,Dias laborables
14.0,3,0,1,21922,03089,Recta,Carretera,Frontal                                            ,,CV-83,Carretera Convencional de calzada única,Autonómica,Descendente,Seco y limpio,Sin luz natural y con iluminación artificial no en,Despejado,,Nivel blanco,,Sin especificar,Sin especificar,Sin especificar,Sin especificar,Sin especificar,Sin especificar,Sin especificar,2023,8,DOMINGO,3,Madrugada,Fines de semana
5.9,0,1,0,21923,03089,Curva señalizada,Carretera,Salida de la vía por la derecha otro tipo          ,,CV-835,Carretera Convencional de calzada única,Autonómica,Ascendente,Mojado,Sin luz natural y con iluminación artificial no en,Nublado,,Nivel blanco,,Sin especificar,Sin especificar,Sin especificar,Sin especificar,Sin especificar,Sin especificar,Sin especificar,2023,10,DOMINGO,11,Mañana,Fines de semana
12.755,1,0,0,21924,03089,Recta,Carretera,Lateral                                            ,CV-83,CV-83,Carretera Convencional de calzada única,Autonómica,Descendente,Seco y limpio,"Luz del día natural, solar",Despejado,,Nivel blanco,,No,No,No,No,No,Sí,No,2023,11,JUEVES,17,Tarde,Dias laborables
,1,0,0,21925,03089,No aplica,Calle,Atropello a personas                               ,,No inventariada,Calle,Municipal,Se desconoce,Seco y limpio,"Luz del día natural, solar",Despejado,,Nivel verde,,Sin especificar,Sin especificar,Sin especificar,Sin especificar,Sin especificar,Sin especificar,Sin especificar,2023,8,VIERNES,17,Tarde,Dias laborables
8.1,1,0,0,21926,03089,Curva señalizada,Carretera,Salida de la vía por la derecha con colisión       ,,CV-835,Carretera Convencional de calzada única,Autonómica,Ascendente,Seco y limpio,"Luz del día natural, solar",Despejado,,Nivel blanco,,Sin especificar,Sin especificar,Sin especificar,Sin especificar,Sin especificar,Sin especificar,Sin especificar,2023,12,DOMINGO,12,Tarde,Fines de semana
1.297,1,0,0,21927,03090,Curva sin señalizar,Carretera,Por alcance                                        ,,CV-800,Carretera Convencional de calzada única,Autonómica,Ascendente,Mojado,"Luz del día natural, solar",Lluvia débil,,Nivel blanco,,Sin especificar,Sin especificar,Sin especificar,Sin especificar,Sin especificar,Sin especificar,Sin especificar,2023,2,LUNES,13,Tarde,Dias laborables
6.5,2,0,0,21928,03090,Recta,Carretera,Por alcance                                        ,,A-70,Autovía,Estatal,Ascendente,Seco y limpio,"Luz del día natural, solar",Despejado,,Nivel verde,,Sin especificar,Sin especificar,Sin especificar,Sin especificar,Sin especificar,Sin especificar,Sin especificar,2023,2,VIERNES,18,Noche,Dias laborables
35.0,1,0,0,21929,03090,Recta,Carretera,Lateral                                            ,,PARTIDA EL,Carretera Convencional de calzada única,Municipal,Descendente,Seco y limpio,"Luz del día natural, solar",Despejado,,Nivel blanco,,Sin especificar,Sin especificar,Sin especificar,Sin especificar,Sin especificar,Sin especificar,Sin especificar,2023,2,MARTES,16,Tarde,Dias laborables
4.4,1,0,0,21930,03090,Curva señalizada,Carretera,Fronto-lateral                                     ,,CV-821,Carretera Convencional de doble calzada,Autonómica,Ascendente,Seco y limpio,"Luz del día natural, solar",Despejado,,Nivel blanco,,No,No,No,Sí,No,No,Sí,2023,3,VIERNES,13,Tarde,Dias laborables
1.935,1,0,0,21931,03014,Curva señalizada,Carretera,Caída                                              ,,CV-821,Carretera Convencional de doble calzada,Autonómica,Ambos,Con aceite,"Luz del día natural, solar",Despejado,,Nivel blanco,,No,No,No,No,No,No,No,2023,3,MARTES,13,Tarde,Dias laborables
,0,1,0,21932,03090,No aplica,Calle,Fronto-lateral                                     ,,No inventariada,Calle,Municipal,Se desconoce,Seco y limpio,"Luz del día natural, solar",Despejado,,Se desconoce,,Sin especificar,Sin especificar,Sin especificar,Sin especificar,Sin especificar,Sin especificar,Sin especificar,2023,1,MIÉRCOLES,14,Tarde,Dias laborables
,0,1,0,21933,03090,No aplica,Calle,Atropello a personas                               ,,No inventariada,Calle,Municipal,Se desconoce,Seco y limpio,"Luz del día natural, solar",Despejado,,Se desconoce,,Sin especificar,Sin especificar,Sin especificar,Sin especificar,Sin especificar,Sin especificar,Sin especificar,2023,2,MARTES,10,Mañana,Dias laborables
,1,0,0,21934,03090,No aplica,Calle,Fronto-lateral                                     ,,No inventariada,Calle,Municipal,Se desconoce,Seco y limpio,"Luz del día natural, solar",Despejado,,Se desconoce,,Sin especificar,Sin especificar,Sin especificar,Sin especificar,Sin especificar,Sin especificar,Sin especificar,2023,2,MIÉRCOLES,9,Mañana,Dias laborables
1.247,1,0,0,21935,03090,Recta,Carretera,Fronto-lateral                                     ,,CV-773,Carretera Convencional de calzada única,Autonómica,Descendente,Seco y limpio,"Amanecer o atardecer, sin luz artificial",Despejado,,Nivel blanco,,No,No,No,No,No,No,No,2023,3,MARTES,7,Mañana,Dias laborables
3.663,1,0,0,21936,03090,Curva señalizada,Carretera,Fronto-lateral                                     ,CV-821,CV-821,Carretera Convencional de doble calzada,Autonómica,Descendente,Seco y limpio,"Luz del día natural, solar",Despejado,,Se desconoce,,No,No,Sí,No,No,Sí,No,2023,3,MARTES,10,Mañana,Dias laborables
3.5,1,0,0,21937,03090,Curva señalizada,Carretera,Salida de la vía por la izquierda con colisión     ,,CV-800,Carretera Convencional de calzada única,Autonómica,Descendente,Seco y limpio,Sin luz natural y con iluminación artificial no en,Despejado,,Nivel blanco,,No,No,Sí,No,No,Sí,No,2023,4,LUNES,21,Noche,Dias laborables
,0,0,1,21938,03090,No aplica,Calle,Fronto-lateral                                     ,,No inventariada,Calle,Municipal,Se desconoce,Seco y limpio,"Luz del día natural, solar",Despejado,,Se desconoce,,Sin especificar,Sin especificar,Sin especificar,Sin especificar,Sin especificar,Sin especificar,Sin especificar,2023,3,SÁBADO,10,Mañana,Fines de semana
3.6,2,0,0,21939,03090,Recta,Carretera,Por alcance                                        ,,CV-821,Carretera Convencional de doble calzada,Autonómica,Ascendente,Seco y limpio,"Luz del día natural, solar",Despejado,,Nivel blanco,,No,No,No,No,No,Sí,No,2023,4,VIERNES,13,Tarde,Dias laborables
,1,0,0,21940,03090,No aplica,Calle,Fronto-lateral                                     ,,No inventariada,Calle,Municipal,Se desconoce,Seco y limpio,"Luz del día natural, solar",Despejado,,Se desconoce,,Sin especificar,Sin especificar,Sin especificar,Sin especificar,Sin especificar,Sin especificar,Sin especificar,2023,4,VIERNES,14,Tarde,Dias laborables
,1,0,0,21941,03090,No aplica,Calle,Por alcance                                        ,,No inventariada,Calle,Municipal,Se desconoce,Seco y limpio,"Luz del día natural, solar",Despejado,,Se desconoce,,Sin especificar,Sin especificar,Sin especificar,Sin especificar,Sin especificar,Sin especificar,Sin especificar,2023,4,MARTES,18,Noche,Dias laborables
1.57,1,0,0,21942,03090,Curva sin señalizar,Carretera,Por alcance                                        ,,CV-819,Carretera Convencional de calzada única,"Provincial, Cabildo/Consell",Ascendente,Seco y limpio,"Luz del día natural, solar",Despejado,,Nivel blanco,,No,No,No,No,No,No,No,2023,5,SÁBADO,9,Mañana,Fines de semana
0.5,1,0,0,21943,03090,Curva señalizada,Carretera,Fronto-lateral                                     ,CV-773,CV-773,Carretera Convencional de calzada única,Autonómica,Ambos,Seco y limpio,"Luz del día natural, solar",Despejado,,Nivel blanco,,No,No,No,No,No,Sí,No,2023,6,VIERNES,10,Mañana,Dias laborables
,1,0,0,21944,03090,No aplica,Calle,Fronto-lateral                                     ,,No inventariada,Calle,Municipal,Se desconoce,Seco y limpio,"Luz del día natural, solar",Despejado,,Se desconoce,,Sin especificar,Sin especificar,Sin especificar,Sin especificar,Sin especificar,Sin especificar,Sin especificar,2023,5,MARTES,15,Tarde,Dias laborables
1.5,1,0,0,21945,03090,Curva sin señalizar,Carretera,Frontal                                            ,,PARTIDA BO,Camino vecinal,Municipal,Ambos,Seco y limpio,"Luz del día natural, solar",Despejado,,Nivel blanco,,No,No,No,No,No,No,No,2023,6,LUNES,9,Mañana,Dias laborables
1.3,1,0,0,21946,03090,Recta,Carretera,Por alcance                                        ,,CV-800,Carretera Convencional de calzada única,Autonómica,Descendente,Seco y limpio,"Luz del día natural, solar",Despejado,,Nivel blanco,,No,No,No,No,No,No,No,2023,6,LUNES,19,Noche,Dias laborables
4.5,1,0,0,21947,03119,Recta,Carretera,Por alcance                                        ,,A-70,Autovía,Estatal,Ascendente,Seco y limpio,"Luz del día natural, solar",Despejado,,Nivel verde,,Sin especificar,Sin especificar,Sin especificar,Sin especificar,Sin especificar,Sin especificar,Sin especificar,2023,7,JUEVES,19,Noche,Dias laborables
1.0,2,0,0,21948,03090,Recta,Carretera,Salida de la vía por la derecha otro tipo          ,,CV-800,Carretera Convencional de calzada única,Autonómica,Ascendente,Seco y limpio,"Luz del día natural, solar",Despejado,,Nivel blanco,,Sin especificar,Sin especificar,Sin especificar,Sin especificar,Sin especificar,Sin especificar,Sin especificar,2023,8,MIÉRCOLES,18,Noche,Dias laborables
3.6,1,0,0,21949,03090,Curva señalizada,Carretera,Fronto-lateral                                     ,,CV-821,Carretera Convencional de calzada única,Autonómica,Descendente,Seco y limpio,Sin luz natural y con iluminación artificial encen,Despejado,,Nivel blanco,,No,No,No,No,No,Sí,No,2023,8,SÁBADO,2,Madrugada,Fines de semana
,0,1,0,21950,03090,No aplica,Calle,Caída                                              ,,No inventariada,Calle,Municipal,Se desconoce,Seco y limpio,"Luz del día natural, solar",Despejado,,Se desconoce,,Sin especificar,Sin especificar,Sin especificar,Sin especificar,Sin especificar,Sin especificar,Sin especificar,2023,8,JUEVES,14,Tarde,Dias laborables
8.491,1,0,0,21951,03014,Curva señalizada,Carretera,Salida de la vía por la izquierda con colisión     ,,CV-800,Carretera Convencional de calzada única,Autonómica,Descendente,Seco y limpio,"Luz del día natural, solar",Despejado,,Nivel verde,,Sin especificar,Sin especificar,Sin especificar,Sin especificar,Sin especificar,Sin especificar,Sin especificar,2023,8,DOMINGO,15,Tarde,Fines de semana
2.848,0,1,0,21952,03014,Recta,Carretera,Salida de la vía por la derecha con colisión       ,,CV-821,Carretera Convencional de doble calzada,Autonómica,Ascendente,Seco y limpio,"Luz del día natural, solar",Despejado,,Nivel blanco,,Sin especificar,Sin especificar,Sin especificar,Sin especificar,Sin especificar,Sin especificar,Sin especificar,2023,8,MARTES,8,Mañana,Dias laborables
5.224,1,0,0,21953,03090,Recta,Carretera,Salida de la vía por la derecha con despeñamiento  ,,CV-800,Carretera Convencional de calzada única,Autonómica,Ascendente,Seco y limpio,"Luz del día natural, solar",Despejado,,Nivel verde,,Sin especificar,Sin especificar,Sin especificar,Sin especificar,Sin especificar,Sin especificar,Sin especificar,2023,9,MIÉRCOLES,14,Tarde,Dias laborables
,1,0,0,21954,03090,No aplica,Calle,Lateral                                            ,,No inventariada,Calle,Municipal,Se desconoce,Seco y limpio,"Luz del día natural, solar",Despejado,,Se desconoce,,Sin especificar,Sin especificar,Sin especificar,Sin especificar,Sin especificar,Sin especificar,Sin especificar,2023,9,VIERNES,15,Tarde,Dias laborables
,1,0,0,21955,03090,No aplica,Calle,Otro tipo de accidente                             ,,No inventariada,Calle,Municipal,Se desconoce,Seco y limpio,Sin luz natural y con iluminación artificial encen,Despejado,,Se desconoce,,Sin especificar,Sin especificar,Sin especificar,Sin especificar,Sin especificar,Sin especificar,Sin especificar,2023,6,DOMINGO,22,Noche,Fines de semana
,1,0,0,21956,03090,No aplica,Calle,Fronto-lateral                                     ,,No inventariada,Calle,Municipal,Se desconoce,Seco y limpio,"Luz del día natural, solar",Despejado,,Se desconoce,,Sin especificar,Sin especificar,Sin especificar,Sin especificar,Sin especificar,Sin especificar,Sin especificar,2023,8,JUEVES,9,Mañana,Dias laborables
,1,0,0,21957,03090,No aplica,Calle,Caída                                              ,,No inventariada,Calle,Municipal,Se desconoce,Seco y limpio,"Luz del día natural, solar",Despejado,,Se desconoce,,Sin especificar,Sin especificar,Sin especificar,Sin especificar,Sin especificar,Sin especificar,Sin especificar,2023,8,LUNES,15,Tarde,Dias laborables
0.5,1,0,0,21958,03090,Recta,Carretera,Por alcance                                        ,,CV-800,Carretera Convencional de calzada única,Autonómica,Ascendente,Seco y limpio,"Luz del día natural, solar",Despejado,,Nivel blanco,,Sin especificar,Sin especificar,Sin especificar,Sin especificar,Sin especificar,Sin especificar,Sin especificar,2023,9,MIÉRCOLES,12,Tarde,Dias laborables
,1,0,0,21959,03090,No aplica,Calle,Fronto-lateral                                     ,,No inventariada,Calle,Municipal,Se desconoce,Seco y limpio,Sin luz natural y con iluminación artificial encen,Despejado,,Se desconoce,,Sin especificar,Sin especificar,Sin especificar,Sin especificar,Sin especificar,Sin especificar,Sin especificar,2023,10,MIÉRCOLES,22,Noche,Dias laborables
,1,0,0,21960,03090,No aplica,Calle,Colisión contra obstáculo o elemento de la vía     ,,No inventariada,Calle,Municipal,Se desconoce,Seco y limpio,Sin luz natural y con iluminación artificial encen,Despejado,,Se desconoce,,Sin especificar,Sin especificar,Sin especificar,Sin especificar,Sin especificar,Sin especificar,Sin especificar,2023,10,DOMINGO,4,Madrugada,Fines de semana
,1,0,0,21961,03090,No aplica,Calle,Por alcance                                        ,,No inventariada,Calle,Municipal,Se desconoce,Seco y limpio,"Luz del día natural, solar",Despejado,,Se desconoce,,Sin especificar,Sin especificar,Sin especificar,Sin especificar,Sin especificar,Sin especificar,Sin especificar,2023,10,MARTES,14,Tarde,Dias laborables
2.09,1,0,0,21962,03014,Recta,Carretera,Por alcance                                        ,,CV-821,Carretera Convencional de calzada única,Autonómica,Descendente,Seco y limpio,"Amanecer o atardecer, sin luz artificial",Despejado,,Nivel blanco,,Sin especificar,Sin especificar,Sin especificar,Sin especificar,Sin especificar,Sin especificar,Sin especificar,2023,11,MIÉRCOLES,17,Tarde,Dias laborables
5.5,2,0,0,21963,03090,Recta,Carretera,Por alcance                                        ,,A-70,Autovía,Estatal,Ascendente,Seco y limpio,"Luz del día natural, solar",Despejado,,Se desconoce,,Sin especificar,Sin especificar,Sin especificar,Sin especificar,Sin especificar,Sin especificar,Sin especificar,2023,12,JUEVES,15,Tarde,Dias laborables
1.0,4,0,0,21964,03092,Recta,Carretera,Salida de la vía por la izquierda con colisión     ,,CAMINOS DE,Camino vecinal,Municipal,Ascendente,Seco y limpio,"Amanecer o atardecer, sin luz artificial",Despejado,,Nivel blanco,,Sin especificar,Sin especificar,Sin especificar,Sin especificar,Sin especificar,Sin especificar,Sin especificar,2023,1,DOMINGO,17,Tarde,Fines de semana
805.3,1,0,0,21965,03092,Recta,Carretera,Caída                                              ,,N-340,Vía de servicio,Estatal,Descendente,Seco y limpio,"Luz del día natural, solar",Despejado,,Nivel blanco,,Sin especificar,Sin especificar,Sin especificar,Sin especificar,Sin especificar,Sin especificar,Sin especificar,2023,4,LUNES,13,Tarde,Dias laborables
,3,0,0,21966,03092,No aplica,Calle,Colisión contra obstáculo o elemento de la vía     ,,No inventariada,Calle,Municipal,Se desconoce,Seco y limpio,"Luz del día natural, solar",Nublado,,Se desconoce,,No,No,Sí,No,No,No,No,2023,1,SÁBADO,12,Tarde,Fines de semana
17.05,2,0,0,21967,03092,Se desconoce,Carretera,Múltiple o en caravana                             ,,CV-700,Carretera Convencional de calzada única,Autonómica,Descendente,Seco y limpio,"Amanecer o atardecer, con luz artificial",Despejado,,Se desconoce,,No,No,No,No,No,No,No,2023,2,DOMINGO,19,Noche,Fines de semana
429.6,1,0,0,21968,03092,Curva señalizada,Carretera,Salida de la vía por la derecha con colisión       ,,A-7,Autovía,Estatal,Descendente,Seco y limpio,"Luz del día natural, solar",Despejado,,Nivel blanco,,Sin especificar,Sin especificar,Sin especificar,Sin especificar,Sin especificar,Sin especificar,Sin especificar,2023,7,SÁBADO,14,Tarde,Fines de semana
,2,0,0,21969,03092,No aplica,Calle,Lateral                                            ,,No inventariada,Calle,Municipal,Se desconoce,Seco y limpio,"Luz del día natural, solar",Despejado,,Se desconoce,,No,No,No,No,No,No,No,2023,6,MARTES,13,Tarde,Dias laborables
,0,1,0,21970,03092,No aplica,Calle,Lateral                                            ,,No inventariada,Calle,Municipal,Se desconoce,Seco y limpio,"Luz del día natural, solar",Despejado,,Sin especificar,,Sin especificar,Sin especificar,Sin especificar,Sin especificar,Sin especificar,Sin especificar,Sin especificar,2023,6,MIÉRCOLES,15,Tarde,Dias laborables
,1,0,0,21971,03092,No aplica,Calle,Otro tipo de accidente                             ,CV-701,No inventariada,Calle,Municipal,Se desconoce,Con aceite,"Amanecer o atardecer, sin luz artificial",Despejado,,Se desconoce,,No,No,No,No,No,No,No,2023,10,SÁBADO,9,Mañana,Fines de semana
,2,0,0,21972,03092,No aplica,Calle,Fronto-lateral                                     ,,No inventariada,Calle,Municipal,Se desconoce,Seco y limpio,"Luz del día natural, solar",Despejado,,Se desconoce,,No,No,No,No,No,No,No,2023,10,MARTES,14,Tarde,Dias laborables
,1,0,0,21973,03092,No aplica,Calle,Otro tipo de accidente                             ,,No inventariada,Calle,Municipal,Se desconoce,Seco y limpio,"Luz del día natural, solar",Despejado,,Se desconoce,,Sin especificar,Sin especificar,Sin especificar,Sin especificar,Sin especificar,Sin especificar,Sin especificar,2023,10,MARTES,10,Mañana,Dias laborables
,1,0,0,21974,03093,No aplica,Calle,Por alcance                                        ,,No inventariada,Calle,Municipal,Se desconoce,Seco y limpio,"Luz del día natural, solar",Despejado,,Nivel blanco,,No,No,No,Sí,No,No,Sí,2023,1,VIERNES,11,Mañana,Dias laborables
,1,0,0,21975,03093,No aplica,Calle,Fronto-lateral                                     ,,No inventariada,Calle,Municipal,Se desconoce,Seco y limpio,Sin luz natural y con iluminación artificial encen,Despejado,,Nivel blanco,,No,No,No,Sí,Sí,No,Sí,2023,1,MIÉRCOLES,2,Madrugada,Dias laborables
3.843,1,0,0,21976,03093,Recta,Carretera,Fronto-lateral                                     ,,CV-840,Carretera Convencional de calzada única,Autonómica,Descendente,Seco y limpio,"Luz del día natural, solar",Despejado,,Nivel blanco,,No,No,No,No,No,No,Sí,2023,1,VIERNES,11,Mañana,Dias laborables
,1,0,0,21977,03093,No aplica,Calle,Fronto-lateral                                     ,,No inventariada,Calle,Municipal,Se desconoce,Seco y limpio,"Luz del día natural, solar",Despejado,,Nivel blanco,,No,No,No,Sí,No,No,Sí,2023,1,DOMINGO,11,Mañana,Fines de semana
208.9,2,0,0,21978,03093,Recta,Carretera,Otro tipo de accidente                             ,,A-31,Autovía,Estatal,Descendente,Seco y limpio,"Luz del día natural, solar",Despejado,,Nivel blanco,,Sin especificar,Sin especificar,Sin especificar,Sin especificar,Sin especificar,Sin especificar,Sin especificar,2023,1,LUNES,16,Tarde,Dias laborables
2.017,2,0,0,21979,03093,Recta,Carretera,Salida de la vía por la derecha con vuelco         ,,CV-835,Carretera Convencional de calzada única,Autonómica,Ascendente,Seco y limpio,"Luz del día natural, solar",Despejado,,Nivel blanco,,Sin especificar,Sin especificar,Sin especificar,Sin especificar,Sin especificar,Sin especificar,Sin especificar,2023,1,SÁBADO,13,Tarde,Fines de semana
,1,0,0,21980,03093,No aplica,Calle,Atropello a personas                               ,,No inventariada,Calle,Municipal,Se desconoce,Seco y limpio,"Luz del día natural, solar",Despejado,,Nivel blanco,,No,No,No,No,No,No,No,2023,1,MARTES,12,Tarde,Dias laborables
,1,0,0,21981,03093,No aplica,Calle,Fronto-lateral                                     ,,No inventariada,Otro,Municipal,Se desconoce,Seco y limpio,"Luz del día natural, solar",Despejado,,Nivel blanco,,No,No,No,No,No,Sí,No,2023,2,DOMINGO,17,Tarde,Fines de semana
5.8,1,0,0,21982,03093,Recta,Carretera,Salida de la vía por la derecha otro tipo          ,,CV-840,Carretera Convencional de calzada única,Autonómica,Ascendente,Seco y limpio,"Luz del día natural, solar",Despejado,,Nivel blanco,,Sin especificar,Sin especificar,Sin especificar,Sin especificar,Sin especificar,Sin especificar,Sin especificar,2023,3,SÁBADO,13,Tarde,Fines de semana
211.3,1,0,0,21983,03093,Curva sin señalizar,Carretera,Salida de la vía por la derecha con vuelco         ,,A-31,Autovía,Estatal,Descendente,Seco y limpio,Sin luz natural ni artificial,Despejado,,Nivel blanco,,Sin especificar,Sin especificar,Sin especificar,Sin especificar,Sin especificar,Sin especificar,Sin especificar,2023,3,SÁBADO,5,Madrugada,Fines de semana
,1,0,0,21984,03093,No aplica,Calle,Fronto-lateral                                     ,,No inventariada,Calle,Municipal,Se desconoce,Seco y limpio,Sin luz natural y con iluminación artificial encen,Despejado,,Nivel blanco,,No,No,No,No,No,No,Sí,2023,2,JUEVES,20,Noche,Dias laborables
,1,0,0,21985,03093,No aplica,Calle,Atropello a personas                               ,,No inventariada,Calle,Municipal,Se desconoce,Seco y limpio,"Luz del día natural, solar",Despejado,,Nivel verde,,No,No,No,No,No,No,No,2023,2,VIERNES,12,Tarde,Dias laborables
20.3,0,1,0,21986,03066,Curva sin señalizar,Carretera,Fronto-lateral                                     ,A-31,CV-8352,Vía para automóviles,Municipal,Ambos,Seco y limpio,"Amanecer o atardecer, sin luz artificial",Despejado,,Nivel verde,,No,No,Sí,Sí,No,Sí,Sí,2023,3,LUNES,19,Noche,Dias laborables
,4,0,0,21987,03093,No aplica,Calle,Fronto-lateral                                     ,,No inventariada,Calle,Municipal,Se desconoce,Seco y limpio,"Luz del día natural, solar",Despejado,,Nivel blanco,,No,No,Sí,No,No,Sí,No,2023,3,JUEVES,14,Tarde,Dias laborables
212.0,3,0,0,21988,03093,Recta,Carretera,Múltiple o en caravana                             ,,A-31,Autovía,Estatal,Descendente,Seco y limpio,"Luz del día natural, solar",Despejado,,Nivel amarillo,,Sin especificar,Sin especificar,Sin especificar,Sin especificar,Sin especificar,Sin especificar,Sin especificar,2023,4,DOMINGO,11,Mañana,Fines de semana
,1,0,0,21989,03093,No aplica,Calle,Fronto-lateral                                     ,,No inventariada,Calle,Municipal,Se desconoce,Seco y limpio,Sin luz natural y con iluminación artificial encen,Despejado,,Nivel blanco,,No,No,No,No,No,No,Sí,2023,4,JUEVES,20,Noche,Dias laborables
,1,0,0,21990,03093,No aplica,Calle,Lateral                                            ,,No inventariada,Calle,Municipal,Se desconoce,Seco y limpio,Sin luz natural y con iluminación artificial encen,Despejado,,Nivel blanco,,No,No,Sí,No,No,Sí,No,2023,4,LUNES,21,Noche,Dias laborables
,1,0,0,21991,03093,No aplica,Calle,Fronto-lateral                                     ,,No inventariada,Calle,Municipal,Se desconoce,Seco y limpio,Sin luz natural y con iluminación artificial encen,Despejado,,Nivel blanco,,No,No,No,No,No,No,Sí,2023,4,MARTES,23,Noche,Dias laborables
209.3,1,0,0,21992,03093,Recta,Carretera,Por alcance                                        ,,A-31,Autovía,Estatal,Ascendente,Seco y limpio,"Luz del día natural, solar",Despejado,,Nivel amarillo,,Sin especificar,Sin especificar,Sin especificar,Sin especificar,Sin especificar,Sin especificar,Sin especificar,2023,4,DOMINGO,14,Tarde,Fines de semana
,1,0,0,21993,03093,No aplica,Calle,Atropello a personas                               ,,No inventariada,Calle,Municipal,Se desconoce,Seco y limpio,"Amanecer o atardecer, sin luz artificial",Despejado,,Nivel blanco,,No,No,No,No,No,No,No,2023,5,MIÉRCOLES,7,Mañana,Dias laborables
211.75,4,0,0,21994,03093,Recta,Carretera,Por alcance                                        ,,A-31,Autovía,Estatal,Ascendente,Mojado,"Luz del día natural, solar",Lluvia débil,,Nivel blanco,,Sin especificar,Sin especificar,Sin especificar,Sin especificar,Sin especificar,Sin especificar,Sin especificar,2023,5,MARTES,7,Mañana,Dias laborables
,1,1,0,21995,03093,No aplica,Calle,Frontal                                            ,,No inventariada,Vía de servicio,Municipal,Se desconoce,Otra,"Luz del día natural, solar",Despejado,,Nivel blanco,,Sin especificar,Sin especificar,Sin especificar,Sin especificar,Sin especificar,Sin especificar,Sin especificar,2023,5,MIÉRCOLES,20,Noche,Dias laborables
211.2,1,0,0,21996,03093,Recta,Carretera,Salida de la vía por la derecha con vuelco         ,,A-31,Autovía,Estatal,Descendente,Mojado,"Luz del día natural, solar",Lluvia fuerte,,Nivel amarillo,,Sin especificar,Sin especificar,Sin especificar,Sin especificar,Sin especificar,Sin especificar,Sin especificar,2023,5,DOMINGO,14,Tarde,Fines de semana
18.489,2,0,0,21997,03093,Curva señalizada,Carretera,Por alcance                                        ,,CV-820,Carretera Convencional de calzada única,Autonómica,Ascendente,Seco y limpio,Sin luz natural ni artificial,Despejado,,Nivel blanco,,Sin especificar,Sin especificar,Sin especificar,Sin especificar,Sin especificar,Sin especificar,Sin especificar,2023,5,MIÉRCOLES,21,Noche,Dias laborables
214.7,1,0,0,21998,03093,Curva señalizada,Carretera,Salida de la vía por la derecha con colisión       ,,A-31,Autovía,Estatal,Descendente,Seco y limpio,"Luz del día natural, solar",Despejado,,Se desconoce,,Sin especificar,Sin especificar,Sin especificar,Sin especificar,Sin especificar,Sin especificar,Sin especificar,2023,6,JUEVES,10,Mañana,Dias laborables
5.428,2,0,0,21999,03093,Recta,Carretera,Por alcance                                        ,,CV-835,Carretera Convencional de calzada única,Autonómica,Descendente,Seco y limpio,"Luz del día natural, solar",Despejado,,Nivel verde,,No,No,No,No,No,No,No,2023,6,VIERNES,20,Noche,Dias laborables