KM,TOTAL_HL24H,TOTAL_HG24H,TOTAL_MU24H,id,COD_MUNICIPIO,TRAZADO_PLANTA,ZONA,TIPO_ACCIDENTE,CARRETERA_CRUCE,CARRETERA,TIPO_VIA,TITULARIDAD_VIA,SENTIDO_1F,CONDICION_FIRME,CONDICION_ILUMINACION,CONDICION_METEO,CONDICION_NIEBLA,CONDICION_NIVEL_CIRCULA,CONDICION_VIENTO,PRIORI_AGENTE,PRIORI_CIRCUNSTANCIAL,PRIORI_HORIZ_CEDA,PRIORI_HORIZ_STOP,PRIORI_SEMAFORO,PRIORI_VERT_CEDA,PRIORI_VERT_STOP,ANYO,MES,DIA,HORA,FRANJA_HORARIA,TIPO_DIA
215.4,1,0,0,22000,03093,Recta,Carretera,Salida de la vía por la izquierda con colisión     ,,A-31,Autovía,Estatal,Descendente,Seco y limpio,"Amanecer o atardecer, con luz artificial",Despejado,,Nivel blanco,,Sin especificar,Sin especificar,Sin especificar,Sin especificar,Sin especificar,Sin especificar,Sin especificar,2023,6,SÁBADO,7,Mañana,Fines de semana
,1,0,0,22001,03093,No aplica,Calle,Caída                                              ,,No inventariada,Calle,Municipal,Se desconoce,Con aceite,"Luz del día natural, solar",Despejado,,Nivel blanco,,Sin especificar,Sin especificar,Sin especificar,Sin especificar,Sin especificar,Sin especificar,Sin especificar,2023,5,MARTES,13,Tarde,Dias laborables
,1,0,0,22002,03093,No aplica,Calle,Fronto-lateral                                     ,,No inventariada,Calle,Municipal,Se desconoce,Mojado,"Luz del día natural, solar",Lluvia débil,,Nivel verde,,No,No,No,Sí,No,No,Sí,2023,6,MIÉRCOLES,18,Noche,Dias laborables
4.5,1,0,0,22003,03093,Recta,Carretera,Fronto-lateral                                     ,,CV-835,Carretera Convencional de calzada única,Autonómica,Ascendente,Seco y limpio,"Luz del día natural, solar",Despejado,,Nivel blanco,,No,No,No,No,No,No,No,2023,7,VIERNES,19,Noche,Dias laborables
,2,0,0,22004,03093,No aplica,Calle,Fronto-lateral                                     ,,No inventariada,Calle,Municipal,Se desconoce,Seco y limpio,"Luz del día natural, solar",Nublado,,Nivel blanco,,No,No,Sí,No,No,No,No,2023,7,DOMINGO,14,Tarde,Fines de semana
,1,0,0,22005,03093,No aplica,Calle,Fronto-lateral                                     ,,No inventariada,Calle,Municipal,Se desconoce,Seco y limpio,Sin luz natural y con iluminación artificial encen,Despejado,,Nivel blanco,,No,No,No,Sí,No,No,Sí,2023,7,MIÉRCOLES,23,Noche,Dias laborables
,3,0,0,22006,03093,No aplica,Calle,Salida de la vía por la derecha con colisión       ,,No inventariada,Calle,Municipal,Se desconoce,Muy encharcado o inundado,"Luz del día natural, solar",Lluvia débil,,Nivel blanco,,Sin especificar,Sin especificar,Sin especificar,Sin especificar,Sin especificar,Sin especificar,Sin especificar,2023,8,SÁBADO,18,Noche,Fines de semana
4.6,1,0,0,22007,03093,Curva señalizada,Carretera,Salida de la vía por la derecha con colisión       ,,N-325,Carretera Convencional de calzada única,Estatal,Ascendente,Mojado,"Luz del día natural, solar",Lluvia débil,,Nivel blanco,,No,No,No,No,No,No,No,2023,9,SÁBADO,11,Mañana,Fines de semana
4.207,1,0,0,22008,03093,Curva señalizada,Carretera,Salida de la vía por la derecha otro tipo          ,,CV-835,Carretera Convencional de calzada única,Autonómica,Descendente,Seco y limpio,"Luz del día natural, solar",Despejado,,Nivel blanco,,Sin especificar,Sin especificar,Sin especificar,Sin especificar,Sin especificar,Sin especificar,Sin especificar,2023,9,DOMINGO,10,Mañana,Fines de semana
,1,0,0,22009,03093,No aplica,Calle,Por alcance                                        ,,No inventariada,Calle,Municipal,Se desconoce,Seco y limpio,Sin luz natural y con iluminación artificial encen,Despejado,,Nivel blanco,,No,No,No,No,No,Sí,No,2023,9,VIERNES,21,Noche,Dias laborables
,0,1,0,22010,03093,No aplica,Calle,Por alcance                                        ,,No inventariada,Calle,Municipal,Se desconoce,Seco y limpio,"Luz del día natural, solar",Despejado,,Nivel blanco,,No,No,No,No,No,Sí,No,2023,9,MIÉRCOLES,18,Noche,Dias laborables
,1,0,0,22011,03093,No aplica,Calle,Fronto-lateral                                     ,,No inventariada,Calle,Municipal,Se desconoce,Seco y limpio,"Luz del día natural, solar",Despejado,,Nivel blanco,,No,No,No,Sí,No,No,Sí,2023,10,MARTES,16,Tarde,Dias laborables
,2,0,0,22012,03093,No aplica,Calle,Fronto-lateral                                     ,,No inventariada,Calle,Municipal,Se desconoce,Seco y limpio,"Luz del día natural, solar",Despejado,,Nivel blanco,,Sin especificar,Sin especificar,Sin especificar,Sin especificar,Sin especificar,Sin especificar,Sin especificar,2023,10,MARTES,12,Tarde,Dias laborables
,1,0,0,22013,03093,No aplica,Calle,Fronto-lateral                                     ,,No inventariada,Calle,Municipal,Se desconoce,Seco y limpio,Sin luz natural y con iluminación artificial encen,Despejado,,Nivel blanco,,No,No,No,No,No,No,Sí,2023,10,SÁBADO,23,Noche,Fines de semana
0.8,1,0,0,22014,03093,Curva sin señalizar,Travesía,Frontal                                            ,,PTDA. DE S,Calle,Municipal,Ambos,Seco y limpio,"Luz del día natural, solar",Despejado,,Nivel blanco,,Sin especificar,Sin especificar,Sin especificar,Sin especificar,Sin especificar,Sin especificar,Sin especificar,2023,10,LUNES,10,Mañana,Dias laborables
0.5,1,0,0,22015,03093,Recta,Carretera,"Salida de la vía por la izquierda, otro tipo       ",,N-325,Carretera Convencional de calzada única,Otra,Ascendente,Seco y limpio,"Luz del día natural, solar",Despejado,,Se desconoce,,Sin especificar,Sin especificar,Sin especificar,Sin especificar,Sin especificar,Sin especificar,Sin especificar,2023,10,MIÉRCOLES,10,Mañana,Dias laborables
215.0,0,0,1,22016,03093,Recta,Carretera,Atropello a personas                               ,,A-31,Autovía,Estatal,Descendente,Seco y limpio,Sin luz natural ni artificial,Despejado,,Nivel blanco,,Sin especificar,Sin especificar,Sin especificar,Sin especificar,Sin especificar,Sin especificar,Sin especificar,2023,11,MIÉRCOLES,23,Noche,Dias laborables
212.5,2,0,0,22017,03093,Recta,Carretera,Salida de la vía por la derecha con vuelco         ,,A-31,Autovía,Estatal,Descendente,Seco y limpio,Sin luz natural y con iluminación artificial no en,Despejado,,Nivel verde,,Sin especificar,Sin especificar,Sin especificar,Sin especificar,Sin especificar,Sin especificar,Sin especificar,2023,11,SÁBADO,20,Noche,Fines de semana
,1,0,0,22018,03093,No aplica,Calle,Por alcance                                        ,,No inventariada,Calle,Municipal,Se desconoce,Seco y limpio,"Luz del día natural, solar",Despejado,,Nivel verde,,No,No,Sí,No,No,Sí,No,2023,10,DOMINGO,12,Tarde,Fines de semana
,1,0,0,22019,03093,No aplica,Calle,Caída                                              ,,No inventariada,Otro,Municipal,Se desconoce,Seco y limpio,"Luz del día natural, solar",Despejado,,Nivel blanco,,No,No,Sí,No,No,Sí,No,2023,10,DOMINGO,9,Mañana,Fines de semana
,2,0,0,22020,03093,No aplica,Calle,Por alcance                                        ,,No inventariada,Calle,Municipal,Se desconoce,Seco y limpio,Sin luz natural y con iluminación artificial encen,Despejado,,Nivel blanco,,No,No,No,No,Sí,No,No,2023,11,JUEVES,19,Noche,Dias laborables
,2,0,0,22021,03093,No aplica,Calle,Caída                                              ,,No inventariada,Calle,Municipal,Se desconoce,Seco y limpio,"Luz del día natural, solar",Despejado,,Nivel verde,,No,No,No,Sí,No,No,Sí,2023,11,MIÉRCOLES,15,Tarde,Dias laborables
0.198,5,0,0,22022,03093,Curva señalizada,Carretera,Salida de la vía por la derecha con colisión       ,,CV-835,Carretera Convencional de calzada única,Autonómica,Descendente,Seco y limpio,Sin luz natural y con iluminación artificial no en,Despejado,,Nivel verde,,No,No,No,No,No,Sí,No,2023,12,JUEVES,19,Noche,Dias laborables
,1,0,0,22023,03093,No aplica,Calle,Atropello a personas                               ,,No inventariada,Calle,Municipal,Se desconoce,Seco y limpio,Sin luz natural ni artificial,Despejado,,Nivel blanco,,Sin especificar,Sin especificar,Sin especificar,Sin especificar,Sin especificar,Sin especificar,Sin especificar,2023,12,MARTES,0,Madrugada,Dias laborables
19.464,1,0,0,22024,03093,Curva sin señalizar,Carretera,Salida de la vía por la derecha otro tipo          ,,CV-820,Carretera Convencional de calzada única,Autonómica,Descendente,Con barro o gravilla suelta,Sin luz natural ni artificial,Despejado,,Nivel blanco,,Sin especificar,Sin especificar,Sin especificar,Sin especificar,Sin especificar,Sin especificar,Sin especificar,2023,12,SÁBADO,13,Tarde,Fines de semana
211.68,2,0,0,22025,03093,Curva señalizada,Carretera,Salida de la vía por la izquierda con colisión     ,,A-31,Autovía,Estatal,Ascendente,Seco y limpio,Sin luz natural y con iluminación artificial no en,Despejado,,Nivel verde,,Sin especificar,Sin especificar,Sin especificar,Sin especificar,Sin especificar,Sin especificar,Sin especificar,2023,12,LUNES,22,Noche,Dias laborables
215.448,2,0,0,22026,03093,Recta,Carretera,Por alcance                                        ,,A-31,Autovía,Estatal,Ascendente,Seco y limpio,"Amanecer o atardecer, sin luz artificial",Despejado,,Nivel blanco,,Sin especificar,Sin especificar,Sin especificar,Sin especificar,Sin especificar,Sin especificar,Sin especificar,2023,12,MARTES,7,Mañana,Dias laborables
214.293,3,0,0,22027,03093,Recta,Carretera,Por alcance                                        ,,A-31,Autovía,Estatal,Ascendente,Seco y limpio,"Amanecer o atardecer, sin luz artificial",Despejado,,Nivel blanco,,Sin especificar,Sin especificar,Sin especificar,Sin especificar,Sin especificar,Sin especificar,Sin especificar,2023,12,VIERNES,8,Mañana,Dias laborables
,1,0,0,22028,03093,No aplica,Calle,Atropello a personas                               ,,No inventariada,Calle,Municipal,Se desconoce,Seco y limpio,"Luz del día natural, solar",Despejado,,Nivel blanco,,Sin especificar,Sin especificar,Sin especificar,Sin especificar,Sin especificar,Sin especificar,Sin especificar,2023,12,JUEVES,13,Tarde,Dias laborables
49.0,2,0,0,22029,03094,Recta,Carretera,Por alcance                                        ,,CV-70,Carretera Convencional de calzada única,Autonómica,Ascendente,Seco y limpio,"Luz del día natural, solar",Despejado,,Nivel verde,,Sin especificar,Sin especificar,Sin especificar,Sin especificar,Sin especificar,Sin especificar,Sin especificar,2023,1,MARTES,8,Mañana,Dias laborables
44.0,1,0,0,22030,03094,Curva señalizada,Carretera,Fronto-lateral                                     ,,CV-70,Carretera Convencional de calzada única,Autonómica,Descendente,Seco y limpio,"Luz del día natural, solar",Despejado,,Nivel blanco,,Sin especificar,Sin especificar,Sin especificar,Sin especificar,Sin especificar,Sin especificar,Sin especificar,2023,1,JUEVES,7,Mañana,Dias laborables
46.5,1,0,0,22031,03094,Recta,Carretera,Por alcance                                        ,,CV-70,Carretera Convencional de doble calzada,Autonómica,Descendente,Seco y limpio,"Luz del día natural, solar",Despejado,,Nivel blanco,,No,No,No,No,No,No,No,2023,2,JUEVES,9,Mañana,Dias laborables
44.4,2,0,0,22032,03094,Recta,Carretera,Por alcance                                        ,,CV-70,Carretera Convencional de calzada única,Autonómica,Ascendente,Mojado,"Luz del día natural, solar",Lluvia débil,,Nivel blanco,,Sin especificar,Sin especificar,Sin especificar,Sin especificar,Sin especificar,Sin especificar,Sin especificar,2023,2,JUEVES,8,Mañana,Dias laborables
1.0,1,0,0,22033,03011,Recta,Carretera,Caída                                              ,,CV-763,Carretera Convencional de calzada única,Autonómica,Ascendente,Seco y limpio,"Luz del día natural, solar",Despejado,,Nivel blanco,,Sin especificar,Sin especificar,Sin especificar,Sin especificar,Sin especificar,Sin especificar,Sin especificar,2023,3,JUEVES,9,Mañana,Dias laborables
46.0,2,0,0,22034,03094,Recta,Carretera,"Salida de la vía por la izquierda, otro tipo       ",,CV-70,Carretera Convencional de doble calzada,Autonómica,Ascendente,Seco y limpio,"Luz del día natural, solar",Despejado,,Nivel blanco,,Sin especificar,Sin especificar,Sin especificar,Sin especificar,Sin especificar,Sin especificar,Sin especificar,2023,3,DOMINGO,12,Tarde,Fines de semana
45.3,0,1,0,22035,03094,Recta,Carretera,Fronto-lateral                                     ,,CV-70,Carretera Convencional de doble calzada,Autonómica,Ascendente,Seco y limpio,"Luz del día natural, solar",Despejado,,Nivel blanco,,Sin especificar,Sin especificar,Sin especificar,Sin especificar,Sin especificar,Sin especificar,Sin especificar,2023,3,DOMINGO,13,Tarde,Fines de semana
3.0,2,0,0,22036,03094,Recta,Carretera,Fronto-lateral                                     ,,CV-760,Carretera Convencional de calzada única,"Provincial, Cabildo/Consell",Descendente,Seco y limpio,"Luz del día natural, solar",Despejado,,Nivel blanco,,No,No,No,No,No,No,Sí,2023,5,MARTES,12,Tarde,Dias laborables
47.128,0,1,0,22037,03094,Recta,Carretera,"Salida de la vía por la izquierda, otro tipo       ",,CV-70,Carretera Convencional de calzada única,Autonómica,Descendente,Seco y limpio,Sin luz natural y con iluminación artificial encen,Despejado,,Nivel blanco,,Sin especificar,Sin especificar,Sin especificar,Sin especificar,Sin especificar,Sin especificar,Sin especificar,2023,7,JUEVES,21,Noche,Dias laborables
44.591,1,0,0,22038,03094,Curva sin señalizar,Carretera,Frontal                                            ,,CV-70,Carretera Convencional de doble calzada,Autonómica,Ascendente,Seco y limpio,"Luz del día natural, solar",Despejado,,Nivel blanco,,Sin especificar,Sin especificar,Sin especificar,Sin especificar,Sin especificar,Sin especificar,Sin especificar,2023,7,VIERNES,14,Tarde,Dias laborables
45.8,1,0,0,22039,03094,Recta,Carretera,Salida de la vía por la derecha otro tipo          ,,CV-70,Carretera Convencional de doble calzada,Autonómica,Descendente,Seco y limpio,"Luz del día natural, solar",Despejado,,Nivel blanco,,Sin especificar,Sin especificar,Sin especificar,Sin especificar,Sin especificar,Sin especificar,Sin especificar,2023,7,DOMINGO,10,Mañana,Fines de semana
48.5,1,0,0,22040,03094,Curva señalizada,Carretera,"Salida de la vía por la izquierda, otro tipo       ",,CV-70,Carretera Convencional de calzada única,Autonómica,Descendente,Seco y limpio,"Luz del día natural, solar",Despejado,,Nivel blanco,,No,No,Sí,No,No,Sí,No,2023,8,VIERNES,20,Noche,Dias laborables
5.3,1,0,0,22041,03094,Recta,Carretera,Lateral                                            ,,CV-760,Carretera Convencional de calzada única,"Provincial, Cabildo/Consell",Descendente,Seco y limpio,Sin luz natural ni artificial,Despejado,,Nivel blanco,,No,No,Sí,Sí,No,No,Sí,2023,8,VIERNES,21,Noche,Dias laborables
,1,0,0,22042,03094,No aplica,Calle,Fronto-lateral                                     ,,No inventariada,Calle,Municipal,Se desconoce,Seco y limpio,"Luz del día natural, solar",Despejado,,Nivel amarillo,,Sin especificar,Sin especificar,Sin especificar,Sin especificar,Sin especificar,Sin especificar,Sin especificar,2023,9,MIÉRCOLES,19,Noche,Dias laborables
48.9,1,0,0,22043,03094,Recta,Carretera,Atropello a personas                               ,,CV-70,Carretera Convencional de doble calzada,Autonómica,Descendente,Seco y limpio,"Luz del día natural, solar",Despejado,,Nivel blanco,,Sin especificar,Sin especificar,Sin especificar,Sin especificar,Sin especificar,Sin especificar,Sin especificar,2023,10,MIÉRCOLES,12,Tarde,Dias laborables
48.2,0,1,0,22044,03094,Curva sin señalizar,Carretera,Otro tipo de accidente                             ,,CV-70,Carretera Convencional de calzada única,Autonómica,Ambos,Seco y limpio,"Luz del día natural, solar",Nublado,,Nivel blanco,,Sin especificar,Sin especificar,Sin especificar,Sin especificar,Sin especificar,Sin especificar,Sin especificar,2023,10,JUEVES,13,Tarde,Dias laborables
44.44,1,1,0,22045,03107,Curva sin señalizar,Carretera,Atropello a personas                               ,,CV-70,Carretera Convencional de calzada única,Autonómica,Ascendente,Seco y limpio,"Luz del día natural, solar",Despejado,,Nivel blanco,,No,No,No,No,No,No,No,2023,11,DOMINGO,8,Mañana,Fines de semana
5.8,1,0,0,22046,03094,Recta,Carretera,Caída                                              ,,CV-760,Carretera Convencional de calzada única,"Provincial, Cabildo/Consell",Descendente,Seco y limpio,Sin luz natural ni artificial,Despejado,,Nivel blanco,,Sin especificar,Sin especificar,Sin especificar,Sin especificar,Sin especificar,Sin especificar,Sin especificar,2023,12,MARTES,18,Noche,Dias laborables
6.1,1,1,0,22047,03094,Curva señalizada,Carretera,Frontal                                            ,,CV-760,Carretera Convencional de calzada única,"Provincial, Cabildo/Consell",Ascendente,Seco y limpio,"Luz del día natural, solar",Despejado,,Nivel blanco,,Sin especificar,Sin especificar,Sin especificar,Sin especificar,Sin especificar,Sin especificar,Sin especificar,2023,12,MARTES,14,Tarde,Dias laborables
,1,1,0,22048,03094,No aplica,Calle,Fronto-lateral                                     ,,No inventariada,Calle,Municipal,Se desconoce,Seco y limpio,Sin luz natural y con iluminación artificial encen,Despejado,,Nivel blanco,,No,No,No,No,No,No,Sí,2023,12,VIERNES,21,Noche,Dias laborables
0.1,1,0,0,22049,03101,Recta,Carretera,Frontal                                            ,,CV-725,Carretera Convencional de doble calzada,Autonómica,Ambos,Seco y limpio,Sin luz natural ni artificial,Despejado,,Nivel blanco,,No,No,Sí,No,No,Sí,No,2023,2,MARTES,18,Noche,Dias laborables
1.3,1,0,0,22050,03095,Curva sin señalizar,Carretera,Colisión contra obstáculo o elemento de la vía     ,,CV-725,Carretera Convencional de calzada única,Autonómica,Ambos,Seco y limpio,"Luz del día natural, solar",Despejado,,Nivel verde,,Sin especificar,Sin especificar,Sin especificar,Sin especificar,Sin especificar,Sin especificar,Sin especificar,2023,2,VIERNES,8,Mañana,Dias laborables
608.1,1,0,0,22051,03095,Recta,Carretera,Por alcance                                        ,AP-7,AP-7,Autopista libre,Estatal,Descendente,Seco y limpio,Sin luz natural ni artificial,Despejado,,Nivel verde,,No,No,Sí,No,No,Sí,No,2023,3,DOMINGO,20,Noche,Fines de semana
,0,0,1,22052,03095,No aplica,Calle,Atropello a personas                               ,,No inventariada,Calle,Municipal,Se desconoce,Mojado,"Luz del día natural, solar",Lluvia débil,,Sin especificar,,Sin especificar,Sin especificar,Sin especificar,Sin especificar,Sin especificar,Sin especificar,Sin especificar,2023,2,MIÉRCOLES,10,Mañana,Dias laborables
609.0,3,0,0,22053,03101,Recta,Carretera,Por alcance                                        ,,AP-7,Autopista libre,Estatal,Ascendente,Seco y limpio,"Luz del día natural, solar",Despejado,,Nivel verde,,Sin especificar,Sin especificar,Sin especificar,Sin especificar,Sin especificar,Sin especificar,Sin especificar,2023,7,SÁBADO,13,Tarde,Fines de semana
199.4,1,0,0,22054,03095,Recta,Carretera,Caída                                              ,,N-332a,Carretera Convencional de calzada única,Otra,Ascendente,Seco y limpio,"Luz del día natural, solar",Despejado,,Nivel blanco,,Sin especificar,Sin especificar,Sin especificar,Sin especificar,Sin especificar,Sin especificar,Sin especificar,2023,10,DOMINGO,9,Mañana,Fines de semana
,2,0,0,22055,03095,No aplica,Calle,Caída                                              ,,No inventariada,Calle,Municipal,Se desconoce,Con aceite,"Luz del día natural, solar",Despejado,,Sin especificar,,No,No,No,No,No,No,No,2023,5,DOMINGO,16,Tarde,Fines de semana
,1,0,0,22056,03095,No aplica,Calle,Fronto-lateral                                     ,,No inventariada,Calle,Municipal,Se desconoce,Seco y limpio,"Luz del día natural, solar",Despejado,,Sin especificar,,No,No,No,No,No,No,No,2023,5,SÁBADO,9,Mañana,Fines de semana
8.9,1,0,0,22057,03095,Curva sin señalizar,Carretera,Fronto-lateral                                     ,,CV-731,Carretera Convencional de calzada única,"Provincial, Cabildo/Consell",Ambos,Seco y limpio,"Amanecer o atardecer, sin luz artificial",Despejado,,Nivel blanco,,Sin especificar,Sin especificar,Sin especificar,Sin especificar,Sin especificar,Sin especificar,Sin especificar,2023,11,LUNES,18,Noche,Dias laborables
,2,0,0,22058,03095,No aplica,Calle,Por alcance                                        ,,No inventariada,Calle,Municipal,Se desconoce,Seco y limpio,"Luz del día natural, solar",Despejado,,Sin especificar,,Sin especificar,Sin especificar,Sin especificar,Sin especificar,Sin especificar,Sin especificar,Sin especificar,2023,10,VIERNES,12,Tarde,Dias laborables
,4,0,0,22059,03095,No aplica,Calle,Otro tipo de accidente                             ,,No inventariada,Recinto delimitado,Municipal,Se desconoce,Seco y limpio,Sin luz natural y con iluminación artificial encen,Se desconoce,,Sin especificar,,Sin especificar,Sin especificar,Sin especificar,Sin especificar,Sin especificar,Sin especificar,Sin especificar,2023,1,MIÉRCOLES,22,Noche,Dias laborables
,1,0,0,22060,03095,No aplica,Calle,Caída                                              ,,No inventariada,Calle,Municipal,Se desconoce,Otra,"Luz del día natural, solar",Despejado,,Sin especificar,,Sin especificar,Sin especificar,Sin especificar,Sin especificar,Sin especificar,Sin especificar,Sin especificar,2023,8,MARTES,13,Tarde,Dias laborables
,1,0,0,22061,03095,No aplica,Calle,Lateral                                            ,,No inventariada,Calle,Municipal,Se desconoce,Seco y limpio,"Luz del día natural, solar",Despejado,,Sin especificar,,No,No,No,Sí,No,No,Sí,2023,4,MIÉRCOLES,10,Mañana,Dias laborables
,1,0,0,22062,03095,No aplica,Calle,Lateral                                            ,,No inventariada,Calle,Municipal,Se desconoce,Seco y limpio,"Luz del día natural, solar",Despejado,,Sin especificar,,No,No,Sí,No,No,Sí,No,2023,5,MIÉRCOLES,13,Tarde,Dias laborables
8.5,2,0,0,22063,03096,Recta,Carretera,Salida de la vía por la izquierda con vuelco       ,,CV-802,Carretera Convencional de calzada única,"Provincial, Cabildo/Consell",Descendente,Seco y limpio,Sin luz natural ni artificial,Despejado,,Nivel blanco,,Sin especificar,Sin especificar,Sin especificar,Sin especificar,Sin especificar,Sin especificar,Sin especificar,2023,1,VIERNES,22,Noche,Dias laborables
0.5,1,0,0,22064,03096,Recta,Carretera,Fronto-lateral                                     ,,CAMI DE MO,Camino vecinal,Municipal,Ascendente,Seco y limpio,"Luz del día natural, solar",Despejado,,Nivel verde,,No,No,No,No,No,No,No,2023,3,JUEVES,14,Tarde,Dias laborables
1.5,1,0,0,22065,03096,Curva señalizada,Carretera,Salida de la vía por la izquierda con colisión     ,,CAMINO VIE,Camino vecinal,Municipal,Descendente,Mojado,Sin luz natural ni artificial,Lluvia débil,,Nivel blanco,,Sin especificar,Sin especificar,Sin especificar,Sin especificar,Sin especificar,Sin especificar,Sin especificar,2023,5,SÁBADO,22,Noche,Fines de semana
,1,0,0,22066,03096,No aplica,Calle,Atropello a personas                               ,,No inventariada,Calle,Municipal,Se desconoce,Seco y limpio,"Luz del día natural, solar",Despejado,,Nivel blanco,,Sin especificar,Sin especificar,Sin especificar,Sin especificar,Sin especificar,Sin especificar,Sin especificar,2023,3,LUNES,12,Tarde,Dias laborables
,1,0,0,22067,03096,No aplica,Calle,Lateral                                            ,,No inventariada,Calle,Municipal,Se desconoce,Seco y limpio,"Luz del día natural, solar",Despejado,,Nivel verde,,Sin especificar,Sin especificar,Sin especificar,Sin especificar,Sin especificar,Sin especificar,Sin especificar,2023,4,MIÉRCOLES,17,Tarde,Dias laborables
,0,1,0,22068,03096,No aplica,Calle,Lateral                                            ,,No inventariada,Calle,Municipal,Se desconoce,Seco y limpio,"Luz del día natural, solar",Despejado,,Nivel blanco,,No,No,No,No,No,Sí,No,2023,4,LUNES,11,Mañana,Dias laborables
,2,0,0,22069,03096,No aplica,Calle,Lateral                                            ,,No inventariada,Calle,Municipal,Se desconoce,Seco y limpio,"Luz del día natural, solar",Despejado,,Nivel verde,,No,No,No,No,No,No,Sí,2023,6,MIÉRCOLES,14,Tarde,Dias laborables
0.5,4,0,0,22070,03096,Recta,Carretera,Por alcance                                        ,,CV-815,Carretera Convencional de calzada única,"Provincial, Cabildo/Consell",Descendente,Seco y limpio,"Luz del día natural, solar",Despejado,,Nivel amarillo,,Sin especificar,Sin especificar,Sin especificar,Sin especificar,Sin especificar,Sin especificar,Sin especificar,2023,6,MIÉRCOLES,13,Tarde,Dias laborables
,1,0,0,22071,03096,No aplica,Calle,Fronto-lateral                                     ,,No inventariada,Calle,Municipal,Se desconoce,Seco y limpio,Sin luz natural y con iluminación artificial encen,Se desconoce,,Nivel blanco,,No,No,No,No,No,No,Sí,2023,6,VIERNES,22,Noche,Dias laborables
,1,0,0,22072,03096,No aplica,Calle,Caída                                              ,,No inventariada,Calle,Municipal,Se desconoce,Seco y limpio,"Luz del día natural, solar",Despejado,,Nivel verde,,Sin especificar,Sin especificar,Sin especificar,Sin especificar,Sin especificar,Sin especificar,Sin especificar,2023,6,LUNES,14,Tarde,Dias laborables
,1,0,0,22073,03096,No aplica,Calle,Atropello a personas                               ,,No inventariada,Calle,Municipal,Se desconoce,Seco y limpio,"Luz del día natural, solar",Despejado,,Nivel verde,,Sin especificar,Sin especificar,Sin especificar,Sin especificar,Sin especificar,Sin especificar,Sin especificar,2023,9,VIERNES,19,Noche,Dias laborables
8.0,1,0,0,22074,03096,Curva señalizada,Carretera,Fronto-lateral                                     ,,CV-802,Carretera Convencional de calzada única,"Provincial, Cabildo/Consell",Ascendente,Seco y limpio,"Luz del día natural, solar",Despejado,,Nivel blanco,,No,No,No,Sí,No,No,No,2023,11,SÁBADO,10,Mañana,Fines de semana
1.8,1,0,0,22075,03096,Curva señalizada,Carretera,Salida de la vía por la derecha otro tipo          ,,CV-802,Carretera Convencional de calzada única,"Provincial, Cabildo/Consell",Descendente,Seco y limpio,"Luz del día natural, solar",Despejado,,Se desconoce,,Sin especificar,Sin especificar,Sin especificar,Sin especificar,Sin especificar,Sin especificar,Sin especificar,2023,12,SÁBADO,16,Tarde,Fines de semana
0.1,1,0,0,22076,03096,Recta,Carretera,Por alcance                                        ,,CV-815,Carretera Convencional de calzada única,"Provincial, Cabildo/Consell",Ambos,Seco y limpio,"Luz del día natural, solar",Despejado,,Nivel verde,,No,No,No,No,No,Sí,No,2023,10,MARTES,13,Tarde,Dias laborables
,1,0,0,22077,03096,No aplica,Calle,Salida de la vía por la izquierda con colisión     ,,No inventariada,Otro,Municipal,Se desconoce,Seco y limpio,"Luz del día natural, solar",Despejado,,Nivel blanco,,Sin especificar,Sin especificar,Sin especificar,Sin especificar,Sin especificar,Sin especificar,Sin especificar,2023,10,JUEVES,13,Tarde,Dias laborables
,1,0,0,22078,03096,No aplica,Calle,Por alcance                                        ,,No inventariada,Calle,Municipal,Se desconoce,Seco y limpio,"Luz del día natural, solar",Despejado,,Nivel blanco,,Sin especificar,Sin especificar,Sin especificar,Sin especificar,Sin especificar,Sin especificar,Sin especificar,2023,10,LUNES,10,Mañana,Dias laborables
1.403,1,0,0,22079,00000,Curva señalizada,Carretera,Salida de la vía por la derecha con vuelco         ,,CV-718,Carretera Convencional de calzada única,Autonómica,Descendente,Seco y limpio,"Luz del día natural, solar",Despejado,,Nivel blanco,,Sin especificar,Sin especificar,Sin especificar,Sin especificar,Sin especificar,Sin especificar,Sin especificar,2023,7,LUNES,17,Tarde,Dias laborables
22.2,1,0,0,22080,00000,Curva señalizada,Carretera,Caída                                              ,,CV-715,Carretera Convencional de calzada única,Autonómica,Descendente,Seco y limpio,"Luz del día natural, solar",Nublado,,Nivel blanco,,Sin especificar,Sin especificar,Sin especificar,Sin especificar,Sin especificar,Sin especificar,Sin especificar,2023,7,MIÉRCOLES,12,Tarde,Dias laborables
1.8,2,0,0,22081,00000,Curva señalizada,Carretera,Salida de la vía por la derecha con vuelco         ,,CV-731,Carretera Convencional de calzada única,"Provincial, Cabildo/Consell",Descendente,Seco y limpio,"Luz del día natural, solar",Despejado,,Nivel verde,,Sin especificar,Sin especificar,Sin especificar,Sin especificar,Sin especificar,Sin especificar,Sin especificar,2023,7,DOMINGO,13,Tarde,Fines de semana
6.0,1,0,0,22082,00000,Recta,Carretera,Múltiple o en caravana                             ,,CV-770,Carretera Convencional de calzada única,"Provincial, Cabildo/Consell",Ascendente,Seco y limpio,"Luz del día natural, solar",Despejado,,Nivel blanco,,Sin especificar,Sin especificar,Sin especificar,Sin especificar,Sin especificar,Sin especificar,Sin especificar,2023,1,MIÉRCOLES,11,Mañana,Dias laborables