KM,TOTAL_HL24H,TOTAL_HG24H,TOTAL_MU24H,id,COD_MUNICIPIO,TRAZADO_PLANTA,ZONA,TIPO_ACCIDENTE,CARRETERA_CRUCE,CARRETERA,TIPO_VIA,TITULARIDAD_VIA,SENTIDO_1F,CONDICION_FIRME,CONDICION_ILUMINACION,CONDICION_METEO,CONDICION_NIEBLA,CONDICION_NIVEL_CIRCULA,CONDICION_VIENTO,PRIORI_AGENTE,PRIORI_CIRCUNSTANCIAL,PRIORI_HORIZ_CEDA,PRIORI_HORIZ_STOP,PRIORI_SEMAFORO,PRIORI_VERT_CEDA,PRIORI_VERT_STOP,ANYO,MES,DIA,HORA,FRANJA_HORARIA,TIPO_DIA
,1,0,0,22169,03099,No aplica,Calle,Por alcance                                        ,,No inventariada,Calle,Municipal,Se desconoce,Seco y limpio,"Luz del día natural, solar",Despejado,,Sin especificar,,Sin especificar,Sin especificar,Sin especificar,Sin especificar,Sin especificar,Sin especificar,Sin especificar,2023,6,JUEVES,10,Mañana,Dias laborables
16.4,0,1,0,22170,03099,Curva señalizada,Carretera,Salida de la vía por la derecha otro tipo          ,,CV-925,Carretera Convencional de calzada única,Autonómica,Ascendente,Seco y limpio,"Luz del día natural, solar",Despejado,,Nivel verde,,Sin especificar,Sin especificar,Sin especificar,Sin especificar,Sin especificar,Sin especificar,Sin especificar,2023,6,LUNES,10,Mañana,Dias laborables
,1,0,0,22171,03099,No aplica,Calle,Salida de la vía por la izquierda con colisión     ,,No inventariada,Calle,Municipal,Se desconoce,Seco y limpio,"Luz del día natural, solar",Despejado,,Nivel blanco,,Sin especificar,Sin especificar,Sin especificar,Sin especificar,Sin especificar,Sin especificar,Sin especificar,2023,5,DOMINGO,20,Noche,Fines de semana
4.32,1,0,0,22172,03099,Curva sin señalizar,Carretera,Atropello a personas                               ,,CV-912,Carretera Convencional de calzada única,Autonómica,Ascendente,Seco y limpio,"Luz del día natural, solar",Despejado,,Nivel blanco,,Sin especificar,Sin especificar,Sin especificar,Sin especificar,Sin especificar,Sin especificar,Sin especificar,2023,6,MIÉRCOLES,13,Tarde,Dias laborables
7.6,0,1,0,22173,03099,Curva señalizada,Carretera,Salida de la vía por la izquierda con despeñamiento,,CV-925,Carretera Convencional de calzada única,Autonómica,Ascendente,Seco y limpio,"Luz del día natural, solar",Despejado,,Nivel blanco,,Sin especificar,Sin especificar,Sin especificar,Sin especificar,Sin especificar,Sin especificar,Sin especificar,2023,6,MIÉRCOLES,20,Noche,Dias laborables
,1,0,0,22174,03099,No aplica,Calle,Atropello a animales                               ,,No inventariada,Calle,Municipal,Se desconoce,Seco y limpio,"Luz del día natural, solar",Despejado,,Nivel blanco,,Sin especificar,Sin especificar,Sin especificar,Sin especificar,Sin especificar,Sin especificar,Sin especificar,2023,5,DOMINGO,12,Tarde,Fines de semana
0.0,3,0,0,22175,03099,Recta,Carretera,Fronto-lateral                                     ,,No inventariada,Vía de servicio,Otra,Descendente,Seco y limpio,"Luz del día natural, solar",Despejado,,Nivel blanco,,No,No,No,No,No,No,Sí,2023,6,SÁBADO,6,Mañana,Fines de semana
12.4,5,0,0,22176,00000,Curva señalizada,Carretera,Fronto-lateral                                     ,,CV-95,Carretera Convencional de calzada única,Autonómica,Ascendente,Seco y limpio,"Luz del día natural, solar",Despejado,,Nivel blanco,,No,No,No,No,No,No,No,2023,6,MIÉRCOLES,13,Tarde,Dias laborables
,1,0,0,22177,03099,No aplica,Calle,Fronto-lateral                                     ,,No inventariada,Calle,Municipal,Se desconoce,Seco y limpio,"Luz del día natural, solar",Despejado,,Nivel verde,,Sin especificar,Sin especificar,Sin especificar,Sin especificar,Sin especificar,Sin especificar,Sin especificar,2023,6,MIÉRCOLES,15,Tarde,Dias laborables
1.05,1,0,0,22178,03099,Curva señalizada,Carretera,Fronto-lateral                                     ,CV-869,CV-870,Carretera Convencional de calzada única,Autonómica,Descendente,Seco y limpio,"Luz del día natural, solar",Despejado,,Nivel blanco,,No,No,No,No,No,Sí,No,2023,7,SÁBADO,9,Mañana,Fines de semana
6.782,1,0,0,22179,03099,Recta,Carretera,Frontal                                            ,CV-923,PAR. MOJÓN,Camino vecinal,Municipal,Ambos,Seco y limpio,"Luz del día natural, solar",Despejado,,Nivel blanco,,No,No,No,No,No,No,Sí,2023,7,DOMINGO,19,Noche,Fines de semana
52.8,1,0,0,22180,03133,Recta,Carretera,Por alcance                                        ,,N-332,Carretera Convencional de doble calzada,Estatal,Ascendente,Seco y limpio,"Luz del día natural, solar",Despejado,,Nivel amarillo,,Sin especificar,Sin especificar,Sin especificar,Sin especificar,Sin especificar,Sin especificar,Sin especificar,2023,7,DOMINGO,20,Noche,Fines de semana
,1,0,0,22181,03099,No aplica,Calle,Fronto-lateral                                     ,,No inventariada,Calle,Municipal,Se desconoce,Seco y limpio,"Luz del día natural, solar",Despejado,,Nivel verde,,Sin especificar,Sin especificar,Sin especificar,Sin especificar,Sin especificar,Sin especificar,Sin especificar,2023,6,JUEVES,10,Mañana,Dias laborables
,1,0,0,22182,03099,No aplica,Calle,Atropello a personas                               ,,No inventariada,Calle,Municipal,Se desconoce,Seco y limpio,"Luz del día natural, solar",Despejado,,Nivel verde,,Sin especificar,Sin especificar,Sin especificar,Sin especificar,Sin especificar,Sin especificar,Sin especificar,2023,6,LUNES,19,Noche,Dias laborables
52.5,3,0,0,22183,03099,Recta,Carretera,Lateral                                            ,,N-332,Carretera Convencional de calzada única,Estatal,Descendente,Seco y limpio,Sin luz natural y con iluminación artificial encen,Despejado,,Nivel blanco,,Sin especificar,Sin especificar,Sin especificar,Sin especificar,Sin especificar,Sin especificar,Sin especificar,2023,7,DOMINGO,21,Noche,Fines de semana
6.0,1,0,0,22184,03099,Recta,Travesía,Fronto-lateral                                     ,,CV-915,Carretera Convencional de calzada única,Autonómica,Descendente,Seco y limpio,"Luz del día natural, solar",Despejado,,Sin especificar,,No,No,No,No,No,No,Sí,2023,6,JUEVES,16,Tarde,Dias laborables
691.23,0,0,1,22185,03099,Recta,Carretera,Atropello a personas                               ,,N-340,Carretera Convencional de calzada única,Estatal,Ascendente,Seco y limpio,Sin luz natural ni artificial,Despejado,,Nivel blanco,,Sin especificar,Sin especificar,Sin especificar,Sin especificar,Sin especificar,Sin especificar,Sin especificar,2023,7,JUEVES,22,Noche,Dias laborables
4.163,1,0,0,22186,03099,Curva señalizada,Carretera,"Salida de la vía por la izquierda, otro tipo       ",,CV-950,Carretera Convencional de calzada única,Autonómica,Descendente,Seco y limpio,"Luz del día natural, solar",Despejado,,Nivel blanco,,Sin especificar,Sin especificar,Sin especificar,Sin especificar,Sin especificar,Sin especificar,Sin especificar,2023,7,VIERNES,20,Noche,Dias laborables
4.0,0,1,0,22187,03099,Curva señalizada,Carretera,Salida de la vía por la izquierda con colisión     ,,CV-950,Carretera Convencional de calzada única,Autonómica,Descendente,Seco y limpio,"Luz del día natural, solar",Despejado,,Nivel blanco,,Sin especificar,Sin especificar,Sin especificar,Sin especificar,Sin especificar,Sin especificar,Sin especificar,2023,7,DOMINGO,10,Mañana,Fines de semana
48.6,1,0,0,22188,03099,Recta,Carretera,Por alcance                                        ,,N-332,Carretera Convencional de calzada única,Estatal,Ascendente,Seco y limpio,"Luz del día natural, solar",Despejado,,Nivel blanco,,No,No,No,No,No,Sí,No,2023,8,MARTES,10,Mañana,Dias laborables
4.155,1,0,0,22189,03099,Curva señalizada,Carretera,Salida de la vía por la derecha otro tipo          ,,CV-950,Carretera Convencional de calzada única,Autonómica,Ascendente,Seco y limpio,"Luz del día natural, solar",Despejado,,Nivel blanco,,Sin especificar,Sin especificar,Sin especificar,Sin especificar,Sin especificar,Sin especificar,Sin especificar,2023,8,MARTES,19,Noche,Dias laborables
10.068,3,0,0,22190,03099,Recta,Carretera,Lateral                                            ,,CV-925,Carretera Convencional de calzada única,Autonómica,Ascendente,Seco y limpio,Sin luz natural ni artificial,Despejado,,Nivel blanco,,Sin especificar,Sin especificar,Sin especificar,Sin especificar,Sin especificar,Sin especificar,Sin especificar,2023,8,MIÉRCOLES,22,Noche,Dias laborables
544.5,6,0,0,22191,03111,Recta,Carretera,Lateral                                            ,,A-7,Autovía,Estatal,Descendente,Seco y limpio,"Luz del día natural, solar",Despejado,,Nivel blanco,,Sin especificar,Sin especificar,Sin especificar,Sin especificar,Sin especificar,Sin especificar,Sin especificar,2023,8,SÁBADO,16,Tarde,Fines de semana
,1,0,0,22192,03099,No aplica,Calle,Por alcance                                        ,,No inventariada,Calle,Municipal,Se desconoce,Seco y limpio,Sin luz natural ni artificial,Despejado,,Nivel verde,,Sin especificar,Sin especificar,Sin especificar,Sin especificar,Sin especificar,Sin especificar,Sin especificar,2023,7,VIERNES,11,Mañana,Dias laborables
547.3,1,0,0,22193,03099,Recta,Carretera,Por alcance                                        ,,A-7,Autovía,Estatal,Descendente,Seco y limpio,"Luz del día natural, solar",Despejado,,Nivel verde,,Sin especificar,Sin especificar,Sin especificar,Sin especificar,Sin especificar,Sin especificar,Sin especificar,2023,8,JUEVES,17,Tarde,Dias laborables
690.7,1,0,0,22194,03099,Recta,Carretera,Por alcance                                        ,,N-340,Carretera Convencional de calzada única,Estatal,Descendente,Seco y limpio,"Luz del día natural, solar",Despejado,,Nivel verde,,Sin especificar,Sin especificar,Sin especificar,Sin especificar,Sin especificar,Sin especificar,Sin especificar,2023,9,MIÉRCOLES,16,Tarde,Dias laborables
2.5,3,0,0,22195,03099,Recta,Carretera,Fronto-lateral                                     ,,CV-919,Carretera Convencional de calzada única,Autonómica,Descendente,Seco y limpio,"Luz del día natural, solar",Despejado,,Nivel blanco,,No,No,No,No,No,No,Sí,2023,9,DOMINGO,10,Mañana,Fines de semana
5.1,1,0,0,22196,03099,Recta,Carretera,Por alcance                                        ,,CV-930,Carretera Convencional de calzada única,Autonómica,Descendente,Seco y limpio,"Amanecer o atardecer, sin luz artificial",Despejado,,Nivel amarillo,,Sin especificar,Sin especificar,Sin especificar,Sin especificar,Sin especificar,Sin especificar,Sin especificar,2023,9,VIERNES,8,Mañana,Dias laborables
,1,0,0,22197,03099,No aplica,Calle,Fronto-lateral                                     ,,No inventariada,Calle,Municipal,Se desconoce,Seco y limpio,"Luz del día natural, solar",Despejado,,Sin especificar,,Sin especificar,Sin especificar,Sin especificar,Sin especificar,Sin especificar,Sin especificar,Sin especificar,2023,9,DOMINGO,11,Mañana,Fines de semana
2.85,0,1,0,22198,03099,Recta,Carretera,Atropello a personas                               ,,CV-911,Carretera Convencional de calzada única,Autonómica,Ascendente,Seco y limpio,Sin luz natural ni artificial,Despejado,,Nivel blanco,,Sin especificar,Sin especificar,Sin especificar,Sin especificar,Sin especificar,Sin especificar,Sin especificar,2023,9,SÁBADO,5,Madrugada,Fines de semana
0.7,1,0,0,22199,03099,Curva señalizada,Carretera,Salida de la vía por la derecha con vuelco         ,,CV-949,Carretera Convencional de calzada única,Autonómica,Descendente,Seco y limpio,Sin luz natural ni artificial,Despejado,,Nivel blanco,,Sin especificar,Sin especificar,Sin especificar,Sin especificar,Sin especificar,Sin especificar,Sin especificar,2023,10,MIÉRCOLES,1,Madrugada,Dias laborables
542.513,1,0,0,22200,03058,Recta,Carretera,Por alcance                                        ,,A-7,Autovía,Estatal,Ascendente,Seco y limpio,"Luz del día natural, solar",Despejado,,Nivel amarillo,,Sin especificar,Sin especificar,Sin especificar,Sin especificar,Sin especificar,Sin especificar,Sin especificar,2023,10,MARTES,15,Tarde,Dias laborables
5.5,1,0,0,22201,03099,Recta,Carretera,Por alcance                                        ,,CV-930,Carretera Convencional de calzada única,Autonómica,Descendente,Seco y limpio,"Luz del día natural, solar",Despejado,,Nivel amarillo,,Sin especificar,Sin especificar,Sin especificar,Sin especificar,Sin especificar,Sin especificar,Sin especificar,2023,10,MARTES,18,Noche,Dias laborables
,1,0,0,22202,03099,No aplica,Calle,Salida de la vía por la derecha otro tipo          ,,No inventariada,Calle,Municipal,Se desconoce,Seco y limpio,Sin luz natural ni artificial,Despejado,,Nivel blanco,,Sin especificar,Sin especificar,Sin especificar,Sin especificar,Sin especificar,Sin especificar,Sin especificar,2023,10,SÁBADO,19,Noche,Fines de semana
6.0,4,0,0,22203,03099,Recta,Carretera,Por alcance                                        ,,CV-930,Carretera Convencional de calzada única,Autonómica,Ascendente,Seco y limpio,"Luz del día natural, solar",Despejado,,Nivel amarillo,,Sin especificar,Sin especificar,Sin especificar,Sin especificar,Sin especificar,Sin especificar,Sin especificar,2023,10,LUNES,10,Mañana,Dias laborables
,2,0,0,22204,03099,No aplica,Calle,Frontal                                            ,,No inventariada,Vía de servicio,Municipal,Se desconoce,Seco y limpio,Sin luz natural ni artificial,Despejado,,Nivel blanco,,No,No,No,No,No,No,No,2023,8,MIÉRCOLES,0,Madrugada,Dias laborables
,1,0,0,22205,03099,No aplica,Calle,Fronto-lateral                                     ,,No inventariada,Calle,Municipal,Se desconoce,Seco y limpio,"Luz del día natural, solar",Despejado,,Nivel verde,,No,No,No,No,No,No,Sí,2023,6,JUEVES,9,Mañana,Dias laborables
2.2,1,0,0,22206,03099,Curva señalizada,Travesía,Por alcance                                        ,CV-91,CV-919,Carretera Convencional de calzada única,Autonómica,Ascendente,Seco y limpio,"Luz del día natural, solar",Despejado,,Nivel verde,,No,No,No,No,No,Sí,No,2023,7,JUEVES,7,Mañana,Dias laborables
,2,0,0,22207,03099,No aplica,Calle,Por alcance                                        ,,No inventariada,Calle,Municipal,Se desconoce,Seco y limpio,"Luz del día natural, solar",Despejado,,Nivel amarillo,,No,No,No,No,No,No,No,2023,9,VIERNES,11,Mañana,Dias laborables
,1,0,0,22208,03099,No aplica,Calle,Por alcance                                        ,,No inventariada,Calle,Municipal,Se desconoce,Seco y limpio,"Luz del día natural, solar",Despejado,,Nivel blanco,,No,No,No,No,No,Sí,No,2023,9,MARTES,11,Mañana,Dias laborables
551.0,4,0,0,22209,03099,Recta,Carretera,Por alcance                                        ,,A-7,Autovía,Estatal,Ascendente,Seco y limpio,"Luz del día natural, solar",Nublado,,Nivel blanco,,Sin especificar,Sin especificar,Sin especificar,Sin especificar,Sin especificar,Sin especificar,Sin especificar,2023,11,MIÉRCOLES,17,Tarde,Dias laborables
551.0,2,0,0,22210,03099,Recta,Carretera,Por alcance                                        ,,A-7,Autovía,Estatal,Ascendente,Seco y limpio,"Luz del día natural, solar",Nublado,,Nivel blanco,,Sin especificar,Sin especificar,Sin especificar,Sin especificar,Sin especificar,Sin especificar,Sin especificar,2023,11,MIÉRCOLES,17,Tarde,Dias laborables
3.911,1,0,0,22211,03099,Recta,Carretera,Múltiple o en caravana                             ,,CV-930,Carretera Convencional de calzada única,Autonómica,Ascendente,Seco y limpio,"Luz del día natural, solar",Despejado,,Nivel blanco,,No,No,No,No,No,Sí,No,2023,11,DOMINGO,14,Tarde,Fines de semana
48.5,1,0,0,22212,03099,Curva señalizada,Carretera,Lateral                                            ,,N-332,Carretera Convencional de doble calzada,Estatal,Ascendente,Seco y limpio,"Luz del día natural, solar",Despejado,,Nivel blanco,,No,No,Sí,No,No,Sí,No,2023,10,LUNES,9,Mañana,Dias laborables
550.6,5,0,0,22213,03099,Recta,Carretera,Múltiple o en caravana                             ,,A-7,Autovía,Estatal,Ascendente,Seco y limpio,"Amanecer o atardecer, sin luz artificial",Nublado,,Nivel amarillo,,Sin especificar,Sin especificar,Sin especificar,Sin especificar,Sin especificar,Sin especificar,Sin especificar,2023,11,JUEVES,8,Mañana,Dias laborables
0.0,1,0,0,22214,03099,Recta,Carretera,Fronto-lateral                                     ,,LOS TUBOS,Camino vecinal,Otra,Ascendente,Seco y limpio,"Luz del día natural, solar",Despejado,,Nivel blanco,,No,No,No,No,No,No,Sí,2023,11,SÁBADO,15,Tarde,Fines de semana
,1,0,0,22215,03099,No aplica,Calle,Atropello a personas                               ,,No inventariada,Calle,Municipal,Se desconoce,Seco y limpio,"Luz del día natural, solar",Despejado,,Nivel rojo,,Sin especificar,Sin especificar,Sin especificar,Sin especificar,Sin especificar,Sin especificar,Sin especificar,2023,10,MARTES,10,Mañana,Dias laborables
550.0,1,0,0,22216,03099,Recta,Carretera,Por alcance                                        ,,A-7,Autovía,Estatal,Ascendente,Seco y limpio,"Amanecer o atardecer, sin luz artificial",Despejado,,Nivel blanco,,Sin especificar,Sin especificar,Sin especificar,Sin especificar,Sin especificar,Sin especificar,Sin especificar,2023,11,DOMINGO,17,Tarde,Fines de semana
,2,0,1,22217,03099,No aplica,Calle,Frontal                                            ,,No inventariada,Calle,Municipal,Se desconoce,Seco y limpio,"Luz del día natural, solar",Despejado,,Sin especificar,,Sin especificar,Sin especificar,Sin especificar,Sin especificar,Sin especificar,Sin especificar,Sin especificar,2023,11,MARTES,14,Tarde,Dias laborables
,1,0,0,22218,03099,No aplica,Calle,Por alcance                                        ,,No inventariada,Calle,Municipal,Se desconoce,Seco y limpio,"Amanecer o atardecer, con luz artificial",Despejado,,Sin especificar,,Sin especificar,Sin especificar,Sin especificar,Sin especificar,Sin especificar,Sin especificar,Sin especificar,2023,11,MIÉRCOLES,21,Noche,Dias laborables
52.0,1,0,0,22219,03099,Recta,Carretera,Por alcance                                        ,,N-332,Carretera Convencional de doble calzada,Estatal,Ascendente,Seco y limpio,"Luz del día natural, solar",Despejado,,Se desconoce,,Sin especificar,Sin especificar,Sin especificar,Sin especificar,Sin especificar,Sin especificar,Sin especificar,2023,11,VIERNES,16,Tarde,Dias laborables
2.9,2,0,0,22220,03099,Recta,Carretera,Múltiple o en caravana                             ,,CV-911,Carretera Convencional de calzada única,Autonómica,Ascendente,Seco y limpio,"Luz del día natural, solar",Despejado,,Nivel blanco,,Sin especificar,Sin especificar,Sin especificar,Sin especificar,Sin especificar,Sin especificar,Sin especificar,2023,11,MIÉRCOLES,8,Mañana,Dias laborables
684.884,1,0,0,22221,03099,Recta,Carretera,Fronto-lateral                                     ,,N-340,Carretera Convencional de calzada única,Estatal,Descendente,Seco y limpio,"Luz del día natural, solar",Despejado,,Nivel verde,,Sin especificar,Sin especificar,Sin especificar,Sin especificar,Sin especificar,Sin especificar,Sin especificar,2023,11,JUEVES,10,Mañana,Dias laborables
50.0,1,0,0,22222,03099,Recta,Carretera,Fronto-lateral                                     ,,N-332,Carretera Convencional de doble calzada,Estatal,Ascendente,Seco y limpio,"Luz del día natural, solar",Despejado,,Nivel amarillo,,Sin especificar,Sin especificar,Sin especificar,Sin especificar,Sin especificar,Sin especificar,Sin especificar,2023,11,LUNES,13,Tarde,Dias laborables
16.5,1,0,0,22223,03099,Curva señalizada,Carretera,Salida de la vía por la derecha otro tipo          ,,CV-925,Carretera Convencional de calzada única,Autonómica,Ascendente,Con barro o gravilla suelta,Sin luz natural ni artificial,Despejado,,Nivel blanco,,Sin especificar,Sin especificar,Sin especificar,Sin especificar,Sin especificar,Sin especificar,Sin especificar,2023,12,SÁBADO,19,Noche,Fines de semana
5.081,1,0,0,22224,03099,Curva señalizada,Carretera,Salida de la vía por la izquierda con colisión     ,,CV-950,Carretera Convencional de calzada única,Autonómica,Descendente,Seco y limpio,"Luz del día natural, solar",Despejado,,Nivel blanco,,Sin especificar,Sin especificar,Sin especificar,Sin especificar,Sin especificar,Sin especificar,Sin especificar,2023,12,DOMINGO,17,Tarde,Fines de semana
7.3,0,1,0,22225,03099,Curva señalizada,Carretera,Salida de la vía por la derecha con vuelco         ,,CV-923,Carretera Convencional de calzada única,"Provincial, Cabildo/Consell",Descendente,Seco y limpio,"Luz del día natural, solar",Despejado,,Nivel blanco,,Sin especificar,Sin especificar,Sin especificar,Sin especificar,Sin especificar,Sin especificar,Sin especificar,2023,12,SÁBADO,11,Mañana,Fines de semana
,3,0,0,22226,03099,No aplica,Calle,Frontal                                            ,,No inventariada,Calle,Municipal,Se desconoce,Seco y limpio,"Luz del día natural, solar",Despejado,,Nivel blanco,,Sin especificar,Sin especificar,Sin especificar,Sin especificar,Sin especificar,Sin especificar,Sin especificar,2023,10,MARTES,12,Tarde,Dias laborables
3.4,0,1,0,22227,03099,Recta,Carretera,Fronto-lateral                                     ,,LOS TUBOS,Camino vecinal,Otra,Ambos,Seco y limpio,Sin luz natural ni artificial,Despejado,,Nivel verde,,No,No,No,Sí,No,No,Sí,2023,12,JUEVES,7,Mañana,Dias laborables
5.8,2,0,0,22228,03099,Curva señalizada,Carretera,Salida de la vía por la izquierda con colisión     ,,CV-870,Carretera Convencional de calzada única,Autonómica,Ambos,Seco y limpio,"Luz del día natural, solar",Despejado,,Nivel blanco,,No,No,No,No,No,No,Sí,2023,12,JUEVES,12,Tarde,Dias laborables
,1,0,0,22229,03099,No aplica,Calle,Fronto-lateral                                     ,,No inventariada,Calle,Municipal,Se desconoce,Seco y limpio,"Luz del día natural, solar",Despejado,,Nivel blanco,,Sin especificar,Sin especificar,Sin especificar,Sin especificar,Sin especificar,Sin especificar,Sin especificar,2023,11,MARTES,7,Mañana,Dias laborables
,6,0,0,22230,03099,No aplica,Calle,Múltiple o en caravana                             ,,No inventariada,Calle,Municipal,Se desconoce,Seco y limpio,Sin luz natural y con iluminación artificial encen,Despejado,,Se desconoce,,Sin especificar,Sin especificar,Sin especificar,Sin especificar,Sin especificar,Sin especificar,Sin especificar,2023,12,JUEVES,18,Noche,Dias laborables
690.3,3,0,0,22231,03099,Recta,Carretera,Múltiple o en caravana                             ,,N-340,Carretera Convencional de calzada única,Estatal,Ascendente,Seco y limpio,"Luz del día natural, solar",Despejado,,Nivel amarillo,,Sin especificar,Sin especificar,Sin especificar,Sin especificar,Sin especificar,Sin especificar,Sin especificar,2023,12,MARTES,14,Tarde,Dias laborables
,1,0,0,22232,03099,No aplica,Calle,Frontal                                            ,,No inventariada,Calle,Municipal,Se desconoce,Seco y limpio,"Luz del día natural, solar",Despejado,,Sin especificar,,Sin especificar,Sin especificar,Sin especificar,Sin especificar,Sin especificar,Sin especificar,Sin especificar,2023,12,LUNES,8,Mañana,Dias laborables
0.5,0,0,1,22233,00000,Curva señalizada,Carretera,Salida de la vía por la izquierda con colisión     ,,CV-750,Carretera Convencional de calzada única,"Provincial, Cabildo/Consell",Descendente,Seco y limpio,"Luz del día natural, solar",Nublado,,Nivel blanco,,Sin especificar,Sin especificar,Sin especificar,Sin especificar,Sin especificar,Sin especificar,Sin especificar,2023,7,VIERNES,8,Mañana,Dias laborables
26.7,1,0,0,22234,00000,Recta,Carretera,Por alcance                                        ,,CV-715,Carretera Convencional de calzada única,Autonómica,Descendente,Seco y limpio,"Luz del día natural, solar",Despejado,,Nivel amarillo,,Sin especificar,Sin especificar,Sin especificar,Sin especificar,Sin especificar,Sin especificar,Sin especificar,2023,8,SÁBADO,12,Tarde,Fines de semana
32.2,2,0,0,22235,00000,Curva señalizada,Carretera,Frontal                                            ,,CV-715,Carretera Convencional de calzada única,Autonómica,Descendente,Seco y limpio,"Luz del día natural, solar",Despejado,,Nivel blanco,,Sin especificar,Sin especificar,Sin especificar,Sin especificar,Sin especificar,Sin especificar,Sin especificar,2023,9,SÁBADO,10,Mañana,Fines de semana
40.0,1,0,0,22236,00000,Curva señalizada,Carretera,Salida de la vía por la derecha con despeñamiento  ,,CV-720,Carretera Convencional de calzada única,Autonómica,Descendente,Seco y limpio,"Amanecer o atardecer, sin luz artificial",Despejado,,Nivel blanco,,Sin especificar,Sin especificar,Sin especificar,Sin especificar,Sin especificar,Sin especificar,Sin especificar,2023,10,MIÉRCOLES,19,Noche,Dias laborables
,2,0,0,22237,03101,No aplica,Calle,Fronto-lateral                                     ,,No inventariada,Calle,Municipal,Se desconoce,Seco y limpio,"Amanecer o atardecer, sin luz artificial",Despejado,,Nivel blanco,,No,No,No,Sí,No,No,Sí,2023,1,VIERNES,17,Tarde,Dias laborables
48.8,1,0,0,22238,03101,Curva sin señalizar,Carretera,Salida de la vía por la derecha con despeñamiento  ,,CV-720,Carretera Convencional de calzada única,Autonómica,Descendente,Seco y limpio,Sin luz natural ni artificial,Despejado,,Nivel blanco,,Sin especificar,Sin especificar,Sin especificar,Sin especificar,Sin especificar,Sin especificar,Sin especificar,2023,1,DOMINGO,6,Mañana,Fines de semana
,1,0,0,22239,03101,No aplica,Calle,Atropello a personas                               ,,No inventariada,Calle,"Provincial, Cabildo/Consell",Se desconoce,Seco y limpio,"Amanecer o atardecer, sin luz artificial",Despejado,,Nivel verde,,No,No,No,No,No,No,No,2023,1,JUEVES,9,Mañana,Dias laborables
191.7,2,0,0,22240,03101,Recta,Carretera,Por alcance                                        ,,N-332,Carretera Convencional de doble calzada,Estatal,Ascendente,Mojado,"Luz del día natural, solar",Lluvia fuerte,,Nivel blanco,,Sin especificar,Sin especificar,Sin especificar,Sin especificar,Sin especificar,Sin especificar,Sin especificar,2023,2,LUNES,13,Tarde,Dias laborables
,1,0,0,22241,03101,No aplica,Calle,Colisión contra obstáculo o elemento de la vía     ,,No inventariada,Calle,Municipal,Se desconoce,Seco y limpio,Sin luz natural y con iluminación artificial encen,Despejado,,Nivel blanco,,No,No,No,Sí,No,No,Sí,2023,2,VIERNES,7,Mañana,Dias laborables
49.3,1,0,0,22242,03101,Recta,Carretera,Atropello a personas                               ,,CV-720,Carretera Convencional de calzada única,Autonómica,Descendente,Seco y limpio,Sin luz natural ni artificial,Despejado,,Nivel blanco,,Sin especificar,Sin especificar,Sin especificar,Sin especificar,Sin especificar,Sin especificar,Sin especificar,2023,2,VIERNES,20,Noche,Dias laborables
49.3,1,0,0,22243,03101,Se desconoce,Carretera,Fronto-lateral                                     ,,CV-720,Carretera Convencional de doble calzada,Otra,Ascendente,Seco y limpio,"Luz del día natural, solar",Despejado,,Nivel blanco,,No,No,No,No,No,No,No,2023,3,SÁBADO,18,Noche,Fines de semana
1.7,1,0,0,22244,03101,Recta,Carretera,Por alcance                                        ,,CV-733,Carretera Convencional de calzada única,Autonómica,Ascendente,Seco y limpio,"Luz del día natural, solar",Despejado,,Nivel blanco,,Sin especificar,Sin especificar,Sin especificar,Sin especificar,Sin especificar,Sin especificar,Sin especificar,2023,3,VIERNES,13,Tarde,Dias laborables
195.8,1,0,0,22245,03101,Recta,Carretera,Fronto-lateral                                     ,,N-332,Carretera Convencional de calzada única,Estatal,Descendente,Seco y limpio,"Luz del día natural, solar",Despejado,,Sin especificar,,No,No,No,No,No,No,No,2023,4,SÁBADO,12,Tarde,Fines de semana
,1,0,0,22246,03101,No aplica,Calle,Fronto-lateral                                     ,,No inventariada,Calle,Autonómica,Se desconoce,Seco y limpio,"Luz del día natural, solar",Despejado,,Nivel verde,,No,No,No,No,Sí,No,No,2023,3,MIÉRCOLES,11,Mañana,Dias laborables
0.05,1,0,0,22247,03101,Recta,Carretera,Por alcance                                        ,,CV-725,Carretera Convencional de calzada única,Autonómica,Descendente,Seco y limpio,"Luz del día natural, solar",Despejado,,Nivel blanco,,No,No,Sí,No,No,Sí,No,2023,4,JUEVES,18,Noche,Dias laborables
195.9,1,0,0,22248,03101,Recta,Carretera,Fronto-lateral                                     ,,N-332,Carretera Convencional de doble calzada,Estatal,Ascendente,Seco y limpio,"Luz del día natural, solar",Despejado,,Nivel blanco,,Sin especificar,Sin especificar,Sin especificar,Sin especificar,Sin especificar,Sin especificar,Sin especificar,2023,4,JUEVES,16,Tarde,Dias laborables