KM,TOTAL_HL24H,TOTAL_HG24H,TOTAL_MU24H,id,COD_MUNICIPIO,TRAZADO_PLANTA,ZONA,TIPO_ACCIDENTE,CARRETERA_CRUCE,CARRETERA,TIPO_VIA,TITULARIDAD_VIA,SENTIDO_1F,CONDICION_FIRME,CONDICION_ILUMINACION,CONDICION_METEO,CONDICION_NIEBLA,CONDICION_NIVEL_CIRCULA,CONDICION_VIENTO,PRIORI_AGENTE,PRIORI_CIRCUNSTANCIAL,PRIORI_HORIZ_CEDA,PRIORI_HORIZ_STOP,PRIORI_SEMAFORO,PRIORI_VERT_CEDA,PRIORI_VERT_STOP,ANYO,MES,DIA,HORA,FRANJA_HORARIA,TIPO_DIA
,1,0,0,22581,03122,No aplica,Calle,Atropello a personas                               ,,No inventariada,Calle,Municipal,Se desconoce,Seco y limpio,"Luz del día natural, solar",Despejado,,Se desconoce,,Sin especificar,Sin especificar,Sin especificar,Sin especificar,Sin especificar,Sin especificar,Sin especificar,2023,9,MARTES,9,Mañana,Dias laborables
,3,0,0,22582,03122,No aplica,Calle,Por alcance                                        ,,No inventariada,Calle,Municipal,Se desconoce,Seco y limpio,"Luz del día natural, solar",Despejado,,Se desconoce,,Sin especificar,Sin especificar,Sin especificar,Sin especificar,Sin especificar,Sin especificar,Sin especificar,2023,8,JUEVES,13,Tarde,Dias laborables
4.1,1,0,0,22583,03122,Recta,Carretera,Salida de la vía por la izquierda con colisión     ,,A-77,Autovía,Estatal,Ascendente,Seco y limpio,"Luz del día natural, solar",Despejado,,Nivel blanco,,Sin especificar,Sin especificar,Sin especificar,Sin especificar,Sin especificar,Sin especificar,Sin especificar,2023,9,VIERNES,21,Noche,Dias laborables
,1,0,0,22584,03122,No aplica,Calle,Atropello a personas                               ,,No inventariada,Calle,Municipal,Se desconoce,Seco y limpio,"Luz del día natural, solar",Se desconoce,,Se desconoce,,Sin especificar,Sin especificar,Sin especificar,Sin especificar,Sin especificar,Sin especificar,Sin especificar,2023,10,LUNES,11,Mañana,Dias laborables
484.8,1,0,0,22585,00000,Recta,Carretera,Salida de la vía por la izquierda con colisión     ,,A-7,Autovía,Estatal,Ascendente,Seco y limpio,"Luz del día natural, solar",Despejado,,Nivel verde,,Sin especificar,Sin especificar,Sin especificar,Sin especificar,Sin especificar,Sin especificar,Sin especificar,2023,10,LUNES,14,Tarde,Dias laborables
,1,0,0,22586,03122,No aplica,Calle,Atropello a personas                               ,,No inventariada,Calle,Municipal,Se desconoce,Seco y limpio,"Luz del día natural, solar",Despejado,,Se desconoce,,Sin especificar,Sin especificar,Sin especificar,Sin especificar,Sin especificar,Sin especificar,Sin especificar,2023,9,MIÉRCOLES,11,Mañana,Dias laborables
,1,0,0,22587,03122,No aplica,Calle,Fronto-lateral                                     ,,No inventariada,Calle,Municipal,Se desconoce,Seco y limpio,"Luz del día natural, solar",Despejado,,Se desconoce,,Sin especificar,Sin especificar,Sin especificar,Sin especificar,Sin especificar,Sin especificar,Sin especificar,2023,9,MIÉRCOLES,13,Tarde,Dias laborables
,1,0,0,22588,03122,No aplica,Calle,Frontal                                            ,,No inventariada,Calle,Municipal,Se desconoce,Seco y limpio,"Luz del día natural, solar",Despejado,,Se desconoce,,Sin especificar,Sin especificar,Sin especificar,Sin especificar,Sin especificar,Sin especificar,Sin especificar,2023,10,MIÉRCOLES,10,Mañana,Dias laborables
,1,0,0,22589,03122,No aplica,Calle,Caída                                              ,,No inventariada,Calle,Municipal,Se desconoce,Seco y limpio,"Luz del día natural, solar",Despejado,,Se desconoce,,Sin especificar,Sin especificar,Sin especificar,Sin especificar,Sin especificar,Sin especificar,Sin especificar,2023,9,VIERNES,10,Mañana,Dias laborables
,1,0,0,22590,03122,No aplica,Calle,Por alcance                                        ,,No inventariada,Calle,Municipal,Se desconoce,Seco y limpio,"Luz del día natural, solar",Despejado,,Se desconoce,,Sin especificar,Sin especificar,Sin especificar,Sin especificar,Sin especificar,Sin especificar,Sin especificar,2023,10,VIERNES,9,Mañana,Dias laborables
,1,0,0,22591,03122,No aplica,Calle,Frontal                                            ,,No inventariada,Calle,Municipal,Se desconoce,Seco y limpio,"Luz del día natural, solar",Despejado,,Se desconoce,,Sin especificar,Sin especificar,Sin especificar,Sin especificar,Sin especificar,Sin especificar,Sin especificar,2023,10,SÁBADO,8,Mañana,Fines de semana
,1,0,0,22592,03122,No aplica,Calle,Fronto-lateral                                     ,,No inventariada,Calle,Municipal,Se desconoce,Seco y limpio,"Luz del día natural, solar",Despejado,,Se desconoce,,Sin especificar,Sin especificar,Sin especificar,Sin especificar,Sin especificar,Sin especificar,Sin especificar,2023,1,MARTES,9,Mañana,Dias laborables
6.1,0,0,1,22593,03122,Recta,Carretera,Atropello a personas                               ,,A-77,Autovía,Estatal,Ascendente,Seco y limpio,"Luz del día natural, solar",Despejado,,Nivel blanco,,Sin especificar,Sin especificar,Sin especificar,Sin especificar,Sin especificar,Sin especificar,Sin especificar,2023,10,MARTES,3,Madrugada,Dias laborables
,1,0,0,22594,03122,No aplica,Calle,Atropello a personas                               ,,No inventariada,Calle,Municipal,Se desconoce,Seco y limpio,"Luz del día natural, solar",Despejado,,Se desconoce,,Sin especificar,Sin especificar,Sin especificar,Sin especificar,Sin especificar,Sin especificar,Sin especificar,2023,8,JUEVES,20,Noche,Dias laborables
,1,0,0,22595,03122,No aplica,Calle,Fronto-lateral                                     ,,No inventariada,Calle,Municipal,Se desconoce,Seco y limpio,"Luz del día natural, solar",Despejado,,Se desconoce,,Sin especificar,Sin especificar,Sin especificar,Sin especificar,Sin especificar,Sin especificar,Sin especificar,2023,10,SÁBADO,13,Tarde,Fines de semana
,1,0,0,22596,03122,No aplica,Calle,Fronto-lateral                                     ,,No inventariada,Calle,Municipal,Se desconoce,Seco y limpio,"Luz del día natural, solar",Se desconoce,,Se desconoce,,Sin especificar,Sin especificar,Sin especificar,Sin especificar,Sin especificar,Sin especificar,Sin especificar,2023,10,LUNES,9,Mañana,Dias laborables
,1,0,0,22597,03122,No aplica,Calle,Por alcance                                        ,,No inventariada,Calle,Municipal,Se desconoce,Seco y limpio,Sin luz natural y con iluminación artificial encen,Despejado,,Se desconoce,,Sin especificar,Sin especificar,Sin especificar,Sin especificar,Sin especificar,Sin especificar,Sin especificar,2023,11,DOMINGO,18,Noche,Fines de semana
,1,0,0,22598,03122,No aplica,Calle,Frontal                                            ,,No inventariada,Calle,Municipal,Se desconoce,Seco y limpio,"Luz del día natural, solar",Despejado,,Se desconoce,,Sin especificar,Sin especificar,Sin especificar,Sin especificar,Sin especificar,Sin especificar,Sin especificar,2023,11,MIÉRCOLES,9,Mañana,Dias laborables
,1,0,0,22599,03122,No aplica,Calle,Caída                                              ,,No inventariada,Calle,Municipal,Se desconoce,Seco y limpio,"Luz del día natural, solar",Despejado,,Se desconoce,,Sin especificar,Sin especificar,Sin especificar,Sin especificar,Sin especificar,Sin especificar,Sin especificar,2023,11,SÁBADO,11,Mañana,Fines de semana
0.7,2,0,0,22600,03122,Curva señalizada,Carretera,Lateral                                            ,CV-821,A-77a,Autovía,Estatal,Descendente,Seco y limpio,Sin luz natural y con iluminación artificial encen,Despejado,,Nivel blanco,,No,No,No,No,No,No,No,2023,11,JUEVES,19,Noche,Dias laborables
,1,0,0,22601,03122,No aplica,Calle,Fronto-lateral                                     ,,No inventariada,Calle,Municipal,Se desconoce,Seco y limpio,"Luz del día natural, solar",Despejado,,Se desconoce,,Sin especificar,Sin especificar,Sin especificar,Sin especificar,Sin especificar,Sin especificar,Sin especificar,2023,11,JUEVES,14,Tarde,Dias laborables
,1,0,0,22602,03122,No aplica,Calle,Por alcance                                        ,,No inventariada,Calle,Municipal,Se desconoce,Seco y limpio,"Luz del día natural, solar",Despejado,,Se desconoce,,Sin especificar,Sin especificar,Sin especificar,Sin especificar,Sin especificar,Sin especificar,Sin especificar,2023,11,MIÉRCOLES,14,Tarde,Dias laborables
0.2,1,0,0,22603,03014,Recta,Carretera,Por alcance                                        ,,A-77a,Autovía,Estatal,Descendente,Seco y limpio,"Luz del día natural, solar",Nublado,,Nivel blanco,,Sin especificar,Sin especificar,Sin especificar,Sin especificar,Sin especificar,Sin especificar,Sin especificar,2023,12,MIÉRCOLES,14,Tarde,Dias laborables
,0,1,0,22604,03122,No aplica,Calle,Caída                                              ,,No inventariada,Calle,Municipal,Se desconoce,Seco y limpio,"Luz del día natural, solar",Se desconoce,,Se desconoce,,Sin especificar,Sin especificar,Sin especificar,Sin especificar,Sin especificar,Sin especificar,Sin especificar,2023,10,LUNES,11,Mañana,Dias laborables
,3,0,0,22605,03122,No aplica,Calle,Otro tipo de accidente                             ,,No inventariada,Calle,Municipal,Se desconoce,Seco y limpio,"Luz del día natural, solar",Despejado,,Se desconoce,,Sin especificar,Sin especificar,Sin especificar,Sin especificar,Sin especificar,Sin especificar,Sin especificar,2023,5,VIERNES,12,Tarde,Dias laborables
15.7,2,0,0,22606,03123,Recta,Carretera,Salida de la vía por la derecha con colisión       ,,CV-830,Carretera Convencional de calzada única,Autonómica,Descendente,Seco y limpio,Sin luz natural ni artificial,Despejado,,Nivel blanco,,Sin especificar,Sin especificar,Sin especificar,Sin especificar,Sin especificar,Sin especificar,Sin especificar,2023,1,VIERNES,23,Noche,Dias laborables
193.165,1,0,0,22607,03123,Recta,Carretera,Colisión contra obstáculo o elemento de la vía     ,CV-80,A-31,Autovía,Estatal,Descendente,Seco y limpio,"Luz del día natural, solar",Despejado,,Nivel blanco,,No,No,No,No,No,No,No,2023,1,JUEVES,14,Tarde,Dias laborables
191.5,3,0,0,22608,03123,Recta,Carretera,Por alcance                                        ,,A-31,Autovía,Estatal,Descendente,Seco y limpio,"Luz del día natural, solar",Despejado,,Nivel verde,,Sin especificar,Sin especificar,Sin especificar,Sin especificar,Sin especificar,Sin especificar,Sin especificar,2023,1,DOMINGO,10,Mañana,Fines de semana
5.5,1,0,0,22609,03123,Recta,Carretera,Salida de la vía por la izquierda con vuelco       ,,CV-833,Carretera Convencional de calzada única,"Provincial, Cabildo/Consell",Ascendente,Seco y limpio,Sin luz natural ni artificial,Despejado,,Nivel blanco,,Sin especificar,Sin especificar,Sin especificar,Sin especificar,Sin especificar,Sin especificar,Sin especificar,2023,2,LUNES,1,Madrugada,Dias laborables
195.2,1,0,0,22610,03123,Recta,Carretera,Múltiple o en caravana                             ,,A-31,Autovía,Estatal,Ascendente,Seco y limpio,"Luz del día natural, solar",Despejado,,Nivel blanco,,Sin especificar,Sin especificar,Sin especificar,Sin especificar,Sin especificar,Sin especificar,Sin especificar,2023,3,VIERNES,9,Mañana,Dias laborables
196.9,1,0,0,22611,03123,Curva señalizada,Carretera,Salida de la vía por la izquierda con vuelco       ,,A-31,Autovía,Estatal,Descendente,Seco y limpio,Sin luz natural y con iluminación artificial no en,Despejado,,Nivel blanco,,Sin especificar,Sin especificar,Sin especificar,Sin especificar,Sin especificar,Sin especificar,Sin especificar,2023,3,DOMINGO,21,Noche,Fines de semana
4.1,1,0,0,22612,03123,Curva sin señalizar,Carretera,"Salida de la vía por la izquierda, otro tipo       ",,CV-0304-3,Camino vecinal,Municipal,Ambos,Seco y limpio,"Luz del día natural, solar",Despejado,,Nivel blanco,,Sin especificar,Sin especificar,Sin especificar,Sin especificar,Sin especificar,Sin especificar,Sin especificar,2023,4,SÁBADO,20,Noche,Fines de semana
192.0,3,0,0,22613,03123,Recta,Carretera,Colisión contra obstáculo o elemento de la vía     ,,A-31,Autovía,Estatal,Ascendente,Seco y limpio,"Luz del día natural, solar",Despejado,,Nivel blanco,,Sin especificar,Sin especificar,Sin especificar,Sin especificar,Sin especificar,Sin especificar,Sin especificar,2023,5,JUEVES,16,Tarde,Dias laborables
194.8,1,0,0,22614,03123,Recta,Carretera,Salida de la vía por la derecha con vuelco         ,,A-31,Autovía,Estatal,Descendente,Mojado,"Luz del día natural, solar",Lluvia débil,,Nivel blanco,,Sin especificar,Sin especificar,Sin especificar,Sin especificar,Sin especificar,Sin especificar,Sin especificar,2023,5,DOMINGO,8,Mañana,Fines de semana
197.992,1,0,0,22615,03123,Recta,Carretera,Por alcance                                        ,,A-31,Autovía,Estatal,Ascendente,Seco y limpio,"Luz del día natural, solar",Despejado,,Nivel blanco,,Sin especificar,Sin especificar,Sin especificar,Sin especificar,Sin especificar,Sin especificar,Sin especificar,2023,6,MIÉRCOLES,16,Tarde,Dias laborables
198.0,1,0,0,22616,03123,Recta,Carretera,Por alcance                                        ,,A-31,Autovía,Estatal,Ascendente,Seco y limpio,"Luz del día natural, solar",Despejado,,Nivel amarillo,,Sin especificar,Sin especificar,Sin especificar,Sin especificar,Sin especificar,Sin especificar,Sin especificar,2023,6,MIÉRCOLES,17,Tarde,Dias laborables
191.0,0,1,0,22617,03123,Recta,Carretera,Caída                                              ,,A-31,Autovía,Estatal,Descendente,Seco y limpio,"Luz del día natural, solar",Nublado,,Nivel blanco,,No,No,No,No,No,No,Sí,2023,6,DOMINGO,12,Tarde,Fines de semana
196.1,0,1,0,22618,03123,Recta,Carretera,Colisión contra obstáculo o elemento de la vía     ,,A-31,Autovía,Estatal,Ascendente,Seco y limpio,Sin luz natural y con iluminación artificial encen,Despejado,,Nivel blanco,,Sin especificar,Sin especificar,Sin especificar,Sin especificar,Sin especificar,Sin especificar,Sin especificar,2023,7,LUNES,1,Madrugada,Dias laborables
3.532,3,0,0,22619,03066,Recta,Carretera,Lateral                                            ,,CV-833,Carretera Convencional de calzada única,"Provincial, Cabildo/Consell",Ascendente,Seco y limpio,"Luz del día natural, solar",Despejado,,Nivel blanco,,No,No,No,No,No,No,No,2023,7,MIÉRCOLES,17,Tarde,Dias laborables
4.0,2,0,0,22620,03123,Curva señalizada,Carretera,Salida de la vía por la derecha con vuelco         ,,CV-833,Carretera Convencional de calzada única,Otra,Ascendente,Seco y limpio,"Luz del día natural, solar",Despejado,,Nivel blanco,,Sin especificar,Sin especificar,Sin especificar,Sin especificar,Sin especificar,Sin especificar,Sin especificar,2023,7,SÁBADO,16,Tarde,Fines de semana
191.1,1,0,0,22621,03123,Recta,Carretera,Salida de la vía por la izquierda con vuelco       ,,A-31,Autovía,Estatal,Descendente,Seco y limpio,"Luz del día natural, solar",Despejado,,Nivel blanco,,Sin especificar,Sin especificar,Sin especificar,Sin especificar,Sin especificar,Sin especificar,Sin especificar,2023,8,DOMINGO,13,Tarde,Fines de semana
196.0,1,0,0,22622,03123,Recta,Carretera,Salida de la vía por la derecha otro tipo          ,,A-31,Vía de servicio,Estatal,Ascendente,Seco y limpio,"Luz del día natural, solar",Despejado,,Nivel blanco,,Sin especificar,Sin especificar,Sin especificar,Sin especificar,Sin especificar,Sin especificar,Sin especificar,2023,8,JUEVES,10,Mañana,Dias laborables
193.005,4,0,0,22623,03123,Recta,Carretera,Múltiple o en caravana                             ,,A-31,Autovía,Estatal,Descendente,Seco y limpio,"Luz del día natural, solar",Despejado,,Nivel amarillo,,Sin especificar,Sin especificar,Sin especificar,Sin especificar,Sin especificar,Sin especificar,Sin especificar,2023,8,SÁBADO,11,Mañana,Fines de semana
1.73,1,0,0,22624,03066,Curva señalizada,Carretera,Salida de la vía por la derecha con colisión       ,,CV-833,Carretera Convencional de calzada única,"Provincial, Cabildo/Consell",Descendente,Con aceite,Sin luz natural ni artificial,Despejado,,Nivel blanco,,Sin especificar,Sin especificar,Sin especificar,Sin especificar,Sin especificar,Sin especificar,Sin especificar,2023,8,MIÉRCOLES,21,Noche,Dias laborables
196.959,2,0,0,22625,03123,Curva señalizada,Carretera,Salida de la vía por la derecha con vuelco         ,,A-31,Autovía,Estatal,Descendente,Mojado,Sin luz natural ni artificial,Lluvia fuerte,,Nivel blanco,,Sin especificar,Sin especificar,Sin especificar,Sin especificar,Sin especificar,Sin especificar,Sin especificar,2023,9,VIERNES,23,Noche,Dias laborables
194.2,1,0,0,22626,03123,Recta,Carretera,Por alcance                                        ,,A-31,Autovía,Estatal,Ascendente,Seco y limpio,"Luz del día natural, solar",Despejado,,Nivel blanco,,Sin especificar,Sin especificar,Sin especificar,Sin especificar,Sin especificar,Sin especificar,Sin especificar,2023,9,MIÉRCOLES,15,Tarde,Dias laborables
197.541,2,0,0,22627,03123,Recta,Carretera,Salida de la vía por la derecha con vuelco         ,,A-31,Autovía,Estatal,Ascendente,Seco y limpio,Sin luz natural ni artificial,Despejado,,Nivel blanco,,Sin especificar,Sin especificar,Sin especificar,Sin especificar,Sin especificar,Sin especificar,Sin especificar,2023,12,DOMINGO,5,Madrugada,Fines de semana
194.701,1,0,0,22628,03123,Curva sin señalizar,Carretera,Salida de la vía por la derecha otro tipo          ,,A-31,Autovía,Estatal,Descendente,Seco y limpio,"Luz del día natural, solar",Nublado,,Nivel blanco,,Sin especificar,Sin especificar,Sin especificar,Sin especificar,Sin especificar,Sin especificar,Sin especificar,2023,12,MIÉRCOLES,12,Tarde,Dias laborables
22.5,0,0,1,22629,00000,Curva señalizada,Carretera,Caída                                              ,,CV-770,Carretera Convencional de calzada única,"Provincial, Cabildo/Consell",Descendente,Seco y limpio,"Luz del día natural, solar",Despejado,,Nivel blanco,,Sin especificar,Sin especificar,Sin especificar,Sin especificar,Sin especificar,Sin especificar,Sin especificar,2023,6,DOMINGO,11,Mañana,Fines de semana
23.6,0,1,0,22630,00000,Curva señalizada,Carretera,Caída                                              ,,CV-770,Carretera Convencional de calzada única,"Provincial, Cabildo/Consell",Descendente,Seco y limpio,"Luz del día natural, solar",Despejado,,Nivel blanco,,Sin especificar,Sin especificar,Sin especificar,Sin especificar,Sin especificar,Sin especificar,Sin especificar,2023,12,DOMINGO,13,Tarde,Fines de semana
621.3,2,0,0,22631,00000,Curva señalizada,Carretera,Fronto-lateral                                     ,,AP-7,Autopista libre,Estatal,Ascendente,Seco y limpio,"Luz del día natural, solar",Despejado,,Nivel blanco,,Sin especificar,Sin especificar,Sin especificar,Sin especificar,Sin especificar,Sin especificar,Sin especificar,2023,2,LUNES,9,Mañana,Dias laborables
0.1,3,0,0,22632,00000,Recta,Carretera,Frontal                                            ,,No inventariada,Otro,Municipal,Ascendente,Seco y limpio,"Luz del día natural, solar",Despejado,,Nivel blanco,,Sin especificar,Sin especificar,Sin especificar,Sin especificar,Sin especificar,Sin especificar,Sin especificar,2023,4,JUEVES,20,Noche,Dias laborables
43.5,1,0,0,22633,00000,Curva señalizada,Carretera,"Salida de la vía por la izquierda, otro tipo       ",,CV-715,Carretera Convencional de calzada única,Autonómica,Ascendente,Mojado,"Luz del día natural, solar",Despejado,,Se desconoce,,Sin especificar,Sin especificar,Sin especificar,Sin especificar,Sin especificar,Sin especificar,Sin especificar,2023,1,VIERNES,13,Tarde,Dias laborables
0.7,1,0,0,22634,00000,Curva señalizada,Carretera,Salida de la vía por la derecha con colisión       ,,CV-752,Carretera Convencional de calzada única,"Provincial, Cabildo/Consell",Descendente,Seco y limpio,"Luz del día natural, solar",Despejado,,Nivel blanco,,Sin especificar,Sin especificar,Sin especificar,Sin especificar,Sin especificar,Sin especificar,Sin especificar,2023,1,DOMINGO,12,Tarde,Fines de semana
42.3,1,0,0,22635,00000,Recta,Carretera,Vuelco                                             ,,CV-715,Carretera Convencional de calzada única,Autonómica,Ascendente,Seco y limpio,"Luz del día natural, solar",Despejado,,Sin especificar,,Sin especificar,Sin especificar,Sin especificar,Sin especificar,Sin especificar,Sin especificar,Sin especificar,2023,2,LUNES,17,Tarde,Dias laborables
32.4,1,0,0,22636,00000,Curva señalizada,Carretera,Caída                                              ,,CV-715,Carretera Convencional de calzada única,Autonómica,Ascendente,Seco y limpio,"Luz del día natural, solar",Despejado,,Nivel blanco,,Sin especificar,Sin especificar,Sin especificar,Sin especificar,Sin especificar,Sin especificar,Sin especificar,2023,4,DOMINGO,18,Noche,Fines de semana
11.0,1,0,0,22637,03102,Curva señalizada,Carretera,Salida de la vía por la izquierda con vuelco       ,,CV-715,Carretera Convencional de calzada única,Autonómica,Ascendente,Seco y limpio,"Luz del día natural, solar",Despejado,,Nivel verde,,Sin especificar,Sin especificar,Sin especificar,Sin especificar,Sin especificar,Sin especificar,Sin especificar,2023,7,VIERNES,9,Mañana,Dias laborables
0.6,1,0,0,22638,00000,Curva señalizada,Carretera,Otro tipo de accidente                             ,,CV-752,Carretera Convencional de calzada única,"Provincial, Cabildo/Consell",Ambos,Seco y limpio,"Luz del día natural, solar",Despejado,,Sin especificar,,Sin especificar,Sin especificar,Sin especificar,Sin especificar,Sin especificar,Sin especificar,Sin especificar,2023,7,DOMINGO,9,Mañana,Fines de semana
11.8,0,0,1,22639,03128,Recta,Carretera,Salida de la vía por la derecha con colisión       ,,CV-745,Carretera Convencional de calzada única,"Provincial, Cabildo/Consell",Descendente,Seco y limpio,"Luz del día natural, solar",Despejado,,Nivel blanco,,Sin especificar,Sin especificar,Sin especificar,Sin especificar,Sin especificar,Sin especificar,Sin especificar,2023,2,VIERNES,13,Tarde,Dias laborables
,1,0,0,22640,03128,No aplica,Calle,Lateral                                            ,,No inventariada,Calle,"Provincial, Cabildo/Consell",Se desconoce,Seco y limpio,"Luz del día natural, solar",Despejado,,Sin especificar,,No,No,Sí,No,No,No,No,2023,2,VIERNES,17,Tarde,Dias laborables
2.7,1,0,0,22641,03128,Curva señalizada,Carretera,Lateral                                            ,,CV-743,Carretera Convencional de calzada única,"Provincial, Cabildo/Consell",Ascendente,Seco y limpio,"Luz del día natural, solar",Despejado,,Nivel blanco,,No,No,Sí,No,No,Sí,No,2023,6,VIERNES,9,Mañana,Dias laborables
,1,0,0,22642,03128,No aplica,Calle,Fronto-lateral                                     ,,No inventariada,Calle,Municipal,Se desconoce,Seco y limpio,"Luz del día natural, solar",Despejado,,Sin especificar,,No,No,No,No,No,No,No,2023,4,VIERNES,19,Noche,Dias laborables
10.52,1,0,0,22643,03128,Recta,Carretera,Lateral                                            ,,CV-746,Carretera Convencional de calzada única,"Provincial, Cabildo/Consell",Ascendente,Seco y limpio,"Luz del día natural, solar",Despejado,,Sin especificar,,No,No,No,No,No,No,No,2023,3,MARTES,19,Noche,Dias laborables
10.41,1,0,0,22644,03128,Recta,Carretera,Colisión contra obstáculo o elemento de la vía     ,,CV-746,Carretera Convencional de calzada única,"Provincial, Cabildo/Consell",Ascendente,Seco y limpio,"Luz del día natural, solar",Despejado,,Sin especificar,,Sin especificar,Sin especificar,Sin especificar,Sin especificar,Sin especificar,Sin especificar,Sin especificar,2023,2,DOMINGO,11,Mañana,Fines de semana
5.27,1,0,0,22645,03128,Se desconoce,Carretera,Lateral                                            ,CV-743,CV-743,Carretera Convencional de calzada única,"Provincial, Cabildo/Consell",Descendente,Seco y limpio,"Luz del día natural, solar",Despejado,,Sin especificar,,No,No,No,No,No,No,No,2023,3,JUEVES,11,Mañana,Dias laborables
8.834,1,0,0,22646,03128,Recta,Carretera,Caída                                              ,,CV-746,Carretera Convencional de calzada única,"Provincial, Cabildo/Consell",Ascendente,Seco y limpio,Sin luz natural y con iluminación artificial encen,Despejado,,Nivel blanco,,No,No,No,No,No,Sí,No,2023,7,VIERNES,22,Noche,Dias laborables
,0,1,0,22647,03128,No aplica,Calle,Frontal                                            ,,No inventariada,Calle,Municipal,Se desconoce,Seco y limpio,Sin luz natural y con iluminación artificial encen,Despejado,,Sin especificar,,No,No,No,No,No,No,No,2023,7,LUNES,23,Noche,Dias laborables
,1,0,0,22648,03128,No aplica,Calle,Salida de la vía por la derecha con colisión       ,,No inventariada,Calle,Municipal,Se desconoce,Seco y limpio,"Luz del día natural, solar",Despejado,,Sin especificar,,Sin especificar,Sin especificar,Sin especificar,Sin especificar,Sin especificar,Sin especificar,Sin especificar,2023,8,JUEVES,16,Tarde,Dias laborables
5.25,1,0,0,22649,03128,Curva señalizada,Carretera,Lateral                                            ,,CV-743,Carretera Convencional de calzada única,"Provincial, Cabildo/Consell",Descendente,Seco y limpio,Sin luz natural y con iluminación artificial encen,Despejado,,Sin especificar,,No,No,Sí,No,No,Sí,No,2023,7,LUNES,22,Noche,Dias laborables
,1,0,0,22650,03128,No aplica,Calle,Frontal                                            ,,No inventariada,Calle,Municipal,Se desconoce,Seco y limpio,"Luz del día natural, solar",Despejado,,Sin especificar,,No,No,No,No,No,No,No,2023,6,DOMINGO,17,Tarde,Fines de semana
2.734,2,0,0,22651,03128,Recta,Carretera,Fronto-lateral                                     ,,CV-737,Carretera Convencional de calzada única,"Provincial, Cabildo/Consell",Ambos,Seco y limpio,"Luz del día natural, solar",Despejado,,Nivel blanco,,Sin especificar,Sin especificar,Sin especificar,Sin especificar,Sin especificar,Sin especificar,Sin especificar,2023,8,JUEVES,7,Mañana,Dias laborables
1.571,5,0,0,22652,03128,Recta,Carretera,Por alcance                                        ,,CV-743,Carretera Convencional de calzada única,"Provincial, Cabildo/Consell",Descendente,Seco y limpio,"Luz del día natural, solar",Despejado,,Nivel blanco,,Sin especificar,Sin especificar,Sin especificar,Sin especificar,Sin especificar,Sin especificar,Sin especificar,2023,8,VIERNES,9,Mañana,Dias laborables
9.2,1,0,0,22653,03128,Curva sin señalizar,Carretera,Fronto-lateral                                     ,,CV-746,Carretera Convencional de calzada única,"Provincial, Cabildo/Consell",Descendente,Seco y limpio,"Luz del día natural, solar",Despejado,,Sin especificar,,No,No,No,No,No,No,Sí,2023,9,LUNES,14,Tarde,Dias laborables
2.6,1,0,0,22654,03128,Curva señalizada,Carretera,Salida de la vía por la derecha con colisión       ,,CV-740,Carretera Convencional de calzada única,"Provincial, Cabildo/Consell",Descendente,Seco y limpio,"Luz del día natural, solar",Despejado,,Nivel blanco,,Sin especificar,Sin especificar,Sin especificar,Sin especificar,Sin especificar,Sin especificar,Sin especificar,2023,10,SÁBADO,19,Noche,Fines de semana
9.7,1,0,0,22655,03128,Curva señalizada,Carretera,Caída                                              ,,CV-746,Carretera Convencional de calzada única,"Provincial, Cabildo/Consell",Ascendente,Seco y limpio,"Luz del día natural, solar",Despejado,,Sin especificar,,Sin especificar,Sin especificar,Sin especificar,Sin especificar,Sin especificar,Sin especificar,Sin especificar,2023,8,MIÉRCOLES,13,Tarde,Dias laborables
,1,0,0,22656,03128,No aplica,Calle,Frontal                                            ,,No inventariada,Calle,Municipal,Se desconoce,Seco y limpio,"Luz del día natural, solar",Despejado,,Sin especificar,,Sin especificar,Sin especificar,Sin especificar,Sin especificar,Sin especificar,Sin especificar,Sin especificar,2023,9,MIÉRCOLES,18,Noche,Dias laborables
0.2,1,0,0,22657,03128,Recta,Carretera,Por alcance                                        ,,CV-740,Carretera Convencional de calzada única,"Provincial, Cabildo/Consell",Ascendente,Seco y limpio,"Luz del día natural, solar",Despejado,,Nivel blanco,,No,No,Sí,No,No,Sí,No,2023,11,DOMINGO,12,Tarde,Fines de semana
1.95,4,0,0,22658,03128,Recta,Carretera,Salida de la vía por la izquierda con despeñamiento,,CV-743,Carretera Convencional de calzada única,"Provincial, Cabildo/Consell",Ascendente,Seco y limpio,Sin luz natural ni artificial,Despejado,,Nivel blanco,,Sin especificar,Sin especificar,Sin especificar,Sin especificar,Sin especificar,Sin especificar,Sin especificar,2023,11,SÁBADO,5,Madrugada,Fines de semana
9.8,1,0,0,22659,03128,Recta,Carretera,Salida de la vía por la izquierda con despeñamiento,,CV-746,Carretera Convencional de calzada única,"Provincial, Cabildo/Consell",Ascendente,Seco y limpio,"Amanecer o atardecer, sin luz artificial",Despejado,Niebla ligera,Nivel blanco,,Sin especificar,Sin especificar,Sin especificar,Sin especificar,Sin especificar,Sin especificar,Sin especificar,2023,11,MARTES,17,Tarde,Dias laborables