KM,TOTAL_HL24H,TOTAL_HG24H,TOTAL_MU24H,id,COD_MUNICIPIO,TRAZADO_PLANTA,ZONA,TIPO_ACCIDENTE,CARRETERA_CRUCE,CARRETERA,TIPO_VIA,TITULARIDAD_VIA,SENTIDO_1F,CONDICION_FIRME,CONDICION_ILUMINACION,CONDICION_METEO,CONDICION_NIEBLA,CONDICION_NIVEL_CIRCULA,CONDICION_VIENTO,PRIORI_AGENTE,PRIORI_CIRCUNSTANCIAL,PRIORI_HORIZ_CEDA,PRIORI_HORIZ_STOP,PRIORI_SEMAFORO,PRIORI_VERT_CEDA,PRIORI_VERT_STOP,ANYO,MES,DIA,HORA,FRANJA_HORARIA,TIPO_DIA
,2,0,0,24102,03018,No aplica,Calle,Caída                                              ,,No inventariada,Calle,Municipal,Se desconoce,Seco y limpio,"Luz del día natural, solar",Despejado,,Sin especificar,,No,No,No,No,No,No,No,2024,7,SÁBADO,20,Noche,Fines de semana
,1,0,0,24103,03018,No aplica,Calle,Fronto-lateral                                     ,,No inventariada,Calle,Municipal,Se desconoce,Seco y limpio,"Luz del día natural, solar",Despejado,,Sin especificar,,Sin especificar,Sin especificar,Sin especificar,Sin especificar,Sin especificar,Sin especificar,Sin especificar,2024,7,LUNES,10,Mañana,Dias laborables
,1,0,0,24104,03018,No aplica,Calle,Por alcance                                        ,,No inventariada,Calle,Municipal,Se desconoce,Seco y limpio,"Luz del día natural, solar",Despejado,,Sin especificar,,Sin especificar,Sin especificar,Sin especificar,Sin especificar,Sin especificar,Sin especificar,Sin especificar,2024,7,MIÉRCOLES,13,Tarde,Dias laborables
,1,0,0,24105,03018,No aplica,Calle,Atropello a personas                               ,,No inventariada,Calle,Municipal,Se desconoce,Seco y limpio,"Luz del día natural, solar",Despejado,,Sin especificar,,No,No,No,No,No,Sí,No,2024,8,DOMINGO,18,Noche,Fines de semana
,2,0,0,24106,03018,No aplica,Calle,Lateral                                            ,,No inventariada,Calle,Municipal,Se desconoce,Seco y limpio,"Luz del día natural, solar",Despejado,,Sin especificar,,No,No,No,No,No,No,Sí,2024,8,MIÉRCOLES,9,Mañana,Dias laborables
,1,0,0,24107,03018,No aplica,Calle,Por alcance                                        ,,No inventariada,Calle,Municipal,Se desconoce,Seco y limpio,"Luz del día natural, solar",Despejado,,Sin especificar,,Sin especificar,Sin especificar,Sin especificar,Sin especificar,Sin especificar,Sin especificar,Sin especificar,2024,8,JUEVES,19,Noche,Dias laborables
,1,0,0,24108,03018,No aplica,Calle,Por alcance                                        ,,No inventariada,Calle,Municipal,Se desconoce,Seco y limpio,"Luz del día natural, solar",Despejado,,Sin especificar,,Sin especificar,Sin especificar,Sin especificar,Sin especificar,Sin especificar,Sin especificar,Sin especificar,2024,8,VIERNES,17,Tarde,Dias laborables
,1,2,0,24109,03018,No aplica,Calle,Fronto-lateral                                     ,,No inventariada,Otro,Municipal,Se desconoce,Seco y limpio,"Amanecer o atardecer, sin luz artificial",Despejado,,Nivel blanco,,Sin especificar,Sin especificar,Sin especificar,Sin especificar,Sin especificar,Sin especificar,Sin especificar,2024,8,SÁBADO,21,Noche,Fines de semana
,1,0,0,24110,03018,No aplica,Calle,Por alcance                                        ,,No inventariada,Calle,Municipal,Se desconoce,Seco y limpio,"Luz del día natural, solar",Despejado,,Sin especificar,,Sin especificar,Sin especificar,Sin especificar,Sin especificar,Sin especificar,Sin especificar,Sin especificar,2024,8,MARTES,6,Mañana,Dias laborables
,1,0,0,24111,03018,No aplica,Calle,Atropello a personas                               ,,No inventariada,Calle,Municipal,Se desconoce,Seco y limpio,"Luz del día natural, solar",Despejado,,Nivel blanco,,Sin especificar,Sin especificar,Sin especificar,Sin especificar,Sin especificar,Sin especificar,Sin especificar,2024,8,MARTES,11,Mañana,Dias laborables
,1,0,0,24112,03018,No aplica,Calle,Fronto-lateral                                     ,,No inventariada,Calle,Municipal,Se desconoce,Seco y limpio,"Luz del día natural, solar",Despejado,,Sin especificar,,Sin especificar,Sin especificar,Sin especificar,Sin especificar,Sin especificar,Sin especificar,Sin especificar,2024,8,MARTES,17,Tarde,Dias laborables
,1,0,0,24113,03018,No aplica,Calle,Fronto-lateral                                     ,,No inventariada,Calle,Municipal,Se desconoce,Seco y limpio,"Luz del día natural, solar",Despejado,,Nivel blanco,,No,No,No,No,No,No,No,2024,8,JUEVES,13,Tarde,Dias laborables
,1,0,0,24114,03018,No aplica,Calle,Atropello a personas                               ,,No inventariada,Calle,Municipal,Se desconoce,Seco y limpio,Sin luz natural y con iluminación artificial encen,Despejado,,Sin especificar,,Sin especificar,Sin especificar,Sin especificar,Sin especificar,Sin especificar,Sin especificar,Sin especificar,2024,8,SÁBADO,20,Noche,Fines de semana
,1,0,0,24115,03018,No aplica,Calle,Por alcance                                        ,,No inventariada,Calle,Municipal,Se desconoce,Seco y limpio,"Luz del día natural, solar",Despejado,,Sin especificar,,Sin especificar,Sin especificar,Sin especificar,Sin especificar,Sin especificar,Sin especificar,Sin especificar,2024,8,VIERNES,16,Tarde,Dias laborables
,1,0,0,24116,03018,No aplica,Calle,Caída                                              ,,No inventariada,Calle,Municipal,Se desconoce,Mojado,Sin luz natural y con iluminación artificial encen,Se desconoce,,Sin especificar,,Sin especificar,Sin especificar,Sin especificar,Sin especificar,Sin especificar,Sin especificar,Sin especificar,2024,9,LUNES,8,Mañana,Dias laborables
,1,0,0,24117,03018,No aplica,Calle,Fronto-lateral                                     ,,No inventariada,Calle,Municipal,Se desconoce,Seco y limpio,Sin luz natural y con iluminación artificial encen,Despejado,,Sin especificar,,No,No,No,No,No,No,No,2024,9,JUEVES,6,Mañana,Dias laborables
,1,0,0,24118,03018,No aplica,Calle,Atropello a personas                               ,,No inventariada,Calle,Municipal,Se desconoce,Seco y limpio,"Luz del día natural, solar",Nublado,,Sin especificar,,Sin especificar,Sin especificar,Sin especificar,Sin especificar,Sin especificar,Sin especificar,Sin especificar,2024,9,MIÉRCOLES,13,Tarde,Dias laborables
,1,0,0,24119,03018,No aplica,Calle,Fronto-lateral                                     ,,No inventariada,Calle,Municipal,Se desconoce,Seco y limpio,"Luz del día natural, solar",Despejado,,Sin especificar,,No,No,No,No,No,No,No,2024,9,DOMINGO,13,Tarde,Fines de semana
,0,2,0,24120,03018,No aplica,Calle,Fronto-lateral                                     ,,No inventariada,Calle,Municipal,Se desconoce,Seco y limpio,"Luz del día natural, solar",Despejado,,Sin especificar,,Sin especificar,Sin especificar,Sin especificar,Sin especificar,Sin especificar,Sin especificar,Sin especificar,2024,9,MIÉRCOLES,15,Tarde,Dias laborables
,1,0,0,24121,03018,No aplica,Calle,Atropello a personas                               ,,No inventariada,Calle,Municipal,Se desconoce,Seco y limpio,"Luz del día natural, solar",Despejado,,Sin especificar,,Sin especificar,Sin especificar,Sin especificar,Sin especificar,Sin especificar,Sin especificar,Sin especificar,2024,10,MARTES,9,Mañana,Dias laborables
,1,0,0,24122,03018,No aplica,Calle,Fronto-lateral                                     ,,No inventariada,Calle,Municipal,Se desconoce,Seco y limpio,"Luz del día natural, solar",Despejado,,Sin especificar,,Sin especificar,Sin especificar,Sin especificar,Sin especificar,Sin especificar,Sin especificar,Sin especificar,2024,10,MIÉRCOLES,10,Mañana,Dias laborables
156.1,1,0,0,24123,03018,Curva señalizada,Carretera,Fronto-lateral                                     ,,N-332,Carretera Convencional de calzada única,Otra,Ascendente,Seco y limpio,"Luz del día natural, solar",Despejado,,Nivel blanco,,No,No,No,No,No,No,No,2024,11,MIÉRCOLES,7,Mañana,Dias laborables
,1,0,0,24124,03018,No aplica,Calle,Atropello a personas                               ,,No inventariada,Calle,Municipal,Se desconoce,Seco y limpio,Sin luz natural y con iluminación artificial encen,Despejado,,Sin especificar,,Sin especificar,Sin especificar,Sin especificar,Sin especificar,Sin especificar,Sin especificar,Sin especificar,2024,10,VIERNES,7,Mañana,Dias laborables
,0,1,0,24125,03018,No aplica,Calle,Atropello a personas                               ,,No inventariada,Calle,Municipal,Se desconoce,Seco y limpio,"Luz del día natural, solar",Despejado,,Sin especificar,,Sin especificar,Sin especificar,Sin especificar,Sin especificar,Sin especificar,Sin especificar,Sin especificar,2024,10,JUEVES,9,Mañana,Dias laborables
17.907,1,1,0,24126,03018,Curva señalizada,Carretera,Salida de la vía por la derecha con despeñamiento  ,,CV-755,Carretera Convencional de calzada única,Autonómica,Descendente,Seco y limpio,"Luz del día natural, solar",Despejado,,Nivel blanco,,Sin especificar,Sin especificar,Sin especificar,Sin especificar,Sin especificar,Sin especificar,Sin especificar,2024,11,MIÉRCOLES,11,Mañana,Dias laborables
21.8,2,0,0,24127,03018,Recta,Carretera,Por alcance                                        ,AP-7,CV-755,Carretera Convencional de calzada única,Municipal,Descendente,Seco y limpio,"Luz del día natural, solar",Despejado,,Nivel blanco,,No,No,Sí,No,No,Sí,No,2024,11,VIERNES,13,Tarde,Dias laborables
162.3,2,0,0,24128,03018,Curva señalizada,Carretera,Fronto-lateral                                     ,N-332,N-332,Carretera Convencional de calzada única,Estatal,Descendente,Seco y limpio,"Luz del día natural, solar",Despejado,,Nivel blanco,,No,No,No,Sí,No,No,No,2024,12,VIERNES,10,Mañana,Dias laborables
0.5,0,0,1,24129,03019,Curva señalizada,Carretera,Salida de la vía por la derecha con colisión       ,,CV-847,Carretera Convencional de calzada única,"Provincial, Cabildo/Consell",Ascendente,Seco y limpio,Sin luz natural y con iluminación artificial no en,Despejado,,Nivel blanco,,Sin especificar,Sin especificar,Sin especificar,Sin especificar,Sin especificar,Sin especificar,Sin especificar,2024,1,MARTES,5,Madrugada,Dias laborables
0.325,1,0,0,24130,03019,Curva señalizada,Carretera,Salida de la vía por la izquierda con colisión     ,,CV-847,Carretera Convencional de doble calzada,Autonómica,Descendente,Seco y limpio,Sin luz natural ni artificial,Despejado,,Nivel blanco,,Sin especificar,Sin especificar,Sin especificar,Sin especificar,Sin especificar,Sin especificar,Sin especificar,2024,1,MIÉRCOLES,20,Noche,Dias laborables
5.7,1,0,0,24131,03019,Curva señalizada,Carretera,Salida de la vía por la derecha con vuelco         ,N-325,N-325,Carretera Convencional de calzada única,Estatal,Ascendente,Mojado,Sin luz natural y con iluminación artificial encen,Lluvia débil,,Nivel blanco,,No,No,No,No,No,Sí,No,2024,2,VIERNES,19,Noche,Dias laborables
10.3,0,0,2,24132,03019,Curva señalizada,Carretera,Frontal                                            ,,N-325,Carretera Convencional de calzada única,Estatal,Descendente,Seco y limpio,Sin luz natural ni artificial,Despejado,,Nivel blanco,,Sin especificar,Sin especificar,Sin especificar,Sin especificar,Sin especificar,Sin especificar,Sin especificar,2024,2,MARTES,19,Noche,Dias laborables
9.178,4,0,0,24133,03019,Curva señalizada,Carretera,Salida de la vía por la derecha con colisión       ,,N-325,Carretera Convencional de calzada única,Estatal,Ascendente,Seco y limpio,Sin luz natural y con iluminación artificial encen,Despejado,,Nivel verde,,Sin especificar,Sin especificar,Sin especificar,Sin especificar,Sin especificar,Sin especificar,Sin especificar,2024,3,DOMINGO,3,Madrugada,Fines de semana
3.873,1,0,0,24134,03065,Curva sin señalizar,Carretera,"Salida de la vía por la izquierda, otro tipo       ",,CV-84,Carretera Convencional de doble calzada,Autonómica,Descendente,Seco y limpio,"Amanecer o atardecer, sin luz artificial",Despejado,,Nivel blanco,Viento fuerte,Sin especificar,Sin especificar,Sin especificar,Sin especificar,Sin especificar,Sin especificar,Sin especificar,2024,3,DOMINGO,19,Noche,Fines de semana
1.11,1,0,0,24135,03019,Recta,Carretera,Fronto-lateral                                     ,CV-846,CV-846,Carretera Convencional de calzada única,Autonómica,Ascendente,Seco y limpio,"Luz del día natural, solar",Despejado,,Nivel amarillo,,No,No,No,Sí,No,No,Sí,2024,4,JUEVES,17,Tarde,Dias laborables
5.8,1,0,0,24136,03019,Recta,Carretera,Salida de la vía por la derecha con vuelco         ,,CV-84,Carretera Convencional de doble calzada,Autonómica,Ascendente,Seco y limpio,"Luz del día natural, solar",Despejado,,Nivel blanco,,Sin especificar,Sin especificar,Sin especificar,Sin especificar,Sin especificar,Sin especificar,Sin especificar,2024,5,SÁBADO,12,Tarde,Fines de semana
1.7,2,0,0,24137,03019,Recta,Carretera,Por alcance                                        ,,CV-845,Carretera Convencional de calzada única,Autonómica,Ascendente,Seco y limpio,"Luz del día natural, solar",Despejado,,Nivel blanco,,Sin especificar,Sin especificar,Sin especificar,Sin especificar,Sin especificar,Sin especificar,Sin especificar,2024,7,MARTES,10,Mañana,Dias laborables
5.5,1,0,0,24138,03019,Curva sin señalizar,Carretera,Salida de la vía por la derecha otro tipo          ,,CV-84,Carretera Convencional de doble calzada,Autonómica,Ascendente,Seco y limpio,"Luz del día natural, solar",Despejado,,Nivel blanco,,Sin especificar,Sin especificar,Sin especificar,Sin especificar,Sin especificar,Sin especificar,Sin especificar,2024,7,LUNES,15,Tarde,Dias laborables
13.0,1,1,0,24139,03019,Curva señalizada,Carretera,Frontal                                            ,,N-325,Carretera Convencional de calzada única,Estatal,Ambos,Seco y limpio,"Luz del día natural, solar",Despejado,,Nivel blanco,,Sin especificar,Sin especificar,Sin especificar,Sin especificar,Sin especificar,Sin especificar,Sin especificar,2024,8,VIERNES,14,Tarde,Dias laborables
10.911,1,0,0,24140,03019,Recta,Carretera,Otro tipo de accidente                             ,,N-325,Carretera Convencional de calzada única,Estatal,Ascendente,Seco y limpio,"Luz del día natural, solar",Despejado,,Nivel blanco,,Sin especificar,Sin especificar,Sin especificar,Sin especificar,Sin especificar,Sin especificar,Sin especificar,2024,8,DOMINGO,15,Tarde,Fines de semana
2.7,1,0,0,24141,03019,Recta,Carretera,Salida de la vía por la derecha otro tipo          ,,CV-845,Carretera Convencional de calzada única,Autonómica,Ascendente,Seco y limpio,"Amanecer o atardecer, sin luz artificial",Despejado,,Nivel blanco,,Sin especificar,Sin especificar,Sin especificar,Sin especificar,Sin especificar,Sin especificar,Sin especificar,2024,9,DOMINGO,7,Mañana,Fines de semana
8.777,1,0,0,24142,03088,Se desconoce,Carretera,"Salida de la vía por la izquierda, otro tipo       ",CV-847,CV-847,Carretera Convencional de calzada única,Autonómica,Descendente,Seco y limpio,"Amanecer o atardecer, sin luz artificial",Nublado,,Nivel verde,,No,No,No,No,No,No,No,2024,11,VIERNES,17,Tarde,Dias laborables
4.7,1,0,0,24143,03019,Curva sin señalizar,Carretera,"Salida de la vía por la izquierda, otro tipo       ",,CV-84,Carretera Convencional de doble calzada,Autonómica,Ascendente,Seco y limpio,Sin luz natural y con iluminación artificial encen,Despejado,,Sin especificar,,Sin especificar,Sin especificar,Sin especificar,Sin especificar,Sin especificar,Sin especificar,Sin especificar,2024,11,SÁBADO,23,Noche,Fines de semana
6.346,1,0,0,24144,03019,Recta,Carretera,Salida de la vía por la derecha con vuelco         ,,CV-846,Carretera Convencional de calzada única,Autonómica,Ascendente,Seco y limpio,"Luz del día natural, solar",Despejado,,Nivel blanco,,Sin especificar,Sin especificar,Sin especificar,Sin especificar,Sin especificar,Sin especificar,Sin especificar,2024,12,VIERNES,8,Mañana,Dias laborables
1.684,1,0,0,24145,03019,Recta,Carretera,Por alcance                                        ,,CV-845,Carretera Convencional de doble calzada,Autonómica,Ascendente,Seco y limpio,"Luz del día natural, solar",Despejado,,Nivel blanco,,Sin especificar,Sin especificar,Sin especificar,Sin especificar,Sin especificar,Sin especificar,Sin especificar,2024,12,SÁBADO,12,Tarde,Fines de semana
1.9,0,0,1,24146,00000,Curva señalizada,Carretera,Salida de la vía por la izquierda con vuelco       ,,CV-720,Carretera Convencional de calzada única,Autonómica,Descendente,Seco y limpio,"Luz del día natural, solar",Despejado,,Nivel blanco,,Sin especificar,Sin especificar,Sin especificar,Sin especificar,Sin especificar,Sin especificar,Sin especificar,2024,6,SÁBADO,11,Mañana,Fines de semana
,2,0,0,24147,03021,No aplica,Calle,Fronto-lateral                                     ,,No inventariada,Calle,Municipal,Se desconoce,Mojado,Sin luz natural y con iluminación artificial encen,Nublado,Niebla ligera,Nivel blanco,,No,No,Sí,No,No,Sí,No,2024,1,VIERNES,7,Mañana,Dias laborables
7.495,1,0,0,24148,03021,Curva señalizada,Carretera,Salida de la vía por la derecha con colisión       ,,CV-803,Carretera Convencional de calzada única,"Provincial, Cabildo/Consell",Ascendente,Seco y limpio,"Luz del día natural, solar",Despejado,,Nivel blanco,,Sin especificar,Sin especificar,Sin especificar,Sin especificar,Sin especificar,Sin especificar,Sin especificar,2024,3,SÁBADO,12,Tarde,Fines de semana
,0,0,1,24149,03021,No aplica,Calle,Salida de la vía por la derecha con colisión       ,,No inventariada,Calle,Municipal,Se desconoce,Seco y limpio,"Luz del día natural, solar",Despejado,,Nivel blanco,,Sin especificar,Sin especificar,Sin especificar,Sin especificar,Sin especificar,Sin especificar,Sin especificar,2024,4,JUEVES,11,Mañana,Dias laborables
,1,0,0,24150,03021,No aplica,Calle,Salida de la vía por la izquierda con colisión     ,,No inventariada,Calle,"Provincial, Cabildo/Consell",Se desconoce,Seco y limpio,"Amanecer o atardecer, con luz artificial",Despejado,,Nivel blanco,,Sin especificar,Sin especificar,Sin especificar,Sin especificar,Sin especificar,Sin especificar,Sin especificar,2024,3,SÁBADO,20,Noche,Fines de semana
,1,1,0,24151,03021,No aplica,Calle,Salida de la vía por la izquierda con colisión     ,,No inventariada,Calle,"Provincial, Cabildo/Consell",Se desconoce,Mojado,Sin luz natural y con iluminación artificial encen,Lluvia débil,,Nivel blanco,,Sin especificar,Sin especificar,Sin especificar,Sin especificar,Sin especificar,Sin especificar,Sin especificar,2024,4,LUNES,3,Madrugada,Dias laborables
9.145,1,0,0,24152,03021,Curva sin señalizar,Carretera,Salida de la vía por la derecha otro tipo          ,,CV-803,Carretera Convencional de calzada única,"Provincial, Cabildo/Consell",Ascendente,Seco y limpio,"Luz del día natural, solar",Despejado,,Nivel blanco,,Sin especificar,Sin especificar,Sin especificar,Sin especificar,Sin especificar,Sin especificar,Sin especificar,2024,5,SÁBADO,10,Mañana,Fines de semana
,1,0,0,24153,03021,No aplica,Calle,Lateral                                            ,,No inventariada,Calle,"Provincial, Cabildo/Consell",Se desconoce,Seco y limpio,"Luz del día natural, solar",Despejado,,Nivel blanco,,No,No,No,No,No,No,No,2024,5,JUEVES,15,Tarde,Dias laborables
0.8,2,0,0,24154,03021,Recta,Carretera,Salida de la vía por la derecha otro tipo          ,,CAMI PENYE,Camino vecinal,Municipal,Descendente,Seco y limpio,"Luz del día natural, solar",Despejado,,Nivel verde,,Sin especificar,Sin especificar,Sin especificar,Sin especificar,Sin especificar,Sin especificar,Sin especificar,2024,7,DOMINGO,11,Mañana,Fines de semana
,1,0,0,24155,03021,No aplica,Calle,Por alcance                                        ,,No inventariada,Calle,Municipal,Se desconoce,Seco y limpio,"Luz del día natural, solar",Despejado,,Nivel blanco,,No,No,No,No,No,No,Sí,2024,7,LUNES,9,Mañana,Dias laborables
7.5,1,0,0,24156,03021,Curva señalizada,Carretera,Salida de la vía por la izquierda con colisión     ,,CV-803,Carretera Convencional de calzada única,Autonómica,Descendente,Seco y limpio,Sin luz natural ni artificial,Despejado,,Nivel verde,,Sin especificar,Sin especificar,Sin especificar,Sin especificar,Sin especificar,Sin especificar,Sin especificar,2024,7,SÁBADO,2,Madrugada,Fines de semana
11.653,1,0,0,24157,03021,Recta,Carretera,Atropello a animales                               ,,CV-804,Carretera Convencional de doble calzada,Autonómica,Descendente,Seco y limpio,"Amanecer o atardecer, sin luz artificial",Despejado,,Nivel blanco,,Sin especificar,Sin especificar,Sin especificar,Sin especificar,Sin especificar,Sin especificar,Sin especificar,2024,8,VIERNES,6,Mañana,Dias laborables
,1,0,0,24158,03021,No aplica,Calle,Fronto-lateral                                     ,,No inventariada,Calle,Autonómica,Se desconoce,Seco y limpio,Sin luz natural ni artificial,Despejado,,Nivel blanco,,No,No,No,Sí,No,No,No,2024,11,JUEVES,6,Mañana,Dias laborables
26.387,1,0,0,24159,00000,Recta,Carretera,Por alcance                                        ,,CV-81,Carretera Convencional de calzada única,Autonómica,Ascendente,Seco y limpio,"Luz del día natural, solar",Despejado,,Nivel blanco,,Sin especificar,Sin especificar,Sin especificar,Sin especificar,Sin especificar,Sin especificar,Sin especificar,2024,2,MARTES,17,Tarde,Dias laborables
7.971,2,0,0,24160,03024,Recta,Carretera,Lateral                                            ,,CV-91,Carretera Convencional de calzada única,"Provincial, Cabildo/Consell",Ambos,Seco y limpio,"Luz del día natural, solar",Despejado,,Nivel blanco,,Sin especificar,Sin especificar,Sin especificar,Sin especificar,Sin especificar,Sin especificar,Sin especificar,2024,6,VIERNES,14,Tarde,Dias laborables
4.304,1,0,0,24161,03099,Se desconoce,Travesía,Salida de la vía por la izquierda con colisión     ,,CV-920,Carretera Convencional de calzada única,Autonómica,Ascendente,Seco y limpio,"Luz del día natural, solar",Despejado,,Nivel blanco,,No,No,Sí,No,No,No,No,2024,7,LUNES,14,Tarde,Dias laborables
3.7,1,0,0,24162,03099,Recta,Carretera,Salida de la vía por la derecha con colisión       ,,CV-920,Carretera Convencional de calzada única,Autonómica,Ascendente,Seco y limpio,"Amanecer o atardecer, sin luz artificial",Despejado,,Nivel blanco,,Sin especificar,Sin especificar,Sin especificar,Sin especificar,Sin especificar,Sin especificar,Sin especificar,2024,8,MARTES,7,Mañana,Dias laborables
,2,0,0,24163,03024,No aplica,Calle,Salida de la vía por la derecha con colisión       ,,No inventariada,Calle,Municipal,Se desconoce,Seco y limpio,"Luz del día natural, solar",Despejado,Niebla ligera,Se desconoce,,Sin especificar,Sin especificar,Sin especificar,Sin especificar,Sin especificar,Sin especificar,Sin especificar,2024,11,SÁBADO,15,Tarde,Fines de semana
,1,0,0,24164,00000,No aplica,Calle,Por alcance                                        ,,No inventariada,Calle,Municipal,Se desconoce,Seco y limpio,"Luz del día natural, solar",Nublado,,Nivel blanco,,Sin especificar,Sin especificar,Sin especificar,Sin especificar,Sin especificar,Sin especificar,Sin especificar,2024,3,DOMINGO,14,Tarde,Fines de semana
0.1,2,0,0,24165,00000,Curva sin señalizar,Carretera,Frontal                                            ,,MIGUEL DIA,Camino vecinal,Municipal,Ambos,Seco y limpio,Sin luz natural ni artificial,Despejado,,Nivel blanco,,Sin especificar,Sin especificar,Sin especificar,Sin especificar,Sin especificar,Sin especificar,Sin especificar,2024,7,DOMINGO,21,Noche,Fines de semana
8.0,1,0,0,24166,03095,Recta,Carretera,Fronto-lateral                                     ,,CV-731,Carretera Convencional de calzada única,Autonómica,Ascendente,Seco y limpio,"Luz del día natural, solar",Despejado,,Nivel blanco,,No,No,No,No,No,No,No,2024,5,MARTES,11,Mañana,Dias laborables
1.4,1,0,0,24167,00000,Recta,Carretera,Otro tipo de accidente                             ,,CV-732,Carretera Convencional de calzada única,Autonómica,Descendente,Seco y limpio,"Luz del día natural, solar",Despejado,,Nivel blanco,,Sin especificar,Sin especificar,Sin especificar,Sin especificar,Sin especificar,Sin especificar,Sin especificar,2024,6,SÁBADO,11,Mañana,Fines de semana
11.478,1,0,0,24168,00000,Curva señalizada,Carretera,Salida de la vía por la derecha otro tipo          ,,CV-705,Carretera Convencional de calzada única,Autonómica,Ascendente,Seco y limpio,"Luz del día natural, solar",Nublado,,Nivel verde,,Sin especificar,Sin especificar,Sin especificar,Sin especificar,Sin especificar,Sin especificar,Sin especificar,2024,7,DOMINGO,13,Tarde,Fines de semana
32.205,1,0,0,24169,00000,Recta,Carretera,Caída                                              ,,CV-720,Carretera Convencional de calzada única,Autonómica,Ascendente,Seco y limpio,"Luz del día natural, solar",Despejado,,Nivel blanco,,Sin especificar,Sin especificar,Sin especificar,Sin especificar,Sin especificar,Sin especificar,Sin especificar,2024,7,MIÉRCOLES,11,Mañana,Dias laborables
,1,0,0,24170,00000,No aplica,Calle,Salida de la vía por la derecha otro tipo          ,,No inventariada,Calle,Municipal,Se desconoce,Seco y limpio,"Luz del día natural, solar",Despejado,,Nivel blanco,,Sin especificar,Sin especificar,Sin especificar,Sin especificar,Sin especificar,Sin especificar,Sin especificar,2024,7,VIERNES,6,Mañana,Dias laborables
3.665,1,0,0,24171,00000,Recta,Carretera,Caída                                              ,,CV-731,Carretera Convencional de calzada única,"Provincial, Cabildo/Consell",Ascendente,Seco y limpio,"Luz del día natural, solar",Despejado,,Nivel blanco,,Sin especificar,Sin especificar,Sin especificar,Sin especificar,Sin especificar,Sin especificar,Sin especificar,2024,7,DOMINGO,8,Mañana,Fines de semana
2.6,1,0,0,24172,03101,Curva señalizada,Carretera,Fronto-lateral                                     ,,CV-733,Carretera Convencional de calzada única,"Provincial, Cabildo/Consell",Descendente,Seco y limpio,"Luz del día natural, solar",Despejado,,Nivel blanco,,Sin especificar,Sin especificar,Sin especificar,Sin especificar,Sin especificar,Sin especificar,Sin especificar,2024,8,JUEVES,15,Tarde,Dias laborables
148.0,1,0,0,24173,03031,Recta,Carretera,Atropello a personas                               ,,N-332,Carretera Convencional de calzada única,Estatal,Ascendente,Seco y limpio,Sin luz natural y con iluminación artificial encen,Despejado,,Nivel blanco,,Sin especificar,Sin especificar,Sin especificar,Sin especificar,Sin especificar,Sin especificar,Sin especificar,2024,1,LUNES,6,Mañana,Dias laborables
,1,0,0,24174,03031,No aplica,Calle,Vuelco                                             ,,No inventariada,Calle,Municipal,Se desconoce,Seco y limpio,"Luz del día natural, solar",Despejado,,Nivel blanco,,Sin especificar,Sin especificar,Sin especificar,Sin especificar,Sin especificar,Sin especificar,Sin especificar,2024,1,DOMINGO,17,Tarde,Fines de semana
,3,0,0,24175,03031,No aplica,Calle,Por alcance                                        ,,No inventariada,Calle,Municipal,Se desconoce,Seco y limpio,Sin luz natural y con iluminación artificial encen,Despejado,,Sin especificar,,Sin especificar,Sin especificar,Sin especificar,Sin especificar,Sin especificar,Sin especificar,Sin especificar,2024,1,MARTES,19,Noche,Dias laborables
,1,0,0,24176,03031,No aplica,Calle,Fronto-lateral                                     ,,No inventariada,Calle,Municipal,Se desconoce,Seco y limpio,"Luz del día natural, solar",Despejado,,Nivel verde,,No,No,No,No,No,No,No,2024,1,VIERNES,10,Mañana,Dias laborables
,1,0,0,24177,03031,No aplica,Calle,Caída                                              ,,No inventariada,Calle,Municipal,Se desconoce,Seco y limpio,Sin luz natural y con iluminación artificial encen,Despejado,,Sin especificar,,Sin especificar,Sin especificar,Sin especificar,Sin especificar,Sin especificar,Sin especificar,Sin especificar,2024,1,VIERNES,18,Noche,Dias laborables
,1,0,0,24178,03031,No aplica,Calle,Caída                                              ,,No inventariada,Calle,Municipal,Se desconoce,Mojado,"Luz del día natural, solar",Lluvia débil,,Sin especificar,,Sin especificar,Sin especificar,Sin especificar,Sin especificar,Sin especificar,Sin especificar,Sin especificar,2024,1,VIERNES,14,Tarde,Dias laborables
,1,0,0,24179,03031,No aplica,Calle,Caída                                              ,,No inventariada,Calle,Municipal,Se desconoce,Seco y limpio,"Luz del día natural, solar",Despejado,,Sin especificar,,Sin especificar,Sin especificar,Sin especificar,Sin especificar,Sin especificar,Sin especificar,Sin especificar,2024,1,DOMINGO,15,Tarde,Fines de semana
,1,0,0,24180,03031,No aplica,Calle,Fronto-lateral                                     ,,No inventariada,Calle,Municipal,Se desconoce,Seco y limpio,"Luz del día natural, solar",Despejado,,Sin especificar,,No,No,No,No,No,No,No,2024,1,DOMINGO,16,Tarde,Fines de semana