KM,TOTAL_HL24H,TOTAL_HG24H,TOTAL_MU24H,id,COD_MUNICIPIO,TRAZADO_PLANTA,ZONA,TIPO_ACCIDENTE,CARRETERA_CRUCE,CARRETERA,TIPO_VIA,TITULARIDAD_VIA,SENTIDO_1F,CONDICION_FIRME,CONDICION_ILUMINACION,CONDICION_METEO,CONDICION_NIEBLA,CONDICION_NIVEL_CIRCULA,CONDICION_VIENTO,PRIORI_AGENTE,PRIORI_CIRCUNSTANCIAL,PRIORI_HORIZ_CEDA,PRIORI_HORIZ_STOP,PRIORI_SEMAFORO,PRIORI_VERT_CEDA,PRIORI_VERT_STOP,ANYO,MES,DIA,HORA,FRANJA_HORARIA,TIPO_DIA
,1,0,0,24434,03031,No aplica,Calle,Fronto-lateral                                     ,,No inventariada,Calle,Municipal,Se desconoce,Seco y limpio,"Luz del día natural, solar",Despejado,,Sin especificar,,Sin especificar,Sin especificar,Sin especificar,Sin especificar,Sin especificar,Sin especificar,Sin especificar,2024,9,VIERNES,19,Noche,Dias laborables
,1,0,0,24435,03031,No aplica,Calle,Atropello a personas                               ,,No inventariada,Calle,Municipal,Se desconoce,Seco y limpio,Sin luz natural y con iluminación artificial encen,Despejado,,Sin especificar,,Sin especificar,Sin especificar,Sin especificar,Sin especificar,Sin especificar,Sin especificar,Sin especificar,2024,10,VIERNES,20,Noche,Dias laborables
,2,0,0,24436,03031,No aplica,Calle,Por alcance                                        ,,No inventariada,Calle,Municipal,Se desconoce,Seco y limpio,"Luz del día natural, solar",Despejado,,Sin especificar,,Sin especificar,Sin especificar,Sin especificar,Sin especificar,Sin especificar,Sin especificar,Sin especificar,2024,10,LUNES,17,Tarde,Dias laborables
,1,0,0,24437,03031,No aplica,Calle,Atropello a personas                               ,,No inventariada,Calle,Municipal,Se desconoce,Seco y limpio,Sin luz natural y con iluminación artificial encen,Despejado,,Sin especificar,,Sin especificar,Sin especificar,Sin especificar,Sin especificar,Sin especificar,Sin especificar,Sin especificar,2024,10,SÁBADO,23,Noche,Fines de semana
50.0,1,0,0,24438,03031,Recta,Carretera,Fronto-lateral                                     ,,CV-70,Carretera Convencional de calzada única,Autonómica,Descendente,Seco y limpio,Sin luz natural y con iluminación artificial encen,Despejado,,Nivel blanco,,Sin especificar,Sin especificar,Sin especificar,Sin especificar,Sin especificar,Sin especificar,Sin especificar,2024,11,MIÉRCOLES,19,Noche,Dias laborables
,1,0,0,24439,03031,No aplica,Calle,Fronto-lateral                                     ,,No inventariada,Calle,Municipal,Se desconoce,Seco y limpio,"Luz del día natural, solar",Despejado,,Sin especificar,,No,No,No,No,Sí,No,No,2024,11,MARTES,13,Tarde,Dias laborables
,1,0,0,24440,03031,No aplica,Calle,Frontal                                            ,,No inventariada,Calle,Municipal,Se desconoce,Seco y limpio,"Luz del día natural, solar",Despejado,,Nivel blanco,,No,No,No,Sí,Sí,No,Sí,2024,11,MIÉRCOLES,13,Tarde,Dias laborables
4.6,1,0,0,24441,03069,Curva señalizada,Carretera,Fronto-lateral                                     ,,CV-767,Vía de servicio,Autonómica,Ascendente,Seco y limpio,Sin luz natural y con iluminación artificial encen,Despejado,,Nivel blanco,,No,No,No,No,No,Sí,No,2024,11,VIERNES,21,Noche,Dias laborables
,1,0,0,24442,03031,No aplica,Calle,Colisión contra obstáculo o elemento de la vía     ,,No inventariada,Calle,Municipal,Se desconoce,Seco y limpio,"Luz del día natural, solar",Despejado,,Nivel blanco,Viento fuerte,Sin especificar,Sin especificar,Sin especificar,Sin especificar,Sin especificar,Sin especificar,Sin especificar,2024,11,VIERNES,14,Tarde,Dias laborables
,1,0,0,24443,03031,No aplica,Calle,Lateral                                            ,,No inventariada,Calle,Municipal,Se desconoce,Seco y limpio,"Luz del día natural, solar",Despejado,Niebla ligera,Nivel blanco,,Sin especificar,Sin especificar,Sin especificar,Sin especificar,Sin especificar,Sin especificar,Sin especificar,2024,11,LUNES,19,Noche,Dias laborables
,1,0,0,24444,03031,No aplica,Calle,Fronto-lateral                                     ,,No inventariada,Calle,Municipal,Se desconoce,Seco y limpio,"Luz del día natural, solar",Despejado,,Nivel blanco,,No,No,No,No,Sí,No,No,2024,11,DOMINGO,14,Tarde,Fines de semana
5.401,1,0,0,24445,03069,Curva señalizada,Carretera,Salida de la vía por la derecha con colisión       ,,CV-758,Carretera Convencional de calzada única,"Provincial, Cabildo/Consell",Ascendente,Mojado,Sin luz natural ni artificial,Nublado,,Nivel blanco,,Sin especificar,Sin especificar,Sin especificar,Sin especificar,Sin especificar,Sin especificar,Sin especificar,2024,11,MIÉRCOLES,3,Madrugada,Dias laborables
,1,0,0,24446,03031,No aplica,Calle,Fronto-lateral                                     ,,No inventariada,Calle,Municipal,Se desconoce,Seco y limpio,"Luz del día natural, solar",Despejado,,Nivel blanco,,No,No,Sí,No,No,Sí,No,2024,11,VIERNES,8,Mañana,Dias laborables
,0,1,0,24447,03031,No aplica,Calle,Caída                                              ,,No inventariada,Calle,Municipal,Se desconoce,Seco y limpio,"Luz del día natural, solar",Despejado,,Nivel blanco,,Sin especificar,Sin especificar,Sin especificar,Sin especificar,Sin especificar,Sin especificar,Sin especificar,2024,11,MIÉRCOLES,16,Tarde,Dias laborables
,1,0,0,24448,03031,No aplica,Calle,Atropello a personas                               ,,No inventariada,Calle,Municipal,Se desconoce,Seco y limpio,"Luz del día natural, solar",Despejado,,Nivel verde,,Sin especificar,Sin especificar,Sin especificar,Sin especificar,Sin especificar,Sin especificar,Sin especificar,2024,11,MIÉRCOLES,13,Tarde,Dias laborables
,1,0,0,24449,03031,No aplica,Calle,Atropello a personas                               ,,No inventariada,Calle,Municipal,Se desconoce,Seco y limpio,Sin luz natural y con iluminación artificial encen,Despejado,,Nivel blanco,,No,No,No,No,No,No,No,2024,11,JUEVES,22,Noche,Dias laborables
,1,0,0,24450,03031,No aplica,Calle,Atropello a personas                               ,,No inventariada,Calle,Municipal,Se desconoce,Seco y limpio,"Luz del día natural, solar",Despejado,,Nivel blanco,,Sin especificar,Sin especificar,Sin especificar,Sin especificar,Sin especificar,Sin especificar,Sin especificar,2024,10,JUEVES,12,Tarde,Dias laborables
,1,0,0,24451,03031,No aplica,Calle,Atropello a personas                               ,,No inventariada,Calle,Municipal,Se desconoce,Seco y limpio,"Luz del día natural, solar",Despejado,,Nivel blanco,,Sin especificar,Sin especificar,Sin especificar,Sin especificar,Sin especificar,Sin especificar,Sin especificar,2024,10,MARTES,13,Tarde,Dias laborables
,1,0,0,24452,03031,No aplica,Calle,Otro tipo de accidente                             ,,No inventariada,Calle,Municipal,Se desconoce,Seco y limpio,"Luz del día natural, solar",Despejado,,Sin especificar,,Sin especificar,Sin especificar,Sin especificar,Sin especificar,Sin especificar,Sin especificar,Sin especificar,2024,11,VIERNES,10,Mañana,Dias laborables
,1,0,0,24453,03031,No aplica,Calle,Por alcance                                        ,,No inventariada,Calle,Municipal,Se desconoce,Seco y limpio,Sin luz natural y con iluminación artificial encen,Despejado,,Sin especificar,,No,No,No,No,No,No,No,2024,11,VIERNES,19,Noche,Dias laborables
,1,0,0,24454,03031,No aplica,Calle,Fronto-lateral                                     ,,No inventariada,Calle,Municipal,Se desconoce,Seco y limpio,"Luz del día natural, solar",Despejado,,Sin especificar,,No,No,Sí,No,No,Sí,No,2024,11,MIÉRCOLES,9,Mañana,Dias laborables
648.5,0,3,0,24455,03031,Recta,Carretera,Lateral                                            ,,AP-7,Autopista libre,Estatal,Descendente,Seco y limpio,"Luz del día natural, solar",Despejado,,Nivel blanco,,Sin especificar,Sin especificar,Sin especificar,Sin especificar,Sin especificar,Sin especificar,Sin especificar,2024,11,JUEVES,13,Tarde,Dias laborables
,1,0,0,24456,03031,No aplica,Calle,Por alcance                                        ,,No inventariada,Calle,Municipal,Se desconoce,Seco y limpio,"Luz del día natural, solar",Despejado,,Sin especificar,,Sin especificar,Sin especificar,Sin especificar,Sin especificar,Sin especificar,Sin especificar,Sin especificar,2024,11,MIÉRCOLES,11,Mañana,Dias laborables
,1,0,0,24457,03031,No aplica,Calle,Fronto-lateral                                     ,,No inventariada,Calle,Municipal,Se desconoce,Seco y limpio,"Luz del día natural, solar",Despejado,,Sin especificar,,No,No,No,Sí,No,No,Sí,2024,12,LUNES,13,Tarde,Dias laborables
,1,0,0,24458,03031,No aplica,Calle,Fronto-lateral                                     ,,No inventariada,Calle,Municipal,Se desconoce,Seco y limpio,"Luz del día natural, solar",Despejado,,Nivel blanco,,Sin especificar,Sin especificar,Sin especificar,Sin especificar,Sin especificar,Sin especificar,Sin especificar,2024,12,DOMINGO,9,Mañana,Fines de semana
,1,0,0,24459,03031,No aplica,Calle,Fronto-lateral                                     ,,No inventariada,Calle,Municipal,Se desconoce,Seco y limpio,"Luz del día natural, solar",Despejado,,Sin especificar,,No,No,No,No,No,No,No,2024,12,VIERNES,14,Tarde,Dias laborables
,1,0,0,24460,03031,No aplica,Calle,Fronto-lateral                                     ,,No inventariada,Calle,Municipal,Se desconoce,Seco y limpio,"Luz del día natural, solar",Despejado,,Sin especificar,,No,No,No,No,No,No,No,2024,10,LUNES,18,Noche,Dias laborables
,1,0,0,24461,03031,No aplica,Calle,Atropello a personas                               ,,No inventariada,Calle,Municipal,Se desconoce,Seco y limpio,"Luz del día natural, solar",Despejado,,Nivel amarillo,,No,No,No,No,No,Sí,No,2024,12,MARTES,14,Tarde,Dias laborables
,0,1,0,24462,03031,No aplica,Calle,Colisión contra obstáculo o elemento de la vía     ,,No inventariada,Calle,Municipal,Se desconoce,Seco y limpio,Sin luz natural y con iluminación artificial encen,Despejado,,Nivel blanco,,Sin especificar,Sin especificar,Sin especificar,Sin especificar,Sin especificar,Sin especificar,Sin especificar,2024,12,VIERNES,4,Madrugada,Dias laborables
,1,0,0,24463,03031,No aplica,Calle,Por alcance                                        ,,No inventariada,Calle,Municipal,Se desconoce,Seco y limpio,"Luz del día natural, solar",Despejado,,Sin especificar,,Sin especificar,Sin especificar,Sin especificar,Sin especificar,Sin especificar,Sin especificar,Sin especificar,2024,12,SÁBADO,12,Tarde,Fines de semana
,1,0,0,24464,03031,No aplica,Calle,Caída                                              ,,No inventariada,Calle,Municipal,Se desconoce,Seco y limpio,"Luz del día natural, solar",Despejado,,Sin especificar,,Sin especificar,Sin especificar,Sin especificar,Sin especificar,Sin especificar,Sin especificar,Sin especificar,2024,12,JUEVES,15,Tarde,Dias laborables
148.799,1,0,0,24465,03031,Recta,Carretera,Por alcance                                        ,AP-7,N-332,Carretera Convencional de doble calzada,Estatal,Descendente,Seco y limpio,"Luz del día natural, solar",Despejado,,Nivel blanco,,No,No,No,No,No,No,No,2024,12,MARTES,11,Mañana,Dias laborables
,1,0,0,24466,03031,No aplica,Calle,Fronto-lateral                                     ,,No inventariada,Calle,Municipal,Se desconoce,Seco y limpio,"Luz del día natural, solar",Despejado,,Nivel verde,,No,No,No,No,No,Sí,No,2024,12,JUEVES,12,Tarde,Dias laborables
,1,0,0,24467,03031,No aplica,Calle,Atropello a personas                               ,,No inventariada,Calle,Municipal,Se desconoce,Seco y limpio,Sin luz natural y con iluminación artificial encen,Despejado,,Sin especificar,,No,No,No,Sí,No,No,No,2024,12,SÁBADO,19,Noche,Fines de semana
1.6,0,1,0,24468,00000,Curva señalizada,Carretera,Salida de la vía por la izquierda con colisión     ,,CV-787,Carretera Convencional de calzada única,"Provincial, Cabildo/Consell",Ascendente,Seco y limpio,"Luz del día natural, solar",Despejado,,Nivel blanco,,Sin especificar,Sin especificar,Sin especificar,Sin especificar,Sin especificar,Sin especificar,Sin especificar,2024,3,LUNES,14,Tarde,Dias laborables
9.104,0,1,0,24469,00000,Curva señalizada,Carretera,Salida de la vía por la izquierda con despeñamiento,,CV-785,Carretera Convencional de calzada única,"Provincial, Cabildo/Consell",Descendente,Seco y limpio,"Luz del día natural, solar",Despejado,,Nivel blanco,,Sin especificar,Sin especificar,Sin especificar,Sin especificar,Sin especificar,Sin especificar,Sin especificar,2024,4,JUEVES,12,Tarde,Dias laborables
18.69,1,0,0,24470,00000,Curva señalizada,Carretera,"Salida de la vía por la izquierda, otro tipo       ",,CV-780,Carretera Convencional de calzada única,"Provincial, Cabildo/Consell",Ascendente,Mojado,"Luz del día natural, solar",Despejado,,Nivel blanco,,Sin especificar,Sin especificar,Sin especificar,Sin especificar,Sin especificar,Sin especificar,Sin especificar,2024,12,MARTES,10,Mañana,Dias laborables
28.2,2,0,0,24471,00000,Curva señalizada,Carretera,"Salida de la vía por la izquierda, otro tipo       ",,CV-70,Carretera Convencional de calzada única,Autonómica,Descendente,Seco y limpio,"Luz del día natural, solar",Despejado,,Nivel blanco,,Sin especificar,Sin especificar,Sin especificar,Sin especificar,Sin especificar,Sin especificar,Sin especificar,2024,8,SÁBADO,12,Tarde,Fines de semana
13.675,1,0,0,24472,00000,Curva señalizada,Carretera,Fronto-lateral                                     ,,CV-920,Carretera Convencional de calzada única,Autonómica,Descendente,Seco y limpio,"Luz del día natural, solar",Despejado,,Nivel blanco,,Sin especificar,Sin especificar,Sin especificar,Sin especificar,Sin especificar,Sin especificar,Sin especificar,2024,5,LUNES,8,Mañana,Dias laborables
0.1,1,0,0,24473,00000,Recta,Carretera,Por alcance                                        ,AP-7,CV-905,Carretera Convencional de calzada única,Autonómica,Ascendente,Seco y limpio,"Luz del día natural, solar",Despejado,,Nivel blanco,,No,No,No,No,No,Sí,No,2024,6,JUEVES,8,Mañana,Dias laborables
10.54,2,0,0,24474,00000,Curva sin señalizar,Carretera,Frontal                                            ,,CV-940,Carretera Convencional de calzada única,Autonómica,Ascendente,Seco y limpio,"Luz del día natural, solar",Despejado,,Nivel blanco,,Sin especificar,Sin especificar,Sin especificar,Sin especificar,Sin especificar,Sin especificar,Sin especificar,2024,9,LUNES,14,Tarde,Dias laborables
,1,0,0,24475,00000,No aplica,Calle,Atropello a personas                               ,,No inventariada,Calle,Municipal,Se desconoce,Seco y limpio,"Luz del día natural, solar",Despejado,,Nivel blanco,,Sin especificar,Sin especificar,Sin especificar,Sin especificar,Sin especificar,Sin especificar,Sin especificar,2024,7,JUEVES,17,Tarde,Dias laborables
0.0,1,0,0,24476,00000,Recta,Carretera,Fronto-lateral                                     ,,CV-920,Carretera Convencional de calzada única,Autonómica,Descendente,Se desconoce,"Luz del día natural, solar",Se desconoce,,Sin especificar,,Sin especificar,Sin especificar,Sin especificar,Sin especificar,Sin especificar,Sin especificar,Sin especificar,2024,5,LUNES,8,Mañana,Dias laborables
,1,0,0,24477,00000,No aplica,Calle,Por alcance                                        ,,No inventariada,Calle,"Provincial, Cabildo/Consell",Se desconoce,Seco y limpio,"Luz del día natural, solar",Despejado,,Nivel verde,,Sin especificar,Sin especificar,Sin especificar,Sin especificar,Sin especificar,Sin especificar,Sin especificar,2024,6,SÁBADO,9,Mañana,Fines de semana
,1,0,0,24478,00000,No aplica,Calle,Fronto-lateral                                     ,,No inventariada,Calle,Municipal,Se desconoce,Seco y limpio,"Luz del día natural, solar",Despejado,,Nivel amarillo,,No,No,No,No,No,No,Sí,2024,7,MARTES,14,Tarde,Dias laborables
,1,0,0,24479,00000,No aplica,Calle,Fronto-lateral                                     ,,No inventariada,Calle,Municipal,Se desconoce,Seco y limpio,"Luz del día natural, solar",Despejado,,Nivel verde,,Sin especificar,Sin especificar,Sin especificar,Sin especificar,Sin especificar,Sin especificar,Sin especificar,2024,8,SÁBADO,15,Tarde,Fines de semana
,1,0,0,24480,00000,No aplica,Calle,Atropello a personas                               ,,No inventariada,Calle,Municipal,Se desconoce,Seco y limpio,Sin luz natural y con iluminación artificial encen,Despejado,,Nivel blanco,,No,No,No,No,No,No,No,2024,11,DOMINGO,21,Noche,Fines de semana
1.239,1,0,0,24481,00000,Curva señalizada,Carretera,Salida de la vía por la derecha con colisión       ,,CV-710,Carretera Convencional de doble calzada,"Provincial, Cabildo/Consell",Ascendente,Seco y limpio,"Luz del día natural, solar",Nublado,,Nivel blanco,,Sin especificar,Sin especificar,Sin especificar,Sin especificar,Sin especificar,Sin especificar,Sin especificar,2024,3,DOMINGO,10,Mañana,Fines de semana
8.5,1,0,0,24482,00000,Curva señalizada,Carretera,"Salida de la vía por la izquierda, otro tipo       ",,CV-70,Carretera Convencional de calzada única,"Provincial, Cabildo/Consell",Ascendente,Seco y limpio,"Luz del día natural, solar",Despejado,,Nivel blanco,,Sin especificar,Sin especificar,Sin especificar,Sin especificar,Sin especificar,Sin especificar,Sin especificar,2024,12,DOMINGO,9,Mañana,Fines de semana
6.8,0,0,2,24483,00000,Curva señalizada,Carretera,Salida de la vía por la derecha con colisión       ,,CV-720,Carretera Convencional de calzada única,Autonómica,Ascendente,Seco y limpio,"Luz del día natural, solar",Despejado,,Nivel blanco,,Sin especificar,Sin especificar,Sin especificar,Sin especificar,Sin especificar,Sin especificar,Sin especificar,2024,8,DOMINGO,8,Mañana,Fines de semana
2.967,2,0,0,24484,03041,Curva sin señalizar,Carretera,Fronto-lateral                                     ,CV-746,CV-746,Carretera Convencional de calzada única,Autonómica,Descendente,Seco y limpio,"Luz del día natural, solar",Despejado,,Nivel blanco,,No,No,No,Sí,No,No,No,2024,1,JUEVES,13,Tarde,Dias laborables
174.671,1,0,0,24485,03041,Recta,Carretera,Fronto-lateral                                     ,,N-332,Carretera Convencional de calzada única,Estatal,Descendente,Seco y limpio,"Luz del día natural, solar",Despejado,,Nivel blanco,,No,No,No,No,No,No,No,2024,2,JUEVES,16,Tarde,Dias laborables
11.05,1,0,0,24486,03041,Curva señalizada,Carretera,Lateral                                            ,,CV-750,Carretera Convencional de calzada única,"Provincial, Cabildo/Consell",Descendente,Seco y limpio,"Luz del día natural, solar",Despejado,,Sin especificar,,No,No,No,No,No,No,No,2024,3,SÁBADO,13,Tarde,Fines de semana
,1,0,0,24487,03041,No aplica,Calle,Frontal                                            ,,No inventariada,Calle,Municipal,Se desconoce,Seco y limpio,"Luz del día natural, solar",Despejado,,Nivel blanco,,Sin especificar,Sin especificar,Sin especificar,Sin especificar,Sin especificar,Sin especificar,Sin especificar,2024,2,SÁBADO,8,Mañana,Fines de semana
175.275,3,2,0,24488,03041,Recta,Carretera,Frontal                                            ,,N-332,Carretera Convencional de calzada única,Estatal,Ascendente,Seco y limpio,"Amanecer o atardecer, sin luz artificial",Despejado,,Nivel blanco,,Sin especificar,Sin especificar,Sin especificar,Sin especificar,Sin especificar,Sin especificar,Sin especificar,2024,4,SÁBADO,19,Noche,Fines de semana
8.469,1,0,0,24489,03041,Curva señalizada,Carretera,Lateral                                            ,,CV-745,Carretera Convencional de calzada única,Autonómica,Descendente,Seco y limpio,"Luz del día natural, solar",Despejado,,Nivel blanco,,Sin especificar,Sin especificar,Sin especificar,Sin especificar,Sin especificar,Sin especificar,Sin especificar,2024,4,LUNES,16,Tarde,Dias laborables
12.2,1,0,0,24490,03041,Curva sin señalizar,Carretera,Fronto-lateral                                     ,,CV-745,Carretera Convencional de calzada única,"Provincial, Cabildo/Consell",Ascendente,Seco y limpio,"Luz del día natural, solar",Despejado,,Nivel blanco,,No,No,No,No,No,No,Sí,2024,5,VIERNES,13,Tarde,Dias laborables
0.8,2,0,0,24491,03041,Curva sin señalizar,Carretera,Caída                                              ,,CAMINO VAL,Camino vecinal,Municipal,Ambos,Mojado,"Luz del día natural, solar",Lluvia débil,,Nivel blanco,,Sin especificar,Sin especificar,Sin especificar,Sin especificar,Sin especificar,Sin especificar,Sin especificar,2024,5,LUNES,12,Tarde,Dias laborables
621.331,1,0,0,24492,00000,Curva señalizada,Carretera,Salida de la vía por la izquierda con vuelco       ,,AP-7,Autopista libre,Estatal,Ascendente,Mojado,"Luz del día natural, solar",Lluvia débil,,Nivel amarillo,,Sin especificar,Sin especificar,Sin especificar,Sin especificar,Sin especificar,Sin especificar,Sin especificar,2024,5,LUNES,15,Tarde,Dias laborables
,1,0,0,24493,03041,No aplica,Calle,Fronto-lateral                                     ,,No inventariada,Calle,Municipal,Se desconoce,Seco y limpio,"Amanecer o atardecer, con luz artificial",Despejado,,Nivel amarillo,,No,No,No,No,No,No,Sí,2024,1,VIERNES,21,Noche,Dias laborables
,1,0,0,24494,03041,No aplica,Calle,Fronto-lateral                                     ,,No inventariada,Calle,Municipal,Se desconoce,Seco y limpio,"Luz del día natural, solar",Despejado,,Nivel amarillo,,No,No,No,No,No,No,No,2024,1,JUEVES,16,Tarde,Dias laborables
,1,0,0,24495,03041,No aplica,Calle,Atropello a personas                               ,,No inventariada,Calle,Municipal,Se desconoce,Seco y limpio,"Luz del día natural, solar",Despejado,,Nivel amarillo,,Sin especificar,Sin especificar,Sin especificar,Sin especificar,Sin especificar,Sin especificar,Sin especificar,2024,1,VIERNES,18,Noche,Dias laborables
0.3,1,0,0,24496,03041,Recta,Carretera,Vuelco                                             ,,CV-7471,Carretera Convencional de calzada única,Municipal,Ambos,Seco y limpio,"Luz del día natural, solar",Despejado,,Nivel blanco,,No,No,No,No,No,No,No,2024,5,JUEVES,11,Mañana,Dias laborables
,1,0,0,24497,03041,No aplica,Calle,Salida de la vía por la derecha otro tipo          ,,No inventariada,Otro,Municipal,Se desconoce,Seco y limpio,"Luz del día natural, solar",Despejado,,Sin especificar,,Sin especificar,Sin especificar,Sin especificar,Sin especificar,Sin especificar,Sin especificar,Sin especificar,2024,2,DOMINGO,11,Mañana,Fines de semana
622.3,1,0,0,24498,03041,Recta,Carretera,"Salida de la vía por la izquierda, otro tipo       ",,AP-7,Autopista libre,Estatal,Descendente,Seco y limpio,"Luz del día natural, solar",Despejado,,Sin especificar,,Sin especificar,Sin especificar,Sin especificar,Sin especificar,Sin especificar,Sin especificar,Sin especificar,2024,6,DOMINGO,13,Tarde,Fines de semana
,1,0,0,24499,03041,No aplica,Calle,Atropello a personas                               ,,No inventariada,Calle,Municipal,Se desconoce,Seco y limpio,"Amanecer o atardecer, con luz artificial",Despejado,,Sin especificar,,No,No,No,No,No,No,No,2024,2,MIÉRCOLES,20,Noche,Dias laborables
,0,1,0,24500,03041,No aplica,Calle,Fronto-lateral                                     ,,No inventariada,Calle,Municipal,Se desconoce,Seco y limpio,"Luz del día natural, solar",Despejado,,Nivel rojo,,No,No,No,No,No,No,No,2024,3,JUEVES,9,Mañana,Dias laborables
,1,0,0,24501,03041,No aplica,Calle,Fronto-lateral                                     ,,No inventariada,Otro,Municipal,Se desconoce,Seco y limpio,"Luz del día natural, solar",Despejado,,Sin especificar,,No,No,No,No,No,No,No,2024,4,JUEVES,11,Mañana,Dias laborables
,1,0,0,24502,03041,No aplica,Calle,Caída                                              ,,No inventariada,Otro,Municipal,Se desconoce,Seco y limpio,"Luz del día natural, solar",Despejado,,Sin especificar,,Sin especificar,Sin especificar,Sin especificar,Sin especificar,Sin especificar,Sin especificar,Sin especificar,2024,4,JUEVES,18,Noche,Dias laborables
9.5,1,0,0,24503,03041,Recta,Carretera,Fronto-lateral                                     ,CV-750,CV-750,Carretera Convencional de calzada única,Autonómica,Ascendente,Seco y limpio,"Luz del día natural, solar",Despejado,,Nivel blanco,,No,No,No,Sí,No,No,No,2024,7,VIERNES,16,Tarde,Dias laborables
26.7,0,1,0,24504,03041,Curva señalizada,Carretera,Vuelco                                             ,,CV-749,Carretera Convencional de calzada única,"Provincial, Cabildo/Consell",Descendente,Seco y limpio,"Luz del día natural, solar",Despejado,,Nivel blanco,,Sin especificar,Sin especificar,Sin especificar,Sin especificar,Sin especificar,Sin especificar,Sin especificar,2024,7,VIERNES,20,Noche,Dias laborables
178.35,0,1,0,24505,03041,Recta,Carretera,Por alcance                                        ,N-332a,N-332,Carretera Convencional de doble calzada,Estatal,Descendente,Seco y limpio,"Luz del día natural, solar",Despejado,,Nivel blanco,,No,No,No,No,No,No,No,2024,7,SÁBADO,18,Noche,Fines de semana
,1,0,0,24506,03041,No aplica,Calle,Caída                                              ,,No inventariada,Otro,Municipal,Se desconoce,Mojado,"Luz del día natural, solar",Lluvia débil,,Sin especificar,,Sin especificar,Sin especificar,Sin especificar,Sin especificar,Sin especificar,Sin especificar,Sin especificar,2024,5,LUNES,18,Noche,Dias laborables
,1,0,0,24507,03041,No aplica,Calle,Caída                                              ,,No inventariada,Otro,Municipal,Se desconoce,Mojado,"Luz del día natural, solar",Despejado,,Sin especificar,,Sin especificar,Sin especificar,Sin especificar,Sin especificar,Sin especificar,Sin especificar,Sin especificar,2024,5,MARTES,13,Tarde,Dias laborables
6.82,1,0,0,24508,03041,Recta,Carretera,Fronto-lateral                                     ,CV-746,CV-746,Carretera Convencional de calzada única,Autonómica,Ambos,Seco y limpio,"Luz del día natural, solar",Despejado,,Nivel blanco,,No,No,No,No,No,No,No,2024,8,VIERNES,9,Mañana,Dias laborables
171.718,1,0,0,24509,03041,Recta,Carretera,Salida de la vía por la derecha otro tipo          ,,N-332,Carretera Convencional de calzada única,Estatal,Descendente,Seco y limpio,"Luz del día natural, solar",Despejado,,Nivel blanco,,Sin especificar,Sin especificar,Sin especificar,Sin especificar,Sin especificar,Sin especificar,Sin especificar,2024,8,LUNES,15,Tarde,Dias laborables
180.6,3,0,0,24510,03041,Recta,Carretera,Frontal                                            ,,N-332,Vía para automóviles,Estatal,Ascendente,Seco y limpio,Sin luz natural ni artificial,Despejado,,Nivel blanco,,Sin especificar,Sin especificar,Sin especificar,Sin especificar,Sin especificar,Sin especificar,Sin especificar,2024,7,DOMINGO,23,Noche,Fines de semana
620.2,2,0,0,24511,00000,Curva sin señalizar,Carretera,Salida de la vía por la izquierda con colisión     ,,AP-7,Autopista libre,Estatal,Descendente,Seco y limpio,"Luz del día natural, solar",Despejado,,Nivel blanco,,Sin especificar,Sin especificar,Sin especificar,Sin especificar,Sin especificar,Sin especificar,Sin especificar,2024,9,DOMINGO,9,Mañana,Fines de semana
,1,0,0,24512,03041,No aplica,Calle,Atropello a personas                               ,,No inventariada,Calle,Estatal,Se desconoce,Seco y limpio,Sin luz natural y con iluminación artificial encen,Despejado,,Nivel blanco,,Sin especificar,Sin especificar,Sin especificar,Sin especificar,Sin especificar,Sin especificar,Sin especificar,2024,8,MARTES,20,Noche,Dias laborables
173.573,1,0,0,24513,03041,Recta,Carretera,Lateral                                            ,,N-332,Carretera Convencional de calzada única,Estatal,Ascendente,Seco y limpio,"Luz del día natural, solar",Despejado,,Nivel verde,,Sin especificar,Sin especificar,Sin especificar,Sin especificar,Sin especificar,Sin especificar,Sin especificar,2024,9,MARTES,17,Tarde,Dias laborables
173.7,1,0,0,24514,03041,Recta,Carretera,Salida de la vía por la derecha con vuelco         ,,N-332,Carretera Convencional de doble calzada,Estatal,Descendente,Seco y limpio,Sin luz natural ni artificial,Despejado,,Nivel blanco,,Sin especificar,Sin especificar,Sin especificar,Sin especificar,Sin especificar,Sin especificar,Sin especificar,2024,9,MIÉRCOLES,22,Noche,Dias laborables
0.1,2,0,0,24515,03041,Curva sin señalizar,Carretera,Salida de la vía por la izquierda con despeñamiento,,CV-7471,Carretera Convencional de calzada única,Municipal,Descendente,Seco y limpio,"Luz del día natural, solar",Despejado,,Nivel blanco,,Sin especificar,Sin especificar,Sin especificar,Sin especificar,Sin especificar,Sin especificar,Sin especificar,2024,10,LUNES,16,Tarde,Dias laborables
621.215,1,0,0,24516,00000,Curva señalizada,Carretera,Salida de la vía por la derecha otro tipo          ,,AP-7,Autopista libre,Estatal,Ascendente,Seco y limpio,"Luz del día natural, solar",Despejado,,Sin especificar,,Sin especificar,Sin especificar,Sin especificar,Sin especificar,Sin especificar,Sin especificar,Sin especificar,2024,11,JUEVES,8,Mañana,Dias laborables