KM,TOTAL_HL24H,TOTAL_HG24H,TOTAL_MU24H,id,COD_MUNICIPIO,TRAZADO_PLANTA,ZONA,TIPO_ACCIDENTE,CARRETERA_CRUCE,CARRETERA,TIPO_VIA,TITULARIDAD_VIA,SENTIDO_1F,CONDICION_FIRME,CONDICION_ILUMINACION,CONDICION_METEO,CONDICION_NIEBLA,CONDICION_NIVEL_CIRCULA,CONDICION_VIENTO,PRIORI_AGENTE,PRIORI_CIRCUNSTANCIAL,PRIORI_HORIZ_CEDA,PRIORI_HORIZ_STOP,PRIORI_SEMAFORO,PRIORI_VERT_CEDA,PRIORI_VERT_STOP,ANYO,MES,DIA,HORA,FRANJA_HORARIA,TIPO_DIA
18.75,1,0,0,24682,03053,Recta,Carretera,Salida de la vía por la izquierda con colisión     ,,CV-80,Carretera Convencional de doble calzada,Estatal,Ascendente,Seco y limpio,Sin luz natural ni artificial,Despejado,,Nivel verde,,No,No,No,No,No,No,No,2024,8,VIERNES,2,Madrugada,Dias laborables
2.95,0,0,1,24683,03053,Recta,Carretera,Salida de la vía por la derecha con colisión       ,,CV-806,Carretera Convencional de calzada única,Autonómica,Ascendente,Seco y limpio,Sin luz natural ni artificial,Despejado,,Nivel blanco,,Sin especificar,Sin especificar,Sin especificar,Sin especificar,Sin especificar,Sin especificar,Sin especificar,2024,12,JUEVES,1,Madrugada,Dias laborables
,1,0,0,24684,03053,No aplica,Calle,Lateral                                            ,,No inventariada,Calle,Municipal,Se desconoce,Seco y limpio,"Luz del día natural, solar",Despejado,,Nivel blanco,,No,No,No,No,No,No,Sí,2024,11,MIÉRCOLES,12,Tarde,Dias laborables
473.83,3,0,0,24685,03053,Recta,Carretera,Por alcance                                        ,,A-7,Autovía,Estatal,Ascendente,Seco y limpio,"Luz del día natural, solar",Despejado,,Nivel blanco,,Sin especificar,Sin especificar,Sin especificar,Sin especificar,Sin especificar,Sin especificar,Sin especificar,2024,12,VIERNES,8,Mañana,Dias laborables
2.0,1,0,0,24686,00000,Recta,Travesía,Salida de la vía por la derecha otro tipo          ,,CAMINO VEC,Camino vecinal,Municipal,Descendente,Seco y limpio,"Luz del día natural, solar",Despejado,,Nivel blanco,,Sin especificar,Sin especificar,Sin especificar,Sin especificar,Sin especificar,Sin especificar,Sin especificar,2024,1,LUNES,13,Tarde,Dias laborables
6.2,1,0,0,24687,00000,Recta,Carretera,Caída                                              ,,CV-752,Carretera Convencional de calzada única,Autonómica,Descendente,Seco y limpio,"Luz del día natural, solar",Despejado,,Nivel blanco,Viento fuerte,Sin especificar,Sin especificar,Sin especificar,Sin especificar,Sin especificar,Sin especificar,Sin especificar,2024,3,DOMINGO,10,Mañana,Fines de semana
11.0,1,0,0,24688,00000,Curva señalizada,Carretera,Salida de la vía por la derecha con despeñamiento  ,,CV-752,Carretera Convencional de calzada única,"Provincial, Cabildo/Consell",Ascendente,Seco y limpio,"Luz del día natural, solar",Despejado,,Nivel blanco,,Sin especificar,Sin especificar,Sin especificar,Sin especificar,Sin especificar,Sin especificar,Sin especificar,2024,3,JUEVES,12,Tarde,Dias laborables
9.345,1,0,0,24689,00000,Recta,Carretera,Salida de la vía por la derecha con vuelco         ,,CV-752,Carretera Convencional de calzada única,"Provincial, Cabildo/Consell",Ascendente,Seco y limpio,"Luz del día natural, solar",Despejado,,Nivel blanco,,Sin especificar,Sin especificar,Sin especificar,Sin especificar,Sin especificar,Sin especificar,Sin especificar,2024,3,LUNES,12,Tarde,Dias laborables
10.5,0,1,0,24690,00000,Curva señalizada,Carretera,Atropello a animales                               ,,CV-752,Carretera Convencional de calzada única,"Provincial, Cabildo/Consell",Ascendente,Seco y limpio,"Luz del día natural, solar",Despejado,,Nivel blanco,,Sin especificar,Sin especificar,Sin especificar,Sin especificar,Sin especificar,Sin especificar,Sin especificar,2024,4,SÁBADO,11,Mañana,Fines de semana
10.058,1,0,0,24691,00000,Curva señalizada,Carretera,Caída                                              ,,CV-752,Carretera Convencional de calzada única,Autonómica,Descendente,Seco y limpio,"Luz del día natural, solar",Despejado,,Nivel blanco,,Sin especificar,Sin especificar,Sin especificar,Sin especificar,Sin especificar,Sin especificar,Sin especificar,2024,10,LUNES,14,Tarde,Dias laborables
18.9,1,0,0,24692,00000,Curva señalizada,Carretera,Salida de la vía por la izquierda con colisión     ,,CV-720,Carretera Convencional de calzada única,Autonómica,Ascendente,Seco y limpio,"Luz del día natural, solar",Despejado,,Nivel blanco,,Sin especificar,Sin especificar,Sin especificar,Sin especificar,Sin especificar,Sin especificar,Sin especificar,2024,12,DOMINGO,17,Tarde,Fines de semana
732.426,1,0,0,24693,03055,Curva señalizada,Carretera,Salida de la vía por la derecha otro tipo          ,,AP-7,Autopista de peaje,Estatal,Ascendente,Seco y limpio,"Luz del día natural, solar",Despejado,,Nivel blanco,,Sin especificar,Sin especificar,Sin especificar,Sin especificar,Sin especificar,Sin especificar,Sin especificar,2024,2,SÁBADO,13,Tarde,Fines de semana
1.4,3,0,0,24694,03055,Curva sin señalizar,Carretera,Múltiple o en caravana                             ,,CV-909,Carretera Convencional de calzada única,Autonómica,Descendente,Seco y limpio,Sin luz natural ni artificial,Despejado,,Nivel blanco,,No,No,No,No,Sí,No,No,2024,4,LUNES,21,Noche,Dias laborables
20.0,2,0,0,24695,03055,Curva sin señalizar,Carretera,Fronto-lateral                                     ,,C CATURLA,Camino vecinal,Municipal,Descendente,Seco y limpio,"Luz del día natural, solar",Despejado,,Nivel verde,,Sin especificar,Sin especificar,Sin especificar,Sin especificar,Sin especificar,Sin especificar,Sin especificar,2024,5,JUEVES,10,Mañana,Dias laborables
0.3,5,0,0,24696,03055,Curva sin señalizar,Carretera,"Salida de la vía por la izquierda, otro tipo       ",,No inventariada,Camino vecinal,Municipal,Ascendente,Seco y limpio,"Luz del día natural, solar",Despejado,,Nivel blanco,,Sin especificar,Sin especificar,Sin especificar,Sin especificar,Sin especificar,Sin especificar,Sin especificar,2024,5,MIÉRCOLES,18,Noche,Dias laborables
0.1,1,0,0,24697,03064,Recta,Carretera,Fronto-lateral                                     ,CV-921,CV-861,Carretera Convencional de calzada única,Autonómica,Ascendente,Seco y limpio,"Luz del día natural, solar",Despejado,,Nivel blanco,,No,No,No,No,No,No,No,2024,7,MIÉRCOLES,18,Noche,Dias laborables
5.212,1,0,0,24698,03055,Recta,Carretera,Otro tipo de accidente                             ,,CV-913,Carretera Convencional de doble calzada,Autonómica,Descendente,Seco y limpio,"Luz del día natural, solar",Despejado,,Nivel verde,,Sin especificar,Sin especificar,Sin especificar,Sin especificar,Sin especificar,Sin especificar,Sin especificar,2024,9,JUEVES,18,Noche,Dias laborables
3.0,1,0,0,24699,03055,Curva sin señalizar,Carretera,Fronto-lateral                                     ,,CAMINO LA,Carretera Convencional de calzada única,Municipal,Ascendente,Seco y limpio,"Luz del día natural, solar",Despejado,,Nivel blanco,,No,No,No,Sí,No,No,No,2024,10,JUEVES,11,Mañana,Dias laborables
,1,0,0,24700,03055,No aplica,Calle,Fronto-lateral                                     ,,No inventariada,Calle,Municipal,Se desconoce,Seco y limpio,"Luz del día natural, solar",Despejado,,Nivel blanco,,No,No,No,No,No,No,Sí,2024,2,SÁBADO,15,Tarde,Fines de semana
,1,0,0,24701,03055,No aplica,Calle,Atropello a personas                               ,,No inventariada,Calle,Municipal,Se desconoce,Seco y limpio,"Luz del día natural, solar",Despejado,,Nivel blanco,,Sin especificar,Sin especificar,Sin especificar,Sin especificar,Sin especificar,Sin especificar,Sin especificar,2024,4,VIERNES,20,Noche,Dias laborables
,1,0,0,24702,03055,No aplica,Calle,Atropello a personas                               ,,No inventariada,Calle,Municipal,Se desconoce,Seco y limpio,"Luz del día natural, solar",Despejado,,Nivel blanco,,Sin especificar,Sin especificar,Sin especificar,Sin especificar,Sin especificar,Sin especificar,Sin especificar,2024,6,SÁBADO,12,Tarde,Fines de semana
,1,0,0,24703,03055,No aplica,Calle,Fronto-lateral                                     ,,No inventariada,Calle,Municipal,Se desconoce,Seco y limpio,"Luz del día natural, solar",Despejado,,Nivel blanco,,Sin especificar,Sin especificar,Sin especificar,Sin especificar,Sin especificar,Sin especificar,Sin especificar,2024,7,MIÉRCOLES,19,Noche,Dias laborables
,1,0,0,24704,03055,No aplica,Calle,Atropello a personas                               ,,No inventariada,Calle,Municipal,Se desconoce,Seco y limpio,"Luz del día natural, solar",Despejado,,Nivel blanco,,Sin especificar,Sin especificar,Sin especificar,Sin especificar,Sin especificar,Sin especificar,Sin especificar,2024,6,LUNES,11,Mañana,Dias laborables
,1,0,0,24705,03055,No aplica,Calle,Caída                                              ,,No inventariada,Vía de servicio,Municipal,Se desconoce,Seco y limpio,"Luz del día natural, solar",Despejado,,Nivel blanco,,Sin especificar,Sin especificar,Sin especificar,Sin especificar,Sin especificar,Sin especificar,Sin especificar,2024,8,JUEVES,10,Mañana,Dias laborables
2.5,1,0,0,24706,03055,Recta,Carretera,Caída                                              ,,CAMINO DE,Camino vecinal,Municipal,Ascendente,Seco y limpio,"Luz del día natural, solar",Despejado,,Nivel blanco,,Sin especificar,Sin especificar,Sin especificar,Sin especificar,Sin especificar,Sin especificar,Sin especificar,2024,11,SÁBADO,12,Tarde,Fines de semana
4.5,1,0,0,24707,03059,Recta,Carretera,Otro tipo de accidente                             ,,CV-904,Carretera Convencional de calzada única,Autonómica,Ambos,Seco y limpio,"Luz del día natural, solar",Nublado,,Nivel blanco,,Sin especificar,Sin especificar,Sin especificar,Sin especificar,Sin especificar,Sin especificar,Sin especificar,2024,12,MIÉRCOLES,13,Tarde,Dias laborables
0.0,4,0,0,24708,03055,Recta,Carretera,Fronto-lateral                                     ,,ARROBAMADR,Camino vecinal,Municipal,Ambos,Seco y limpio,"Luz del día natural, solar",Despejado,,Nivel blanco,,No,No,No,No,No,No,No,2024,12,LUNES,14,Tarde,Dias laborables
5.021,1,0,0,24709,03056,Recta,Carretera,Salida de la vía por la derecha otro tipo          ,,CV-70,Carretera Convencional de calzada única,Autonómica,Descendente,Seco y limpio,"Luz del día natural, solar",Despejado,,Nivel blanco,,Sin especificar,Sin especificar,Sin especificar,Sin especificar,Sin especificar,Sin especificar,Sin especificar,2024,4,MIÉRCOLES,14,Tarde,Dias laborables
439.3,1,0,0,24710,03056,Curva sin señalizar,Carretera,Salida de la vía por la izquierda con vuelco       ,,A-7,Autovía,Estatal,Ascendente,Seco y limpio,"Luz del día natural, solar",Nublado,,Nivel blanco,,Sin especificar,Sin especificar,Sin especificar,Sin especificar,Sin especificar,Sin especificar,Sin especificar,2024,5,DOMINGO,7,Mañana,Fines de semana
804.0,2,0,0,24711,03092,Recta,Carretera,Fronto-lateral                                     ,N-340,N-340,Carretera Convencional de doble calzada,Estatal,Ascendente,Seco y limpio,"Luz del día natural, solar",Despejado,,Nivel blanco,,No,No,No,No,Sí,Sí,Sí,2024,5,MARTES,16,Tarde,Dias laborables
798.022,1,0,0,24712,03056,Recta,Carretera,Por alcance                                        ,N-340,N-340,Carretera Convencional de doble calzada,Estatal,Descendente,Seco y limpio,"Luz del día natural, solar",Despejado,,Nivel blanco,,No,No,No,No,No,Sí,No,2024,6,LUNES,18,Noche,Dias laborables
,1,0,0,24713,03056,No aplica,Calle,Por alcance                                        ,,No inventariada,Calle,Municipal,Se desconoce,Seco y limpio,"Amanecer o atardecer, con luz artificial",Despejado,,Nivel verde,,Sin especificar,Sin especificar,Sin especificar,Sin especificar,Sin especificar,Sin especificar,Sin especificar,2024,1,MIÉRCOLES,7,Mañana,Dias laborables
,1,0,0,24714,03056,No aplica,Calle,Caída                                              ,,No inventariada,Calle,Municipal,Se desconoce,Seco y limpio,"Luz del día natural, solar",Despejado,,Nivel verde,,Sin especificar,Sin especificar,Sin especificar,Sin especificar,Sin especificar,Sin especificar,Sin especificar,2024,3,SÁBADO,10,Mañana,Fines de semana
447.221,1,0,0,24715,03009,Recta,Carretera,Por alcance                                        ,,A-7,Autovía,Estatal,Ascendente,Seco y limpio,"Amanecer o atardecer, sin luz artificial",Despejado,,Nivel blanco,,Sin especificar,Sin especificar,Sin especificar,Sin especificar,Sin especificar,Sin especificar,Sin especificar,2024,8,JUEVES,7,Mañana,Dias laborables
4.4,1,0,0,24716,03056,Curva señalizada,Carretera,Salida de la vía por la izquierda con despeñamiento,,CV-790,Carretera Convencional de calzada única,Autonómica,Ascendente,Seco y limpio,"Luz del día natural, solar",Despejado,,Nivel blanco,,Sin especificar,Sin especificar,Sin especificar,Sin especificar,Sin especificar,Sin especificar,Sin especificar,2024,8,SÁBADO,11,Mañana,Fines de semana
6.6,1,0,0,24717,03056,Curva señalizada,Carretera,Fronto-lateral                                     ,N-340,CV-790,Carretera Convencional de calzada única,Autonómica,Ascendente,Seco y limpio,"Luz del día natural, solar",Despejado,,Nivel blanco,,No,No,Sí,No,No,No,No,2024,10,LUNES,9,Mañana,Dias laborables
800.5,2,0,0,24718,03056,Recta,Carretera,Múltiple o en caravana                             ,N-340,N-340,Carretera Convencional de calzada única,Estatal,Descendente,Seco y limpio,"Luz del día natural, solar",Despejado,,Nivel blanco,,No,No,Sí,No,No,No,No,2024,11,MARTES,8,Mañana,Dias laborables
800.849,1,0,0,24719,03056,Recta,Carretera,Por alcance                                        ,,N-340,Carretera Convencional de calzada única,Estatal,Descendente,Seco y limpio,"Luz del día natural, solar",Despejado,,Nivel verde,,Sin especificar,Sin especificar,Sin especificar,Sin especificar,Sin especificar,Sin especificar,Sin especificar,2024,11,MIÉRCOLES,9,Mañana,Dias laborables
6.16,2,0,0,24720,03056,Curva señalizada,Carretera,Salida de la vía por la derecha otro tipo          ,,CV-790,Carretera Convencional de calzada única,Autonómica,Ascendente,Con aceite,"Luz del día natural, solar",Despejado,,Nivel verde,,Sin especificar,Sin especificar,Sin especificar,Sin especificar,Sin especificar,Sin especificar,Sin especificar,2024,12,LUNES,7,Mañana,Dias laborables
18.826,1,0,0,24721,00000,Curva señalizada,Carretera,Salida de la vía por la derecha otro tipo          ,,CV-70,Carretera Convencional de calzada única,Autonómica,Ascendente,Seco y limpio,"Luz del día natural, solar",Despejado,,Nivel blanco,,Sin especificar,Sin especificar,Sin especificar,Sin especificar,Sin especificar,Sin especificar,Sin especificar,2024,2,SÁBADO,10,Mañana,Fines de semana
27.8,1,0,0,24722,00000,Curva señalizada,Carretera,Salida de la vía por la derecha otro tipo          ,,CV-70,Carretera Convencional de calzada única,Autonómica,Descendente,Seco y limpio,"Luz del día natural, solar",Despejado,,Nivel blanco,,Sin especificar,Sin especificar,Sin especificar,Sin especificar,Sin especificar,Sin especificar,Sin especificar,2024,6,SÁBADO,9,Mañana,Fines de semana
18.27,1,0,0,24723,00000,Curva señalizada,Carretera,Caída                                              ,,CV-70,Carretera Convencional de calzada única,Autonómica,Ascendente,Con barro o gravilla suelta,"Luz del día natural, solar",Despejado,,Nivel blanco,,Sin especificar,Sin especificar,Sin especificar,Sin especificar,Sin especificar,Sin especificar,Sin especificar,2024,6,VIERNES,10,Mañana,Dias laborables
27.0,1,0,0,24724,00000,Curva sin señalizar,Carretera,Salida de la vía por la derecha otro tipo          ,,CV-70,Carretera Convencional de calzada única,Autonómica,Descendente,Seco y limpio,"Luz del día natural, solar",Despejado,,Nivel blanco,,Sin especificar,Sin especificar,Sin especificar,Sin especificar,Sin especificar,Sin especificar,Sin especificar,2024,7,VIERNES,20,Noche,Dias laborables
22.5,1,1,0,24725,00000,Curva señalizada,Carretera,Salida de la vía por la derecha con colisión       ,,CV-70,Carretera Convencional de calzada única,Autonómica,Ascendente,Seco y limpio,"Luz del día natural, solar",Despejado,,Nivel blanco,,Sin especificar,Sin especificar,Sin especificar,Sin especificar,Sin especificar,Sin especificar,Sin especificar,2024,10,DOMINGO,12,Tarde,Fines de semana
26.2,1,0,0,24726,00000,Curva señalizada,Carretera,Caída                                              ,,CV-70,Carretera Convencional de calzada única,Autonómica,Descendente,Seco y limpio,"Luz del día natural, solar",Nublado,,Nivel blanco,,Sin especificar,Sin especificar,Sin especificar,Sin especificar,Sin especificar,Sin especificar,Sin especificar,2024,11,MARTES,13,Tarde,Dias laborables
1.15,0,0,1,24727,00000,Curva sin señalizar,Carretera,Salida de la vía por la izquierda con colisión     ,,CM ALJORFA,Camino vecinal,Municipal,Ascendente,Seco y limpio,"Luz del día natural, solar",Despejado,,Nivel blanco,,Sin especificar,Sin especificar,Sin especificar,Sin especificar,Sin especificar,Sin especificar,Sin especificar,2024,11,MIÉRCOLES,17,Tarde,Dias laborables
695.0,1,0,0,24728,03058,Recta,Carretera,Fronto-lateral                                     ,,N-340,Carretera Convencional de calzada única,Estatal,Descendente,Seco y limpio,Sin luz natural ni artificial,Despejado,,Nivel verde,,Sin especificar,Sin especificar,Sin especificar,Sin especificar,Sin especificar,Sin especificar,Sin especificar,2024,2,LUNES,19,Noche,Dias laborables
12.1,1,0,0,24729,03058,Curva señalizada,Carretera,Salida de la vía por la izquierda con colisión     ,,CV-900,Carretera Convencional de calzada única,Autonómica,Ascendente,Seco y limpio,"Luz del día natural, solar",Nublado,,Nivel blanco,,No,No,No,No,No,No,No,2024,3,SÁBADO,8,Mañana,Fines de semana
695.0,2,0,0,24730,03058,Recta,Carretera,Por alcance                                        ,,N-340,Carretera Convencional de calzada única,Estatal,Descendente,Seco y limpio,"Luz del día natural, solar",Despejado,,Nivel blanco,,Sin especificar,Sin especificar,Sin especificar,Sin especificar,Sin especificar,Sin especificar,Sin especificar,2024,3,LUNES,8,Mañana,Dias laborables
693.1,0,1,0,24731,03058,Recta,Carretera,Frontal                                            ,,N-340,Carretera Convencional de calzada única,Estatal,Descendente,Seco y limpio,"Amanecer o atardecer, sin luz artificial",Despejado,,Nivel blanco,,No,No,No,No,No,No,No,2024,4,JUEVES,7,Mañana,Dias laborables
1.0,1,0,0,24732,03058,Recta,Carretera,Salida de la vía por la izquierda con vuelco       ,,VIRGEN DEL,Camino vecinal,Autonómica,Ascendente,Seco y limpio,Sin luz natural ni artificial,Despejado,,Nivel blanco,,No,No,No,Sí,No,No,No,2024,8,DOMINGO,5,Madrugada,Fines de semana
693.2,0,0,1,24733,03058,Recta,Carretera,Atropello a personas                               ,,N-340,Carretera Convencional de calzada única,Estatal,Descendente,Seco y limpio,Sin luz natural ni artificial,Despejado,,Nivel blanco,,Sin especificar,Sin especificar,Sin especificar,Sin especificar,Sin especificar,Sin especificar,Sin especificar,2024,9,VIERNES,4,Madrugada,Dias laborables
541.0,2,0,0,24734,03058,Recta,Carretera,Por alcance                                        ,,A-7,Autovía,Estatal,Descendente,Seco y limpio,"Luz del día natural, solar",Despejado,,Nivel verde,,Sin especificar,Sin especificar,Sin especificar,Sin especificar,Sin especificar,Sin especificar,Sin especificar,2024,9,MIÉRCOLES,13,Tarde,Dias laborables
,0,1,0,24735,03058,No aplica,Calle,Salida de la vía por la derecha otro tipo          ,,No inventariada,Calle,Municipal,Se desconoce,Seco y limpio,Sin luz natural y con iluminación artificial encen,Despejado,,Sin especificar,,Sin especificar,Sin especificar,Sin especificar,Sin especificar,Sin especificar,Sin especificar,Sin especificar,2024,5,JUEVES,0,Madrugada,Dias laborables
,1,0,0,24736,03058,No aplica,Calle,Fronto-lateral                                     ,,No inventariada,Calle,Municipal,Se desconoce,Seco y limpio,"Amanecer o atardecer, con luz artificial",Despejado,,Sin especificar,,No,No,No,No,No,Sí,No,2024,11,JUEVES,18,Noche,Dias laborables
,1,0,0,24737,03058,No aplica,Calle,Fronto-lateral                                     ,,No inventariada,Calle,Municipal,Se desconoce,Seco y limpio,Sin luz natural y con iluminación artificial encen,Despejado,,Sin especificar,,No,No,No,No,No,Sí,No,2024,12,MARTES,21,Noche,Dias laborables
528.0,1,0,0,24738,03059,Recta,Carretera,Salida de la vía por la izquierda con colisión     ,AP-7,A-7,Autovía,Estatal,Ascendente,Seco y limpio,"Luz del día natural, solar",Nublado,,Nivel blanco,,No,No,No,No,No,No,No,2024,1,MARTES,14,Tarde,Dias laborables
528.0,1,0,0,24739,03059,Recta,Carretera,Lateral                                            ,,A-7,Autovía,Estatal,Descendente,Seco y limpio,"Luz del día natural, solar",Despejado,,Nivel blanco,,Sin especificar,Sin especificar,Sin especificar,Sin especificar,Sin especificar,Sin especificar,Sin especificar,2024,1,MARTES,8,Mañana,Dias laborables
0.025,1,0,0,24740,03059,Recta,Carretera,Por alcance                                        ,N-340,CV-904,Carretera Convencional de calzada única,Autonómica,Descendente,Seco y limpio,"Luz del día natural, solar",Despejado,,Nivel blanco,,No,No,No,Sí,No,No,No,2024,2,LUNES,15,Tarde,Dias laborables
20.0,1,0,0,24741,03059,Recta,Carretera,Fronto-lateral                                     ,,N-325,Carretera Convencional de calzada única,Estatal,Ascendente,Mojado,"Luz del día natural, solar",Nublado,,Nivel blanco,,Sin especificar,Sin especificar,Sin especificar,Sin especificar,Sin especificar,Sin especificar,Sin especificar,2024,2,VIERNES,14,Tarde,Dias laborables
711.0,1,0,0,24742,03059,Curva señalizada,Carretera,Caída                                              ,N-340,N-340,Carretera Convencional de calzada única,Estatal,Descendente,Seco y limpio,"Amanecer o atardecer, sin luz artificial",Despejado,,Nivel blanco,,No,No,Sí,No,No,No,No,2024,3,JUEVES,7,Mañana,Dias laborables
712.5,1,0,0,24743,03065,Recta,Carretera,Por alcance                                        ,N-340,N-340,Carretera Convencional de calzada única,Estatal,Descendente,Seco y limpio,"Luz del día natural, solar",Despejado,,Nivel blanco,,No,No,No,No,No,Sí,No,2024,4,MIÉRCOLES,13,Tarde,Dias laborables
10.67,1,0,0,24744,03059,Curva señalizada,Carretera,Por alcance                                        ,,CV-875,Carretera Convencional de calzada única,Autonómica,Ascendente,Seco y limpio,"Luz del día natural, solar",Despejado,,Nivel blanco,,Sin especificar,Sin especificar,Sin especificar,Sin especificar,Sin especificar,Sin especificar,Sin especificar,2024,4,LUNES,12,Tarde,Dias laborables
527.8,1,0,0,24745,03059,Recta,Carretera,Lateral                                            ,,A-7,Autovía,Estatal,Ascendente,Seco y limpio,"Luz del día natural, solar",Despejado,,Nivel blanco,,Sin especificar,Sin especificar,Sin especificar,Sin especificar,Sin especificar,Sin especificar,Sin especificar,2024,4,VIERNES,15,Tarde,Dias laborables
16.2,1,0,0,24746,03059,Curva señalizada,Carretera,"Salida de la vía por la izquierda, otro tipo       ",,N-325,Carretera Convencional de calzada única,Estatal,Ascendente,Mojado,"Amanecer o atardecer, sin luz artificial",Lluvia débil,,Nivel blanco,,Sin especificar,Sin especificar,Sin especificar,Sin especificar,Sin especificar,Sin especificar,Sin especificar,2024,4,LUNES,7,Mañana,Dias laborables
524.35,9,0,0,24747,03059,Curva sin señalizar,Carretera,Por alcance                                        ,,A-7,Autopista libre,Estatal,Ascendente,Seco y limpio,"Luz del día natural, solar",Despejado,,Nivel verde,,Sin especificar,Sin especificar,Sin especificar,Sin especificar,Sin especificar,Sin especificar,Sin especificar,2024,4,JUEVES,17,Tarde,Dias laborables
0.3,2,0,0,24748,03059,Curva señalizada,Carretera,Salida de la vía por la derecha con colisión       ,,CAMINO DE,Camino vecinal,Municipal,Ambos,Con barro o gravilla suelta,Sin luz natural ni artificial,Despejado,,Nivel blanco,,Sin especificar,Sin especificar,Sin especificar,Sin especificar,Sin especificar,Sin especificar,Sin especificar,2024,5,MIÉRCOLES,23,Noche,Dias laborables
,1,0,0,24749,03059,No aplica,Calle,Fronto-lateral                                     ,,No inventariada,Calle,Municipal,Se desconoce,Seco y limpio,Sin luz natural y con iluminación artificial encen,Despejado,,Se desconoce,,Sin especificar,Sin especificar,Sin especificar,Sin especificar,Sin especificar,Sin especificar,Sin especificar,2024,1,LUNES,22,Noche,Dias laborables
,1,0,0,24750,03059,No aplica,Calle,Atropello a personas                               ,,No inventariada,Calle,Municipal,Se desconoce,Seco y limpio,"Luz del día natural, solar",Despejado,,Se desconoce,,Sin especificar,Sin especificar,Sin especificar,Sin especificar,Sin especificar,Sin especificar,Sin especificar,2024,6,JUEVES,13,Tarde,Dias laborables
711.0,2,0,0,24751,03059,Recta,Carretera,Por alcance                                        ,,N-340,Carretera Convencional de calzada única,Estatal,Descendente,Seco y limpio,"Luz del día natural, solar",Despejado,,Nivel blanco,,Sin especificar,Sin especificar,Sin especificar,Sin especificar,Sin especificar,Sin especificar,Sin especificar,2024,6,DOMINGO,19,Noche,Fines de semana
,1,0,0,24752,03059,No aplica,Calle,Atropello a personas                               ,,No inventariada,Calle,Municipal,Se desconoce,Seco y limpio,"Luz del día natural, solar",Se desconoce,,Se desconoce,,Sin especificar,Sin especificar,Sin especificar,Sin especificar,Sin especificar,Sin especificar,Sin especificar,2024,3,VIERNES,18,Noche,Dias laborables
,2,0,0,24753,03059,No aplica,Calle,Caída                                              ,,No inventariada,Calle,Municipal,Se desconoce,Seco y limpio,"Luz del día natural, solar",Se desconoce,,Se desconoce,,Sin especificar,Sin especificar,Sin especificar,Sin especificar,Sin especificar,Sin especificar,Sin especificar,2024,1,LUNES,14,Tarde,Dias laborables
,1,0,0,24754,03059,No aplica,Calle,Fronto-lateral                                     ,,No inventariada,Calle,Municipal,Se desconoce,Seco y limpio,Sin luz natural y con iluminación artificial encen,Despejado,,Se desconoce,,Sin especificar,Sin especificar,Sin especificar,Sin especificar,Sin especificar,Sin especificar,Sin especificar,2024,2,MIÉRCOLES,5,Madrugada,Dias laborables
,1,0,0,24755,03059,No aplica,Calle,Por alcance                                        ,,No inventariada,Calle,Municipal,Se desconoce,Seco y limpio,"Luz del día natural, solar",Se desconoce,,Se desconoce,,Sin especificar,Sin especificar,Sin especificar,Sin especificar,Sin especificar,Sin especificar,Sin especificar,2024,1,MARTES,18,Noche,Dias laborables
,1,0,0,24756,03059,No aplica,Calle,Fronto-lateral                                     ,,No inventariada,Calle,Municipal,Se desconoce,Seco y limpio,"Luz del día natural, solar",Se desconoce,,Se desconoce,,Sin especificar,Sin especificar,Sin especificar,Sin especificar,Sin especificar,Sin especificar,Sin especificar,2024,5,MARTES,11,Mañana,Dias laborables
,1,0,0,24757,03059,No aplica,Calle,Colisión contra obstáculo o elemento de la vía     ,,No inventariada,Calle,Municipal,Se desconoce,Seco y limpio,"Luz del día natural, solar",Despejado,,Se desconoce,,Sin especificar,Sin especificar,Sin especificar,Sin especificar,Sin especificar,Sin especificar,Sin especificar,2024,4,SÁBADO,10,Mañana,Fines de semana
,1,0,0,24758,03059,No aplica,Calle,Fronto-lateral                                     ,,No inventariada,Calle,Municipal,Se desconoce,Otra,"Luz del día natural, solar",Despejado,,Se desconoce,,Sin especificar,Sin especificar,Sin especificar,Sin especificar,Sin especificar,Sin especificar,Sin especificar,2024,4,MARTES,11,Mañana,Dias laborables
711.5,2,0,0,24759,03059,Recta,Carretera,Por alcance                                        ,,N-340,Carretera Convencional de doble calzada,Estatal,Descendente,Muy encharcado o inundado,"Luz del día natural, solar",Lluvia fuerte,,Nivel amarillo,,Sin especificar,Sin especificar,Sin especificar,Sin especificar,Sin especificar,Sin especificar,Sin especificar,2024,6,MARTES,18,Noche,Dias laborables
,1,0,0,24760,03059,No aplica,Calle,Por alcance                                        ,,No inventariada,Calle,Municipal,Se desconoce,Seco y limpio,"Luz del día natural, solar",Se desconoce,,Se desconoce,,Sin especificar,Sin especificar,Sin especificar,Sin especificar,Sin especificar,Sin especificar,Sin especificar,2024,6,SÁBADO,15,Tarde,Fines de semana