KM,TOTAL_HL24H,TOTAL_HG24H,TOTAL_MU24H,id,COD_MUNICIPIO,TRAZADO_PLANTA,ZONA,TIPO_ACCIDENTE,CARRETERA_CRUCE,CARRETERA,TIPO_VIA,TITULARIDAD_VIA,SENTIDO_1F,CONDICION_FIRME,CONDICION_ILUMINACION,CONDICION_METEO,CONDICION_NIEBLA,CONDICION_NIVEL_CIRCULA,CONDICION_VIENTO,PRIORI_AGENTE,PRIORI_CIRCUNSTANCIAL,PRIORI_HORIZ_CEDA,PRIORI_HORIZ_STOP,PRIORI_SEMAFORO,PRIORI_VERT_CEDA,PRIORI_VERT_STOP,ANYO,MES,DIA,HORA,FRANJA_HORARIA,TIPO_DIA
5.2,1,0,0,25500,00000,Recta,Carretera,Fronto-lateral                                     ,,CV-750,Carretera Convencional de calzada única,"Provincial, Cabildo/Consell",Ambos,Seco y limpio,"Luz del día natural, solar",Despejado,,Nivel blanco,,No,No,No,No,No,No,No,2024,2,LUNES,15,Tarde,Dias laborables
5.3,1,0,0,25501,00000,Curva señalizada,Carretera,Salida de la vía por la derecha con colisión       ,CV-745,CV-750,Carretera Convencional de calzada única,Autonómica,Descendente,Seco y limpio,Sin luz natural y con iluminación artificial encen,Despejado,,Nivel blanco,,No,No,Sí,No,No,Sí,No,2024,4,MIÉRCOLES,21,Noche,Dias laborables
,1,0,0,25502,00000,No aplica,Calle,Caída                                              ,,No inventariada,Calle,Municipal,Se desconoce,Seco y limpio,Sin luz natural y con iluminación artificial encen,Despejado,,Nivel blanco,,Sin especificar,Sin especificar,Sin especificar,Sin especificar,Sin especificar,Sin especificar,Sin especificar,2024,10,SÁBADO,0,Madrugada,Fines de semana
6.3,0,0,1,25503,00000,Curva sin señalizar,Carretera,Fronto-lateral                                     ,,CV-750,Carretera Convencional de calzada única,Autonómica,Ambos,Seco y limpio,"Luz del día natural, solar",Despejado,,Nivel blanco,,No,No,No,Sí,No,No,Sí,2024,11,SÁBADO,14,Tarde,Fines de semana
7.0,1,0,0,25504,03082,Curva señalizada,Carretera,Salida de la vía por la derecha otro tipo          ,,CV-742,Carretera Convencional de calzada única,"Provincial, Cabildo/Consell",Descendente,Seco y limpio,"Luz del día natural, solar",Despejado,,Sin especificar,,Sin especificar,Sin especificar,Sin especificar,Sin especificar,Sin especificar,Sin especificar,Sin especificar,2024,1,MIÉRCOLES,16,Tarde,Dias laborables
,0,1,0,25505,03082,No aplica,Calle,Fronto-lateral                                     ,,No inventariada,Calle,Municipal,Se desconoce,Seco y limpio,"Luz del día natural, solar",Despejado,,Nivel verde,,Sin especificar,Sin especificar,Sin especificar,Sin especificar,Sin especificar,Sin especificar,Sin especificar,2024,1,JUEVES,8,Mañana,Dias laborables
7.952,1,0,0,25506,03082,Recta,Carretera,Fronto-lateral                                     ,,CV-740,Carretera Convencional de calzada única,"Provincial, Cabildo/Consell",Ambos,Seco y limpio,"Luz del día natural, solar",Despejado,,Nivel blanco,,No,No,No,No,No,No,No,2024,1,JUEVES,10,Mañana,Dias laborables
9.415,1,0,0,25507,03082,Recta,Carretera,Frontal                                            ,,CV-740,Carretera Convencional de calzada única,"Provincial, Cabildo/Consell",Ascendente,Seco y limpio,"Luz del día natural, solar",Despejado,,Nivel blanco,,Sin especificar,Sin especificar,Sin especificar,Sin especificar,Sin especificar,Sin especificar,Sin especificar,2024,3,LUNES,12,Tarde,Dias laborables
,1,0,0,25508,03082,No aplica,Calle,Lateral                                            ,,No inventariada,Calle,Municipal,Se desconoce,Seco y limpio,"Luz del día natural, solar",Despejado,,Sin especificar,,No,No,No,No,No,Sí,No,2024,2,SÁBADO,9,Mañana,Fines de semana
,1,0,0,25509,03082,No aplica,Calle,Fronto-lateral                                     ,,No inventariada,Calle,Municipal,Se desconoce,Seco y limpio,"Luz del día natural, solar",Despejado,,Sin especificar,,Sin especificar,Sin especificar,Sin especificar,Sin especificar,Sin especificar,Sin especificar,Sin especificar,2024,2,SÁBADO,12,Tarde,Fines de semana
,0,2,0,25510,03082,No aplica,Calle,Fronto-lateral                                     ,,No inventariada,Calle,Municipal,Se desconoce,Seco y limpio,"Luz del día natural, solar",Despejado,,Sin especificar,,No,No,No,No,No,No,Sí,2024,2,SÁBADO,14,Tarde,Fines de semana
2.0,1,0,0,25511,03082,Curva señalizada,Carretera,Fronto-lateral                                     ,,CV-7362,Carretera Convencional de calzada única,Municipal,Descendente,Seco y limpio,"Luz del día natural, solar",Despejado,,Nivel verde,,Sin especificar,Sin especificar,Sin especificar,Sin especificar,Sin especificar,Sin especificar,Sin especificar,2024,3,VIERNES,11,Mañana,Dias laborables
3.5,1,0,0,25512,03082,Curva señalizada,Carretera,Fronto-lateral                                     ,,CV-747,Carretera Convencional de calzada única,Autonómica,Ascendente,Seco y limpio,"Luz del día natural, solar",Despejado,,Nivel blanco,,No,No,No,No,No,No,No,2024,3,MARTES,16,Tarde,Dias laborables
9.9,1,0,0,25513,03082,Recta,Carretera,Fronto-lateral                                     ,,CV-740,Carretera Convencional de calzada única,Autonómica,Descendente,Seco y limpio,"Luz del día natural, solar",Despejado,,Nivel blanco,,No,No,No,Sí,No,No,No,2024,4,MARTES,14,Tarde,Dias laborables
0.85,0,1,0,25514,03082,Recta,Carretera,Salida de la vía por la derecha con vuelco         ,,CV-735,Carretera Convencional de calzada única,"Provincial, Cabildo/Consell",Descendente,Seco y limpio,Sin luz natural y con iluminación artificial encen,Despejado,,Nivel blanco,,Sin especificar,Sin especificar,Sin especificar,Sin especificar,Sin especificar,Sin especificar,Sin especificar,2024,4,SÁBADO,1,Madrugada,Fines de semana
,0,1,0,25515,03082,No aplica,Calle,Fronto-lateral                                     ,,No inventariada,Calle,Municipal,Se desconoce,Seco y limpio,"Luz del día natural, solar",Despejado,,Sin especificar,,No,No,No,No,No,No,Sí,2024,4,LUNES,11,Mañana,Dias laborables
3.5,1,1,0,25516,03082,Recta,Carretera,Caída                                              ,,CV-734,Carretera Convencional de calzada única,Autonómica,Ascendente,Seco y limpio,"Luz del día natural, solar",Despejado,,Nivel blanco,,Sin especificar,Sin especificar,Sin especificar,Sin especificar,Sin especificar,Sin especificar,Sin especificar,2024,5,MIÉRCOLES,12,Tarde,Dias laborables
4.0,1,0,0,25517,03082,Recta,Carretera,Caída                                              ,,CV-734,Carretera Convencional de calzada única,Autonómica,Descendente,Seco y limpio,"Luz del día natural, solar",Despejado,,Nivel rojo,,Sin especificar,Sin especificar,Sin especificar,Sin especificar,Sin especificar,Sin especificar,Sin especificar,2024,5,MIÉRCOLES,18,Noche,Dias laborables
9.417,0,1,0,25518,03082,Recta,Carretera,Fronto-lateral                                     ,,CV-740,Carretera Convencional de calzada única,"Provincial, Cabildo/Consell",Ambos,Seco y limpio,"Luz del día natural, solar",Despejado,,Nivel verde,,Sin especificar,Sin especificar,Sin especificar,Sin especificar,Sin especificar,Sin especificar,Sin especificar,2024,6,MARTES,16,Tarde,Dias laborables
2.44,1,0,0,25519,03082,Recta,Carretera,Atropello a animales                               ,,CV-747,Carretera Convencional de calzada única,"Provincial, Cabildo/Consell",Descendente,Seco y limpio,Sin luz natural ni artificial,Despejado,,Nivel blanco,,Sin especificar,Sin especificar,Sin especificar,Sin especificar,Sin especificar,Sin especificar,Sin especificar,2024,6,SÁBADO,1,Madrugada,Fines de semana
1.4,2,0,0,25520,03082,Curva señalizada,Carretera,Salida de la vía por la izquierda con vuelco       ,,CV-735,Carretera Convencional de calzada única,"Provincial, Cabildo/Consell",Descendente,Seco y limpio,"Luz del día natural, solar",Despejado,,Nivel blanco,,Sin especificar,Sin especificar,Sin especificar,Sin especificar,Sin especificar,Sin especificar,Sin especificar,2024,6,SÁBADO,7,Mañana,Fines de semana
5.077,2,0,0,25521,03082,Recta,Carretera,Por alcance                                        ,,CV-734,Carretera Convencional de calzada única,"Provincial, Cabildo/Consell",Ascendente,Seco y limpio,Sin luz natural ni artificial,Despejado,,Nivel amarillo,,No,No,Sí,No,No,No,No,2024,6,VIERNES,13,Tarde,Dias laborables
3.5,1,0,0,25522,03082,Recta,Carretera,Salida de la vía por la derecha otro tipo          ,,CV-742,Vía para automóviles,"Provincial, Cabildo/Consell",Ascendente,Otra,Sin luz natural ni artificial,Despejado,,Nivel blanco,,Sin especificar,Sin especificar,Sin especificar,Sin especificar,Sin especificar,Sin especificar,Sin especificar,2024,8,DOMINGO,23,Noche,Fines de semana
2.79,1,0,0,25523,03082,Curva señalizada,Carretera,Frontal                                            ,,CV-747,Carretera Convencional de doble calzada,"Provincial, Cabildo/Consell",Ambos,Seco y limpio,"Amanecer o atardecer, sin luz artificial",Despejado,,Nivel blanco,,Sin especificar,Sin especificar,Sin especificar,Sin especificar,Sin especificar,Sin especificar,Sin especificar,2024,8,LUNES,20,Noche,Dias laborables
2.5,2,0,0,25524,03082,Recta,Carretera,Caída                                              ,,CV-742,Carretera Convencional de calzada única,"Provincial, Cabildo/Consell",Ascendente,Muy encharcado o inundado,"Luz del día natural, solar",Lluvia fuerte,,Nivel blanco,,Sin especificar,Sin especificar,Sin especificar,Sin especificar,Sin especificar,Sin especificar,Sin especificar,2024,8,MIÉRCOLES,15,Tarde,Dias laborables
,1,0,0,25525,03082,No aplica,Calle,Atropello a personas                               ,,No inventariada,Calle,Municipal,Se desconoce,Seco y limpio,"Luz del día natural, solar",Despejado,,Nivel blanco,,Sin especificar,Sin especificar,Sin especificar,Sin especificar,Sin especificar,Sin especificar,Sin especificar,2024,7,MARTES,9,Mañana,Dias laborables
,1,0,0,25526,03082,No aplica,Calle,Lateral                                            ,,No inventariada,Calle,Municipal,Se desconoce,Seco y limpio,Sin luz natural y con iluminación artificial encen,Despejado,,Nivel blanco,,No,No,No,No,No,No,No,2024,2,MARTES,19,Noche,Dias laborables
,3,0,0,25527,03082,No aplica,Calle,Atropello a personas                               ,,No inventariada,Calle,Municipal,Se desconoce,Seco y limpio,"Luz del día natural, solar",Despejado,,Nivel blanco,,No,No,No,Sí,No,No,Sí,2024,7,MIÉRCOLES,13,Tarde,Dias laborables
,1,0,0,25528,03082,No aplica,Calle,Lateral                                            ,,No inventariada,Calle,Municipal,Se desconoce,Seco y limpio,"Luz del día natural, solar",Despejado,,Nivel blanco,,No,No,No,No,No,No,No,2024,8,VIERNES,16,Tarde,Dias laborables
,1,0,0,25529,03082,No aplica,Calle,Caída                                              ,,No inventariada,Calle,Municipal,Se desconoce,Con aceite,Sin luz natural y con iluminación artificial encen,Despejado,,Nivel blanco,,Sin especificar,Sin especificar,Sin especificar,Sin especificar,Sin especificar,Sin especificar,Sin especificar,2024,8,JUEVES,23,Noche,Dias laborables
,0,1,0,25530,03082,No aplica,Calle,Fronto-lateral                                     ,,No inventariada,Calle,Municipal,Se desconoce,Seco y limpio,"Luz del día natural, solar",Despejado,,Sin especificar,,No,No,No,No,No,No,Sí,2024,9,VIERNES,8,Mañana,Dias laborables
,1,0,0,25531,03082,No aplica,Calle,"Salida de la vía por la izquierda, otro tipo       ",,No inventariada,Calle,Municipal,Se desconoce,Seco y limpio,"Luz del día natural, solar",Despejado,,Nivel verde,,Sin especificar,Sin especificar,Sin especificar,Sin especificar,Sin especificar,Sin especificar,Sin especificar,2024,8,DOMINGO,18,Noche,Fines de semana
,1,0,0,25532,03082,No aplica,Calle,"Salida de la vía por la izquierda, otro tipo       ",,No inventariada,Calle,Municipal,Se desconoce,Seco y limpio,Sin luz natural y con iluminación artificial encen,Despejado,,Nivel blanco,,Sin especificar,Sin especificar,Sin especificar,Sin especificar,Sin especificar,Sin especificar,Sin especificar,2024,9,VIERNES,21,Noche,Dias laborables
,1,0,0,25533,03082,No aplica,Calle,Caída                                              ,,No inventariada,Calle,Municipal,Se desconoce,Mojado,Sin luz natural y con iluminación artificial encen,Nublado,,Nivel blanco,,Sin especificar,Sin especificar,Sin especificar,Sin especificar,Sin especificar,Sin especificar,Sin especificar,2024,9,SÁBADO,1,Madrugada,Fines de semana
,1,0,0,25534,03082,No aplica,Calle,Caída                                              ,,No inventariada,Calle,Municipal,Se desconoce,Mojado,Sin luz natural y con iluminación artificial encen,Nublado,,Nivel blanco,,Sin especificar,Sin especificar,Sin especificar,Sin especificar,Sin especificar,Sin especificar,Sin especificar,2024,9,SÁBADO,1,Madrugada,Fines de semana
9.0,0,1,0,25535,03082,Curva sin señalizar,Carretera,Salida de la vía por la izquierda con vuelco       ,,CV-740,Carretera Convencional de calzada única,"Provincial, Cabildo/Consell",Descendente,Seco y limpio,Sin luz natural ni artificial,Despejado,,Nivel blanco,,Sin especificar,Sin especificar,Sin especificar,Sin especificar,Sin especificar,Sin especificar,Sin especificar,2024,9,LUNES,0,Madrugada,Dias laborables
,0,1,0,25536,03082,No aplica,Calle,Atropello a personas                               ,,No inventariada,Otro,Municipal,Se desconoce,Seco y limpio,"Luz del día natural, solar",Despejado,,Nivel blanco,,Sin especificar,Sin especificar,Sin especificar,Sin especificar,Sin especificar,Sin especificar,Sin especificar,2024,9,JUEVES,11,Mañana,Dias laborables
10.1,1,0,0,25537,03082,Recta,Carretera,Salida de la vía por la derecha con vuelco         ,,CV-740,Carretera Convencional de calzada única,Autonómica,Descendente,Seco y limpio,"Luz del día natural, solar",Despejado,,Nivel blanco,,Sin especificar,Sin especificar,Sin especificar,Sin especificar,Sin especificar,Sin especificar,Sin especificar,2024,9,SÁBADO,13,Tarde,Fines de semana
9.7,1,0,0,25538,03082,Recta,Carretera,Caída                                              ,,CV-740,Carretera Convencional de calzada única,"Provincial, Cabildo/Consell",Ascendente,Seco y limpio,Sin luz natural ni artificial,Despejado,,Nivel blanco,,No,No,No,No,No,No,No,2024,10,DOMINGO,19,Noche,Fines de semana
1.0,1,0,0,25539,03082,Recta,Carretera,Por alcance                                        ,,CV-747,Carretera Convencional de calzada única,"Provincial, Cabildo/Consell",Ascendente,Seco y limpio,"Luz del día natural, solar",Nublado,,Nivel blanco,,Sin especificar,Sin especificar,Sin especificar,Sin especificar,Sin especificar,Sin especificar,Sin especificar,2024,10,VIERNES,14,Tarde,Dias laborables
1.396,1,0,0,25540,03063,Curva señalizada,Carretera,Salida de la vía por la izquierda con colisión     ,,CV-7361,Carretera Convencional de calzada única,Municipal,Ambos,Seco y limpio,"Luz del día natural, solar",Despejado,,Nivel amarillo,,Sin especificar,Sin especificar,Sin especificar,Sin especificar,Sin especificar,Sin especificar,Sin especificar,2024,11,DOMINGO,11,Mañana,Fines de semana
1.755,1,0,0,25541,03082,Recta,Carretera,Fronto-lateral                                     ,,CV-742,Carretera Convencional de calzada única,"Provincial, Cabildo/Consell",Ascendente,Seco y limpio,Sin luz natural ni artificial,Nublado,,Nivel blanco,,Sin especificar,Sin especificar,Sin especificar,Sin especificar,Sin especificar,Sin especificar,Sin especificar,2024,11,JUEVES,18,Noche,Dias laborables
,2,0,0,25542,03082,No aplica,Calle,Frontal                                            ,,No inventariada,Calle,Municipal,Se desconoce,Seco y limpio,"Luz del día natural, solar",Despejado,,Nivel blanco,,Sin especificar,Sin especificar,Sin especificar,Sin especificar,Sin especificar,Sin especificar,Sin especificar,2024,8,VIERNES,15,Tarde,Dias laborables
,1,0,0,25543,03082,No aplica,Calle,Lateral                                            ,,No inventariada,Calle,Municipal,Se desconoce,Seco y limpio,"Luz del día natural, solar",Despejado,,Nivel blanco,,No,No,No,No,No,Sí,No,2024,8,MARTES,10,Mañana,Dias laborables
7.5,1,0,0,25544,03082,Recta,Carretera,Vuelco                                             ,,CV-740,Carretera Convencional de calzada única,"Provincial, Cabildo/Consell",Ascendente,Seco y limpio,"Luz del día natural, solar",Despejado,,Nivel blanco,,Sin especificar,Sin especificar,Sin especificar,Sin especificar,Sin especificar,Sin especificar,Sin especificar,2024,11,MARTES,10,Mañana,Dias laborables
9.071,1,0,0,25545,03082,Recta,Carretera,Lateral                                            ,,CV-740,Carretera Convencional de calzada única,Autonómica,Ascendente,Seco y limpio,"Luz del día natural, solar",Despejado,,Sin especificar,,Sin especificar,Sin especificar,Sin especificar,Sin especificar,Sin especificar,Sin especificar,Sin especificar,2024,12,VIERNES,17,Tarde,Dias laborables
11.371,1,0,0,25546,03083,Recta,Carretera,Salida de la vía por la derecha otro tipo          ,,CV-800,Carretera Convencional de calzada única,"Provincial, Cabildo/Consell",Ascendente,Seco y limpio,"Luz del día natural, solar",Nublado,,Nivel blanco,,Sin especificar,Sin especificar,Sin especificar,Sin especificar,Sin especificar,Sin especificar,Sin especificar,2024,1,MARTES,16,Tarde,Dias laborables
,1,0,0,25547,03083,No aplica,Calle,Salida de la vía por la derecha otro tipo          ,,No inventariada,Calle,Municipal,Se desconoce,Seco y limpio,"Amanecer o atardecer, con luz artificial",Despejado,,Sin especificar,,Sin especificar,Sin especificar,Sin especificar,Sin especificar,Sin especificar,Sin especificar,Sin especificar,2024,2,MARTES,6,Mañana,Dias laborables
11.3,0,1,0,25548,03083,Curva señalizada,Carretera,Salida de la vía por la derecha con vuelco         ,,CV-800,Carretera Convencional de calzada única,Autonómica,Ascendente,Seco y limpio,"Luz del día natural, solar",Despejado,,Nivel blanco,,Sin especificar,Sin especificar,Sin especificar,Sin especificar,Sin especificar,Sin especificar,Sin especificar,2024,5,MARTES,15,Tarde,Dias laborables
14.2,1,0,0,25549,03083,Curva señalizada,Carretera,Caída                                              ,,CV-800,Carretera Convencional de calzada única,Autonómica,Ascendente,Seco y limpio,"Luz del día natural, solar",Despejado,,Nivel blanco,,Sin especificar,Sin especificar,Sin especificar,Sin especificar,Sin especificar,Sin especificar,Sin especificar,2024,5,VIERNES,12,Tarde,Dias laborables
2.1,2,0,0,25550,03083,Curva señalizada,Carretera,Salida de la vía por la izquierda con colisión     ,,CV-780,Carretera Convencional de calzada única,Autonómica,Ascendente,Seco y limpio,"Luz del día natural, solar",Despejado,,Nivel blanco,,Sin especificar,Sin especificar,Sin especificar,Sin especificar,Sin especificar,Sin especificar,Sin especificar,2024,6,DOMINGO,17,Tarde,Fines de semana
2.4,1,0,0,25551,03083,Recta,Carretera,Vuelco                                             ,,CV-780,Carretera Convencional de calzada única,"Provincial, Cabildo/Consell",Ascendente,Seco y limpio,"Luz del día natural, solar",Despejado,,Nivel blanco,,No,No,No,Sí,No,No,No,2024,6,DOMINGO,19,Noche,Fines de semana
11.301,1,0,0,25552,03083,Recta,Carretera,Salida de la vía por la derecha con despeñamiento  ,,CV-800,Carretera Convencional de calzada única,Autonómica,Ascendente,Seco y limpio,Sin luz natural ni artificial,Despejado,,Nivel verde,,Sin especificar,Sin especificar,Sin especificar,Sin especificar,Sin especificar,Sin especificar,Sin especificar,2024,7,VIERNES,6,Mañana,Dias laborables
14.395,1,0,0,25553,03083,Curva señalizada,Carretera,Lateral                                            ,,CV-800,Ramal de enlace,"Provincial, Cabildo/Consell",Descendente,Mojado,"Luz del día natural, solar",Lluvia débil,,Nivel blanco,,Sin especificar,Sin especificar,Sin especificar,Sin especificar,Sin especificar,Sin especificar,Sin especificar,2024,8,VIERNES,10,Mañana,Dias laborables
10.826,1,0,0,25554,03083,Recta,Carretera,Por alcance                                        ,,CV-800,Carretera Convencional de calzada única,Autonómica,Descendente,Seco y limpio,"Luz del día natural, solar",Despejado,,Nivel amarillo,,Sin especificar,Sin especificar,Sin especificar,Sin especificar,Sin especificar,Sin especificar,Sin especificar,2024,9,MIÉRCOLES,10,Mañana,Dias laborables
22.8,1,0,0,25555,03083,Curva señalizada,Carretera,Salida de la vía por la izquierda con colisión     ,,CV-800,Carretera Convencional de calzada única,Autonómica,Ascendente,Seco y limpio,Sin luz natural ni artificial,Despejado,,Nivel blanco,,Sin especificar,Sin especificar,Sin especificar,Sin especificar,Sin especificar,Sin especificar,Sin especificar,2024,9,SÁBADO,11,Mañana,Fines de semana
12.0,1,0,0,25556,03083,Curva señalizada,Carretera,Salida de la vía por la derecha con vuelco         ,,CV-800,Carretera Convencional de calzada única,Autonómica,Ascendente,Seco y limpio,Sin luz natural y con iluminación artificial no en,Despejado,,Nivel blanco,,Sin especificar,Sin especificar,Sin especificar,Sin especificar,Sin especificar,Sin especificar,Sin especificar,2024,9,JUEVES,22,Noche,Dias laborables
29.57,1,0,0,25557,03083,Recta,Carretera,Atropello a animales                               ,,CV-800,Carretera Convencional de calzada única,Otra,Ascendente,Seco y limpio,Sin luz natural ni artificial,Despejado,,Sin especificar,,Sin especificar,Sin especificar,Sin especificar,Sin especificar,Sin especificar,Sin especificar,Sin especificar,2024,10,DOMINGO,0,Madrugada,Fines de semana
22.6,1,0,0,25558,03083,Curva señalizada,Carretera,Salida de la vía por la derecha con vuelco         ,,CV-800,Carretera Convencional de calzada única,Autonómica,Descendente,Seco y limpio,"Luz del día natural, solar",Despejado,,Nivel blanco,,Sin especificar,Sin especificar,Sin especificar,Sin especificar,Sin especificar,Sin especificar,Sin especificar,2024,10,DOMINGO,12,Tarde,Fines de semana
22.4,0,0,1,25559,03083,Curva señalizada,Carretera,Salida de la vía por la derecha con colisión       ,,CV-800,Carretera Convencional de calzada única,Autonómica,Descendente,Seco y limpio,"Luz del día natural, solar",Despejado,,Nivel blanco,,Sin especificar,Sin especificar,Sin especificar,Sin especificar,Sin especificar,Sin especificar,Sin especificar,2024,12,DOMINGO,13,Tarde,Fines de semana
4.8,2,0,0,25560,00000,Curva sin señalizar,Carretera,Lateral                                            ,,CAMINO DE,Camino vecinal,Municipal,Ambos,Con barro o gravilla suelta,"Luz del día natural, solar",Despejado,,Nivel blanco,,Sin especificar,Sin especificar,Sin especificar,Sin especificar,Sin especificar,Sin especificar,Sin especificar,2024,4,DOMINGO,11,Mañana,Fines de semana
7.181,1,0,0,25561,00000,Curva señalizada,Carretera,Salida de la vía por la izquierda con colisión     ,CV-750,CV-750,Carretera Convencional de doble calzada,Autonómica,Descendente,Seco y limpio,"Luz del día natural, solar",Despejado,,Nivel verde,,No,No,No,No,No,No,Sí,2024,8,DOMINGO,16,Tarde,Fines de semana
8.033,1,0,0,25562,00000,Curva señalizada,Carretera,Salida de la vía por la derecha otro tipo          ,,CV-710,Carretera Convencional de calzada única,Autonómica,Descendente,Seco y limpio,"Luz del día natural, solar",Nublado,,Nivel verde,,Sin especificar,Sin especificar,Sin especificar,Sin especificar,Sin especificar,Sin especificar,Sin especificar,2024,6,DOMINGO,11,Mañana,Fines de semana
6.5,1,1,0,25563,00000,Curva sin señalizar,Carretera,Salida de la vía por la derecha con despeñamiento  ,,CV-710,Carretera Convencional de calzada única,Autonómica,Ascendente,Mojado,"Luz del día natural, solar",Nublado,,Nivel blanco,,Sin especificar,Sin especificar,Sin especificar,Sin especificar,Sin especificar,Sin especificar,Sin especificar,2024,9,MIÉRCOLES,13,Tarde,Dias laborables
224.25,1,0,0,25564,03088,Recta,Carretera,Salida de la vía por la izquierda con colisión     ,,A-31,Otro,Estatal,Descendente,Mojado,"Luz del día natural, solar",Nublado,Niebla ligera,Nivel amarillo,,Sin especificar,Sin especificar,Sin especificar,Sin especificar,Sin especificar,Sin especificar,Sin especificar,2024,1,MIÉRCOLES,11,Mañana,Dias laborables
222.021,1,0,0,25565,03088,Recta,Carretera,Por alcance                                        ,,A-31,Autovía,Estatal,Ascendente,Seco y limpio,Sin luz natural ni artificial,Despejado,,Nivel verde,,Sin especificar,Sin especificar,Sin especificar,Sin especificar,Sin especificar,Sin especificar,Sin especificar,2024,1,MIÉRCOLES,19,Noche,Dias laborables
217.077,1,0,0,25566,03088,Recta,Carretera,Fronto-lateral                                     ,,A-31,Autovía,Estatal,Ascendente,Seco y limpio,"Luz del día natural, solar",Despejado,,Nivel verde,,Sin especificar,Sin especificar,Sin especificar,Sin especificar,Sin especificar,Sin especificar,Sin especificar,2024,2,MARTES,7,Mañana,Dias laborables
0.3,0,4,0,25567,03088,Curva sin señalizar,Carretera,Frontal                                            ,,No inventariada,Camino vecinal,Municipal,Ascendente,Seco y limpio,Sin luz natural ni artificial,Despejado,,Nivel blanco,,Sin especificar,Sin especificar,Sin especificar,Sin especificar,Sin especificar,Sin especificar,Sin especificar,2024,3,VIERNES,6,Mañana,Dias laborables
220.7,1,0,0,25568,03088,Recta,Carretera,Por alcance                                        ,,A-31,Autovía,Estatal,Ascendente,Seco y limpio,"Luz del día natural, solar",Despejado,,Nivel blanco,,Sin especificar,Sin especificar,Sin especificar,Sin especificar,Sin especificar,Sin especificar,Sin especificar,2024,3,LUNES,7,Mañana,Dias laborables
219.1,5,0,0,25569,03088,Recta,Carretera,Por alcance                                        ,,A-31,Autovía,Estatal,Descendente,Seco y limpio,"Luz del día natural, solar",Despejado,,Nivel amarillo,,Sin especificar,Sin especificar,Sin especificar,Sin especificar,Sin especificar,Sin especificar,Sin especificar,2024,3,VIERNES,14,Tarde,Dias laborables
221.8,0,0,1,25570,03088,Recta,Carretera,Atropello a personas                               ,,A-31,Autovía,Estatal,Descendente,Seco y limpio,"Luz del día natural, solar",Despejado,,Nivel blanco,,Sin especificar,Sin especificar,Sin especificar,Sin especificar,Sin especificar,Sin especificar,Sin especificar,2024,3,LUNES,10,Mañana,Dias laborables
0.3,1,0,0,25571,03088,Recta,Carretera,Por alcance                                        ,,CV-831,Carretera Convencional de calzada única,"Provincial, Cabildo/Consell",Ascendente,Seco y limpio,"Luz del día natural, solar",Despejado,,Nivel blanco,,No,No,No,No,No,No,No,2024,3,VIERNES,11,Mañana,Dias laborables
225.0,2,0,0,25572,03088,Recta,Carretera,Colisión contra obstáculo o elemento de la vía     ,,A-31,Autovía,Estatal,Descendente,Seco y limpio,"Luz del día natural, solar",Despejado,,Nivel blanco,,Sin especificar,Sin especificar,Sin especificar,Sin especificar,Sin especificar,Sin especificar,Sin especificar,2024,5,LUNES,9,Mañana,Dias laborables
9.701,1,0,0,25573,03088,Recta,Carretera,Fronto-lateral                                     ,,CV-825,Carretera Convencional de calzada única,Otra,Descendente,Seco y limpio,"Luz del día natural, solar",Despejado,,Se desconoce,,No,No,No,Sí,No,No,No,2024,5,VIERNES,7,Mañana,Dias laborables
217.3,1,0,0,25574,03088,Curva señalizada,Carretera,Salida de la vía por la izquierda con colisión     ,,A-31,Autovía,Estatal,Descendente,Seco y limpio,Sin luz natural ni artificial,Despejado,,Nivel blanco,,Sin especificar,Sin especificar,Sin especificar,Sin especificar,Sin especificar,Sin especificar,Sin especificar,2024,6,DOMINGO,0,Madrugada,Fines de semana
223.3,5,0,0,25575,03088,Recta,Carretera,Salida de la vía por la derecha con vuelco         ,A-7,A-31,Autovía,Estatal,Ascendente,Muy encharcado o inundado,"Luz del día natural, solar",Lluvia fuerte,,Nivel blanco,,Sin especificar,Sin especificar,Sin especificar,Sin especificar,Sin especificar,Sin especificar,Sin especificar,2024,6,MIÉRCOLES,15,Tarde,Dias laborables
,0,1,0,25576,03088,No aplica,Calle,Fronto-lateral                                     ,,No inventariada,Otro,Municipal,Se desconoce,Seco y limpio,"Luz del día natural, solar",Despejado,,Nivel blanco,,Sin especificar,Sin especificar,Sin especificar,Sin especificar,Sin especificar,Sin especificar,Sin especificar,2024,3,MARTES,9,Mañana,Dias laborables
8.79,1,0,0,25577,03088,Curva señalizada,Carretera,Lateral                                            ,A-31,CV-847,Carretera Convencional de calzada única,Autonómica,Ascendente,Seco y limpio,"Luz del día natural, solar",Despejado,,Nivel blanco,,No,No,Sí,No,No,Sí,No,2024,7,MIÉRCOLES,8,Mañana,Dias laborables
8.3,4,0,0,25578,03088,Recta,Carretera,Salida de la vía por la derecha con colisión       ,,CV-847,Carretera Convencional de calzada única,Autonómica,Descendente,Seco y limpio,Sin luz natural ni artificial,Despejado,,Nivel blanco,,Sin especificar,Sin especificar,Sin especificar,Sin especificar,Sin especificar,Sin especificar,Sin especificar,2024,7,LUNES,22,Noche,Dias laborables