KM,TOTAL_HL24H,TOTAL_HG24H,TOTAL_MU24H,id,COD_MUNICIPIO,TRAZADO_PLANTA,ZONA,TIPO_ACCIDENTE,CARRETERA_CRUCE,CARRETERA,TIPO_VIA,TITULARIDAD_VIA,SENTIDO_1F,CONDICION_FIRME,CONDICION_ILUMINACION,CONDICION_METEO,CONDICION_NIEBLA,CONDICION_NIVEL_CIRCULA,CONDICION_VIENTO,PRIORI_AGENTE,PRIORI_CIRCUNSTANCIAL,PRIORI_HORIZ_CEDA,PRIORI_HORIZ_STOP,PRIORI_SEMAFORO,PRIORI_VERT_CEDA,PRIORI_VERT_STOP,ANYO,MES,DIA,HORA,FRANJA_HORARIA,TIPO_DIA
,1,0,0,25745,03093,No aplica,Calle,Fronto-lateral                                     ,,No inventariada,Calle,Municipal,Se desconoce,Seco y limpio,"Luz del día natural, solar",Despejado,,Sin especificar,,No,No,No,No,No,No,Sí,2024,11,JUEVES,14,Tarde,Dias laborables
,1,0,0,25746,03093,No aplica,Calle,Atropello a personas                               ,,No inventariada,Calle,Municipal,Se desconoce,Seco y limpio,"Luz del día natural, solar",Despejado,,Sin especificar,,No,No,No,Sí,No,No,Sí,2024,11,VIERNES,11,Mañana,Dias laborables
17.0,0,2,0,25747,03088,Recta,Carretera,Lateral                                            ,,CV-820,Carretera Convencional de calzada única,Autonómica,Ascendente,Seco y limpio,"Luz del día natural, solar",Despejado,,Nivel blanco,,Sin especificar,Sin especificar,Sin especificar,Sin especificar,Sin especificar,Sin especificar,Sin especificar,2024,12,DOMINGO,13,Tarde,Fines de semana
213.0,1,0,0,25748,03093,Recta,Carretera,Por alcance                                        ,N-325,A-31,Autovía,Estatal,Descendente,Seco y limpio,Sin luz natural ni artificial,Despejado,,Nivel blanco,,No,No,No,No,No,No,No,2024,12,LUNES,20,Noche,Dias laborables
,1,0,0,25749,03093,No aplica,Calle,Fronto-lateral                                     ,,No inventariada,Calle,Municipal,Se desconoce,Seco y limpio,Sin luz natural y con iluminación artificial encen,Despejado,,Sin especificar,,No,No,Sí,No,No,Sí,No,2024,12,MARTES,20,Noche,Dias laborables
,1,0,0,25750,03093,No aplica,Calle,Atropello a personas                               ,,No inventariada,Calle,Municipal,Se desconoce,Seco y limpio,"Luz del día natural, solar",Despejado,,Sin especificar,,Sin especificar,Sin especificar,Sin especificar,Sin especificar,Sin especificar,Sin especificar,Sin especificar,2024,12,MIÉRCOLES,9,Mañana,Dias laborables
209.6,1,0,0,25751,03093,Curva señalizada,Carretera,Salida de la vía por la derecha otro tipo          ,,A-31,Autovía,Estatal,Ascendente,Seco y limpio,Sin luz natural ni artificial,Despejado,,Nivel blanco,,Sin especificar,Sin especificar,Sin especificar,Sin especificar,Sin especificar,Sin especificar,Sin especificar,2024,12,DOMINGO,19,Noche,Fines de semana
,3,0,0,25752,03093,No aplica,Calle,Fronto-lateral                                     ,,No inventariada,Calle,Municipal,Se desconoce,Seco y limpio,Sin luz natural y con iluminación artificial encen,Despejado,,Nivel verde,,No,No,No,No,Sí,No,No,2024,12,MARTES,19,Noche,Dias laborables
4.4,1,0,0,25753,03094,Curva señalizada,Carretera,Salida de la vía por la derecha otro tipo          ,,CV-760,Carretera Convencional de calzada única,"Provincial, Cabildo/Consell",Descendente,Seco y limpio,Sin luz natural ni artificial,Despejado,,Nivel blanco,Viento fuerte,Sin especificar,Sin especificar,Sin especificar,Sin especificar,Sin especificar,Sin especificar,Sin especificar,2024,1,SÁBADO,21,Noche,Fines de semana
0.3,0,1,0,25754,03094,Curva sin señalizar,Carretera,Salida de la vía por la izquierda con colisión     ,,CV-763,Carretera Convencional de calzada única,Autonómica,Ascendente,Seco y limpio,Sin luz natural ni artificial,Despejado,,Nivel blanco,,Sin especificar,Sin especificar,Sin especificar,Sin especificar,Sin especificar,Sin especificar,Sin especificar,2024,1,LUNES,4,Madrugada,Dias laborables
3.15,5,1,0,25755,03094,Recta,Carretera,Frontal                                            ,,CV-751,Carretera Convencional de calzada única,Autonómica,Ambos,Seco y limpio,Sin luz natural ni artificial,Despejado,,Nivel blanco,,Sin especificar,Sin especificar,Sin especificar,Sin especificar,Sin especificar,Sin especificar,Sin especificar,2024,2,MARTES,21,Noche,Dias laborables
48.3,1,0,0,25756,03094,Curva señalizada,Carretera,Fronto-lateral                                     ,,CV-70,Carretera Convencional de doble calzada,Autonómica,Descendente,Seco y limpio,"Luz del día natural, solar",Despejado,,Nivel blanco,,No,No,Sí,No,No,Sí,No,2024,2,MIÉRCOLES,13,Tarde,Dias laborables
6.8,0,2,0,25757,03094,Curva señalizada,Carretera,Salida de la vía por la derecha con colisión       ,,CV-760,Carretera Convencional de calzada única,"Provincial, Cabildo/Consell",Descendente,Seco y limpio,"Luz del día natural, solar",Despejado,,Nivel blanco,,Sin especificar,Sin especificar,Sin especificar,Sin especificar,Sin especificar,Sin especificar,Sin especificar,2024,3,VIERNES,14,Tarde,Dias laborables
56.0,0,1,0,25758,03094,Curva señalizada,Carretera,Atropello a personas                               ,,CV-715,Carretera Convencional de calzada única,Autonómica,Ascendente,Seco y limpio,Sin luz natural ni artificial,Despejado,,Nivel blanco,,Sin especificar,Sin especificar,Sin especificar,Sin especificar,Sin especificar,Sin especificar,Sin especificar,2024,2,SÁBADO,20,Noche,Fines de semana
47.2,2,0,0,25759,03094,Recta,Carretera,Por alcance                                        ,,CV-70,Carretera Convencional de calzada única,Autonómica,Descendente,Seco y limpio,"Luz del día natural, solar",Despejado,,Nivel blanco,,Sin especificar,Sin especificar,Sin especificar,Sin especificar,Sin especificar,Sin especificar,Sin especificar,2024,4,VIERNES,7,Mañana,Dias laborables
46.6,1,0,0,25760,03094,Curva señalizada,Carretera,Caída                                              ,,CV-70,Carretera Convencional de calzada única,Autonómica,Ascendente,Otra,"Luz del día natural, solar",Despejado,,Nivel blanco,,Sin especificar,Sin especificar,Sin especificar,Sin especificar,Sin especificar,Sin especificar,Sin especificar,2024,4,MIÉRCOLES,9,Mañana,Dias laborables
46.1,1,0,0,25761,03094,Recta,Carretera,Por alcance                                        ,,CV-70,Carretera Convencional de doble calzada,Autonómica,Descendente,Seco y limpio,"Luz del día natural, solar",Despejado,,Nivel blanco,,Sin especificar,Sin especificar,Sin especificar,Sin especificar,Sin especificar,Sin especificar,Sin especificar,2024,4,SÁBADO,12,Tarde,Fines de semana
56.0,1,1,0,25762,03094,Curva sin señalizar,Travesía,Frontal                                            ,,CV-715,Carretera Convencional de calzada única,Autonómica,Descendente,Seco y limpio,"Amanecer o atardecer, sin luz artificial",Despejado,,Nivel blanco,,Sin especificar,Sin especificar,Sin especificar,Sin especificar,Sin especificar,Sin especificar,Sin especificar,2024,3,SÁBADO,6,Mañana,Fines de semana
46.673,2,0,0,25763,03094,Curva señalizada,Carretera,Fronto-lateral                                     ,CV-70,CV-70,Carretera Convencional de doble calzada,Autonómica,Descendente,Seco y limpio,"Luz del día natural, solar",Despejado,,Nivel amarillo,,No,No,No,No,No,Sí,No,2024,5,MARTES,18,Noche,Dias laborables
,1,0,0,25764,03094,No aplica,Calle,Lateral                                            ,,No inventariada,Calle,Municipal,Se desconoce,Seco y limpio,"Luz del día natural, solar",Despejado,,Nivel blanco,,No,No,No,No,No,No,No,2024,5,JUEVES,19,Noche,Dias laborables
46.95,1,0,0,25765,03094,Recta,Carretera,Lateral                                            ,,CV-70,Carretera Convencional de calzada única,Autonómica,Ascendente,Seco y limpio,"Luz del día natural, solar",Despejado,,Nivel amarillo,,Sin especificar,Sin especificar,Sin especificar,Sin especificar,Sin especificar,Sin especificar,Sin especificar,2024,6,MARTES,17,Tarde,Dias laborables
44.1,1,0,0,25766,03107,Recta,Carretera,Atropello a personas                               ,,CV-70,Carretera Convencional de doble calzada,Autonómica,Descendente,Muy encharcado o inundado,"Luz del día natural, solar",Despejado,,Nivel blanco,,Sin especificar,Sin especificar,Sin especificar,Sin especificar,Sin especificar,Sin especificar,Sin especificar,2024,6,LUNES,17,Tarde,Dias laborables
,1,0,0,25767,03094,No aplica,Calle,Atropello a personas                               ,,No inventariada,Calle,Municipal,Se desconoce,Seco y limpio,"Luz del día natural, solar",Despejado,,Nivel blanco,,No,No,No,Sí,No,No,No,2024,6,VIERNES,9,Mañana,Dias laborables
47.485,1,0,0,25768,03094,Recta,Carretera,Por alcance                                        ,,CV-70,Carretera Convencional de doble calzada,Autonómica,Descendente,Seco y limpio,"Luz del día natural, solar",Despejado,,Nivel blanco,,No,No,No,No,No,No,Sí,2024,8,JUEVES,17,Tarde,Dias laborables
49.5,1,0,0,25769,03031,Curva señalizada,Carretera,Lateral                                            ,,CV-70,Carretera Convencional de doble calzada,Autonómica,Descendente,Seco y limpio,"Luz del día natural, solar",Despejado,,Nivel negro,,Sin especificar,Sin especificar,Sin especificar,Sin especificar,Sin especificar,Sin especificar,Sin especificar,2024,8,VIERNES,17,Tarde,Dias laborables
6.8,1,0,0,25770,03094,Curva señalizada,Carretera,Salida de la vía por la derecha con colisión       ,,CV-760,Carretera Convencional de calzada única,"Provincial, Cabildo/Consell",Descendente,Seco y limpio,"Luz del día natural, solar",Despejado,,Nivel blanco,,Sin especificar,Sin especificar,Sin especificar,Sin especificar,Sin especificar,Sin especificar,Sin especificar,2024,8,DOMINGO,15,Tarde,Fines de semana
43.196,1,0,0,25771,03107,Recta,Carretera,Fronto-lateral                                     ,,CV-70,Vía ciclista,Autonómica,Descendente,Seco y limpio,"Luz del día natural, solar",Despejado,,Nivel blanco,,Sin especificar,Sin especificar,Sin especificar,Sin especificar,Sin especificar,Sin especificar,Sin especificar,2024,8,VIERNES,10,Mañana,Dias laborables
46.0,1,0,0,25772,03094,Recta,Carretera,Caída                                              ,,CV-70,Carretera Convencional de doble calzada,Autonómica,Descendente,Mojado,"Amanecer o atardecer, con luz artificial",Despejado,,Nivel blanco,,Sin especificar,Sin especificar,Sin especificar,Sin especificar,Sin especificar,Sin especificar,Sin especificar,2024,9,JUEVES,6,Mañana,Dias laborables
44.9,1,0,0,25773,03094,Recta,Carretera,Fronto-lateral                                     ,,CV-70,Carretera Convencional de calzada única,Autonómica,Ascendente,Seco y limpio,"Luz del día natural, solar",Despejado,,Nivel blanco,,No,No,No,No,No,Sí,No,2024,9,VIERNES,10,Mañana,Dias laborables
,1,0,0,25774,03094,No aplica,Calle,Atropello a personas                               ,,No inventariada,Calle,Municipal,Se desconoce,Seco y limpio,Sin luz natural y con iluminación artificial encen,Despejado,,Nivel blanco,,Sin especificar,Sin especificar,Sin especificar,Sin especificar,Sin especificar,Sin especificar,Sin especificar,2024,9,LUNES,21,Noche,Dias laborables
48.35,1,0,0,25775,03094,Curva señalizada,Carretera,Fronto-lateral                                     ,,CV-70,Carretera Convencional de doble calzada,Autonómica,Descendente,Seco y limpio,"Luz del día natural, solar",Despejado,,Nivel verde,,No,No,No,No,No,No,No,2024,9,LUNES,14,Tarde,Dias laborables
43.38,1,0,0,25776,03107,Curva señalizada,Carretera,Salida de la vía por la derecha otro tipo          ,,CV-70,Carretera Convencional de doble calzada,Autonómica,Ascendente,Seco y limpio,Sin luz natural y con iluminación artificial encen,Despejado,,Nivel blanco,,No,No,No,No,No,Sí,No,2024,10,SÁBADO,22,Noche,Fines de semana
43.31,1,0,0,25777,03107,Curva señalizada,Carretera,Lateral                                            ,,CV-70,Otro,Autonómica,Ascendente,Seco y limpio,"Luz del día natural, solar",Nublado,,Nivel blanco,,No,No,No,No,No,No,No,2024,10,MIÉRCOLES,16,Tarde,Dias laborables
44.95,1,0,0,25778,03094,Recta,Carretera,Fronto-lateral                                     ,,CV-70,Carretera Convencional de doble calzada,Autonómica,Descendente,Seco y limpio,"Luz del día natural, solar",Despejado,,Nivel verde,,Sin especificar,Sin especificar,Sin especificar,Sin especificar,Sin especificar,Sin especificar,Sin especificar,2024,10,MARTES,13,Tarde,Dias laborables
,1,0,0,25779,03094,No aplica,Calle,Atropello a personas                               ,,No inventariada,Calle,Municipal,Se desconoce,Seco y limpio,"Luz del día natural, solar",Despejado,,Nivel blanco,,No,No,No,No,No,No,Sí,2024,9,MARTES,14,Tarde,Dias laborables
,1,0,0,25780,03094,No aplica,Calle,Fronto-lateral                                     ,,No inventariada,Calle,Municipal,Se desconoce,Seco y limpio,"Luz del día natural, solar",Despejado,,Nivel blanco,,Sin especificar,Sin especificar,Sin especificar,Sin especificar,Sin especificar,Sin especificar,Sin especificar,2024,10,JUEVES,13,Tarde,Dias laborables
,0,1,0,25781,03094,No aplica,Calle,Lateral                                            ,,No inventariada,Calle,Municipal,Se desconoce,Seco y limpio,Sin luz natural y con iluminación artificial encen,Despejado,,Nivel blanco,,No,No,No,Sí,No,No,Sí,2024,11,VIERNES,22,Noche,Dias laborables
56.0,2,1,0,25782,03094,Recta,Travesía,Frontal                                            ,,CV-715,Carretera Convencional de calzada única,Autonómica,Ascendente,Seco y limpio,Sin luz natural y con iluminación artificial encen,Despejado,,Nivel blanco,,Sin especificar,Sin especificar,Sin especificar,Sin especificar,Sin especificar,Sin especificar,Sin especificar,2024,12,MARTES,21,Noche,Dias laborables
43.9,1,0,0,25783,03107,Recta,Carretera,Lateral                                            ,,CV-70,Carretera Convencional de calzada única,Autonómica,Ascendente,Seco y limpio,"Luz del día natural, solar",Despejado,,Sin especificar,,Sin especificar,Sin especificar,Sin especificar,Sin especificar,Sin especificar,Sin especificar,Sin especificar,2024,12,DOMINGO,12,Tarde,Fines de semana
46.5,2,0,0,25784,03094,Curva señalizada,Carretera,Salida de la vía por la derecha con vuelco         ,,CV-70,Carretera Convencional de doble calzada,Autonómica,Ascendente,Seco y limpio,Sin luz natural y con iluminación artificial encen,Despejado,,Nivel blanco,,No,No,Sí,No,No,Sí,No,2024,12,DOMINGO,3,Madrugada,Fines de semana
196.3,2,0,0,25785,03095,Curva señalizada,Carretera,Salida de la vía por la derecha con colisión       ,CV-725,N-332,Carretera Convencional de calzada única,Estatal,Descendente,Seco y limpio,Sin luz natural ni artificial,Despejado,,Nivel blanco,,No,No,No,No,No,No,No,2024,2,SÁBADO,6,Mañana,Fines de semana
,1,0,0,25786,03095,No aplica,Calle,Lateral                                            ,,No inventariada,Calle,Municipal,Se desconoce,Seco y limpio,"Luz del día natural, solar",Despejado,,Sin especificar,,Sin especificar,Sin especificar,Sin especificar,Sin especificar,Sin especificar,Sin especificar,Sin especificar,2024,1,SÁBADO,11,Mañana,Fines de semana
,2,0,0,25787,03095,No aplica,Calle,Múltiple o en caravana                             ,,No inventariada,Otro,Otra,Se desconoce,Seco y limpio,"Luz del día natural, solar",Despejado,,Sin especificar,,Sin especificar,Sin especificar,Sin especificar,Sin especificar,Sin especificar,Sin especificar,Sin especificar,2024,3,MIÉRCOLES,12,Tarde,Dias laborables
,1,0,0,25788,03095,No aplica,Calle,Atropello a personas                               ,,No inventariada,Calle,Municipal,Se desconoce,Seco y limpio,"Luz del día natural, solar",Despejado,,Sin especificar,,No,No,No,No,No,No,No,2024,5,VIERNES,19,Noche,Dias laborables
2.0,2,0,0,25789,03095,Recta,Carretera,Por alcance                                        ,,CV-7221,Carretera Convencional de calzada única,Municipal,Ascendente,Seco y limpio,"Luz del día natural, solar",Despejado,,Nivel blanco,,No,No,No,No,No,No,No,2024,6,MARTES,20,Noche,Dias laborables
198.0,1,0,0,25790,03095,Se desconoce,Carretera,Lateral                                            ,N-332,N-332,Carretera Convencional de calzada única,Estatal,Ascendente,Seco y limpio,"Luz del día natural, solar",Despejado,,Nivel blanco,,No,No,Sí,No,No,Sí,No,2024,6,VIERNES,8,Mañana,Dias laborables
196.1,2,0,0,25791,03101,Recta,Carretera,Lateral                                            ,,N-332,Carretera Convencional de calzada única,Estatal,Ascendente,Seco y limpio,"Luz del día natural, solar",Despejado,,Nivel blanco,,No,No,No,No,No,Sí,No,2024,6,JUEVES,12,Tarde,Dias laborables
0.9,1,0,0,25792,03095,Recta,Carretera,Por alcance                                        ,,CV-725,Carretera Convencional de doble calzada,Autonómica,Ambos,Seco y limpio,"Luz del día natural, solar",Despejado,,Nivel amarillo,,Sin especificar,Sin especificar,Sin especificar,Sin especificar,Sin especificar,Sin especificar,Sin especificar,2024,7,JUEVES,16,Tarde,Dias laborables
608.0,5,1,0,25793,03095,Recta,Carretera,Fronto-lateral                                     ,,AP-7,Autopista libre,Estatal,Ascendente,Seco y limpio,Sin luz natural ni artificial,Despejado,,Nivel blanco,,No,No,No,No,No,No,No,2024,7,DOMINGO,3,Madrugada,Fines de semana
607.147,1,0,0,25794,03095,Recta,Carretera,Colisión contra obstáculo o elemento de la vía     ,,AP-7,Autopista libre,Estatal,Ascendente,Seco y limpio,Sin luz natural y con iluminación artificial encen,Despejado,,Nivel blanco,,Sin especificar,Sin especificar,Sin especificar,Sin especificar,Sin especificar,Sin especificar,Sin especificar,2024,7,JUEVES,22,Noche,Dias laborables
609.3,1,0,0,25795,03101,Recta,Carretera,Salida de la vía por la derecha con colisión       ,,AP-7,Autopista libre,Estatal,Ascendente,Seco y limpio,"Luz del día natural, solar",Despejado,,Nivel blanco,,Sin especificar,Sin especificar,Sin especificar,Sin especificar,Sin especificar,Sin especificar,Sin especificar,2024,7,VIERNES,13,Tarde,Dias laborables
615.408,6,0,0,25796,03071,Recta,Carretera,Lateral                                            ,,AP-7,Autopista libre,Estatal,Descendente,Seco y limpio,Sin luz natural ni artificial,Despejado,,Nivel blanco,,Sin especificar,Sin especificar,Sin especificar,Sin especificar,Sin especificar,Sin especificar,Sin especificar,2024,8,SÁBADO,22,Noche,Fines de semana
608.628,3,0,0,25797,03095,Recta,Carretera,Frontal                                            ,,AP-7,Ramal de enlace,Estatal,Ambos,Seco y limpio,"Luz del día natural, solar",Despejado,,Nivel amarillo,,Sin especificar,Sin especificar,Sin especificar,Sin especificar,Sin especificar,Sin especificar,Sin especificar,2024,8,VIERNES,18,Noche,Dias laborables
197.3,2,0,0,25798,03095,Curva señalizada,Carretera,Múltiple o en caravana                             ,CV-725,N-332,Carretera Convencional de calzada única,Estatal,Ambos,Seco y limpio,"Luz del día natural, solar",Despejado,,Nivel blanco,,No,No,No,No,No,No,No,2024,9,MIÉRCOLES,15,Tarde,Dias laborables
196.12,1,0,0,25799,03101,Recta,Carretera,Fronto-lateral                                     ,CV-725,N-332,Ramal de enlace,Estatal,Ascendente,Seco y limpio,"Luz del día natural, solar",Despejado,,Nivel blanco,,No,No,No,No,No,Sí,No,2024,9,VIERNES,19,Noche,Dias laborables
,2,0,0,25800,03095,No aplica,Calle,Por alcance                                        ,,No inventariada,Calle,Municipal,Se desconoce,Seco y limpio,"Luz del día natural, solar",Despejado,,Sin especificar,,No,No,Sí,No,No,Sí,No,2024,6,SÁBADO,11,Mañana,Fines de semana
,2,0,0,25801,03095,No aplica,Calle,Por alcance                                        ,,No inventariada,Calle,Municipal,Se desconoce,Seco y limpio,"Luz del día natural, solar",Despejado,,Sin especificar,,Sin especificar,Sin especificar,Sin especificar,Sin especificar,Sin especificar,Sin especificar,Sin especificar,2024,6,LUNES,11,Mañana,Dias laborables
,2,0,0,25802,03095,No aplica,Calle,Caída                                              ,,No inventariada,Calle,Municipal,Se desconoce,Otra,"Luz del día natural, solar",Despejado,,Sin especificar,,Sin especificar,Sin especificar,Sin especificar,Sin especificar,Sin especificar,Sin especificar,Sin especificar,2024,6,VIERNES,12,Tarde,Dias laborables
,2,0,0,25803,03095,No aplica,Calle,Otro tipo de accidente                             ,,No inventariada,Calle,Municipal,Se desconoce,Seco y limpio,"Luz del día natural, solar",Despejado,,Sin especificar,,No,No,Sí,No,No,Sí,No,2024,8,LUNES,20,Noche,Dias laborables
,1,0,0,25804,03095,No aplica,Calle,Atropello a personas                               ,,No inventariada,Calle,Municipal,Se desconoce,Seco y limpio,"Luz del día natural, solar",Despejado,,Sin especificar,,No,No,Sí,No,No,No,No,2024,9,MARTES,15,Tarde,Dias laborables
,0,1,0,25805,03095,No aplica,Calle,Salida de la vía por la derecha con colisión       ,,No inventariada,Calle,Municipal,Se desconoce,Se desconoce,"Luz del día natural, solar",Se desconoce,,Sin especificar,,Sin especificar,Sin especificar,Sin especificar,Sin especificar,Sin especificar,Sin especificar,Sin especificar,2024,8,LUNES,9,Mañana,Dias laborables
,1,0,0,25806,03095,No aplica,Calle,Atropello a personas                               ,,No inventariada,Calle,Municipal,Se desconoce,Seco y limpio,Sin luz natural y con iluminación artificial encen,Despejado,,Sin especificar,,Sin especificar,Sin especificar,Sin especificar,Sin especificar,Sin especificar,Sin especificar,Sin especificar,2024,11,MIÉRCOLES,18,Noche,Dias laborables
0.719,1,0,0,25807,03096,Curva señalizada,Carretera,Caída                                              ,,CV-8153,Camino vecinal,Municipal,Ascendente,Seco y limpio,Sin luz natural y con iluminación artificial encen,Despejado,,Nivel blanco,,No,No,No,No,No,Sí,No,2024,1,MIÉRCOLES,21,Noche,Dias laborables
4.793,1,0,0,25808,03096,Curva sin señalizar,Carretera,"Salida de la vía por la izquierda, otro tipo       ",,CV-803,Carretera Convencional de calzada única,Autonómica,Descendente,Seco y limpio,"Luz del día natural, solar",Despejado,,Nivel blanco,,Sin especificar,Sin especificar,Sin especificar,Sin especificar,Sin especificar,Sin especificar,Sin especificar,2024,2,SÁBADO,12,Tarde,Fines de semana
0.5,1,0,0,25809,00000,Recta,Carretera,Frontal                                            ,,CV-8151,Camino vecinal,Municipal,Ambos,Seco y limpio,Sin luz natural y con iluminación artificial encen,Despejado,,Se desconoce,,Sin especificar,Sin especificar,Sin especificar,Sin especificar,Sin especificar,Sin especificar,Sin especificar,2024,2,JUEVES,19,Noche,Dias laborables
0.35,1,0,0,25810,03096,Recta,Carretera,Salida de la vía por la izquierda con colisión     ,,CAMI ELS M,Camino vecinal,Municipal,Ascendente,Mojado,"Amanecer o atardecer, sin luz artificial",Nublado,,Nivel blanco,,Sin especificar,Sin especificar,Sin especificar,Sin especificar,Sin especificar,Sin especificar,Sin especificar,2024,3,DOMINGO,19,Noche,Fines de semana
10.95,0,1,0,25811,03079,Curva señalizada,Carretera,Salida de la vía por la izquierda con vuelco       ,,CV-802,Carretera Convencional de calzada única,"Provincial, Cabildo/Consell",Ascendente,Seco y limpio,"Luz del día natural, solar",Despejado,,Nivel blanco,,Sin especificar,Sin especificar,Sin especificar,Sin especificar,Sin especificar,Sin especificar,Sin especificar,2024,4,SÁBADO,14,Tarde,Fines de semana
4.7,1,0,0,25812,03096,Curva señalizada,Carretera,"Salida de la vía por la izquierda, otro tipo       ",,CV-803,Carretera Convencional de calzada única,"Provincial, Cabildo/Consell",Ascendente,Seco y limpio,"Luz del día natural, solar",Nublado,,Nivel blanco,,Sin especificar,Sin especificar,Sin especificar,Sin especificar,Sin especificar,Sin especificar,Sin especificar,2024,6,DOMINGO,12,Tarde,Fines de semana
3.904,1,0,0,25813,03096,Recta,Carretera,Salida de la vía por la derecha con vuelco         ,,CV-803,Carretera Convencional de calzada única,Autonómica,Descendente,Seco y limpio,"Luz del día natural, solar",Despejado,,Nivel blanco,,Sin especificar,Sin especificar,Sin especificar,Sin especificar,Sin especificar,Sin especificar,Sin especificar,2024,6,MIÉRCOLES,8,Mañana,Dias laborables
,1,0,0,25814,03096,No aplica,Calle,Atropello a personas                               ,,No inventariada,Calle,Otra,Se desconoce,Se desconoce,"Luz del día natural, solar",Se desconoce,,Nivel blanco,,Sin especificar,Sin especificar,Sin especificar,Sin especificar,Sin especificar,Sin especificar,Sin especificar,2024,6,SÁBADO,18,Noche,Fines de semana
3.5,1,0,0,25815,03096,Recta,Carretera,Salida de la vía por la derecha otro tipo          ,,CV-803,Carretera Convencional de calzada única,"Provincial, Cabildo/Consell",Descendente,Seco y limpio,"Luz del día natural, solar",Despejado,,Nivel verde,,Sin especificar,Sin especificar,Sin especificar,Sin especificar,Sin especificar,Sin especificar,Sin especificar,2024,7,MIÉRCOLES,19,Noche,Dias laborables
6.3,1,0,0,25816,03096,Recta,Travesía,Fronto-lateral                                     ,CV-815,CV-802,Carretera Convencional de calzada única,"Provincial, Cabildo/Consell",Ascendente,Seco y limpio,"Luz del día natural, solar",Despejado,,Nivel verde,,No,No,Sí,No,No,Sí,No,2024,7,SÁBADO,13,Tarde,Fines de semana
3.5,2,0,0,25817,03096,Curva señalizada,Carretera,Salida de la vía por la izquierda con colisión     ,,CV-803,Carretera Convencional de calzada única,"Provincial, Cabildo/Consell",Ascendente,Seco y limpio,"Luz del día natural, solar",Despejado,,Nivel blanco,,Sin especificar,Sin especificar,Sin especificar,Sin especificar,Sin especificar,Sin especificar,Sin especificar,2024,11,DOMINGO,9,Mañana,Fines de semana
10.3,1,0,0,25818,03096,Curva señalizada,Carretera,"Salida de la vía por la izquierda, otro tipo       ",,CV-802,Carretera Convencional de calzada única,"Provincial, Cabildo/Consell",Ascendente,Seco y limpio,Sin luz natural ni artificial,Despejado,,Nivel blanco,,Sin especificar,Sin especificar,Sin especificar,Sin especificar,Sin especificar,Sin especificar,Sin especificar,2024,11,SÁBADO,1,Madrugada,Fines de semana
1.816,1,0,0,25819,03096,Curva señalizada,Carretera,Fronto-lateral                                     ,CV-815,CV-8153,Carretera Convencional de calzada única,Municipal,Ascendente,Seco y limpio,"Luz del día natural, solar",Despejado,,Nivel verde,,No,No,No,No,No,Sí,No,2024,12,MARTES,10,Mañana,Dias laborables
,1,0,0,25820,03096,No aplica,Calle,Por alcance                                        ,,No inventariada,Calle,Municipal,Se desconoce,Seco y limpio,"Luz del día natural, solar",Despejado,,Nivel verde,,Sin especificar,Sin especificar,Sin especificar,Sin especificar,Sin especificar,Sin especificar,Sin especificar,2024,12,SÁBADO,14,Tarde,Fines de semana
0.75,1,0,0,25821,00000,Curva sin señalizar,Carretera,Lateral                                            ,,CV-731,Carretera Convencional de calzada única,"Provincial, Cabildo/Consell",Ascendente,Seco y limpio,"Luz del día natural, solar",Despejado,,Nivel blanco,,Sin especificar,Sin especificar,Sin especificar,Sin especificar,Sin especificar,Sin especificar,Sin especificar,2024,2,SÁBADO,13,Tarde,Fines de semana
19.8,1,0,0,25822,00000,Curva sin señalizar,Carretera,Caída                                              ,CV-731,CV-715,Carretera Convencional de calzada única,Autonómica,Ascendente,Seco y limpio,"Luz del día natural, solar",Despejado,,Nivel blanco,,No,No,No,No,No,No,No,2024,3,JUEVES,14,Tarde,Dias laborables
21.898,1,0,0,25823,00000,Recta,Carretera,Por alcance                                        ,,CV-715,Carretera Convencional de calzada única,"Provincial, Cabildo/Consell",Ascendente,Seco y limpio,"Luz del día natural, solar",Despejado,,Nivel verde,,Sin especificar,Sin especificar,Sin especificar,Sin especificar,Sin especificar,Sin especificar,Sin especificar,2024,6,SÁBADO,16,Tarde,Fines de semana
1.006,2,0,0,25824,00000,Recta,Carretera,Salida de la vía por la izquierda con colisión     ,,CV-731,Carretera Convencional de calzada única,Autonómica,Descendente,Seco y limpio,"Luz del día natural, solar",Despejado,,Nivel blanco,,Sin especificar,Sin especificar,Sin especificar,Sin especificar,Sin especificar,Sin especificar,Sin especificar,2024,12,SÁBADO,14,Tarde,Fines de semana
11.3,1,0,0,25825,00000,Recta,Carretera,Caída                                              ,,CV-770,Carretera Convencional de calzada única,"Provincial, Cabildo/Consell",Descendente,Seco y limpio,"Luz del día natural, solar",Nublado,,Nivel blanco,,Sin especificar,Sin especificar,Sin especificar,Sin especificar,Sin especificar,Sin especificar,Sin especificar,2024,5,LUNES,14,Tarde,Dias laborables
12.85,0,0,1,25826,00000,Curva sin señalizar,Carretera,Salida de la vía por la derecha con colisión       ,,CV-758,Carretera Convencional de calzada única,"Provincial, Cabildo/Consell",Ascendente,Seco y limpio,"Luz del día natural, solar",Despejado,,Nivel blanco,,Sin especificar,Sin especificar,Sin especificar,Sin especificar,Sin especificar,Sin especificar,Sin especificar,2024,5,MIÉRCOLES,11,Mañana,Dias laborables