KM,TOTAL_HL24H,TOTAL_HG24H,TOTAL_MU24H,id,COD_MUNICIPIO,TRAZADO_PLANTA,ZONA,TIPO_ACCIDENTE,CARRETERA_CRUCE,CARRETERA,TIPO_VIA,TITULARIDAD_VIA,SENTIDO_1F,CONDICION_FIRME,CONDICION_ILUMINACION,CONDICION_METEO,CONDICION_NIEBLA,CONDICION_NIVEL_CIRCULA,CONDICION_VIENTO,PRIORI_AGENTE,PRIORI_CIRCUNSTANCIAL,PRIORI_HORIZ_CEDA,PRIORI_HORIZ_STOP,PRIORI_SEMAFORO,PRIORI_VERT_CEDA,PRIORI_VERT_STOP,ANYO,MES,DIA,HORA,FRANJA_HORARIA,TIPO_DIA
,2,0,0,26841,03902,No aplica,Calle,Por alcance                                        ,,No inventariada,Calle,Municipal,Se desconoce,Seco y limpio,"Amanecer o atardecer, sin luz artificial",Despejado,,Sin especificar,,Sin especificar,Sin especificar,Sin especificar,Sin especificar,Sin especificar,Sin especificar,Sin especificar,2024,7,MIÉRCOLES,20,Noche,Dias laborables
,2,0,0,26842,03902,No aplica,Calle,Fronto-lateral                                     ,,No inventariada,Calle,Municipal,Se desconoce,Seco y limpio,"Amanecer o atardecer, sin luz artificial",Despejado,,Sin especificar,,No,No,Sí,No,No,Sí,No,2024,7,JUEVES,20,Noche,Dias laborables
,1,0,0,26843,03902,No aplica,Calle,Fronto-lateral                                     ,,No inventariada,Calle,Municipal,Se desconoce,Seco y limpio,"Luz del día natural, solar",Despejado,,Sin especificar,,No,No,Sí,No,No,Sí,No,2024,7,SÁBADO,12,Tarde,Fines de semana
,1,0,0,26844,03902,No aplica,Calle,Fronto-lateral                                     ,,No inventariada,Calle,Municipal,Se desconoce,Seco y limpio,"Luz del día natural, solar",Despejado,,Sin especificar,,No,No,Sí,No,No,Sí,No,2024,7,VIERNES,20,Noche,Dias laborables
,3,0,0,26845,03902,No aplica,Calle,Fronto-lateral                                     ,,No inventariada,Calle,Municipal,Se desconoce,Seco y limpio,"Luz del día natural, solar",Despejado,,Sin especificar,,No,No,No,Sí,No,No,Sí,2024,7,VIERNES,12,Tarde,Dias laborables
769.0,5,0,0,26846,03902,Recta,Carretera,Por alcance                                        ,,AP-7,Autopista de peaje,Estatal,Descendente,Seco y limpio,"Luz del día natural, solar",Despejado,Niebla ligera,Nivel amarillo,,Sin especificar,Sin especificar,Sin especificar,Sin especificar,Sin especificar,Sin especificar,Sin especificar,2024,7,SÁBADO,14,Tarde,Fines de semana
,1,0,0,26847,03902,No aplica,Calle,Fronto-lateral                                     ,,No inventariada,Calle,Municipal,Se desconoce,Seco y limpio,"Luz del día natural, solar",Despejado,,Sin especificar,,No,No,No,Sí,No,No,Sí,2024,8,MIÉRCOLES,9,Mañana,Dias laborables
42.7,3,0,0,26848,03902,Curva señalizada,Carretera,Lateral                                            ,N-332,N-332,Carretera Convencional de doble calzada,Estatal,Ascendente,Seco y limpio,"Luz del día natural, solar",Despejado,,Nivel blanco,,No,No,No,No,No,No,No,2024,8,DOMINGO,18,Noche,Fines de semana
1.0,1,0,0,26849,03902,Recta,Carretera,Salida de la vía por la derecha con vuelco         ,,CMO. URCO,Camino vecinal,Municipal,Ascendente,Seco y limpio,Sin luz natural ni artificial,Despejado,,Nivel blanco,,Sin especificar,Sin especificar,Sin especificar,Sin especificar,Sin especificar,Sin especificar,Sin especificar,2024,8,LUNES,0,Madrugada,Dias laborables
,2,0,0,26850,03902,No aplica,Calle,Múltiple o en caravana                             ,,No inventariada,Calle,Municipal,Se desconoce,Seco y limpio,"Luz del día natural, solar",Despejado,,Sin especificar,,No,No,No,Sí,No,No,Sí,2024,8,DOMINGO,9,Mañana,Fines de semana
,1,0,0,26851,03902,No aplica,Calle,Fronto-lateral                                     ,,No inventariada,Calle,Municipal,Se desconoce,Seco y limpio,Sin luz natural y con iluminación artificial encen,Despejado,,Sin especificar,,No,No,No,Sí,No,No,Sí,2024,8,JUEVES,22,Noche,Dias laborables
,1,0,0,26852,03902,No aplica,Calle,Fronto-lateral                                     ,,No inventariada,Calle,Municipal,Se desconoce,Seco y limpio,"Amanecer o atardecer, sin luz artificial",Despejado,,Sin especificar,,No,No,No,No,No,No,No,2024,8,VIERNES,19,Noche,Dias laborables
41.22,1,1,0,26853,03902,Recta,Carretera,Frontal                                            ,,N-332,Carretera Convencional de calzada única,Estatal,Ascendente,Seco y limpio,"Amanecer o atardecer, sin luz artificial",Despejado,,Nivel verde,,Sin especificar,Sin especificar,Sin especificar,Sin especificar,Sin especificar,Sin especificar,Sin especificar,2024,8,DOMINGO,6,Mañana,Fines de semana
,1,0,0,26854,03902,No aplica,Calle,Por alcance                                        ,,No inventariada,Calle,Municipal,Se desconoce,Seco y limpio,"Luz del día natural, solar",Despejado,,Se desconoce,,No,No,No,No,No,No,No,2024,3,MIÉRCOLES,8,Mañana,Dias laborables
,1,0,0,26855,03902,No aplica,Calle,Por alcance                                        ,,No inventariada,Calle,Municipal,Se desconoce,Seco y limpio,"Luz del día natural, solar",Despejado,,Se desconoce,,Sin especificar,Sin especificar,Sin especificar,Sin especificar,Sin especificar,Sin especificar,Sin especificar,2024,8,MIÉRCOLES,13,Tarde,Dias laborables
,1,0,0,26856,03902,No aplica,Calle,Fronto-lateral                                     ,,No inventariada,Calle,Municipal,Se desconoce,Seco y limpio,"Luz del día natural, solar",Despejado,,Se desconoce,,Sin especificar,Sin especificar,Sin especificar,Sin especificar,Sin especificar,Sin especificar,Sin especificar,2024,8,VIERNES,16,Tarde,Dias laborables
,2,0,0,26857,03902,No aplica,Calle,Fronto-lateral                                     ,,No inventariada,Calle,Municipal,Se desconoce,Seco y limpio,"Luz del día natural, solar",Despejado,,Se desconoce,,Sin especificar,Sin especificar,Sin especificar,Sin especificar,Sin especificar,Sin especificar,Sin especificar,2024,9,LUNES,9,Mañana,Dias laborables
,1,0,0,26858,03902,No aplica,Calle,Fronto-lateral                                     ,,No inventariada,Calle,Municipal,Se desconoce,Seco y limpio,"Luz del día natural, solar",Despejado,,Se desconoce,,No,No,No,No,No,No,Sí,2024,9,SÁBADO,13,Tarde,Fines de semana
771.9,1,0,0,26859,03902,Recta,Carretera,Lateral                                            ,,AP-7,Autopista libre,Estatal,Ascendente,Seco y limpio,Sin luz natural y con iluminación artificial encen,Despejado,,Nivel blanco,,Sin especificar,Sin especificar,Sin especificar,Sin especificar,Sin especificar,Sin especificar,Sin especificar,2024,9,VIERNES,18,Noche,Dias laborables
,4,0,0,26860,03902,No aplica,Calle,Fronto-lateral                                     ,,No inventariada,Calle,Municipal,Se desconoce,Seco y limpio,Sin luz natural y con iluminación artificial encen,Despejado,,Sin especificar,,No,No,No,Sí,No,No,Sí,2024,9,SÁBADO,20,Noche,Fines de semana
,1,0,0,26861,03902,No aplica,Calle,Fronto-lateral                                     ,,No inventariada,Calle,Municipal,Se desconoce,Seco y limpio,"Luz del día natural, solar",Despejado,,Sin especificar,,No,No,No,Sí,No,No,Sí,2024,10,SÁBADO,13,Tarde,Fines de semana
,1,0,0,26862,03902,No aplica,Calle,Fronto-lateral                                     ,,No inventariada,Calle,Municipal,Se desconoce,Seco y limpio,Sin luz natural y con iluminación artificial encen,Despejado,,Sin especificar,,No,No,Sí,No,No,Sí,No,2024,10,DOMINGO,21,Noche,Fines de semana
1.0,0,1,0,26863,03902,Recta,Carretera,Salida de la vía por la derecha otro tipo          ,,C HIGUERI,Camino vecinal,"Provincial, Cabildo/Consell",Ascendente,Seco y limpio,"Luz del día natural, solar",Despejado,,Nivel blanco,,Sin especificar,Sin especificar,Sin especificar,Sin especificar,Sin especificar,Sin especificar,Sin especificar,2024,10,JUEVES,9,Mañana,Dias laborables
,1,0,0,26864,03902,No aplica,Calle,Fronto-lateral                                     ,,No inventariada,Calle,Municipal,Se desconoce,Seco y limpio,"Luz del día natural, solar",Despejado,,Sin especificar,,No,No,No,Sí,No,No,Sí,2024,10,VIERNES,13,Tarde,Dias laborables
,1,0,0,26865,03902,No aplica,Calle,Por alcance                                        ,,No inventariada,Calle,Municipal,Se desconoce,Seco y limpio,"Luz del día natural, solar",Despejado,,Sin especificar,,Sin especificar,Sin especificar,Sin especificar,Sin especificar,Sin especificar,Sin especificar,Sin especificar,2024,10,MARTES,10,Mañana,Dias laborables
,1,0,0,26866,03902,No aplica,Calle,Lateral                                            ,,No inventariada,Calle,Municipal,Se desconoce,Seco y limpio,Sin luz natural y con iluminación artificial encen,Despejado,,Sin especificar,,No,No,Sí,No,No,Sí,No,2024,10,VIERNES,20,Noche,Dias laborables
,1,0,0,26867,03902,No aplica,Calle,Frontal                                            ,,No inventariada,Calle,Municipal,Se desconoce,Seco y limpio,"Luz del día natural, solar",Despejado,,Sin especificar,,No,No,Sí,No,No,Sí,No,2024,10,LUNES,8,Mañana,Dias laborables
1.894,1,0,0,26868,03902,Curva señalizada,Carretera,Salida de la vía por la derecha con vuelco         ,,CV-941,Carretera Convencional de calzada única,Autonómica,Ascendente,Mojado,Sin luz natural ni artificial,Lluvia débil,,Nivel blanco,,Sin especificar,Sin especificar,Sin especificar,Sin especificar,Sin especificar,Sin especificar,Sin especificar,2024,10,MIÉRCOLES,3,Madrugada,Dias laborables
,0,1,0,26869,03902,No aplica,Calle,Fronto-lateral                                     ,,No inventariada,Calle,Municipal,Se desconoce,Seco y limpio,"Luz del día natural, solar",Despejado,,Sin especificar,,No,No,No,Sí,No,No,Sí,2024,10,MARTES,10,Mañana,Dias laborables
29.9,1,0,0,26870,03902,Recta,Carretera,Fronto-lateral                                     ,,CV-925,Carretera Convencional de calzada única,Otra,Descendente,Seco y limpio,"Luz del día natural, solar",Despejado,,Nivel blanco,,Sin especificar,Sin especificar,Sin especificar,Sin especificar,Sin especificar,Sin especificar,Sin especificar,2024,11,LUNES,15,Tarde,Dias laborables
,1,0,0,26871,03902,No aplica,Calle,Atropello a personas                               ,,No inventariada,Calle,Municipal,Se desconoce,Mojado,"Luz del día natural, solar",Lluvia débil,,Se desconoce,,No,No,No,No,No,No,No,2024,11,DOMINGO,11,Mañana,Fines de semana
43.3,1,0,0,26872,03902,Curva señalizada,Carretera,"Salida de la vía por la izquierda, otro tipo       ",,N-332,Carretera Convencional de doble calzada,Estatal,Descendente,Seco y limpio,"Luz del día natural, solar",Despejado,,Nivel blanco,,No,No,Sí,No,No,Sí,No,2024,11,VIERNES,16,Tarde,Dias laborables
45.8,2,0,0,26873,03099,Recta,Carretera,Por alcance                                        ,,N-332,Carretera Convencional de doble calzada,Estatal,Ascendente,Seco y limpio,"Luz del día natural, solar",Despejado,,Nivel blanco,,Sin especificar,Sin especificar,Sin especificar,Sin especificar,Sin especificar,Sin especificar,Sin especificar,2024,11,DOMINGO,17,Tarde,Fines de semana
,1,0,0,26874,03902,No aplica,Calle,Atropello a personas                               ,,No inventariada,Calle,Municipal,Se desconoce,Seco y limpio,"Luz del día natural, solar",Despejado,,Se desconoce,,No,No,No,No,No,No,No,2024,11,VIERNES,14,Tarde,Dias laborables
,1,0,0,26875,03902,No aplica,Calle,Fronto-lateral                                     ,,No inventariada,Calle,Municipal,Se desconoce,Seco y limpio,Sin luz natural y con iluminación artificial encen,Despejado,,Se desconoce,,No,No,No,No,No,No,No,2024,11,MIÉRCOLES,22,Noche,Dias laborables
,1,0,0,26876,03902,No aplica,Calle,Atropello a personas                               ,,No inventariada,Calle,Municipal,Se desconoce,Seco y limpio,"Luz del día natural, solar",Despejado,,Se desconoce,,No,No,No,No,No,No,No,2024,11,MIÉRCOLES,9,Mañana,Dias laborables
,1,0,0,26877,03902,No aplica,Calle,Fronto-lateral                                     ,,No inventariada,Calle,Municipal,Se desconoce,Seco y limpio,"Luz del día natural, solar",Despejado,,Se desconoce,,No,No,No,Sí,No,No,Sí,2024,11,MARTES,9,Mañana,Dias laborables
,1,0,0,26878,03902,No aplica,Calle,Otro tipo de accidente                             ,,No inventariada,Calle,Municipal,Se desconoce,Seco y limpio,"Luz del día natural, solar",Despejado,,Se desconoce,,No,No,No,No,No,No,No,2024,12,LUNES,9,Mañana,Dias laborables
,1,0,0,26879,03902,No aplica,Calle,Frontal                                            ,,No inventariada,Calle,Municipal,Se desconoce,Seco y limpio,"Luz del día natural, solar",Despejado,,Se desconoce,,No,No,Sí,No,No,Sí,No,2024,10,LUNES,8,Mañana,Dias laborables
,1,0,0,26880,03902,No aplica,Calle,Fronto-lateral                                     ,,No inventariada,Calle,Municipal,Se desconoce,Seco y limpio,"Luz del día natural, solar",Despejado,,Se desconoce,,No,No,No,No,No,No,No,2024,10,SÁBADO,13,Tarde,Fines de semana
3.6,1,0,0,26881,03903,Recta,Carretera,Salida de la vía por la izquierda con colisión     ,,CV-940,Carretera Convencional de calzada única,Autonómica,Descendente,Seco y limpio,"Luz del día natural, solar",Despejado,,Sin especificar,,Sin especificar,Sin especificar,Sin especificar,Sin especificar,Sin especificar,Sin especificar,Sin especificar,2024,1,DOMINGO,14,Tarde,Fines de semana
1.0,2,0,0,26882,03903,Recta,Carretera,Salida de la vía por la derecha con colisión       ,,CV-945,Carretera Convencional de calzada única,Autonómica,Descendente,Mojado,Sin luz natural ni artificial,Nublado,,Nivel verde,,No,No,No,No,No,No,No,2024,4,DOMINGO,3,Madrugada,Fines de semana
5.615,1,0,0,26883,03903,Curva señalizada,Carretera,Salida de la vía por la derecha otro tipo          ,,CV-945,Vía para automóviles,Autonómica,Descendente,Seco y limpio,"Luz del día natural, solar",Despejado,,Nivel blanco,,Sin especificar,Sin especificar,Sin especificar,Sin especificar,Sin especificar,Sin especificar,Sin especificar,2024,5,VIERNES,12,Tarde,Dias laborables
1.1,1,0,0,26884,03903,Recta,Carretera,Salida de la vía por la derecha con vuelco         ,,CV-945,Carretera Convencional de calzada única,Autonómica,Ascendente,Seco y limpio,"Luz del día natural, solar",Despejado,,Nivel blanco,,Sin especificar,Sin especificar,Sin especificar,Sin especificar,Sin especificar,Sin especificar,Sin especificar,2024,6,DOMINGO,19,Noche,Fines de semana
753.5,0,1,0,26885,03903,Recta,Carretera,Salida de la vía por la derecha con colisión       ,,AP-7,Autopista de peaje,Estatal,Ascendente,Seco y limpio,Sin luz natural y con iluminación artificial encen,Despejado,,Nivel blanco,,Sin especificar,Sin especificar,Sin especificar,Sin especificar,Sin especificar,Sin especificar,Sin especificar,2024,7,LUNES,23,Noche,Dias laborables
5.0,1,1,0,26886,03903,Recta,Carretera,Fronto-lateral                                     ,,CV-940,Carretera Convencional de calzada única,Autonómica,Ascendente,Seco y limpio,Sin luz natural y con iluminación artificial encen,Despejado,,Nivel blanco,,Sin especificar,Sin especificar,Sin especificar,Sin especificar,Sin especificar,Sin especificar,Sin especificar,2024,10,SÁBADO,20,Noche,Fines de semana
,1,0,0,26887,03903,No aplica,Calle,Salida de la vía por la derecha con colisión       ,,No inventariada,Calle,Municipal,Se desconoce,Seco y limpio,"Luz del día natural, solar",Despejado,,Nivel blanco,,No,No,Sí,No,No,Sí,No,2024,9,DOMINGO,15,Tarde,Fines de semana
4.0,1,0,0,26888,00000,Recta,Carretera,Fronto-lateral                                     ,,CMNO SAN I,Camino vecinal,Autonómica,Descendente,Seco y limpio,"Luz del día natural, solar",Despejado,,Nivel blanco,,No,No,No,No,No,No,Sí,2024,2,MIÉRCOLES,13,Tarde,Dias laborables
4.861,1,0,0,26889,00000,Recta,Carretera,Salida de la vía por la derecha con colisión       ,,CV-909,Carretera Convencional de doble calzada,Autonómica,Ascendente,Seco y limpio,Sin luz natural ni artificial,Despejado,,Nivel blanco,,Sin especificar,Sin especificar,Sin especificar,Sin especificar,Sin especificar,Sin especificar,Sin especificar,2024,6,DOMINGO,3,Madrugada,Fines de semana
3.8,1,0,0,26890,00000,Recta,Carretera,Lateral                                            ,,CV-909,Carretera Convencional de calzada única,Autonómica,Descendente,Seco y limpio,"Luz del día natural, solar",Despejado,,Nivel blanco,,Sin especificar,Sin especificar,Sin especificar,Sin especificar,Sin especificar,Sin especificar,Sin especificar,2024,6,MARTES,17,Tarde,Dias laborables
,1,0,0,26891,00000,No aplica,Calle,Atropello a personas                               ,,No inventariada,Calle,Municipal,Se desconoce,Seco y limpio,"Luz del día natural, solar",Despejado,,Nivel blanco,,No,No,No,No,No,Sí,No,2024,4,MARTES,13,Tarde,Dias laborables
533.976,1,0,0,26892,00000,Recta,Carretera,Salida de la vía por la derecha con colisión       ,,A-7,Autovía,Estatal,Descendente,Seco y limpio,"Luz del día natural, solar",Despejado,,Nivel amarillo,,Sin especificar,Sin especificar,Sin especificar,Sin especificar,Sin especificar,Sin especificar,Sin especificar,2024,7,SÁBADO,19,Noche,Fines de semana
535.2,3,0,0,26893,00000,Recta,Carretera,Lateral                                            ,A-7,A-7,Autovía,Estatal,Descendente,Seco y limpio,"Luz del día natural, solar",Despejado,,Nivel blanco,,No,No,No,No,No,No,No,2024,8,SÁBADO,18,Noche,Fines de semana
4.7,1,0,0,26894,00000,Recta,Carretera,Fronto-lateral                                     ,,CV-909,Carretera Convencional de doble calzada,Autonómica,Descendente,Mojado,Sin luz natural y con iluminación artificial no en,Lluvia débil,,Nivel blanco,,Sin especificar,Sin especificar,Sin especificar,Sin especificar,Sin especificar,Sin especificar,Sin especificar,2024,9,JUEVES,20,Noche,Dias laborables
535.4,4,0,0,26895,00000,Recta,Carretera,Por alcance                                        ,,A-7,Autovía,Estatal,Descendente,Seco y limpio,"Amanecer o atardecer, sin luz artificial",Despejado,,Nivel amarillo,,Sin especificar,Sin especificar,Sin especificar,Sin especificar,Sin especificar,Sin especificar,Sin especificar,2024,11,LUNES,7,Mañana,Dias laborables
,1,0,0,26896,00000,No aplica,Calle,Fronto-lateral                                     ,,No inventariada,Calle,Otra,Se desconoce,Seco y limpio,"Luz del día natural, solar",Despejado,,Nivel blanco,,No,No,No,No,No,No,Sí,2024,11,VIERNES,15,Tarde,Dias laborables
,0,0,1,26897,03009,No aplica,Calle,Atropello a personas                               ,,No inventariada,Calle,Municipal,Se desconoce,Seco y limpio,"Luz del día natural, solar",Despejado,,Nivel blanco,,Sin especificar,Sin especificar,Sin especificar,Sin especificar,Sin especificar,Sin especificar,Sin especificar,2024,11,DOMINGO,11,Mañana,Fines de semana
,1,0,0,26898,03011,No aplica,Calle,Fronto-lateral                                     ,,No inventariada,Calle,Municipal,Se desconoce,Seco y limpio,"Luz del día natural, solar",Despejado,,Sin especificar,,No,No,No,Sí,No,No,Sí,2024,8,MARTES,14,Tarde,Dias laborables
,3,0,0,26899,03011,No aplica,Calle,Por alcance                                        ,,No inventariada,Calle,Municipal,Se desconoce,Seco y limpio,"Luz del día natural, solar",Despejado,,Sin especificar,,Sin especificar,Sin especificar,Sin especificar,Sin especificar,Sin especificar,Sin especificar,Sin especificar,2024,8,LUNES,13,Tarde,Dias laborables
,1,0,0,26900,03011,No aplica,Calle,Caída                                              ,,No inventariada,Calle,Municipal,Se desconoce,Seco y limpio,Sin luz natural y con iluminación artificial encen,Despejado,,Sin especificar,,Sin especificar,Sin especificar,Sin especificar,Sin especificar,Sin especificar,Sin especificar,Sin especificar,2024,12,VIERNES,23,Noche,Dias laborables
,1,0,0,26901,03011,No aplica,Calle,Fronto-lateral                                     ,,No inventariada,Calle,Municipal,Se desconoce,Seco y limpio,"Luz del día natural, solar",Despejado,,Sin especificar,,Sin especificar,Sin especificar,Sin especificar,Sin especificar,Sin especificar,Sin especificar,Sin especificar,2024,8,LUNES,9,Mañana,Dias laborables
,2,0,0,26902,03011,No aplica,Calle,Por alcance                                        ,,No inventariada,Calle,Municipal,Se desconoce,Seco y limpio,Sin luz natural y con iluminación artificial no en,Despejado,,Sin especificar,,No,No,Sí,No,No,Sí,No,2024,8,DOMINGO,22,Noche,Fines de semana
,0,1,0,26903,03011,No aplica,Calle,Atropello a personas                               ,,No inventariada,Calle,Municipal,Se desconoce,Seco y limpio,"Luz del día natural, solar",Despejado,,Sin especificar,,Sin especificar,Sin especificar,Sin especificar,Sin especificar,Sin especificar,Sin especificar,Sin especificar,2024,8,VIERNES,17,Tarde,Dias laborables
,1,0,0,26904,03011,No aplica,Calle,Por alcance                                        ,,No inventariada,Calle,Municipal,Se desconoce,Seco y limpio,"Luz del día natural, solar",Despejado,,Sin especificar,,Sin especificar,Sin especificar,Sin especificar,Sin especificar,Sin especificar,Sin especificar,Sin especificar,2024,8,JUEVES,15,Tarde,Dias laborables
,1,0,0,26905,03011,No aplica,Calle,Caída                                              ,,No inventariada,Calle,Municipal,Se desconoce,Otra,"Luz del día natural, solar",Despejado,,Sin especificar,,No,No,Sí,No,No,Sí,No,2024,7,MARTES,12,Tarde,Dias laborables
,1,0,0,26906,03011,No aplica,Calle,Atropello a personas                               ,,No inventariada,Calle,Municipal,Se desconoce,Seco y limpio,"Luz del día natural, solar",Despejado,,Sin especificar,,No,No,Sí,No,No,Sí,No,2024,7,MARTES,9,Mañana,Dias laborables
,0,1,0,26907,03011,No aplica,Calle,Caída                                              ,,No inventariada,Calle,Municipal,Se desconoce,Seco y limpio,"Luz del día natural, solar",Despejado,,Sin especificar,,No,No,No,Sí,No,No,Sí,2024,12,DOMINGO,10,Mañana,Fines de semana
,1,0,0,26908,03011,No aplica,Calle,Colisión contra obstáculo o elemento de la vía     ,,No inventariada,Calle,Municipal,Se desconoce,Seco y limpio,"Luz del día natural, solar",Despejado,,Sin especificar,,Sin especificar,Sin especificar,Sin especificar,Sin especificar,Sin especificar,Sin especificar,Sin especificar,2024,7,LUNES,12,Tarde,Dias laborables
,1,1,0,26909,03011,No aplica,Calle,Atropello a personas                               ,,No inventariada,Calle,Municipal,Se desconoce,Seco y limpio,"Luz del día natural, solar",Despejado,,Sin especificar,,Sin especificar,Sin especificar,Sin especificar,Sin especificar,Sin especificar,Sin especificar,Sin especificar,2024,7,VIERNES,20,Noche,Dias laborables
,1,0,0,26910,03011,No aplica,Calle,Lateral                                            ,,No inventariada,Calle,Municipal,Se desconoce,Seco y limpio,"Luz del día natural, solar",Despejado,,Sin especificar,,Sin especificar,Sin especificar,Sin especificar,Sin especificar,Sin especificar,Sin especificar,Sin especificar,2024,7,VIERNES,15,Tarde,Dias laborables
,1,0,0,26911,03011,No aplica,Calle,Por alcance                                        ,,No inventariada,Calle,Municipal,Se desconoce,Seco y limpio,"Luz del día natural, solar",Despejado,,Sin especificar,,No,No,No,Sí,No,No,Sí,2024,7,LUNES,7,Mañana,Dias laborables
,1,0,0,26912,03011,No aplica,Calle,Caída                                              ,,No inventariada,Calle,Municipal,Se desconoce,Seco y limpio,"Luz del día natural, solar",Despejado,,Sin especificar,,No,No,Sí,No,No,Sí,No,2024,6,SÁBADO,10,Mañana,Fines de semana
,1,0,0,26913,03011,No aplica,Calle,Por alcance                                        ,,No inventariada,Calle,Municipal,Se desconoce,Seco y limpio,Sin luz natural y con iluminación artificial encen,Despejado,,Sin especificar,,Sin especificar,Sin especificar,Sin especificar,Sin especificar,Sin especificar,Sin especificar,Sin especificar,2024,6,VIERNES,22,Noche,Dias laborables
,1,0,0,26914,03011,No aplica,Calle,Fronto-lateral                                     ,,No inventariada,Calle,Municipal,Se desconoce,Seco y limpio,"Amanecer o atardecer, sin luz artificial",Despejado,,Sin especificar,,No,No,No,Sí,No,No,Sí,2024,6,MIÉRCOLES,20,Noche,Dias laborables
,0,1,0,26915,03011,No aplica,Calle,Caída                                              ,,No inventariada,Calle,Municipal,Se desconoce,Otra,"Luz del día natural, solar",Despejado,,Sin especificar,,No,No,Sí,No,No,Sí,No,2024,6,LUNES,8,Mañana,Dias laborables
,2,0,0,26916,03011,No aplica,Calle,Fronto-lateral                                     ,,No inventariada,Calle,Municipal,Se desconoce,Seco y limpio,"Luz del día natural, solar",Despejado,,Sin especificar,,No,No,No,No,No,No,No,2024,6,MARTES,16,Tarde,Dias laborables
,1,0,0,26917,03011,No aplica,Calle,Salida de la vía por la izquierda con colisión     ,,No inventariada,Calle,Municipal,Se desconoce,Seco y limpio,Sin luz natural ni artificial,Despejado,,Sin especificar,,Sin especificar,Sin especificar,Sin especificar,Sin especificar,Sin especificar,Sin especificar,Sin especificar,2024,6,DOMINGO,4,Madrugada,Fines de semana
,1,0,0,26918,03011,No aplica,Calle,Fronto-lateral                                     ,,No inventariada,Calle,Municipal,Se desconoce,Seco y limpio,Sin luz natural y con iluminación artificial encen,Despejado,,Sin especificar,,No,No,No,Sí,No,No,Sí,2024,6,SÁBADO,0,Madrugada,Fines de semana
,1,0,0,26919,03011,No aplica,Calle,Fronto-lateral                                     ,,No inventariada,Calle,Municipal,Se desconoce,Seco y limpio,"Luz del día natural, solar",Despejado,,Sin especificar,,No,No,No,Sí,No,No,Sí,2024,6,VIERNES,7,Mañana,Dias laborables
,2,0,0,26920,03011,No aplica,Calle,Fronto-lateral                                     ,,No inventariada,Calle,Municipal,Se desconoce,Seco y limpio,"Luz del día natural, solar",Despejado,,Sin especificar,,No,No,Sí,No,No,Sí,No,2024,6,LUNES,16,Tarde,Dias laborables
,1,0,0,26921,03014,No aplica,Calle,Caída                                              ,,No inventariada,Calle,Municipal,Se desconoce,Seco y limpio,"Luz del día natural, solar",Despejado,,Sin especificar,,Sin especificar,Sin especificar,Sin especificar,Sin especificar,Sin especificar,Sin especificar,Sin especificar,2024,9,MARTES,12,Tarde,Dias laborables
,1,0,0,26922,03014,No aplica,Calle,Fronto-lateral                                     ,,No inventariada,Calle,Municipal,Se desconoce,Seco y limpio,"Luz del día natural, solar",Despejado,,Sin especificar,,No,No,Sí,No,No,Sí,No,2024,9,VIERNES,8,Mañana,Dias laborables
,1,0,0,26923,03014,No aplica,Calle,Fronto-lateral                                     ,,No inventariada,Calle,Municipal,Se desconoce,Seco y limpio,"Amanecer o atardecer, sin luz artificial",Despejado,,Sin especificar,,Sin especificar,Sin especificar,Sin especificar,Sin especificar,Sin especificar,Sin especificar,Sin especificar,2024,9,LUNES,20,Noche,Dias laborables
,1,0,0,26924,03014,No aplica,Calle,Fronto-lateral                                     ,,No inventariada,Calle,Municipal,Se desconoce,Seco y limpio,"Luz del día natural, solar",Despejado,,Sin especificar,,No,No,No,No,No,No,No,2024,9,LUNES,12,Tarde,Dias laborables
,2,0,0,26925,03014,No aplica,Calle,Fronto-lateral                                     ,,No inventariada,Calle,Municipal,Se desconoce,Mojado,"Luz del día natural, solar",Lluvia débil,,Sin especificar,,No,No,No,Sí,No,No,Sí,2024,9,JUEVES,7,Mañana,Dias laborables
,1,0,0,26926,03014,No aplica,Calle,Caída                                              ,,No inventariada,Calle,Municipal,Se desconoce,Con aceite,"Luz del día natural, solar",Se desconoce,,Sin especificar,,Sin especificar,Sin especificar,Sin especificar,Sin especificar,Sin especificar,Sin especificar,Sin especificar,2024,11,VIERNES,8,Mañana,Dias laborables
,1,0,0,26927,03014,No aplica,Calle,Por alcance                                        ,,No inventariada,Calle,Municipal,Se desconoce,Mojado,"Luz del día natural, solar",Lluvia débil,,Sin especificar,,Sin especificar,Sin especificar,Sin especificar,Sin especificar,Sin especificar,Sin especificar,Sin especificar,2024,11,DOMINGO,16,Tarde,Fines de semana
,0,2,0,26928,03014,No aplica,Calle,Múltiple o en caravana                             ,,No inventariada,Calle,Municipal,Se desconoce,Seco y limpio,"Luz del día natural, solar",Despejado,,Nivel amarillo,,No,No,No,No,No,No,No,2024,12,DOMINGO,13,Tarde,Fines de semana
,1,0,0,26929,03014,No aplica,Calle,Por alcance                                        ,,No inventariada,Calle,Municipal,Se desconoce,Seco y limpio,"Luz del día natural, solar",Despejado,,Se desconoce,,Sin especificar,Sin especificar,Sin especificar,Sin especificar,Sin especificar,Sin especificar,Sin especificar,2024,10,VIERNES,22,Noche,Dias laborables
,1,0,0,26930,03014,No aplica,Calle,Fronto-lateral                                     ,,No inventariada,Calle,Municipal,Se desconoce,Seco y limpio,Sin luz natural y con iluminación artificial encen,Despejado,,Sin especificar,,No,No,No,No,No,No,No,2024,10,MIÉRCOLES,20,Noche,Dias laborables