KM,TOTAL_HL24H,TOTAL_HG24H,TOTAL_MU24H,id,COD_MUNICIPIO,TRAZADO_PLANTA,ZONA,TIPO_ACCIDENTE,CARRETERA_CRUCE,CARRETERA,TIPO_VIA,TITULARIDAD_VIA,SENTIDO_1F,CONDICION_FIRME,CONDICION_ILUMINACION,CONDICION_METEO,CONDICION_NIEBLA,CONDICION_NIVEL_CIRCULA,CONDICION_VIENTO,PRIORI_AGENTE,PRIORI_CIRCUNSTANCIAL,PRIORI_HORIZ_CEDA,PRIORI_HORIZ_STOP,PRIORI_SEMAFORO,PRIORI_VERT_CEDA,PRIORI_VERT_STOP,ANYO,MES,DIA,HORA,FRANJA_HORARIA,TIPO_DIA
1.0,1,0,0,27022,03056,Recta,Carretera,Colisión contra obstáculo o elemento de la vía     ,,CV-703,Carretera Convencional de calzada única,"Provincial, Cabildo/Consell",Descendente,Seco y limpio,"Luz del día natural, solar",Despejado,,Nivel blanco,,Sin especificar,Sin especificar,Sin especificar,Sin especificar,Sin especificar,Sin especificar,Sin especificar,2024,7,JUEVES,9,Mañana,Dias laborables
,1,0,0,27023,03056,No aplica,Calle,Atropello a personas                               ,,No inventariada,Calle,Municipal,Se desconoce,Seco y limpio,"Amanecer o atardecer, con luz artificial",Despejado,,Nivel blanco,,Sin especificar,Sin especificar,Sin especificar,Sin especificar,Sin especificar,Sin especificar,Sin especificar,2024,9,DOMINGO,20,Noche,Fines de semana
,1,0,0,27024,03059,No aplica,Calle,Atropello a personas                               ,,No inventariada,Calle,Municipal,Se desconoce,Seco y limpio,"Luz del día natural, solar",Despejado,,Se desconoce,,No,No,No,No,No,No,No,2024,12,JUEVES,11,Mañana,Dias laborables
,1,0,0,27025,03059,No aplica,Calle,Lateral                                            ,,No inventariada,Calle,Municipal,Se desconoce,Seco y limpio,"Luz del día natural, solar",Despejado,,Se desconoce,,Sin especificar,Sin especificar,Sin especificar,Sin especificar,Sin especificar,Sin especificar,Sin especificar,2024,11,MARTES,13,Tarde,Dias laborables
,1,0,0,27026,03059,No aplica,Calle,Atropello a personas                               ,,No inventariada,Calle,Otra,Se desconoce,Seco y limpio,"Luz del día natural, solar",Despejado,,Se desconoce,,Sin especificar,Sin especificar,Sin especificar,Sin especificar,Sin especificar,Sin especificar,Sin especificar,2024,12,JUEVES,12,Tarde,Dias laborables
,1,0,0,27027,03059,No aplica,Calle,Por alcance                                        ,,No inventariada,Calle,Estatal,Se desconoce,Seco y limpio,"Luz del día natural, solar",Despejado,,Se desconoce,,Sin especificar,Sin especificar,Sin especificar,Sin especificar,Sin especificar,Sin especificar,Sin especificar,2024,12,JUEVES,13,Tarde,Dias laborables
,1,0,0,27028,03064,No aplica,Calle,Atropello a personas                               ,,No inventariada,Calle,Municipal,Se desconoce,Seco y limpio,"Luz del día natural, solar",Despejado,,Nivel verde,,No,No,No,No,Sí,No,No,2024,11,MIÉRCOLES,16,Tarde,Dias laborables
,1,0,0,27029,03065,No aplica,Calle,Salida de la vía por la derecha con colisión       ,,No inventariada,Calle,Municipal,Se desconoce,Seco y limpio,Sin luz natural y con iluminación artificial no en,Despejado,,Se desconoce,,No,No,No,No,No,Sí,No,2024,7,VIERNES,6,Mañana,Dias laborables
,0,1,0,27030,03066,No aplica,Calle,Atropello a personas                               ,,No inventariada,Calle,Municipal,Se desconoce,Seco y limpio,Sin luz natural y con iluminación artificial encen,Despejado,,Nivel verde,,No,No,No,No,No,No,No,2024,12,JUEVES,19,Noche,Dias laborables
,1,0,0,27031,03066,No aplica,Calle,Caída                                              ,,No inventariada,Calle,Municipal,Se desconoce,Con barro o gravilla suelta,"Luz del día natural, solar",Despejado,,Nivel blanco,,No,No,No,No,No,No,No,2024,12,MARTES,9,Mañana,Dias laborables
,1,0,0,27032,03066,No aplica,Calle,Fronto-lateral                                     ,,No inventariada,Calle,Municipal,Se desconoce,Seco y limpio,Sin luz natural y con iluminación artificial encen,Despejado,,Nivel blanco,,No,No,No,No,No,No,No,2024,12,DOMINGO,20,Noche,Fines de semana
,1,0,0,27033,03066,No aplica,Calle,Lateral                                            ,,No inventariada,Calle,Municipal,Se desconoce,Seco y limpio,"Luz del día natural, solar",Despejado,,Nivel blanco,,No,No,Sí,No,No,Sí,No,2024,12,MARTES,11,Mañana,Dias laborables
144.2,1,0,0,27034,03069,Recta,Carretera,Múltiple o en caravana                             ,,N-332,Carretera Convencional de calzada única,Estatal,Descendente,Seco y limpio,Sin luz natural ni artificial,Despejado,,Sin especificar,,Sin especificar,Sin especificar,Sin especificar,Sin especificar,Sin especificar,Sin especificar,Sin especificar,2024,12,LUNES,19,Noche,Dias laborables
,1,0,0,27035,00000,No aplica,Calle,Atropello a personas                               ,,No inventariada,Otro,Municipal,Se desconoce,Seco y limpio,"Luz del día natural, solar",Despejado,,Nivel blanco,,Sin especificar,Sin especificar,Sin especificar,Sin especificar,Sin especificar,Sin especificar,Sin especificar,2024,11,MARTES,8,Mañana,Dias laborables
,0,1,0,27036,00000,No aplica,Calle,Por alcance                                        ,,No inventariada,Calle,Municipal,Se desconoce,Seco y limpio,"Luz del día natural, solar",Despejado,,Nivel blanco,,Sin especificar,Sin especificar,Sin especificar,Sin especificar,Sin especificar,Sin especificar,Sin especificar,2024,12,MIÉRCOLES,12,Tarde,Dias laborables
,1,0,0,27037,00000,No aplica,Calle,Atropello a personas                               ,,No inventariada,Calle,Municipal,Se desconoce,Seco y limpio,"Amanecer o atardecer, con luz artificial",Despejado,,Nivel blanco,,Sin especificar,Sin especificar,Sin especificar,Sin especificar,Sin especificar,Sin especificar,Sin especificar,2024,11,SÁBADO,18,Noche,Fines de semana
,2,0,0,27038,03079,No aplica,Calle,Fronto-lateral                                     ,,No inventariada,Calle,Municipal,Se desconoce,Seco y limpio,"Luz del día natural, solar",Despejado,,Nivel verde,,Sin especificar,Sin especificar,Sin especificar,Sin especificar,Sin especificar,Sin especificar,Sin especificar,2024,12,MIÉRCOLES,16,Tarde,Dias laborables
,1,0,0,27039,03079,No aplica,Calle,Fronto-lateral                                     ,,No inventariada,Calle,Municipal,Se desconoce,Seco y limpio,"Luz del día natural, solar",Despejado,,Nivel verde,,Sin especificar,Sin especificar,Sin especificar,Sin especificar,Sin especificar,Sin especificar,Sin especificar,2024,11,MARTES,15,Tarde,Dias laborables
,1,0,0,27040,03079,No aplica,Calle,Fronto-lateral                                     ,,No inventariada,Calle,Municipal,Se desconoce,Seco y limpio,"Luz del día natural, solar",Despejado,,Nivel verde,,No,No,No,No,No,Sí,No,2024,11,MIÉRCOLES,17,Tarde,Dias laborables
,1,0,0,27041,03079,No aplica,Calle,Atropello a personas                               ,,No inventariada,Calle,Municipal,Se desconoce,Seco y limpio,"Luz del día natural, solar",Despejado,,Nivel verde,,Sin especificar,Sin especificar,Sin especificar,Sin especificar,Sin especificar,Sin especificar,Sin especificar,2024,12,MARTES,15,Tarde,Dias laborables
,0,1,0,27042,03079,No aplica,Calle,Caída                                              ,,No inventariada,Calle,Municipal,Se desconoce,Seco y limpio,"Amanecer o atardecer, con luz artificial",Despejado,,Nivel verde,,Sin especificar,Sin especificar,Sin especificar,Sin especificar,Sin especificar,Sin especificar,Sin especificar,2024,8,MIÉRCOLES,6,Mañana,Dias laborables
,1,0,0,27043,03090,No aplica,Calle,Caída                                              ,,No inventariada,Calle,Autonómica,Se desconoce,Seco y limpio,Sin luz natural y con iluminación artificial no en,Despejado,,Se desconoce,,No,No,No,No,No,No,No,2024,10,JUEVES,20,Noche,Dias laborables
,1,0,0,27044,03090,No aplica,Calle,Fronto-lateral                                     ,,No inventariada,Calle,Municipal,Se desconoce,Seco y limpio,"Luz del día natural, solar",Despejado,,Se desconoce,,No,No,Sí,No,No,No,No,2024,10,LUNES,13,Tarde,Dias laborables
,1,0,0,27045,03090,No aplica,Calle,Otro tipo de accidente                             ,,No inventariada,Calle,Municipal,Se desconoce,Seco y limpio,"Luz del día natural, solar",Despejado,,Se desconoce,,Sin especificar,Sin especificar,Sin especificar,Sin especificar,Sin especificar,Sin especificar,Sin especificar,2024,11,VIERNES,10,Mañana,Dias laborables
,1,0,0,27046,03090,No aplica,Calle,Sólo salida de la vía                              ,,No inventariada,Calle,Estatal,Se desconoce,Seco y limpio,"Amanecer o atardecer, sin luz artificial",Despejado,,Se desconoce,,No,No,No,No,No,No,No,2024,12,JUEVES,7,Mañana,Dias laborables
,1,0,0,27047,03090,No aplica,Calle,"Salida de la vía por la izquierda, otro tipo       ",,No inventariada,Calle,Autonómica,Se desconoce,Seco y limpio,"Luz del día natural, solar",Despejado,,Se desconoce,,No,No,No,No,No,No,No,2024,12,DOMINGO,15,Tarde,Fines de semana
2.7,0,1,0,27048,03093,Recta,Carretera,Atropello a personas                               ,007,CV-825,Carretera Convencional de calzada única,Autonómica,Ascendente,Seco y limpio,Sin luz natural ni artificial,Despejado,,Nivel blanco,,No,No,No,No,No,No,No,2024,12,SÁBADO,1,Madrugada,Fines de semana
3.5,1,0,0,27049,03095,Recta,Carretera,Caída                                              ,,N-332a,Carretera Convencional de doble calzada,Otra,Ascendente,Seco y limpio,"Luz del día natural, solar",Despejado,,Sin especificar,Viento fuerte,Sin especificar,Sin especificar,Sin especificar,Sin especificar,Sin especificar,Sin especificar,Sin especificar,2024,12,LUNES,9,Mañana,Dias laborables
,1,0,0,27050,03099,No aplica,Calle,Salida de la vía por la derecha con colisión       ,,No inventariada,Calle,Municipal,Se desconoce,Seco y limpio,"Luz del día natural, solar",Despejado,,Nivel blanco,,Sin especificar,Sin especificar,Sin especificar,Sin especificar,Sin especificar,Sin especificar,Sin especificar,2024,10,MIÉRCOLES,12,Tarde,Dias laborables
,5,0,0,27051,03099,No aplica,Calle,Frontal                                            ,,No inventariada,Calle,Municipal,Se desconoce,Mojado,"Luz del día natural, solar",Nublado,,Nivel blanco,,Sin especificar,Sin especificar,Sin especificar,Sin especificar,Sin especificar,Sin especificar,Sin especificar,2024,12,MIÉRCOLES,8,Mañana,Dias laborables
,2,0,0,27052,03099,No aplica,Calle,Por alcance                                        ,,No inventariada,Calle,Municipal,Se desconoce,Seco y limpio,"Luz del día natural, solar",Despejado,,Nivel verde,,Sin especificar,Sin especificar,Sin especificar,Sin especificar,Sin especificar,Sin especificar,Sin especificar,2024,12,JUEVES,14,Tarde,Dias laborables
,1,0,0,27053,03099,No aplica,Calle,Atropello a personas                               ,,No inventariada,Calle,Municipal,Se desconoce,Seco y limpio,"Luz del día natural, solar",Despejado,,Nivel blanco,,Sin especificar,Sin especificar,Sin especificar,Sin especificar,Sin especificar,Sin especificar,Sin especificar,2024,11,LUNES,12,Tarde,Dias laborables
,1,0,0,27054,03099,No aplica,Calle,Caída                                              ,,No inventariada,Calle,Municipal,Se desconoce,Seco y limpio,"Luz del día natural, solar",Despejado,,Nivel blanco,,Sin especificar,Sin especificar,Sin especificar,Sin especificar,Sin especificar,Sin especificar,Sin especificar,2024,11,SÁBADO,9,Mañana,Fines de semana
,1,0,0,27055,03099,No aplica,Calle,Fronto-lateral                                     ,,No inventariada,Calle,Municipal,Se desconoce,Seco y limpio,"Luz del día natural, solar",Despejado,,Nivel verde,,No,No,No,No,No,Sí,No,2024,12,LUNES,13,Tarde,Dias laborables
,1,1,0,27056,03099,No aplica,Calle,Salida de la vía por la derecha con vuelco         ,,No inventariada,Calle,Municipal,Se desconoce,Seco y limpio,"Luz del día natural, solar",Despejado,,Nivel blanco,,Sin especificar,Sin especificar,Sin especificar,Sin especificar,Sin especificar,Sin especificar,Sin especificar,2024,12,JUEVES,15,Tarde,Dias laborables
,1,0,0,27057,03099,No aplica,Calle,Caída                                              ,,No inventariada,Calle,Municipal,Se desconoce,Seco y limpio,"Luz del día natural, solar",Despejado,,Nivel verde,,Sin especificar,Sin especificar,Sin especificar,Sin especificar,Sin especificar,Sin especificar,Sin especificar,2024,11,LUNES,13,Tarde,Dias laborables
,1,0,0,27058,03099,No aplica,Calle,Atropello a personas                               ,,No inventariada,Calle,Municipal,Se desconoce,Seco y limpio,"Luz del día natural, solar",Despejado,,Nivel verde,,Sin especificar,Sin especificar,Sin especificar,Sin especificar,Sin especificar,Sin especificar,Sin especificar,2024,12,LUNES,16,Tarde,Dias laborables
,2,0,0,27059,03099,No aplica,Calle,Otro tipo de accidente                             ,,No inventariada,Calle,Autonómica,Se desconoce,Seco y limpio,"Luz del día natural, solar",Despejado,,Nivel verde,,Sin especificar,Sin especificar,Sin especificar,Sin especificar,Sin especificar,Sin especificar,Sin especificar,2024,12,JUEVES,18,Noche,Dias laborables
,1,0,0,27060,03099,No aplica,Calle,Atropello a animales                               ,,No inventariada,Calle,"Provincial, Cabildo/Consell",Se desconoce,Seco y limpio,"Luz del día natural, solar",Despejado,,Nivel blanco,,Sin especificar,Sin especificar,Sin especificar,Sin especificar,Sin especificar,Sin especificar,Sin especificar,2024,10,VIERNES,13,Tarde,Dias laborables
,1,0,0,27061,03107,No aplica,Calle,Atropello a personas                               ,,No inventariada,Calle,Municipal,Se desconoce,Seco y limpio,"Luz del día natural, solar",Despejado,,Sin especificar,,Sin especificar,Sin especificar,Sin especificar,Sin especificar,Sin especificar,Sin especificar,Sin especificar,2024,12,DOMINGO,13,Tarde,Fines de semana
,0,1,0,27062,03118,No aplica,Calle,Frontal                                            ,,No inventariada,Calle,Municipal,Se desconoce,Seco y limpio,"Luz del día natural, solar",Despejado,,Nivel blanco,,No,No,No,No,No,No,Sí,2024,12,LUNES,11,Mañana,Dias laborables
,0,1,0,27063,03119,No aplica,Calle,Atropello a personas                               ,,No inventariada,Calle,Municipal,Se desconoce,Seco y limpio,"Luz del día natural, solar",Despejado,,Nivel verde,,No,No,Sí,No,No,Sí,No,2024,5,VIERNES,7,Mañana,Dias laborables
,1,0,0,27064,03119,No aplica,Calle,Caída                                              ,,No inventariada,Calle,Municipal,Se desconoce,Otra,"Luz del día natural, solar",Despejado,,Nivel blanco,,No,No,No,Sí,No,No,Sí,2024,6,DOMINGO,10,Mañana,Fines de semana
,0,1,0,27065,03119,No aplica,Calle,Fronto-lateral                                     ,,No inventariada,Calle,Municipal,Se desconoce,Seco y limpio,"Luz del día natural, solar",Despejado,,Nivel rojo,,No,No,No,No,No,No,No,2024,8,MARTES,13,Tarde,Dias laborables
,1,0,0,27066,03121,No aplica,Calle,Atropello a personas                               ,,No inventariada,Calle,Municipal,Se desconoce,Seco y limpio,"Luz del día natural, solar",Despejado,,Nivel amarillo,,No,No,No,No,No,Sí,No,2024,10,LUNES,9,Mañana,Dias laborables
,1,0,0,27067,03121,No aplica,Calle,Caída                                              ,,No inventariada,Calle,Municipal,Se desconoce,Seco y limpio,Sin luz natural y con iluminación artificial encen,Despejado,,Se desconoce,,Sin especificar,Sin especificar,Sin especificar,Sin especificar,Sin especificar,Sin especificar,Sin especificar,2024,11,SÁBADO,1,Madrugada,Fines de semana
,1,0,0,27068,03121,No aplica,Calle,Caída                                              ,,No inventariada,Calle,Municipal,Se desconoce,Seco y limpio,"Luz del día natural, solar",Despejado,,Sin especificar,,No,No,No,No,No,No,No,2024,12,SÁBADO,12,Tarde,Fines de semana
,1,0,0,27069,03121,No aplica,Calle,Lateral                                            ,,No inventariada,Calle,Municipal,Se desconoce,Seco y limpio,Sin luz natural ni artificial,Despejado,,Sin especificar,,Sin especificar,Sin especificar,Sin especificar,Sin especificar,Sin especificar,Sin especificar,Sin especificar,2024,10,JUEVES,20,Noche,Dias laborables
,1,0,0,27070,03122,No aplica,Calle,Por alcance                                        ,,No inventariada,Calle,Municipal,Se desconoce,Seco y limpio,"Luz del día natural, solar",Despejado,,Se desconoce,,No,No,No,No,No,No,No,2024,11,LUNES,11,Mañana,Dias laborables
,1,0,0,27071,03122,No aplica,Calle,Atropello a personas                               ,,No inventariada,Calle,Municipal,Se desconoce,Mojado,Sin luz natural y con iluminación artificial encen,Lluvia débil,,Se desconoce,,No,No,No,No,No,No,No,2024,9,JUEVES,20,Noche,Dias laborables
,1,0,0,27072,03122,No aplica,Calle,Lateral                                            ,,No inventariada,Calle,Municipal,Se desconoce,Seco y limpio,"Luz del día natural, solar",Despejado,,Se desconoce,,No,Sí,No,No,No,No,No,2024,9,JUEVES,17,Tarde,Dias laborables
,1,0,0,27073,03128,No aplica,Calle,Por alcance                                        ,CV-740,No inventariada,Calle,Municipal,Se desconoce,Seco y limpio,"Luz del día natural, solar",Despejado,,Sin especificar,,No,No,No,No,No,Sí,No,2024,6,MARTES,13,Tarde,Dias laborables
,2,0,0,27074,03128,No aplica,Calle,Atropello a personas                               ,,No inventariada,Calle,Municipal,Se desconoce,Seco y limpio,"Luz del día natural, solar",Despejado,,Sin especificar,,No,No,No,No,No,No,No,2024,6,MIÉRCOLES,19,Noche,Dias laborables
,0,1,0,27075,03128,No aplica,Calle,Caída                                              ,,No inventariada,Calle,Municipal,Se desconoce,Seco y limpio,"Luz del día natural, solar",Despejado,,Sin especificar,,Sin especificar,Sin especificar,Sin especificar,Sin especificar,Sin especificar,Sin especificar,Sin especificar,2024,6,SÁBADO,19,Noche,Fines de semana
,1,0,0,27076,03128,No aplica,Calle,Lateral                                            ,,No inventariada,Calle,Municipal,Se desconoce,Seco y limpio,"Luz del día natural, solar",Despejado,,Sin especificar,,No,No,No,No,No,No,No,2024,6,JUEVES,15,Tarde,Dias laborables
,1,0,0,27077,03133,No aplica,Calle,Fronto-lateral                                     ,,No inventariada,Calle,Municipal,Se desconoce,Seco y limpio,"Luz del día natural, solar",Despejado,,Sin especificar,,No,No,No,No,No,No,Sí,2024,10,LUNES,13,Tarde,Dias laborables
,1,0,0,27078,03133,No aplica,Calle,Fronto-lateral                                     ,,No inventariada,Calle,Municipal,Se desconoce,Seco y limpio,"Luz del día natural, solar",Se desconoce,,Sin especificar,,No,No,No,No,No,Sí,No,2024,10,MARTES,9,Mañana,Dias laborables
,0,1,0,27079,03133,No aplica,Calle,Atropello a personas                               ,,No inventariada,Calle,Municipal,Se desconoce,Seco y limpio,"Luz del día natural, solar",Se desconoce,,Sin especificar,,Sin especificar,Sin especificar,Sin especificar,Sin especificar,Sin especificar,Sin especificar,Sin especificar,2024,11,DOMINGO,10,Mañana,Fines de semana
,1,1,0,27080,03133,No aplica,Calle,Atropello a personas                               ,,No inventariada,Calle,Municipal,Se desconoce,Seco y limpio,"Amanecer o atardecer, con luz artificial",Despejado,,Sin especificar,,Sin especificar,Sin especificar,Sin especificar,Sin especificar,Sin especificar,Sin especificar,Sin especificar,2024,10,JUEVES,19,Noche,Dias laborables
,1,0,0,27081,03133,No aplica,Calle,Fronto-lateral                                     ,,No inventariada,Calle,Municipal,Se desconoce,Seco y limpio,"Luz del día natural, solar",Despejado,,Sin especificar,,No,No,No,Sí,No,No,Sí,2024,9,MARTES,13,Tarde,Dias laborables
,0,2,0,27082,03133,No aplica,Calle,Fronto-lateral                                     ,,No inventariada,Calle,Municipal,Se desconoce,Seco y limpio,Sin luz natural y con iluminación artificial no en,Despejado,,Sin especificar,,No,No,No,Sí,No,No,Sí,2024,10,LUNES,22,Noche,Dias laborables
,1,0,0,27083,03133,No aplica,Calle,Fronto-lateral                                     ,,No inventariada,Calle,Municipal,Se desconoce,Seco y limpio,"Luz del día natural, solar",Despejado,,Sin especificar,,No,No,No,Sí,No,No,Sí,2024,11,MARTES,7,Mañana,Dias laborables
,0,1,0,27084,03133,No aplica,Calle,Atropello a personas                               ,,No inventariada,Calle,Municipal,Se desconoce,Seco y limpio,"Luz del día natural, solar",Despejado,,Sin especificar,,Sin especificar,Sin especificar,Sin especificar,Sin especificar,Sin especificar,Sin especificar,Sin especificar,2024,8,LUNES,10,Mañana,Dias laborables
,1,0,0,27085,03133,No aplica,Calle,Atropello a personas                               ,,No inventariada,Calle,Municipal,Se desconoce,Seco y limpio,"Luz del día natural, solar",Despejado,,Sin especificar,,Sin especificar,Sin especificar,Sin especificar,Sin especificar,Sin especificar,Sin especificar,Sin especificar,2024,10,VIERNES,14,Tarde,Dias laborables
,0,1,0,27086,03133,No aplica,Calle,Fronto-lateral                                     ,,No inventariada,Calle,Municipal,Se desconoce,Seco y limpio,"Luz del día natural, solar",Despejado,,Sin especificar,,No,No,No,No,No,No,Sí,2024,8,JUEVES,15,Tarde,Dias laborables
,0,1,0,27087,03133,No aplica,Calle,Fronto-lateral                                     ,,No inventariada,Calle,Municipal,Se desconoce,Mojado,Sin luz natural y con iluminación artificial no en,Lluvia débil,,Sin especificar,,No,No,Sí,No,No,Sí,No,2024,11,MIÉRCOLES,7,Mañana,Dias laborables
,0,1,0,27088,03133,No aplica,Calle,Salida de la vía por la derecha otro tipo          ,,No inventariada,Calle,Municipal,Se desconoce,Seco y limpio,"Luz del día natural, solar",Despejado,,Sin especificar,,Sin especificar,Sin especificar,Sin especificar,Sin especificar,Sin especificar,Sin especificar,Sin especificar,2024,11,MIÉRCOLES,14,Tarde,Dias laborables
,2,1,0,27089,03133,No aplica,Calle,Fronto-lateral                                     ,,No inventariada,Calle,Municipal,Se desconoce,Seco y limpio,"Luz del día natural, solar",Despejado,,Sin especificar,,No,No,No,Sí,No,No,Sí,2024,11,VIERNES,14,Tarde,Dias laborables
,1,0,0,27090,03133,No aplica,Calle,Atropello a personas                               ,,No inventariada,Calle,Municipal,Se desconoce,Mojado,Sin luz natural y con iluminación artificial encen,Lluvia débil,,Sin especificar,,Sin especificar,Sin especificar,Sin especificar,Sin especificar,Sin especificar,Sin especificar,Sin especificar,2024,12,MARTES,18,Noche,Dias laborables
,1,0,0,27091,03133,No aplica,Calle,Caída                                              ,,No inventariada,Calle,Municipal,Se desconoce,Seco y limpio,"Luz del día natural, solar",Despejado,,Sin especificar,,Sin especificar,Sin especificar,Sin especificar,Sin especificar,Sin especificar,Sin especificar,Sin especificar,2024,12,DOMINGO,12,Tarde,Fines de semana
,1,0,0,27092,03133,No aplica,Calle,Fronto-lateral                                     ,,No inventariada,Calle,Municipal,Se desconoce,Seco y limpio,"Luz del día natural, solar",Despejado,,Sin especificar,,No,No,Sí,No,No,Sí,No,2024,12,VIERNES,8,Mañana,Dias laborables
,1,0,0,27093,03133,No aplica,Calle,Frontal                                            ,,No inventariada,Calle,Municipal,Se desconoce,Seco y limpio,"Luz del día natural, solar",Despejado,,Sin especificar,,Sin especificar,Sin especificar,Sin especificar,Sin especificar,Sin especificar,Sin especificar,Sin especificar,2024,6,JUEVES,15,Tarde,Dias laborables
,1,0,0,27094,03133,No aplica,Calle,Fronto-lateral                                     ,,No inventariada,Calle,Municipal,Se desconoce,Seco y limpio,"Luz del día natural, solar",Despejado,,Sin especificar,,No,No,No,Sí,No,No,Sí,2024,12,DOMINGO,20,Noche,Fines de semana
,0,1,0,27095,03133,No aplica,Calle,Atropello a personas                               ,,No inventariada,Calle,Municipal,Se desconoce,Seco y limpio,"Luz del día natural, solar",Despejado,,Sin especificar,,Sin especificar,Sin especificar,Sin especificar,Sin especificar,Sin especificar,Sin especificar,Sin especificar,2024,12,VIERNES,11,Mañana,Dias laborables
,1,0,0,27096,03133,No aplica,Calle,Fronto-lateral                                     ,,No inventariada,Calle,Municipal,Se desconoce,Seco y limpio,"Luz del día natural, solar",Despejado,,Sin especificar,,No,No,No,Sí,No,No,Sí,2024,9,VIERNES,18,Noche,Dias laborables
,1,0,0,27097,03133,No aplica,Calle,Fronto-lateral                                     ,,No inventariada,Calle,Municipal,Se desconoce,Seco y limpio,"Luz del día natural, solar",Despejado,,Sin especificar,,No,No,No,Sí,No,No,Sí,2024,12,LUNES,17,Tarde,Dias laborables
,1,0,0,27098,03133,No aplica,Calle,Fronto-lateral                                     ,,No inventariada,Calle,Municipal,Se desconoce,Seco y limpio,Sin luz natural y con iluminación artificial encen,Despejado,,Sin especificar,,Sin especificar,Sin especificar,Sin especificar,Sin especificar,Sin especificar,Sin especificar,Sin especificar,2024,12,LUNES,19,Noche,Dias laborables
,0,1,0,27099,03138,No aplica,Calle,Por alcance                                        ,,No inventariada,Calle,Municipal,Se desconoce,Seco y limpio,Sin luz natural y con iluminación artificial encen,Despejado,,Nivel blanco,,Sin especificar,Sin especificar,Sin especificar,Sin especificar,Sin especificar,Sin especificar,Sin especificar,2024,10,MIÉRCOLES,7,Mañana,Dias laborables
,1,0,0,27100,03138,No aplica,Calle,Lateral                                            ,,No inventariada,Calle,Municipal,Se desconoce,Seco y limpio,"Luz del día natural, solar",Despejado,,Nivel blanco,,Sin especificar,Sin especificar,Sin especificar,Sin especificar,Sin especificar,Sin especificar,Sin especificar,2024,9,VIERNES,10,Mañana,Dias laborables
,0,1,0,27101,03138,No aplica,Calle,Atropello a personas                               ,,No inventariada,Calle,Municipal,Se desconoce,Seco y limpio,"Luz del día natural, solar",Despejado,,Nivel blanco,,No,No,No,No,No,No,No,2024,11,MIÉRCOLES,10,Mañana,Dias laborables
,1,0,0,27102,03139,No aplica,Calle,Atropello a personas                               ,,No inventariada,Calle,Municipal,Se desconoce,Seco y limpio,"Luz del día natural, solar",Despejado,,Se desconoce,,No,No,No,No,No,No,No,2024,10,LUNES,17,Tarde,Dias laborables
,1,0,0,27103,03139,No aplica,Calle,Fronto-lateral                                     ,,No inventariada,Calle,Municipal,Se desconoce,Seco y limpio,Sin luz natural y con iluminación artificial encen,Despejado,,Se desconoce,,No,No,No,No,No,No,Sí,2024,11,MARTES,19,Noche,Dias laborables
,1,0,0,27104,03139,No aplica,Calle,Fronto-lateral                                     ,,No inventariada,Calle,Municipal,Se desconoce,Seco y limpio,Sin luz natural y con iluminación artificial encen,Despejado,,Se desconoce,,No,No,No,No,No,Sí,No,2024,12,MARTES,21,Noche,Dias laborables
,2,0,0,27105,03139,No aplica,Calle,Atropello a personas                               ,,No inventariada,Calle,Municipal,Se desconoce,Seco y limpio,"Luz del día natural, solar",Despejado,,Se desconoce,,Sin especificar,Sin especificar,Sin especificar,Sin especificar,Sin especificar,Sin especificar,Sin especificar,2024,12,LUNES,16,Tarde,Dias laborables
,1,0,0,27106,03139,No aplica,Calle,Caída                                              ,,No inventariada,Calle,Municipal,Se desconoce,Seco y limpio,"Amanecer o atardecer, sin luz artificial",Despejado,,Se desconoce,,No,No,No,No,No,No,No,2024,10,MIÉRCOLES,19,Noche,Dias laborables
83.1,0,1,0,27107,03140,Curva señalizada,Carretera,Por alcance                                        ,,A-33,Autovía,Estatal,Descendente,Seco y limpio,"Luz del día natural, solar",Despejado,,Nivel verde,,Sin especificar,Sin especificar,Sin especificar,Sin especificar,Sin especificar,Sin especificar,Sin especificar,2024,10,SÁBADO,16,Tarde,Fines de semana
1.9,1,0,0,27108,03903,Recta,Travesía,Por alcance                                        ,,CV-945,Carretera Convencional de calzada única,Autonómica,Ascendente,Seco y limpio,"Luz del día natural, solar",Despejado,,Sin especificar,,Sin especificar,Sin especificar,Sin especificar,Sin especificar,Sin especificar,Sin especificar,Sin especificar,2024,9,LUNES,9,Mañana,Dias laborables
,1,0,0,27109,03903,No aplica,Calle,Atropello a personas                               ,,No inventariada,Calle,Municipal,Se desconoce,Seco y limpio,"Luz del día natural, solar",Despejado,,Nivel amarillo,,Sin especificar,Sin especificar,Sin especificar,Sin especificar,Sin especificar,Sin especificar,Sin especificar,2024,10,LUNES,10,Mañana,Dias laborables
6.3,1,0,0,27110,03903,Curva señalizada,Carretera,Fronto-lateral                                     ,A-7,CV-945,Carretera Convencional de calzada única,Autonómica,Ambos,Seco y limpio,Sin luz natural ni artificial,Despejado,,Nivel blanco,,No,No,No,No,No,Sí,No,2024,12,JUEVES,20,Noche,Dias laborables